root_id,hemisphere,type,column_id,x,y,p,q,annotation_v3_1_0_type,type_match,lens_index,retinal_direction,experimental_screen_transform
720575940596125868,right,T5c,97,-5,2,6,-4,T5c,True,,,
720575940599457990,right,T4b,247,-4,-15,-4,-11,T4b,True,,,
720575940599459782,right,T5b,513,-4,-13,-3,-10,T5b,True,,,
720575940599704006,right,T5a,331,1,-15,-9,-6,T5a,True,,,
720575940599729862,right,T5a,129,0,-13,-7,-6,T5a,True,,,
720575940599733446,right,T5b,571,0,-14,-7,-7,T5b,True,,,
720575940599755718,right,T4a,16,-2,-16,-6,-10,T4a,True,,,
720575940599763910,right,T5b,741,-2,-14,-5,-9,T5b,True,,,
720575940600071689,right,T5b,81,6,-2,-7,5,T5b,True,,,
720575940600101641,right,T4a,487,1,-1,-2,1,T4a,True,,,
720575940600124169,right,T5b,272,3,-2,-4,2,T5b,True,,,
720575940600143369,right,T4a,662,2,-1,-3,2,T4a,True,,,
720575940600150793,right,T5a,325,5,1,-5,6,T5a,True,,,
720575940600547529,right,T4a,727,7,6,-4,10,T4a,True,,,
720575940600850441,right,T4c,464,4,0,-4,4,T4c,True,,,
720575940600866569,right,T5d,662,2,-1,-3,2,T5d,True,,,
720575940600934665,right,T4d,203,3,-1,-4,3,T4d,True,,,
720575940601206499,right,T4b,356,0,22,11,11,T4b,True,,,
720575940601263473,left,T4a,274,6,4,-4,8,T4a,True,,,
720575940601672201,right,T4b,265,-6,-1,5,-6,T4b,True,,,
720575940602140862,right,T5b,667,1,-28,-15,-13,T5b,True,,,
720575940602497726,right,T5c,397,-3,-19,-7,-12,T5c,True,,,
720575940602577598,right,T5a,368,-4,-20,-6,-14,T5a,True,,,
720575940602737598,right,T5a,48,-4,-22,-7,-15,T5a,True,,,
720575940602928608,right,T4c,587,4,22,7,15,T4c,True,,,
720575940603022304,left,T4a,641,-8,-5,5,-10,T4a,True,,,
720575940603339232,right,T4c,325,5,1,-5,6,T4c,True,,,
720575940603349216,left,T5d,587,4,22,7,15,T5d,True,,,
720575940603356896,right,T4d,789,-3,-27,-11,-16,T4d,True,,,
720575940603365980,right,T5a,626,-5,-8,1,-9,T5a,True,,,
720575940603373916,right,T5a,175,-6,-7,2,-9,T5a,True,,,
720575940603390380,left,T5c,663,0,8,4,4,T5c,True,,,
720575940603391712,right,T4c,379,3,-17,-12,-5,T4c,True,,,
720575940603391778,left,T5d,512,6,0,-6,6,T5d,True,,,
720575940603392546,left,T5b,204,5,-2,-6,4,T5b,True,,,
720575940603394272,right,T4c,748,-4,20,14,6,T4c,True,,,
720575940603404834,left,T5d,53,5,14,2,12,T5d,True,,,
720575940603471811,left,T5d,471,3,-26,-16,-10,T5d,True,,,
720575940603487456,left,T5d,44,5,-10,-10,0,T5d,True,,,
720575940603491957,right,T4a,391,4,-3,-6,3,T4a,True,,,
720575940603498357,right,T4d,219,6,-4,-8,4,T4d,True,,,
720575940603498613,right,T4c,566,5,-8,-9,1,T4c,True,,,
720575940603498869,right,T4b,312,4,-7,-8,1,T4b,True,,,
720575940603526005,right,T4a,682,6,-8,-10,2,T4a,True,,,
720575940603544363,left,T5d,758,5,-1,-6,5,T5d,True,,,
720575940603556981,right,T4d,698,6,-7,-10,3,T4d,True,,,
720575940603563893,right,T4c,542,6,-13,-13,0,T4c,True,,,
720575940603568757,right,T4a,268,7,-6,-10,4,T4a,True,,,
720575940603604258,left,T5b,694,4,3,-3,6,T5b,True,,,
720575940603605538,left,T4a,561,5,7,-2,9,T4a,True,,,
720575940603688226,left,T5b,458,5,0,-5,5,T5b,True,,,
720575940603714652,right,T5b,652,-6,-11,0,-11,T5b,True,,,
720575940603761836,right,T5a,239,-6,6,9,-3,T5a,True,,,
720575940603797420,right,T4c,107,8,-2,-9,7,T4c,True,,,
720575940603818464,left,T5c,63,4,12,2,10,T5c,True,,,
720575940603842476,right,T4d,83,2,-21,-13,-8,T4d,True,,,
720575940603873033,right,T5b,426,-3,0,3,-3,T5b,True,,,
720575940603904496,right,T4c,351,-1,-17,-8,-9,T4c,True,,,
720575940603940012,right,T5a,769,4,-27,-18,-9,T5a,True,,,
720575940604084704,right,T5b,633,-1,-24,-11,-13,T5b,True,,,
720575940604105137,right,T5b,209,-3,-8,-1,-7,T5b,True,,,
720575940604142453,right,T4c,511,5,-11,-11,0,T4c,True,,,
720575940604179372,left,T5b,294,1,-20,-11,-9,T5b,True,,,
720575940604180140,right,T4b,671,-4,-23,-8,-15,T4b,True,,,
720575940604192992,left,T5d,244,-4,-12,-2,-10,T5d,True,,,
720575940604198828,left,T4a,105,3,22,8,14,T4a,True,,,
720575940604221356,left,T5c,590,1,9,3,6,T5c,True,,,
720575940604323808,right,T5c,562,-5,-2,4,-6,T5c,True,,,
720575940604324320,right,T5c,522,-4,0,4,-4,T5c,True,,,
720575940604324576,left,T4b,454,5,-12,-11,-1,T4b,True,,,
720575940604337632,left,T4b,642,-5,-11,-1,-10,T4b,True,,,
720575940604383776,right,T4a,651,-4,-5,1,-6,T4a,True,,,
720575940604386594,left,T4a,536,3,4,-1,5,T4a,True,,,
720575940604411616,right,T5b,269,2,-19,-12,-7,T5b,True,,,
720575940604412896,right,T5c,548,1,-16,-9,-7,T5c,True,,,
720575940604413664,right,T5b,413,-2,-7,-2,-5,T5b,True,,,
720575940604427232,right,T5b,431,-2,-10,-3,-7,T5b,True,,,
720575940604432864,right,T5a,558,-4,-21,-7,-14,T5a,True,,,
720575940604435061,right,T4b,557,6,-10,-11,1,T4b,True,,,
720575940604436720,right,T4d,142,-2,-18,-7,-11,T4d,True,,,
720575940604457200,right,T5c,294,1,-20,-11,-9,T5c,True,,,
720575940604474982,right,T4a,663,0,8,4,4,T4a,True,,,
720575940604478065,left,T4b,591,3,-3,-5,2,T4b,True,,,
720575940604487968,right,T5d,481,4,-8,-8,0,T5d,True,,,
720575940604495537,left,T5d,223,-2,26,15,11,T5d,True,,,
720575940604511776,right,T5c,320,-2,-5,-1,-4,T5c,True,,,
720575940604521952,right,T4c,539,-6,15,13,2,T4c,True,,,
720575940604544358,right,T5a,104,-1,-27,-13,-14,T5a,True,,,
720575940604565280,left,T4a,185,2,-11,-8,-3,T4a,True,,,
720575940604567486,right,T4d,544,3,-13,-10,-3,T4d,True,,,
720575940604618417,left,T5a,145,0,4,2,2,T5a,True,,,
720575940604629681,left,T5c,623,1,13,5,8,T5c,True,,,
720575940604635253,right,T4c,635,6,-6,-9,3,T4c,True,,,
720575940604636021,right,T4c,109,4,-5,-7,2,T4c,True,,,
720575940604636789,right,T4c,205,5,-6,-8,2,T4c,True,,,
720575940604637045,right,T4d,109,4,-5,-7,2,T4d,True,,,
720575940604640945,right,T4a,668,1,19,8,11,T4a,True,,,
720575940604652512,right,T4d,653,-6,-12,0,-12,T4d,True,,,
720575940604666336,left,T5c,419,-3,-11,-3,-8,T5c,True,,,
720575940604679664,right,T4d,344,-2,-15,-6,-9,T4d,True,,,
720575940604694496,left,T5a,443,-6,4,8,-4,T5a,True,,,
720575940604699120,right,T4b,351,-1,-17,-8,-9,T4b,True,,,
720575940604699825,right,T4d,606,-1,-19,-9,-10,T4d,True,,,
720575940604704940,right,T5d,739,-7,2,8,-6,T5d,True,,,
720575940604712688,right,T4a,344,-2,-15,-6,-9,T4a,True,,,
720575940604731569,left,T5c,467,-2,-20,-8,-12,T5c,True,,,
720575940604732640,left,T5d,700,5,15,2,13,T5d,True,,,
720575940604738737,right,T4d,636,0,6,3,3,T4d,True,,,
720575940604745456,right,T4a,351,-1,-17,-8,-9,T4a,True,,,
720575940604766688,left,T4c,608,1,10,4,6,T4c,True,,,
720575940604774572,right,T5a,723,-2,-11,-4,-7,T5a,True,,,
720575940604778156,right,T5b,617,-2,-17,-7,-10,T5b,True,,,
720575940604781490,left,T5b,320,-2,-5,-1,-4,T5b,True,,,
720575940604782764,right,T5c,108,-3,-12,-3,-9,T5c,True,,,
720575940604804798,right,T4c,555,-4,9,8,1,T4c,True,,,
720575940604805566,right,T4b,348,3,14,4,10,T4b,True,,,
720575940604807392,left,T4d,447,-1,2,2,0,T4d,True,,,
720575940604809184,left,T5d,197,0,-20,-10,-10,T5d,True,,,
720575940604812204,right,T4c,43,-5,18,14,4,T4c,True,,,
720575940604812465,left,T4a,762,0,14,7,7,T4a,True,,,
720575940604818092,right,T4b,80,4,13,2,11,T4b,True,,,
720575940604828128,left,T4a,653,-6,-12,0,-12,T4a,True,,,
720575940604828849,right,T4a,1,-6,13,12,1,T4a,True,,,
720575940604830129,left,T5a,184,-6,-5,3,-8,T5a,True,,,
720575940604831456,right,T4a,190,-3,-5,0,-5,T4a,True,,,
720575940604835756,right,T4b,760,0,17,8,9,T4b,True,,,
720575940604836012,right,T4a,39,0,20,10,10,T4a,True,,,
720575940604875744,right,T5b,154,-8,0,8,-8,T5b,True,,,
720575940604889056,left,T4a,120,-1,-1,0,-1,T4a,True,,,
720575940604894688,left,T5a,16,-2,-16,-6,-10,T5a,True,,,
720575940604898662,right,T4c,326,2,16,6,10,T4c,True,,,
720575940604900832,right,T5c,243,-1,-21,-10,-11,T5c,True,,,
720575940604902921,right,T4d,317,-5,-4,3,-7,T4d,True,,,
720575940604912608,left,T5c,56,1,-13,-8,-5,T5c,True,,,
720575940604943394,left,T4b,534,3,2,-2,4,T4b,True,,,
720575940604943906,left,T4c,73,2,2,-1,3,T4c,True,,,
720575940604946720,right,T4d,338,-1,0,1,-1,T4d,True,,,
720575940604951840,left,T4c,635,6,-6,-9,3,T4c,True,,,
720575940604959712,left,T4b,743,6,-19,-16,-3,T4b,True,,,
720575940604962220,left,T5b,130,2,12,4,8,T5b,True,,,
720575940604965548,left,T5a,232,-4,13,10,3,T5a,True,,,
720575940604979116,left,T5a,636,0,6,3,3,T5a,True,,,
720575940604983398,right,T4c,576,0,28,14,14,T4c,True,,,
720575940605012140,left,T5d,648,1,7,2,5,T5d,True,,,
720575940605018540,left,T4c,40,-2,-6,-1,-5,T4c,True,,,
720575940605033644,left,T4a,650,-3,-25,-10,-15,T4a,True,,,
720575940605051052,right,T5b,601,1,16,7,9,T5b,True,,,
720575940605055660,right,T4a,537,0,-23,-12,-11,T4a,True,,,
720575940605073376,left,T5a,455,7,-7,-11,4,T5a,True,,,
720575940605084774,right,T5b,23,-3,-16,-5,-11,T5b,True,,,
720575940605087404,left,T4b,325,5,1,-5,6,T4b,True,,,
720575940605089964,left,T5d,107,8,-2,-9,7,T5d,True,,,
720575940605096550,right,T5b,224,0,5,2,3,T5b,True,,,
720575940605113056,left,T5b,277,7,-3,-9,6,T5b,True,,,
720575940605121452,left,T5a,111,2,-24,-14,-10,T5a,True,,,
720575940605130668,left,T4d,559,-6,22,17,5,T4d,True,,,
720575940605135532,right,T4b,44,5,-10,-10,0,T4b,True,,,
720575940605139116,right,T4c,153,8,0,-8,8,T4c,True,,,
720575940605140396,left,T5d,312,4,-7,-8,1,T5d,True,,,
720575940605143724,left,T5c,679,4,18,5,13,T5c,True,,,
720575940605164460,left,T4b,717,2,-22,-13,-9,T4b,True,,,
720575940605174700,right,T5c,727,7,6,-4,10,T5c,True,,,
720575940605180844,right,T4c,181,1,-4,-3,-1,T4c,True,,,
720575940605181152,right,T4d,696,-2,16,10,6,T4d,True,,,
720575940605204960,left,T4d,398,-3,22,14,8,T4d,True,,,
720575940605206752,right,T4c,112,-6,1,6,-5,T4c,True,,,
720575940605224672,left,T4a,705,1,1,-1,2,T4a,True,,,
720575940605238705,right,T5b,615,-7,-7,3,-10,T5b,True,,,
720575940605241516,right,T4d,35,1,-24,-13,-11,T4d,True,,,
720575940605285856,left,T4c,137,5,-7,-9,2,T4c,True,,,
720575940605304166,right,T5c,245,-5,-3,3,-6,T5c,True,,,
720575940605306726,right,T5b,317,-5,-4,3,-7,T5b,True,,,
720575940605315762,left,T5a,245,-5,-3,3,-6,T5a,True,,,
720575940605317600,left,T5d,753,-3,24,15,9,T5d,True,,,
720575940605334886,right,T5d,573,4,14,3,11,T5d,True,,,
720575940605335910,right,T5c,649,-1,5,3,2,T5c,True,,,
720575940605336422,right,T5d,649,-1,5,3,2,T5d,True,,,
720575940605338336,left,T4d,115,-4,2,5,-3,T4d,True,,,
720575940605371494,right,T5c,247,-4,-15,-4,-11,T5c,True,,,
720575940605373868,left,T4b,473,-4,23,15,8,T4b,True,,,
720575940605374910,right,T5a,45,-5,-1,4,-5,T5a,True,,,
720575940605379104,left,T4a,132,2,4,0,4,T4a,True,,,
720575940605384736,right,T5c,91,-1,6,4,2,T5c,True,,,
720575940605390764,left,T4a,635,6,-6,-9,3,T4a,True,,,
720575940605392160,right,T5a,718,-5,24,17,7,T5a,True,,,
720575940605394022,right,T5c,196,-1,8,5,3,T5c,True,,,
720575940605397536,right,T5c,674,-4,-14,-3,-11,T5c,True,,,
720575940605398048,right,T4b,82,-7,7,10,-3,T4b,True,,,
720575940605398304,right,T5b,347,-5,-13,-2,-11,T5b,True,,,
720575940605408870,right,T5b,732,-3,6,6,0,T5b,True,,,
720575940605413129,right,T5a,219,6,-4,-8,4,T5a,True,,,
720575940605413385,right,T5c,219,6,-4,-8,4,T5c,True,,,
720575940605418942,right,T4c,103,7,9,-3,12,T4c,True,,,
720575940605426278,right,T5c,688,-7,10,12,-2,T5c,True,,,
720575940605426562,left,T4a,737,0,19,9,10,T4a,True,,,
720575940605432422,right,T4c,257,2,21,8,13,T4c,True,,,
720575940605446590,right,T4d,241,2,-17,-11,-6,T4d,True,,,
720575940605453001,right,T4b,22,-1,3,2,1,T4b,True,,,
720575940605454182,left,T4b,460,-3,-20,-7,-13,T4b,True,,,
720575940605475262,left,T5c,126,3,11,2,9,T5c,True,,,
720575940605483185,left,T5a,544,3,-13,-10,-3,T5a,True,,,
720575940605492670,right,T5b,193,-5,4,7,-3,T5b,True,,,
720575940605500862,right,T5d,358,-3,17,11,6,T5d,True,,,
720575940605501472,left,T4c,449,6,-16,-14,-2,T4c,True,,,
720575940605528166,right,T4d,170,-5,1,5,-4,T4d,True,,,
720575940605535177,right,T5a,592,3,-28,-17,-11,T5a,True,,,
720575940605535404,left,T4c,368,-4,-20,-6,-14,T4c,True,,,
720575940605547552,right,T4b,527,-4,-8,0,-8,T4b,True,,,
720575940605550025,left,T4d,549,0,-9,-5,-4,T4d,True,,,
720575940605550112,right,T5c,527,-4,-8,0,-8,T5c,True,,,
720575940605550624,right,T4c,551,-4,-9,-1,-8,T4c,True,,,
720575940605559328,right,T5d,691,-9,4,11,-7,T5d,True,,,
720575940605566310,right,T5c,643,6,14,1,13,T5c,True,,,
720575940605609830,left,T4a,409,0,-3,-2,-1,T4a,True,,,
720575940605613926,left,T5d,294,1,-20,-11,-9,T5d,True,,,
720575940605621164,left,T4d,17,1,-5,-4,-1,T4d,True,,,
720575940605629356,left,T4d,473,-4,23,15,8,T4d,True,,,
720575940605632433,left,T5a,258,-4,-17,-5,-12,T5a,True,,,
720575940605639648,left,T5c,539,-6,15,13,2,T5c,True,,,
720575940605645758,left,T4c,452,1,-9,-6,-3,T4c,True,,,
720575940605658540,left,T4c,162,-4,-2,3,-5,T4c,True,,,
720575940605667686,left,T4b,711,-1,19,10,9,T4b,True,,,
720575940605671625,right,T4c,421,-1,12,7,5,T4c,True,,,
720575940605674417,right,T4d,126,3,11,2,9,T4d,True,,,
720575940605676041,right,T5c,420,6,-3,-8,5,T5c,True,,,
720575940605676646,left,T5c,297,7,-9,-12,3,T5c,True,,,
720575940605680817,left,T5b,709,-2,-24,-10,-14,T5b,True,,,
720575940605681073,left,T4d,373,1,-21,-12,-9,T4d,True,,,
720575940605686793,right,T5d,81,6,-2,-7,5,T5d,True,,,
720575940605704638,left,T4a,590,1,9,3,6,T4a,True,,,
720575940605706784,left,T4b,78,2,20,8,12,T4b,True,,,
720575940605712486,right,T5d,594,7,-16,-15,-1,T5d,True,,,
720575940605725105,right,T5c,752,-2,7,5,2,T5c,True,,,
720575940605734944,right,T5c,197,0,-20,-10,-10,T5c,True,,,
720575940605737318,left,T5d,179,-5,-16,-3,-13,T5d,True,,,
720575940605738417,right,T5d,551,-4,-9,-1,-8,T5d,True,,,
720575940605751008,right,T4c,53,5,14,2,12,T4c,True,,,
720575940605756844,right,T5a,692,-4,24,16,8,T5a,True,,,
720575940605758752,right,T5d,215,6,7,-3,10,T5d,True,,,
720575940605762406,right,T4c,580,-2,-23,-10,-13,T4c,True,,,
720575940605764030,left,T5a,373,1,-21,-12,-9,T5a,True,,,
720575940605773233,right,T5c,115,-4,2,5,-3,T5c,True,,,
720575940605788337,left,T5c,597,4,1,-4,5,T5c,True,,,
720575940605793726,right,T4a,602,4,-2,-5,3,T4a,True,,,
720575940605793894,right,T5b,44,5,-10,-10,0,T5b,True,,,
720575940605803744,right,T4a,549,0,-9,-5,-4,T4a,True,,,
720575940605813350,left,T5d,278,-5,10,10,0,T5d,True,,,
720575940605833062,right,T4b,610,2,-23,-14,-9,T4b,True,,,
720575940605840514,right,T4c,642,-5,-11,-1,-10,T4c,True,,,
720575940605842022,left,T4a,342,2,-15,-10,-5,T4a,True,,,
720575940605849702,left,T4a,139,1,-14,-8,-6,T4a,True,,,
720575940605852192,right,T4a,532,-8,7,11,-4,T4a,True,,,
720575940605855106,left,T4c,614,-2,-8,-2,-6,T4c,True,,,
720575940605869758,left,T4d,512,6,0,-6,6,T4d,True,,,
720575940605880497,right,T4c,718,-5,24,17,7,T4c,True,,,
720575940605886338,right,T5a,72,0,-28,-14,-14,T5a,True,,,
720575940605890592,left,T5d,342,2,-15,-10,-5,T5d,True,,,
720575940605903532,right,T5b,356,0,22,11,11,T5b,True,,,
720575940605907046,left,T4d,103,7,9,-3,12,T4d,True,,,
720575940605908326,left,T4a,283,-4,4,6,-2,T4a,True,,,
720575940605931180,right,T5d,440,1,23,10,13,T5d,True,,,
720575940605934014,left,T5a,493,-3,23,14,9,T5a,True,,,
720575940605938110,left,T5b,493,-3,23,14,9,T5b,True,,,
720575940605939814,right,T4a,578,4,-11,-10,-1,T4a,True,,,
720575940605945948,left,T4b,212,2,-16,-10,-6,T4b,True,,,
720575940605952702,right,T5c,718,-5,24,17,7,T5c,True,,,
720575940605955174,left,T5c,201,-8,9,12,-3,T5c,True,,,
720575940605961905,left,T5a,220,2,-6,-5,-1,T5a,True,,,
720575940605963441,left,T5b,157,-1,-7,-3,-4,T5b,True,,,
720575940605976422,left,T5b,233,4,-13,-11,-2,T5b,True,,,
720575940605977265,right,T4b,196,-1,8,5,3,T4b,True,,,
720575940605978470,left,T4c,263,-3,4,5,-1,T4c,True,,,
720575940605980262,right,T5a,656,0,-11,-6,-5,T5a,True,,,
720575940605980337,right,T4c,472,1,25,11,14,T4c,True,,,
720575940605985382,left,T5b,612,-3,-26,-10,-16,T5b,True,,,
720575940605996209,right,T5d,327,5,3,-4,7,T5d,True,,,
720575940606009120,left,T4d,458,5,0,-5,5,T4d,True,,,
720575940606014310,right,T5b,612,-3,-26,-10,-16,T5b,True,,,
720575940606014566,left,T5b,443,-6,4,8,-4,T5b,True,,,
720575940606014898,right,T4d,474,-3,-17,-6,-11,T4d,True,,,
720575940606034865,left,T4a,571,0,-14,-7,-7,T4a,True,,,
720575940606053566,left,T5a,374,2,13,4,9,T5a,True,,,
720575940606071217,right,T4d,511,5,-11,-11,0,T4d,True,,,
720575940606077374,right,T5b,280,-6,-14,-1,-13,T5b,True,,,
720575940606104254,left,T5a,292,-4,18,13,5,T5a,True,,,
720575940606115942,left,T4b,778,7,-15,-15,0,T4b,True,,,
720575940606118590,left,T4b,513,-4,-13,-3,-10,T4b,True,,,
720575940606121393,left,T5a,228,-7,1,7,-6,T5a,True,,,
720575940606158624,left,T5a,217,6,15,1,14,T5a,True,,,
720575940606162534,left,T4a,355,-7,-6,4,-10,T4a,True,,,
720575940606169948,left,T5a,6,-2,-4,0,-4,T5a,True,,,
720575940606180966,left,T4d,41,-3,28,17,11,T4d,True,,,
720575940606181762,right,T4a,6,-2,-4,0,-4,T4a,True,,,
720575940606192049,left,T5a,307,5,-25,-18,-7,T5a,True,,,
720575940606198193,left,T4d,607,1,18,8,10,T4d,True,,,
720575940606198449,right,T5d,280,-6,-14,-1,-13,T5d,True,,,
720575940606213298,left,T4a,356,0,22,11,11,T4a,True,,,
720575940606213664,left,T4c,9,4,9,0,9,T4c,True,,,
720575940606233190,left,T5c,544,3,-13,-10,-3,T5c,True,,,
720575940606236337,right,T4d,796,4,26,9,17,T4d,True,,,
720575940606240433,left,T5b,715,4,10,1,9,T5b,True,,,
720575940606260158,left,T4d,615,-7,-7,3,-10,T4d,True,,,
720575940606281574,left,T5d,494,0,29,14,15,T5d,True,,,
720575940606296497,left,T5c,70,-4,21,14,7,T5c,True,,,
720575940606310176,left,T4c,99,4,15,3,12,T4c,True,,,
720575940606319206,right,T4d,518,-4,22,15,7,T4d,True,,,
720575940606336614,left,T4b,459,5,-3,-7,4,T4b,True,,,
720575940606340286,left,T5d,360,-5,19,14,5,T5d,True,,,
720575940606417609,right,T5a,210,-6,8,10,-2,T5a,True,,,
720575940606444930,right,T4a,433,0,-8,-4,-4,T4a,True,,,
720575940606466761,right,T5c,685,-5,-9,0,-9,T5c,True,,,
720575940606474417,left,T5d,503,3,17,5,12,T5d,True,,,
720575940606480073,right,T4c,285,6,-18,-15,-3,T4c,True,,,
720575940606499017,right,T5b,191,-1,-11,-5,-6,T5b,True,,,
720575940606503602,left,T4b,567,-2,22,13,9,T4b,True,,,
720575940606521545,right,T4c,221,-7,3,8,-5,T4c,True,,,
720575940606521801,right,T4c,443,-6,4,8,-4,T4c,True,,,
720575940606527922,right,T4b,422,-7,-4,5,-9,T4b,True,,,
720575940606530993,left,T4b,490,-5,6,8,-2,T4b,True,,,
720575940606533321,left,T4a,187,3,21,7,14,T4a,True,,,
720575940606534601,right,T5a,367,-6,-15,-2,-13,T5a,True,,,
720575940606539465,right,T4a,713,-6,16,14,2,T4a,True,,,
720575940606555522,right,T5a,512,6,0,-6,6,T5a,True,,,
720575940606562481,left,T5c,158,3,-5,-6,1,T5c,True,,,
720575940606569417,right,T4d,210,-6,8,10,-2,T4d,True,,,
720575940606577865,right,T5c,287,-5,13,11,2,T5c,True,,,
720575940606592713,right,T5c,45,-5,-1,4,-5,T5c,True,,,
720575940606594766,left,T5c,406,1,-25,-14,-11,T5c,True,,,
720575940606600992,left,T4d,717,2,-22,-13,-9,T4d,True,,,
720575940606601417,right,T5c,106,-7,11,12,-1,T5c,True,,,
720575940606603040,left,T4b,192,7,10,-2,12,T4b,True,,,
720575940606612098,right,T5c,117,-8,-2,7,-9,T5c,True,,,
720575940606622082,right,T5c,259,-7,-5,4,-9,T5c,True,,,
720575940606624642,right,T5a,659,-4,-6,1,-7,T5a,True,,,
720575940606642121,right,T4d,763,-5,14,12,2,T4d,True,,,
720575940606681278,right,T5a,474,-3,-17,-6,-11,T5a,True,,,
720575940606716361,left,T4b,91,-1,6,4,2,T4b,True,,,
720575940606727042,right,T5a,418,-2,15,9,6,T5a,True,,,
720575940606734002,right,T5b,187,3,21,7,14,T5b,True,,,
720575940606734466,left,T5d,15,2,-3,-4,1,T5d,True,,,
720575940606736830,right,T5a,743,6,-19,-16,-3,T5a,True,,,
720575940606738562,right,T5a,541,-4,14,11,3,T5a,True,,,
720575940606742658,left,T5a,460,-3,-20,-7,-13,T5a,True,,,
720575940606774146,right,T5d,344,-2,-15,-6,-9,T5d,True,,,
720575940606776706,left,T5c,213,3,-4,-5,1,T5c,True,,,
720575940606786761,right,T4d,614,-2,-8,-2,-6,T4d,True,,,
720575940606800073,right,T5b,503,3,17,5,12,T5b,True,,,
720575940606807729,right,T5c,186,-1,26,14,12,T5c,True,,,
720575940606821250,right,T4a,573,4,14,3,11,T4a,True,,,
720575940606821506,right,T5c,235,4,11,1,10,T5c,True,,,
720575940606829257,left,T4a,108,-3,-12,-3,-9,T4a,True,,,
720575940606835074,right,T5b,681,-2,-21,-9,-12,T5b,True,,,
720575940606845897,left,T4c,578,4,-11,-10,-1,T4c,True,,,
720575940606850249,left,T4c,143,-4,16,12,4,T4c,True,,,
720575940606854857,left,T4a,398,-3,22,14,8,T4a,True,,,
720575940606855810,right,T5d,590,1,9,3,6,T5d,True,,,
720575940606862281,left,T4c,665,7,-2,-8,6,T4c,True,,,
720575940606862978,right,T5d,523,2,14,5,9,T5d,True,,,
720575940606864514,right,T5a,224,0,5,2,3,T5a,True,,,
720575940606920578,right,T5c,658,1,20,9,11,T5c,True,,,
720575940606925489,left,T4d,65,-1,28,15,13,T4d,True,,,
720575940606926722,right,T5b,428,-2,23,13,10,T5b,True,,,
720575940606934473,right,T4d,135,-3,-22,-8,-14,T4d,True,,,
720575940606938546,right,T5c,492,-7,-2,6,-8,T5c,True,,,
720575940606942130,right,T4d,768,3,5,-1,6,T4d,True,,,
720575940606947529,right,T4b,578,4,-11,-10,-1,T4b,True,,,
720575940606955953,left,T5b,179,-5,-16,-3,-13,T5b,True,,,
720575940606961538,left,T5b,724,4,2,-3,5,T5b,True,,,
720575940606964145,right,T4a,145,0,4,2,2,T4a,True,,,
720575940606986418,right,T5d,586,2,18,7,11,T5d,True,,,
720575940606991817,right,T4d,128,3,-22,-14,-8,T4d,True,,,
720575940607017906,left,T5a,599,-1,9,5,4,T5a,True,,,
720575940607022025,left,T5a,740,2,-8,-6,-2,T5a,True,,,
720575940607022722,left,T4c,654,-3,8,7,1,T4c,True,,,
720575940607033010,right,T5c,699,-5,0,5,-5,T5c,True,,,
720575940607035314,right,T5b,46,-5,15,12,3,T5b,True,,,
720575940607039618,right,T4b,233,4,-13,-11,-2,T4b,True,,,
720575940607040178,right,T5d,684,-6,17,14,3,T5d,True,,,
720575940607040642,left,T4b,531,1,0,-1,1,T4b,True,,,
720575940607042994,right,T5c,630,4,8,0,8,T5c,True,,,
720575940607046786,left,T5b,734,2,0,-2,2,T5b,True,,,
720575940607047810,right,T4d,129,0,-13,-7,-6,T4d,True,,,
720575940607049673,left,T4a,693,-3,25,15,10,T4a,True,,,
720575940607063730,right,T4d,46,-5,15,12,3,T4d,True,,,
720575940607076482,left,T4d,290,5,-24,-17,-7,T4d,True,,,
720575940607081346,left,T5d,214,-5,3,6,-3,T5d,True,,,
720575940607094706,left,T4b,667,1,-28,-15,-13,T4b,True,,,
720575940607105458,left,T4b,410,-2,-2,1,-3,T4b,True,,,
720575940607114882,right,T5a,750,4,-24,-16,-8,T5a,True,,,
720575940607118722,left,T4c,637,3,-21,-14,-7,T4c,True,,,
720575940607120258,left,T4b,668,1,19,8,11,T4b,True,,,
720575940607123145,left,T5d,687,-6,-3,4,-7,T5d,True,,,
720575940607131570,right,T4c,273,-6,23,17,6,T4c,True,,,
720575940607144137,left,T4d,216,2,19,7,12,T4d,True,,,
720575940607147721,left,T4c,748,-4,20,14,6,T4c,True,,,
720575940607175369,left,T5b,46,-5,15,12,3,T5b,True,,,
720575940607183538,left,T5a,765,-3,9,7,2,T5a,True,,,
720575940607194290,right,T4c,579,-3,-10,-2,-8,T4c,True,,,
720575940607196939,left,T4c,423,3,-18,-12,-6,T4c,True,,,
720575940607197826,right,T4a,760,0,17,8,9,T4a,True,,,
720575940607204530,right,T5b,653,-6,-12,0,-12,T5b,True,,,
720575940607219634,left,T5b,699,-5,0,5,-5,T5b,True,,,
720575940607243698,left,T4a,92,0,9,4,5,T4a,True,,,
720575940607249586,left,T4c,409,0,-3,-2,-1,T4c,True,,,
720575940607250699,left,T5b,205,5,-6,-8,2,T5b,True,,,
720575940607259228,right,T5c,773,5,-19,-15,-4,T5c,True,,,
720575940607262985,left,T4c,619,-4,-19,-6,-13,T4c,True,,,
720575940607283977,right,T4a,178,2,11,3,8,T4a,True,,,
720575940607288265,left,T5d,39,0,20,10,10,T5d,True,,,
720575940607288843,right,T5d,16,-2,-16,-6,-10,T5d,True,,,
720575940607301554,left,T4c,585,-1,-23,-11,-12,T4c,True,,,
720575940607307442,left,T4d,483,2,-7,-6,-1,T4d,True,,,
720575940607313675,left,T5a,218,2,10,3,7,T5a,True,,,
720575940607321353,right,T4a,261,-1,13,7,6,T4a,True,,,
720575940607334869,left,T4a,607,1,18,8,10,T4a,True,,,
720575940607336626,left,T5b,60,-8,8,12,-4,T5b,True,,,
720575940607344476,left,T4d,129,0,-13,-7,-6,T4d,True,,,
720575940607353801,right,T4b,686,5,-22,-16,-6,T4b,True,,,
720575940607361545,right,T4b,369,5,-5,-8,3,T4b,True,,,
720575940607363593,left,T4d,499,5,10,0,10,T4d,True,,,
720575940607364617,left,T5b,113,-2,4,4,0,T5b,True,,,
720575940607369650,left,T4a,111,2,-24,-14,-10,T4a,True,,,
720575940607390219,left,T4c,16,-2,-16,-6,-10,T4c,True,,,
720575940607411842,left,T4d,670,5,5,-3,8,T4d,True,,,
720575940607415817,left,T5d,78,2,20,8,12,T5d,True,,,
720575940607462274,left,T4d,547,-1,21,11,10,T4d,True,,,
720575940607463369,right,T4a,217,6,15,1,14,T4a,True,,,
720575940607474098,left,T4b,277,7,-3,-9,6,T4b,True,,,
720575940607508169,left,T5a,8,-4,26,17,9,T5a,True,,,
720575940607509890,left,T5d,582,-1,23,12,11,T5d,True,,,
720575940607515522,left,T4c,468,-3,11,8,3,T4c,True,,,
720575940607583939,right,T5b,85,4,-22,-15,-7,T5b,True,,,
720575940607589042,left,T4a,303,-5,22,16,6,T4a,True,,,
720575940607593858,left,T5c,655,6,-1,-7,6,T5c,True,,,
720575940607596162,left,T4c,458,5,0,-5,5,T4c,True,,,
720575940607599305,left,T5b,70,-4,21,14,7,T5b,True,,,
720575940607607170,left,T4b,635,6,-6,-9,3,T4b,True,,,
720575940607612290,left,T5c,618,-1,24,13,11,T5c,True,,,
720575940607613314,left,T5c,330,3,3,-2,5,T5c,True,,,
720575940607619541,left,T5b,30,6,16,2,14,T5b,True,,,
720575940607627868,right,T5c,510,-2,11,7,4,T5c,True,,,
720575940607632306,right,T4c,728,7,12,-1,13,T4c,True,,,
720575940607652738,left,T4d,718,-5,24,17,7,T4d,True,,,
720575940607656882,left,T4c,187,3,21,7,14,T4c,True,,,
720575940607662037,right,T4d,420,6,-3,-8,5,T4d,True,,,
720575940607664585,left,T4c,28,5,6,-2,8,T4c,True,,,
720575940607678594,left,T5b,695,-6,10,11,-1,T5b,True,,,
720575940607683017,left,T4d,121,-8,4,10,-6,T4d,True,,,
720575940607685387,right,T5a,552,4,-1,-5,4,T5a,True,,,
720575940607688393,right,T5b,380,-1,29,15,14,T5b,True,,,
720575940607702876,right,T4c,462,-1,18,10,8,T4c,True,,,
720575940607708873,left,T4a,234,1,3,0,3,T4a,True,,,
720575940607762354,right,T5c,541,-4,14,11,3,T5c,True,,,
720575940607784405,right,T4c,546,3,6,0,6,T4c,True,,,
720575940607786114,left,T4c,707,-2,25,14,11,T4c,True,,,
720575940607786251,right,T5c,661,-3,14,10,4,T5c,True,,,
720575940607814106,right,T4a,470,4,-9,-9,0,T4a,True,,,
720575940607814665,right,T4a,501,1,2,0,2,T4a,True,,,
720575940607825842,left,T5c,718,-5,24,17,7,T5c,True,,,
720575940607827657,right,T5c,563,5,-13,-12,-1,T5c,True,,,
720575940607851977,left,T4a,494,0,29,14,15,T4a,True,,,
720575940607859804,right,T5b,552,4,-1,-5,4,T5b,True,,,
720575940607866313,left,T4d,756,5,20,5,15,T4d,True,,,
720575940607867593,left,T4b,442,-5,25,17,8,T4b,True,,,
720575940607868873,left,T4c,503,3,17,5,12,T4c,True,,,
720575940607902682,right,T4a,459,5,-3,-7,4,T4a,True,,,
720575940607934300,left,T4b,164,-1,-2,0,-2,T4b,True,,,
720575940607955723,right,T4c,373,1,-21,-12,-9,T4c,True,,,
720575940607961283,right,T4d,324,3,24,9,15,T4d,True,,,
720575940607986115,left,T4c,79,2,1,-2,3,T4c,True,,,
720575940607987395,right,T4b,56,1,-13,-8,-5,T4b,True,,,
720575940607988146,left,T4b,305,-7,4,9,-5,T4b,True,,,
720575940607990658,left,T4d,154,-8,0,8,-8,T4d,True,,,
720575940607990914,left,T4d,275,-8,-1,7,-8,T4d,True,,,
720575940608020931,right,T5d,5,-1,16,9,7,T5d,True,,,
720575940608036803,left,T4c,157,-1,-7,-3,-4,T4c,True,,,
720575940608041923,right,T5d,197,0,-20,-10,-10,T5d,True,,,
720575940608049419,right,T4b,156,-9,1,9,-8,T4b,True,,,
720575940608082645,left,T4d,79,2,1,-2,3,T4d,True,,,
720575940608085771,right,T4c,61,-4,-4,2,-6,T4c,True,,,
720575940608115418,right,T4b,213,3,-4,-5,1,T4b,True,,,
720575940608119770,right,T4b,766,2,-4,-4,0,T4b,True,,,
720575940608148316,left,T5c,296,1,-18,-10,-8,T5c,True,,,
720575940608155605,left,T5c,727,7,6,-4,10,T5c,True,,,
720575940608162652,right,T5b,143,-4,16,12,4,T5b,True,,,
720575940608173916,right,T4b,741,-2,-14,-5,-9,T4b,True,,,
720575940608209842,left,T5a,643,6,14,1,13,T5a,True,,,
720575940608221252,left,T4d,614,-2,-8,-2,-6,T4d,True,,,
720575940608244316,right,T5d,426,-3,0,3,-3,T5d,True,,,
720575940608246281,right,T5d,85,4,-22,-15,-7,T5d,True,,,
720575940608253379,right,T4d,509,-4,10,9,1,T4d,True,,,
720575940608253961,right,T5c,255,-6,-13,-1,-12,T5c,True,,,
720575940608257754,right,T4a,213,3,-4,-5,1,T4a,True,,,
720575940608259970,left,T4a,80,4,13,2,11,T4a,True,,,
720575940608262106,right,T4a,77,2,-5,-5,0,T4a,True,,,
720575940608276233,right,T5b,528,2,7,1,6,T5b,True,,,
720575940608278537,right,T4b,423,3,-18,-12,-6,T4b,True,,,
720575940608288523,right,T4a,758,5,-1,-6,5,T4a,True,,,
720575940608302601,left,T5b,520,-2,-22,-9,-13,T5b,True,,,
720575940608305500,right,T4a,466,1,14,6,8,T4a,True,,,
720575940608317362,right,T4c,563,5,-13,-12,-1,T4c,True,,,
720575940608334345,right,T5b,279,-4,8,8,0,T5b,True,,,
720575940608336732,left,T4d,27,0,-25,-13,-12,T4d,True,,,
720575940608343305,right,T5c,539,-6,15,13,2,T5c,True,,,
720575940608350556,left,T5b,171,6,-20,-16,-4,T5b,True,,,
720575940608350731,right,T5c,326,2,16,6,10,T5c,True,,,
720575940608352690,right,T4b,98,-1,-12,-5,-7,T4b,True,,,
720575940608362076,right,T4c,344,-2,-15,-6,-9,T4c,True,,,
720575940608363531,right,T4a,198,6,2,-5,7,T4a,True,,,
720575940608383324,left,T5a,623,1,13,5,8,T5a,True,,,
720575940608386827,right,T5a,152,3,-15,-11,-4,T5a,True,,,
720575940608391691,right,T4a,44,5,-10,-10,0,T4a,True,,,
720575940608394249,right,T4c,299,-4,12,10,2,T4c,True,,,
720575940608395275,left,T5c,334,1,-26,-14,-12,T5c,True,,,
720575940608400139,right,T5b,703,-3,1,3,-2,T5b,True,,,
720575940608404235,right,T5a,703,-3,1,3,-2,T5a,True,,,
720575940608404747,right,T5c,538,-4,1,4,-3,T5c,True,,,
720575940608405515,right,T5d,731,-6,9,10,-1,T5d,True,,,
720575940608408282,right,T4c,665,7,-2,-8,6,T4c,True,,,
720575940608419676,left,T5c,619,-4,-19,-6,-13,T5c,True,,,
720575940608442379,right,T5d,102,3,13,3,10,T5d,True,,,
720575940608453212,left,T4b,83,2,-21,-13,-8,T4b,True,,,
720575940608454236,left,T4c,436,0,-15,-8,-7,T4c,True,,,
720575940608472797,right,T5b,58,3,12,3,9,T5b,True,,,
720575940608474123,left,T4c,768,3,5,-1,6,T4c,True,,,
720575940608486921,right,T5d,778,4,25,8,17,T5d,True,,,
720575940608492299,right,T5b,370,-3,21,13,8,T5b,True,,,
720575940608498955,right,T4a,440,1,23,10,13,T4a,True,,,
720575940608511068,right,T4a,525,-1,-20,-9,-11,T4a,True,,,
720575940608519689,right,T4c,214,-5,3,6,-3,T4c,True,,,
720575940608528341,right,T5a,687,-6,-3,4,-7,T5a,True,,,
720575940608535876,right,T5d,630,4,8,0,8,T5d,True,,,
720575940608559369,left,T4a,547,-1,21,11,10,T4a,True,,,
720575940608562185,right,T5d,670,5,5,-3,8,T5d,True,,,
720575940608562187,left,T4b,283,-4,4,6,-2,T4b,True,,,
720575940608572764,left,T4c,236,-1,4,3,1,T4c,True,,,
720575940608584457,left,T4c,657,-2,-25,-11,-14,T4c,True,,,
720575940608585993,right,T4c,791,-1,-28,-13,-15,T4c,True,,,
720575940608618197,right,T4a,114,2,-13,-9,-4,T4a,True,,,
720575940608623115,right,T4a,172,1,22,10,12,T4a,True,,,
720575940608632329,left,T5d,683,2,6,1,5,T5d,True,,,
720575940608650507,right,T4b,603,-3,-23,-9,-14,T4b,True,,,
720575940608661187,right,T5c,112,-6,1,6,-5,T5c,True,,,
720575940608667605,right,T5a,299,-4,12,10,2,T5a,True,,,
720575940608668867,right,T5a,628,0,0,0,0,T5a,True,,,
720575940608669379,right,T5b,479,-2,10,7,3,T5b,True,,,
720575940608675932,left,T4d,700,5,15,2,13,T4d,True,,,
720575940608681993,left,T4b,424,-3,-2,2,-4,T4b,True,,,
720575940608694795,right,T4b,709,-2,-24,-10,-14,T4b,True,,,
720575940608695817,left,T4a,497,6,1,-6,7,T4a,True,,,
720575940608697412,right,T4c,224,0,5,2,3,T4c,True,,,
720575940608698121,left,T5c,9,4,9,0,9,T5c,True,,,
720575940608708309,right,T4d,216,2,19,7,12,T4d,True,,,
720575940608710492,left,T5b,292,-4,18,13,5,T5b,True,,,
720575940608720137,right,T4a,403,-2,-12,-4,-8,T4a,True,,,
720575940608720597,left,T5c,289,-1,11,6,5,T5c,True,,,
720575940608724163,right,T5a,328,5,-9,-10,1,T5a,True,,,
720575940608729097,right,T5a,296,1,-18,-10,-8,T5a,True,,,
720575940608739164,left,T4a,618,-1,24,13,11,T4a,True,,,
720575940608749010,left,T5a,365,4,7,-1,8,T5a,True,,,
720575940608756693,right,T4b,690,-7,-3,5,-8,T4b,True,,,
720575940608760843,right,T4c,132,2,4,0,4,T4c,True,,,
720575940608763147,right,T5c,377,0,7,3,4,T5c,True,,,
720575940608781579,right,T4a,752,-2,7,5,2,T4a,True,,,
720575940608792026,right,T4d,205,5,-6,-8,2,T4d,True,,,
720575940608802569,left,T4b,619,-4,-19,-6,-13,T4b,True,,,
720575940608805444,left,T4d,431,-2,-10,-3,-7,T4d,True,,,
720575940608808149,left,T4a,524,4,-20,-14,-6,T4a,True,,,
720575940608811529,left,T5a,185,2,-11,-8,-3,T5a,True,,,
720575940608823253,left,T5d,619,-4,-19,-6,-13,T5d,True,,,
720575940608823765,left,T4d,467,-2,-20,-8,-12,T4d,True,,,
720575940608833628,left,T5a,784,-4,29,18,11,T5a,True,,,
720575940608846019,right,T4d,147,1,21,9,12,T4d,True,,,
720575940608850389,left,T5b,731,-6,9,10,-1,T5b,True,,,
720575940608851925,left,T5b,416,3,-8,-7,-1,T5b,True,,,
720575940608853003,left,T5a,204,5,-2,-6,4,T5a,True,,,
720575940608865803,left,T4c,582,-1,23,12,11,T4c,True,,,
720575940608872131,left,T4d,277,7,-3,-9,6,T4d,True,,,
720575940608872796,left,T5c,604,-1,-29,-14,-15,T5c,True,,,
720575940608884572,left,T4b,394,-7,-8,3,-11,T4b,True,,,
720575940608895427,right,T5a,86,-5,-7,1,-8,T5a,True,,,
720575940608896779,left,T5d,269,2,-19,-12,-7,T5d,True,,,
720575940608920075,right,T4b,14,0,-27,-14,-13,T4b,True,,,
720575940608924740,right,T4a,689,-2,18,11,7,T4a,True,,,
720575940608933212,left,T4a,129,0,-13,-7,-6,T4a,True,,,
720575940608933468,left,T4c,422,-7,-4,5,-9,T4c,True,,,
720575940608936149,left,T5b,85,4,-22,-15,-7,T5b,True,,,
720575940608936284,right,T4c,94,5,18,4,14,T4c,True,,,
720575940608947413,right,T4c,545,5,11,0,11,T4c,True,,,
720575940608947651,right,T5d,482,1,17,7,10,T5d,True,,,
720575940608953795,left,T5b,601,1,16,7,9,T5b,True,,,
720575940608954307,right,T5c,209,-3,-8,-1,-7,T5c,True,,,
720575940608962773,left,T4a,754,-1,-13,-6,-7,T4a,True,,,
720575940608967179,left,T5d,5,-1,16,9,7,T5d,True,,,
720575940608972739,left,T5c,31,0,16,8,8,T5c,True,,,
720575940608972995,right,T5c,415,6,12,0,12,T5c,True,,,
720575940608974787,left,T4a,662,2,-1,-3,2,T4a,True,,,
720575940608978012,left,T4d,707,-2,25,14,11,T4d,True,,,
720575940608998409,left,T5a,97,-5,2,6,-4,T5a,True,,,
720575940608999363,right,T4d,413,-2,-7,-2,-5,T4d,True,,,
720575940609000715,left,T4d,748,-4,20,14,6,T4d,True,,,
720575940609006857,right,T5a,139,1,-14,-8,-6,T5a,True,,,
720575940609008853,right,T4b,10,5,-15,-13,-2,T4b,True,,,
720575940609009877,right,T5a,670,5,5,-3,8,T5a,True,,,
720575940609026499,left,T4a,178,2,11,3,8,T4a,True,,,
720575940609035785,left,T5d,418,-2,15,9,6,T5d,True,,,
720575940609042955,right,T4c,767,1,28,13,15,T4c,True,,,
720575940609043925,right,T5b,57,6,-11,-12,1,T5b,True,,,
720575940609048075,left,T5d,715,4,10,1,9,T5d,True,,,
720575940609060107,left,T5c,753,-3,24,15,9,T5c,True,,,
720575940609062665,right,T4b,715,4,10,1,9,T4b,True,,,
720575940609068227,right,T5b,152,3,-15,-11,-4,T5b,True,,,
720575940609078723,right,T4d,285,6,-18,-15,-3,T4d,True,,,
720575940609083349,left,T4b,9,4,9,0,9,T4b,True,,,
720575940609097941,left,T5a,109,4,-5,-7,2,T5a,True,,,
720575940609104853,left,T4c,441,3,-16,-11,-5,T4c,True,,,
720575940609108316,right,T4c,675,-7,19,16,3,T4c,True,,,
720575940609113539,right,T5d,246,-4,15,11,4,T5d,True,,,
720575940609117451,left,T4d,303,-5,22,16,6,T4d,True,,,
720575940609123083,left,T4c,228,-7,1,7,-6,T4c,True,,,
720575940609135829,left,T4b,220,2,-6,-5,-1,T4b,True,,,
720575940609137877,left,T5a,57,6,-11,-12,1,T5a,True,,,
720575940609139907,left,T4d,300,4,-18,-13,-5,T4d,True,,,
720575940609154243,left,T5c,682,6,-8,-10,2,T5c,True,,,
720575940609160457,right,T5a,332,4,-26,-17,-9,T5a,True,,,
720575940609165833,left,T5a,37,1,5,1,4,T5a,True,,,
720575940609179913,left,T4b,693,-3,25,15,10,T4b,True,,,
720575940609193227,left,T4d,11,7,-14,-14,0,T4d,True,,,
720575940609195971,right,T5b,133,-3,20,13,7,T5b,True,,,
720575940609196739,left,T4b,98,-1,-12,-5,-7,T4b,True,,,
720575940609201347,right,T5b,655,6,-1,-7,6,T5b,True,,,
720575940609208412,right,T5d,786,-2,30,17,13,T5d,True,,,
720575940609224201,left,T4a,253,5,16,3,13,T4a,True,,,
720575940609226453,right,T5a,327,5,3,-4,7,T5a,True,,,
720575940609226709,right,T5a,770,5,4,-3,7,T5a,True,,,
720575940609228757,left,T5c,136,0,3,1,2,T5c,True,,,
720575940609232341,left,T5c,186,-1,26,14,12,T5c,True,,,
720575940609251523,right,T5b,458,5,0,-5,5,T5b,True,,,
720575940609259733,left,T5c,92,0,9,4,5,T5c,True,,,
720575940609263371,left,T5c,144,7,-11,-13,2,T5c,True,,,
720575940609264988,left,T5b,462,-1,18,10,8,T5b,True,,,
720575940609270830,left,T4a,545,5,11,0,11,T4a,True,,,
720575940609270979,left,T4c,23,-3,-16,-5,-11,T4c,True,,,
720575940609274819,right,T5c,203,3,-1,-4,3,T5c,True,,,
720575940609287945,left,T5a,357,4,17,4,13,T5a,True,,,
720575940609289155,left,T4a,563,5,-13,-12,-1,T4a,True,,,
720575940609289411,left,T5b,231,4,-12,-10,-2,T5b,True,,,
720575940609290947,left,T5d,525,-1,-20,-9,-11,T5d,True,,,
720575940609293660,right,T4b,162,-4,-2,3,-5,T4b,True,,,
720575940609295299,right,T5c,482,1,17,7,10,T5c,True,,,
720575940609301515,left,T4b,408,-6,-4,4,-8,T4b,True,,,
720575940609302062,left,T4b,96,1,-10,-6,-4,T4b,True,,,
720575940609306819,left,T5c,157,-1,-7,-3,-4,T5c,True,,,
720575940609310933,left,T5b,693,-3,25,15,10,T5b,True,,,
720575940609344866,right,T5c,571,0,-14,-7,-7,T5c,True,,,
720575940609351516,right,T5c,52,-1,-22,-10,-12,T5c,True,,,
720575940609360323,right,T5c,416,3,-8,-7,-1,T5c,True,,,
720575940609361621,right,T5d,650,-3,-25,-10,-15,T5d,True,,,
720575940609382921,right,T5d,310,2,22,9,13,T5d,True,,,
720575940609411779,left,T4b,690,-7,-3,5,-8,T4b,True,,,
720575940609420043,right,T4a,50,-2,21,12,9,T4a,True,,,
720575940609420072,left,T5c,204,5,-2,-6,4,T5c,True,,,
720575940609425347,right,T4a,499,5,10,0,10,T4a,True,,,
720575940609437397,left,T4c,785,8,3,-7,10,T4c,True,,,
720575940609443285,left,T4b,504,-2,9,6,3,T4b,True,,,
720575940609494485,left,T5b,585,-1,-23,-11,-12,T5b,True,,,
720575940609498325,left,T5a,670,5,5,-3,8,T5a,True,,,
720575940609499000,right,T4b,286,0,-24,-12,-12,T4b,True,,,
720575940609545155,left,T4d,298,-5,5,7,-2,T4d,True,,,
720575940609545411,left,T5d,558,-4,-21,-7,-14,T5d,True,,,
720575940609553476,right,T5b,221,-7,3,8,-5,T5b,True,,,
720575940609554185,left,T4a,386,-6,19,15,4,T4a,True,,,
720575940609562819,left,T4a,88,7,4,-5,9,T4a,True,,,
720575940609567957,left,T5c,410,-2,-2,1,-3,T5c,True,,,
720575940609572216,left,T4b,648,1,7,2,5,T4b,True,,,
720575940609574468,right,T4b,488,7,5,-5,10,T4b,True,,,
720575940609578702,right,T4a,183,-5,-15,-3,-12,T4a,True,,,
720575940609600580,right,T5b,204,5,-2,-6,4,T5b,True,,,
720575940609601092,right,T5b,420,6,-3,-8,5,T5b,True,,,
720575940609627460,left,T5b,531,1,0,-1,1,T5b,True,,,
720575940609631812,left,T5a,78,2,20,8,12,T5a,True,,,
720575940609633860,left,T4a,130,2,12,4,8,T4a,True,,,
720575940609635886,left,T5c,685,-5,-9,0,-9,T5c,True,,,
720575940609652548,right,T4d,710,4,-25,-17,-8,T4d,True,,,
720575940609653699,left,T4d,246,-4,15,11,4,T4d,True,,,
720575940609663812,right,T5b,242,-4,6,7,-1,T5b,True,,,
720575940609676739,left,T4d,536,3,4,-1,5,T4d,True,,,
720575940609683651,left,T4d,605,3,15,4,11,T4d,True,,,
720575940609709269,left,T4b,150,-8,5,10,-5,T4b,True,,,
720575940609711811,left,T5d,438,2,27,11,16,T5d,True,,,
720575940609721186,right,T4b,640,-1,-16,-7,-9,T4b,True,,,
720575940609739869,right,T4c,219,6,-4,-8,4,T4c,True,,,
720575940609740381,right,T4a,81,6,-2,-7,5,T4a,True,,,
720575940609743172,left,T5c,107,8,-2,-9,7,T5c,True,,,
720575940609744733,right,T4a,371,6,-5,-9,4,T4a,True,,,
720575940609751138,right,T4a,28,5,6,-2,8,T4a,True,,,
720575940609755843,left,T5a,609,-2,0,2,-2,T5a,True,,,
720575940609762094,right,T4b,703,-3,1,3,-2,T4b,True,,,
720575940609765643,left,T4b,133,-3,20,13,7,T4b,True,,,
720575940609772811,left,T4d,784,-4,29,18,11,T4d,True,,,
720575940609798130,right,T5a,127,0,15,7,8,T5a,True,,,
720575940609799778,right,T4b,470,4,-9,-9,0,T4b,True,,,
720575940609803989,right,T4a,189,6,13,0,13,T4a,True,,,
720575940609804245,right,T4b,189,6,13,0,13,T4b,True,,,
720575940609810013,right,T4b,268,7,-6,-10,4,T4b,True,,,
720575940609826884,right,T5d,333,0,-21,-11,-10,T5d,True,,,
720575940609832387,right,T4c,562,-5,-2,4,-6,T4c,True,,,
720575940609835332,right,T5d,103,7,9,-3,12,T5d,True,,,
720575940609843298,right,T4c,300,4,-18,-13,-5,T4c,True,,,
720575940609848021,left,T5b,227,-7,5,9,-4,T5b,True,,,
720575940609863492,left,T5a,615,-7,-7,3,-10,T5a,True,,,
720575940609889092,left,T4d,599,-1,9,5,4,T4d,True,,,
720575940609892363,left,T4a,665,7,-2,-8,6,T4a,True,,,
720575940609896459,right,T4d,524,4,-20,-14,-6,T4d,True,,,
720575940609896750,right,T5a,330,3,3,-2,5,T5a,True,,,
720575940609898308,right,T5c,9,4,9,0,9,T5c,True,,,
720575940609899844,right,T4d,87,1,11,4,7,T4d,True,,,
720575940609907298,right,T4b,107,8,-2,-9,7,T4b,True,,,
720575940609940178,left,T5c,592,3,-28,-17,-11,T5c,True,,,
720575940609942136,right,T4a,636,0,6,3,3,T4a,True,,,
720575940609943928,right,T5d,71,-2,-3,0,-3,T5d,True,,,
720575940609946066,left,T5d,632,3,-20,-13,-7,T5d,True,,,
720575940609966690,right,T5b,395,0,-22,-11,-11,T5b,True,,,
720575940609972578,right,T4b,220,2,-6,-5,-1,T4b,True,,,
720575940609978834,left,T4c,390,-6,-9,1,-10,T4c,True,,,
720575940609985860,right,T5b,459,5,-3,-7,4,T5b,True,,,
720575940609991236,left,T5a,505,6,-22,-17,-5,T5a,True,,,
720575940610047698,right,T4c,127,0,15,7,8,T4c,True,,,
720575940610051908,left,T5b,465,3,0,-3,3,T5b,True,,,
720575940610065614,right,T5c,177,-2,-1,1,-2,T5c,True,,,
720575940610070596,right,T5b,569,6,6,-3,9,T5b,True,,,
720575940610077635,left,T5d,305,-7,4,9,-5,T5d,True,,,
720575940610086264,right,T4b,717,2,-22,-13,-9,T4b,True,,,
720575940610100686,left,T5c,110,-7,0,7,-7,T5c,True,,,
720575940610118468,left,T5d,508,-5,11,10,1,T5d,True,,,
720575940610133966,left,T5a,772,1,12,5,7,T5a,True,,,
720575940610141902,left,T4b,270,1,-8,-5,-3,T4b,True,,,
720575940610176986,left,T4b,627,0,-1,-1,0,T4b,True,,,
720575940610178261,left,T4b,280,-6,-14,-1,-13,T4b,True,,,
720575940610188494,right,T5b,235,4,11,1,10,T5b,True,,,
720575940610195139,right,T5d,576,0,28,14,14,T5d,True,,,
720575940610213582,right,T5b,32,0,12,6,6,T5b,True,,,
720575940610235342,right,T5a,510,-2,11,7,4,T5a,True,,,
720575940610238510,right,T5d,605,3,15,4,11,T5d,True,,,
720575940610253410,right,T4a,236,-1,4,3,1,T4a,True,,,
720575940610282798,left,T5c,328,5,-9,-10,1,T5c,True,,,
720575940610287299,left,T4d,80,4,13,2,11,T4d,True,,,
720575940610294979,right,T5b,277,7,-3,-9,6,T5b,True,,,
720575940610303790,right,T4c,256,5,-20,-15,-5,T4c,True,,,
720575940610332740,left,T4b,630,4,8,0,8,T4b,True,,,
720575940610335698,left,T4c,7,-6,-6,3,-9,T4c,True,,,
720575940610345426,right,T4d,418,-2,15,9,6,T4d,True,,,
720575940610363972,right,T5c,702,-5,23,16,7,T5c,True,,,
720575940610364228,right,T4d,442,-5,25,17,8,T4d,True,,,
720575940610367044,right,T4a,41,-3,28,17,11,T4a,True,,,
720575940610367556,right,T4a,783,-4,28,18,10,T4a,True,,,
720575940610367812,right,T5b,781,-5,26,18,8,T5b,True,,,
720575940610377028,left,T4d,369,5,-5,-8,3,T4d,True,,,
720575940610382404,left,T5d,635,6,-6,-9,3,T5d,True,,,
720575940610395506,left,T5d,410,-2,-2,1,-3,T5d,True,,,
720575940610396718,right,T4b,76,-3,-4,1,-5,T4b,True,,,
720575940610397230,right,T5b,491,7,-1,-8,7,T5b,True,,,
720575940610397486,right,T5d,156,-9,1,9,-8,T5d,True,,,
720575940610400580,left,T4d,672,-8,11,13,-2,T4d,True,,,
720575940610406702,right,T5c,396,-1,10,6,4,T5c,True,,,
720575940610412078,left,T4d,648,1,7,2,5,T4d,True,,,
720575940610428099,right,T4d,546,3,6,0,6,T4d,True,,,
720575940610428484,left,T5c,551,-4,-9,-1,-8,T5c,True,,,
720575940610428996,left,T5b,428,-2,23,13,10,T5b,True,,,
720575940610470724,left,T4b,769,4,-27,-18,-9,T4b,True,,,
720575940610481528,right,T4d,563,5,-13,-12,-1,T4d,True,,,
720575940610492484,right,T4d,471,3,-26,-16,-10,T4d,True,,,
720575940610493560,right,T4b,344,-2,-15,-6,-9,T4b,True,,,
720575940610508334,right,T4c,220,2,-6,-5,-1,T4c,True,,,
720575940610514274,right,T4b,385,-3,-18,-6,-12,T4b,True,,,
720575940610515320,left,T5c,51,0,-19,-10,-9,T5c,True,,,
720575940610515698,right,T5b,196,-1,8,5,3,T5b,True,,,
720575940610532501,right,T4d,506,1,-12,-7,-5,T4d,True,,,
720575940610532757,right,T4a,230,2,9,2,7,T4a,True,,,
720575940610534702,left,T4a,233,4,-13,-11,-2,T4a,True,,,
720575940610535236,left,T4a,621,1,24,11,13,T4a,True,,,
720575940610537336,left,T5c,754,-1,-13,-6,-7,T5c,True,,,
720575940610539250,right,T4b,365,4,7,-1,8,T4b,True,,,
720575940610555204,right,T5a,337,-5,-6,2,-8,T5a,True,,,
720575940610557048,right,T5b,160,-2,20,12,8,T5b,True,,,
720575940610562424,right,T4d,335,2,8,2,6,T4d,True,,,
720575940610582392,right,T4b,738,-3,13,9,4,T4b,True,,,
720575940610583342,left,T5a,580,-2,-23,-10,-13,T5a,True,,,
720575940610584110,left,T5d,482,1,17,7,10,T5d,True,,,
720575940610585208,right,T4b,214,-5,3,6,-3,T4b,True,,,
720575940610585976,right,T4d,92,0,9,4,5,T4d,True,,,
720575940610587000,right,T5b,424,-3,-2,2,-4,T5b,True,,,
720575940610587972,right,T5b,616,-3,15,10,5,T5b,True,,,
720575940610622869,left,T4a,677,0,11,5,6,T4a,True,,,
720575940610623089,right,T4b,48,-4,-22,-7,-15,T4b,True,,,
720575940610633682,right,T4c,730,7,0,-7,7,T4c,True,,,
720575940610637266,right,T4d,533,0,-16,-8,-8,T4d,True,,,
720575940610637688,right,T4b,97,-5,2,6,-4,T4b,True,,,
720575940610639729,right,T5a,547,-1,21,11,10,T5a,True,,,
720575940610649810,right,T5c,335,2,8,2,6,T5c,True,,,
720575940610651346,right,T4a,78,2,20,8,12,T4a,True,,,
720575940610651694,left,T5c,497,6,1,-6,7,T5c,True,,,
720575940610658606,left,T5a,278,-5,10,10,0,T5a,True,,,
720575940610661752,left,T4b,546,3,6,0,6,T4b,True,,,
720575940610663537,left,T4c,280,-6,-14,-1,-13,T4c,True,,,
720575940610680433,right,T5c,431,-2,-10,-3,-7,T5c,True,,,
720575940610689173,left,T5b,604,-1,-29,-14,-15,T5b,True,,,
720575940610690709,right,T4d,347,-5,-13,-2,-11,T4d,True,,,
720575940610695726,left,T4c,249,2,-12,-8,-4,T4c,True,,,
720575940610707057,left,T4b,622,-5,20,15,5,T4b,True,,,
720575940610713810,right,T5a,614,-2,-8,-2,-6,T5a,True,,,
720575940610717155,left,T5b,261,-1,13,7,6,T5b,True,,,
720575940610722914,left,T5c,52,-1,-22,-10,-12,T5c,True,,,
720575940610723026,right,T5a,437,-3,12,9,3,T5a,True,,,
720575940610725218,right,T4b,606,-1,-19,-9,-10,T4b,True,,,
720575940610726190,left,T5d,574,-6,5,8,-3,T5d,True,,,
720575940610727266,right,T5d,247,-4,-15,-4,-11,T5d,True,,,
720575940610729113,left,T4b,119,-2,6,5,1,T4b,True,,,
720575940610730082,right,T5a,16,-2,-16,-6,-10,T5a,True,,,
720575940610731618,right,T5d,530,-3,-13,-4,-9,T5d,True,,,
720575940610732130,right,T4c,460,-3,-20,-7,-13,T4c,True,,,
720575940610732386,right,T5d,513,-4,-13,-3,-10,T5d,True,,,
720575940610735458,right,T4d,151,-3,-14,-4,-10,T4d,True,,,
720575940610735480,left,T4c,296,1,-18,-10,-8,T4c,True,,,
720575940610736533,right,T4a,493,-3,23,14,9,T4a,True,,,
720575940610739576,left,T4d,520,-2,-22,-9,-13,T4d,True,,,
720575940610742882,right,T5d,507,-5,-12,-1,-11,T5d,True,,,
720575940610747285,left,T5c,589,-1,-5,-2,-3,T5c,True,,,
720575940610751608,left,T5d,396,-1,10,6,4,T5d,True,,,
720575940610756465,left,T4c,596,-4,-16,-4,-12,T4c,True,,,
720575940610759378,right,T4c,80,4,13,2,11,T4c,True,,,
720575940610763896,left,T4d,211,-7,-1,6,-7,T4d,True,,,
720575940610773602,right,T4b,300,4,-18,-13,-5,T4b,True,,,
720575940610776162,right,T4b,624,1,-17,-10,-7,T4b,True,,,
720575940610788216,left,T5b,780,-2,-27,-12,-15,T5b,True,,,
720575940610793365,right,T4d,396,-1,10,6,4,T4d,True,,,
720575940610805858,right,T5b,775,5,22,6,16,T5b,True,,,
720575940610811746,right,T5d,636,0,6,3,3,T5d,True,,,
720575940610814328,right,T4d,531,1,0,-1,1,T4d,True,,,
720575940610814682,right,T5c,16,-2,-16,-6,-10,T5c,True,,,
720575940610816881,right,T4b,299,-4,12,10,2,T4b,True,,,
720575940610835922,right,T4c,370,-3,21,13,8,T4c,True,,,
720575940610845333,right,T4c,196,-1,8,5,3,T4c,True,,,
720575940610861717,right,T4d,246,-4,15,11,4,T4d,True,,,
720575940610862638,right,T4a,590,1,9,3,6,T4a,True,,,
720575940610863150,right,T4d,772,1,12,5,7,T4d,True,,,
720575940610865614,right,T5b,642,-5,-11,-1,-10,T5b,True,,,
720575940610876258,right,T4d,388,3,19,6,13,T4d,True,,,
720575940610887748,left,T5d,76,-3,-4,1,-5,T5d,True,,,
720575940610893358,left,T4b,231,4,-12,-10,-2,T4b,True,,,
720575940610895684,right,T5b,570,2,25,10,15,T5b,True,,,
720575940610895940,right,T5b,719,1,27,12,15,T5b,True,,,
720575940610896708,right,T5b,353,2,24,10,14,T5b,True,,,
720575940610905050,left,T4b,235,4,11,1,10,T4b,True,,,
720575940610907204,right,T5d,276,2,3,-1,4,T5d,True,,,
720575940610907654,right,T4b,192,7,10,-2,12,T4b,True,,,
720575940610912691,left,T5c,639,-4,19,13,6,T5c,True,,,
720575940610914010,right,T5b,484,3,-9,-8,-1,T5b,True,,,
720575940610937810,left,T5b,519,-5,-5,2,-7,T5b,True,,,
720575940610967650,left,T5c,180,2,-27,-16,-11,T5c,True,,,
720575940610968562,right,T4a,312,4,-7,-8,1,T4a,True,,,
720575940610970586,right,T5d,407,-5,-10,0,-10,T5d,True,,,
720575940610977746,left,T5b,583,3,-25,-16,-9,T5b,True,,,
720575940610983634,right,T4b,243,-1,-21,-10,-11,T4b,True,,,
720575940610984398,right,T5a,575,6,9,-2,11,T5a,True,,,
720575940610989944,right,T5d,15,2,-3,-4,1,T5d,True,,,
720575940610991834,left,T5d,189,6,13,0,13,T5d,True,,,
720575940610992850,left,T4c,169,0,-18,-9,-9,T4c,True,,,
720575940610994130,left,T4a,142,-2,-18,-7,-11,T4a,True,,,
720575940610994898,left,T4a,344,-2,-15,-6,-9,T4a,True,,,
720575940610995298,left,T5d,141,5,-23,-17,-6,T5d,True,,,
720575940611002210,right,T5a,748,-4,20,14,6,T5a,True,,,
720575940611027810,left,T5b,88,7,4,-5,9,T5b,True,,,
720575940611028849,left,T4a,146,1,-6,-4,-2,T4a,True,,,
720575940611030574,left,T4c,192,7,10,-2,12,T4c,True,,,
720575940611041459,right,T5b,581,3,9,1,8,T5b,True,,,
720575940611044910,left,T5c,282,0,26,13,13,T5c,True,,,
720575940611049678,right,T4d,229,5,2,-4,6,T4d,True,,,
720575940611060548,left,T4c,335,2,8,2,6,T4c,True,,,
720575940611064418,left,T4c,459,5,-3,-7,4,T4c,True,,,
720575940611067505,right,T5b,531,1,0,-1,1,T5b,True,,,
720575940611079010,left,T4b,42,-1,14,8,6,T4b,True,,,
720575940611084566,right,T4a,288,-1,30,16,14,T4a,True,,,
720575940611090073,left,T5b,343,-3,27,16,11,T5b,True,,,
720575940611091058,left,T5d,760,0,17,8,9,T5d,True,,,
720575940611094626,left,T4a,76,-3,-4,1,-5,T4a,True,,,
720575940611108194,right,T4a,612,-3,-26,-10,-16,T4a,True,,,
720575940611110446,left,T4b,368,-4,-20,-6,-14,T4b,True,,,
720575940611113592,left,T4a,449,6,-16,-14,-2,T4a,True,,,
720575940611121506,right,T4d,134,-5,-18,-4,-14,T4d,True,,,
720575940611125202,left,T4d,175,-6,-7,2,-9,T4d,True,,,
720575940611128274,left,T4c,450,2,-9,-7,-2,T4c,True,,,
720575940611130744,right,T5c,389,-6,-16,-2,-14,T5c,True,,,
720575940611135352,left,T5a,378,-3,18,12,6,T5a,True,,,
720575940611136435,right,T4b,510,-2,11,7,4,T4b,True,,,
720575940611140325,right,T5c,587,4,22,7,15,T5c,True,,,
720575940611143266,right,T4c,4,-5,-21,-6,-15,T4c,True,,,
720575940611160782,left,T4a,411,-5,-19,-5,-14,T4a,True,,,
720575940611173474,right,T4c,158,3,-5,-6,1,T4c,True,,,
720575940611176494,left,T5d,665,7,-2,-8,6,T5d,True,,,
720575940611180005,right,T4d,190,-3,-5,0,-5,T4d,True,,,
720575940611187298,right,T4a,540,-2,-9,-3,-6,T4a,True,,,
720575940611198306,left,T5d,733,-5,-17,-4,-13,T5d,True,,,
720575940611212238,right,T4c,232,-4,13,10,3,T4c,True,,,
720575940611212441,left,T5d,217,6,15,1,14,T5d,True,,,
720575940611221477,left,T5c,678,3,-7,-7,0,T5c,True,,,
720575940611225976,left,T5d,775,5,22,6,16,T5d,True,,,
720575940611239378,left,T4d,202,-1,27,14,13,T4d,True,,,
720575940611250040,right,T4c,727,7,6,-4,10,T4c,True,,,
720575940611255250,left,T5a,189,6,13,0,13,T5a,True,,,
720575940611260114,left,T4b,50,-2,21,12,9,T4b,True,,,
720575940611270242,left,T4c,706,5,-27,-19,-8,T4c,True,,,
720575940611273898,left,T5b,230,2,9,2,7,T5b,True,,,
720575940611281870,left,T5d,474,-3,-17,-6,-11,T5d,True,,,
720575940611287928,left,T5c,595,7,-12,-13,1,T5c,True,,,
720575940611304362,left,T4b,750,4,-24,-16,-8,T4b,True,,,
720575940611305678,left,T5b,497,6,1,-6,7,T5b,True,,,
720575940611330766,left,T5d,333,0,-21,-11,-10,T5d,True,,,
720575940611333841,right,T4b,277,7,-3,-9,6,T4b,True,,,
720575940611336214,left,T5c,504,-2,9,6,3,T5c,True,,,
720575940611342638,left,T4b,569,6,6,-3,9,T4b,True,,,
720575940611344789,left,T4c,471,3,-26,-16,-10,T4c,True,,,
720575940611353806,left,T5a,94,5,18,4,14,T5a,True,,,
720575940611363170,left,T5c,428,-2,23,13,10,T5c,True,,,
720575940611365070,left,T5b,14,0,-27,-14,-13,T5b,True,,,
720575940611370872,left,T4c,399,-2,-28,-12,-16,T4c,True,,,
720575940611375314,right,T5c,748,-4,20,14,6,T5c,True,,,
720575940611378552,right,T5c,451,4,20,6,14,T5c,True,,,
720575940611397474,right,T5a,400,1,-29,-16,-13,T5a,True,,,
720575940611399470,left,T4a,476,-1,15,8,7,T4a,True,,,
720575940611403874,left,T4d,586,2,18,7,11,T4d,True,,,
720575940611415362,right,T4b,595,7,-12,-13,1,T4b,True,,,
720575940611423842,left,T5d,491,7,-1,-8,7,T5d,True,,,
720575940611449749,right,T5a,609,-2,0,2,-2,T5a,True,,,
720575940611457230,left,T5b,95,4,-21,-15,-6,T5b,True,,,
720575940611457486,left,T5c,462,-1,18,10,8,T5c,True,,,
720575940611460826,right,T5a,536,3,4,-1,5,T5a,True,,,
720575940611461082,right,T5c,673,2,5,0,5,T5c,True,,,
720575940611462350,left,T4d,734,2,0,-2,2,T4d,True,,,
720575940611466389,right,T4b,235,4,11,1,10,T4b,True,,,
720575940611480440,left,T4b,451,4,20,6,14,T4b,True,,,
720575940611481493,left,T4d,111,2,-24,-14,-10,T4d,True,,,
720575940611482517,left,T4a,290,5,-24,-17,-7,T4a,True,,,
720575940611487510,left,T5c,181,1,-4,-3,-1,T5c,True,,,
720575940611490606,right,T5a,581,3,9,1,8,T5a,True,,,
720575940611491555,right,T5a,348,3,14,4,10,T5a,True,,,
720575940611491794,left,T4a,498,6,10,-1,11,T4a,True,,,
720575940611500146,left,T4d,427,5,-18,-14,-4,T4d,True,,,
720575940611509966,right,T4a,653,-6,-12,0,-12,T4a,True,,,
720575940611514574,left,T4b,522,-4,0,4,-4,T4b,True,,,
720575940611519438,left,T5c,373,1,-21,-12,-9,T5c,True,,,
720575940611521945,right,T4b,447,-1,2,2,0,T4b,True,,,
720575940611523426,right,T5c,619,-4,-19,-6,-13,T5c,True,,,
720575940611523938,right,T5d,460,-3,-20,-7,-13,T5d,True,,,
720575940611528654,left,T5b,452,1,-9,-6,-3,T5b,True,,,
720575940611540174,right,T4d,411,-5,-19,-5,-14,T4d,True,,,
720575940611540885,right,T5d,331,1,-15,-9,-6,T5d,True,,,
720575940611541198,left,T5c,26,1,-3,-3,0,T5c,True,,,
720575940611550122,left,T5a,425,3,20,7,13,T5a,True,,,
720575940611555682,left,T4d,348,3,14,4,10,T4d,True,,,
720575940611556757,right,T5d,555,-4,9,8,1,T5d,True,,,
720575940611558037,right,T5c,696,-2,16,10,6,T5c,True,,,
720575940611561109,right,T5b,278,-5,10,10,0,T5b,True,,,
720575940611568021,left,T4a,459,5,-3,-7,4,T4a,True,,,
720575940611575249,left,T4d,315,-3,-6,0,-6,T4d,True,,,
720575940611582826,left,T4d,307,5,-25,-18,-7,T4d,True,,,
720575940611592398,left,T4b,93,-6,3,7,-4,T4b,True,,,
720575940611601106,left,T4b,621,1,24,11,13,T4b,True,,,
720575940611606165,right,T5c,59,-2,2,3,-1,T5c,True,,,
720575940611608946,right,T5b,185,2,-11,-8,-3,T5b,True,,,
720575940611613298,left,T4d,589,-1,-5,-2,-3,T4d,True,,,
720575940611642210,left,T5d,707,-2,25,14,11,T5d,True,,,
720575940611643256,left,T4c,341,6,-17,-15,-2,T4c,True,,,
720575940611646584,left,T5a,12,-7,9,11,-2,T5a,True,,,
720575940611652194,left,T5d,222,-3,26,16,10,T5d,True,,,
720575940611669288,left,T5a,264,-1,-6,-2,-4,T5a,True,,,
720575940611688214,left,T4a,418,-2,15,9,6,T4a,True,,,
720575940611693205,right,T5c,478,-7,16,15,1,T5c,True,,,
720575940611694290,left,T4d,59,-2,2,3,-1,T4d,True,,,
720575940611696248,right,T5d,237,-2,27,15,12,T5d,True,,,
720575940611697102,left,T4c,50,-2,21,12,9,T4c,True,,,
720575940611729358,left,T5c,591,3,-3,-5,2,T5c,True,,,
720575940611737713,left,T4b,530,-3,-13,-4,-9,T4b,True,,,
720575940611739746,left,T5a,653,-6,-12,0,-12,T5a,True,,,
720575940611746995,right,T5d,562,-5,-2,4,-6,T5d,True,,,
720575940611747960,left,T4b,142,-2,-18,-7,-11,T4b,True,,,
720575940611748216,right,T5b,434,-3,7,6,1,T5b,True,,,
720575940611748314,right,T5c,408,-6,-4,4,-8,T5c,True,,,
720575940611755286,right,T4b,407,-5,-10,0,-10,T4b,True,,,
720575940611764629,left,T4d,387,-1,-15,-7,-8,T4d,True,,,
720575940611765873,left,T5b,35,1,-24,-13,-11,T5b,True,,,
720575940611773282,right,T5d,695,-6,10,11,-1,T5d,True,,,
720575940611773906,right,T4b,358,-3,17,11,6,T4b,True,,,
720575940611776113,left,T5d,242,-4,6,7,-1,T5d,True,,,
720575940611785841,right,T5c,392,-4,7,7,0,T5c,True,,,
720575940611790193,right,T5a,429,-2,14,9,5,T5a,True,,,
720575940611795320,right,T4c,341,6,-17,-15,-2,T4c,True,,,
720575940611795861,right,T4b,548,1,-16,-9,-7,T4b,True,,,
720575940611805333,right,T5b,255,-6,-13,-1,-12,T5b,True,,,
720575940611805589,right,T4d,682,6,-8,-10,2,T4d,True,,,
720575940611806357,right,T4c,717,2,-22,-13,-9,T4c,True,,,
720575940611827569,left,T4c,747,0,2,1,1,T4c,True,,,
720575940611829141,right,T4b,367,-6,-15,-2,-13,T4b,True,,,
720575940611831701,left,T5b,615,-7,-7,3,-10,T5b,True,,,
720575940611832026,left,T5c,520,-2,-22,-9,-13,T5c,True,,,
720575940611832538,right,T5d,424,-3,-2,2,-4,T5d,True,,,
720575940611836309,right,T5b,324,3,24,9,15,T5b,True,,,
720575940611837304,right,T4a,151,-3,-14,-4,-10,T4a,True,,,
720575940611838158,left,T4d,701,0,-4,-2,-2,T4d,True,,,
720575940611840149,left,T4c,573,4,14,3,11,T4c,True,,,
720575940611842936,right,T4b,83,2,-21,-13,-8,T4b,True,,,
720575940611851413,left,T5c,200,-5,12,11,1,T5c,True,,,
720575940611853006,left,T5c,423,3,-18,-12,-6,T5c,True,,,
720575940611860578,left,T4b,597,4,1,-4,5,T4b,True,,,
720575940611860698,right,T4b,33,3,18,6,12,T4b,True,,,
720575940611861427,right,T4b,597,4,1,-4,5,T4b,True,,,
720575940611865442,left,T4d,218,2,10,3,7,T4d,True,,,
720575940611865749,left,T5c,533,0,-16,-8,-8,T5c,True,,,
720575940611869206,left,T4d,523,2,14,5,9,T4d,True,,,
720575940611874510,left,T5d,533,0,-16,-8,-8,T5d,True,,,
720575940611891418,left,T5d,484,3,-9,-8,-1,T5d,True,,,
720575940611895987,right,T5d,209,-3,-8,-1,-7,T5d,True,,,
720575940611896177,left,T5b,176,-2,13,8,5,T5b,True,,,
720575940611900387,right,T5d,160,-2,20,12,8,T5d,True,,,
720575940611903962,right,T4d,160,-2,20,12,8,T4d,True,,,
720575940611904218,right,T5a,689,-2,18,11,7,T5a,True,,,
720575940611932131,left,T4c,701,0,-4,-2,-2,T4c,True,,,
720575940611932389,left,T4b,230,2,9,2,7,T4b,True,,,
720575940611937266,right,T5a,236,-1,4,3,1,T5a,True,,,
720575940611938856,right,T4d,714,5,12,1,11,T4d,True,,,
720575940611945329,left,T5a,604,-1,-29,-14,-15,T5a,True,,,
720575940611948238,left,T4c,720,-5,21,15,6,T4c,True,,,
720575940611961306,right,T5d,520,-2,-22,-9,-13,T5d,True,,,
720575940611965138,left,T4b,729,-3,29,17,12,T4b,True,,,
720575940611966930,left,T5b,156,-9,1,9,-8,T5b,True,,,
720575940611968625,left,T4c,29,-1,-3,-1,-2,T4c,True,,,
720575940611969778,right,T4a,415,6,12,0,12,T4a,True,,,
720575940611976115,right,T5b,548,1,-16,-9,-7,T5b,True,,,
720575940611982802,right,T4b,587,4,22,7,15,T4b,True,,,
720575940611983986,left,T5c,209,-3,-8,-1,-7,T5c,True,,,
720575940611985331,right,T5a,89,1,-19,-11,-8,T5a,True,,,
720575940611988698,right,T4b,456,0,21,10,11,T4b,True,,,
720575940611991219,right,T4a,750,4,-24,-16,-8,T4a,True,,,
720575940612008154,left,T4c,306,3,7,0,7,T4c,True,,,
720575940612008675,left,T4b,169,0,-18,-9,-9,T4b,True,,,
720575940612015795,left,T4d,379,3,-17,-12,-5,T4d,True,,,
720575940612030437,right,T5b,730,7,0,-7,7,T5b,True,,,
720575940612039154,right,T4a,506,1,-12,-7,-5,T4a,True,,,
720575940612039922,right,T5d,96,1,-10,-6,-4,T5d,True,,,
720575940612043925,left,T5c,747,0,2,1,1,T5c,True,,,
720575940612049777,right,T4c,188,-5,17,13,4,T4c,True,,,
720575940612051825,right,T5a,500,7,-8,-11,3,T5a,True,,,
720575940612055219,right,T5d,306,3,7,0,7,T5d,True,,,
720575940612056177,left,T4c,257,2,21,8,13,T4c,True,,,
720575940612057267,left,T5b,603,-3,-23,-9,-14,T5b,True,,,
720575940612061170,right,T5c,549,0,-9,-5,-4,T5c,True,,,
720575940612064997,right,T5b,492,-7,-2,6,-8,T5b,True,,,
720575940612065522,right,T4d,452,1,-9,-6,-3,T4d,True,,,
720575940612065998,left,T4c,543,-1,-4,-1,-3,T4c,True,,,
720575940612066802,right,T4d,157,-1,-7,-3,-4,T4d,True,,,
720575940612067546,left,T5d,71,-2,-3,0,-3,T5d,True,,,
720575940612068581,right,T5b,736,-8,1,8,-7,T5b,True,,,
720575940612068594,right,T4b,656,0,-11,-6,-5,T4b,True,,,
720575940612072677,right,T5d,758,5,-1,-6,5,T5d,True,,,
720575940612078030,left,T4c,668,1,19,8,11,T4c,True,,,
720575940612079054,left,T4b,499,5,10,0,10,T4b,True,,,
720575940612081777,right,T5d,453,3,25,9,16,T5d,True,,,
720575940612082090,right,T4d,426,-3,0,3,-3,T4d,True,,,
720575940612085909,left,T5b,584,4,23,7,16,T5b,True,,,
720575940612090005,left,T5d,284,0,25,12,13,T5d,True,,,
720575940612090074,left,T5b,332,4,-26,-17,-9,T5b,True,,,
720575940612092851,left,T4c,591,3,-3,-5,2,T4c,True,,,
720575940612094170,left,T4a,726,2,-28,-16,-12,T4a,True,,,
720575940612095962,left,T5b,169,0,-18,-9,-9,T5b,True,,,
720575940612102618,left,T4b,501,1,2,0,2,T4b,True,,,
720575940612103386,left,T5a,252,3,23,8,15,T5a,True,,,
720575940612105690,right,T4d,296,1,-18,-10,-8,T4d,True,,,
720575940612110946,right,T5b,285,6,-18,-15,-3,T5b,True,,,
720575940612114099,left,T5b,165,4,16,4,12,T5b,True,,,
720575940612114906,left,T4a,70,-4,21,14,7,T4a,True,,,
720575940612115162,left,T4d,524,4,-20,-14,-6,T4d,True,,,
720575940612115685,right,T5d,625,-2,24,14,10,T5d,True,,,
720575940612117978,left,T5c,755,4,19,5,14,T5c,True,,,
720575940612119921,left,T5b,418,-2,15,9,6,T5b,True,,,
720575940612121267,left,T5a,388,3,19,6,13,T5a,True,,,
720575940612124851,right,T4a,791,-1,-28,-13,-15,T4a,True,,,
720575940612125170,right,T4b,29,-1,-3,-1,-2,T4b,True,,,
720575940612131682,left,T4d,487,1,-1,-2,1,T4d,True,,,
720575940612145301,right,T5b,613,-8,-4,6,-10,T5b,True,,,
720575940612150421,left,T4c,484,3,-9,-8,-1,T4c,True,,,
720575940612157914,left,T5a,695,-6,10,11,-1,T5a,True,,,
720575940612165605,left,T5d,754,-1,-13,-6,-7,T5d,True,,,
720575940612173541,right,T5c,227,-7,5,9,-4,T5c,True,,,
720575940612176090,right,T4c,280,-6,-14,-1,-13,T4c,True,,,
720575940612186803,right,T5b,327,5,3,-4,7,T5b,True,,,
720575940612193715,left,T5b,127,0,15,7,8,T5b,True,,,
720575940612194709,left,T4b,172,1,22,10,12,T4b,True,,,
720575940612200371,right,T4b,338,-1,0,1,-1,T4b,True,,,
720575940612207253,right,T5c,171,6,-20,-16,-4,T5c,True,,,
720575940612207589,right,T4c,689,-2,18,11,7,T4c,True,,,
720575940612211826,right,T4a,383,-6,11,11,0,T4a,True,,,
720575940612219365,left,T5b,577,5,-14,-12,-2,T5b,True,,,
720575940612221669,right,T4c,363,7,-4,-9,5,T4c,True,,,
720575940612230553,right,T4a,545,5,11,0,11,T4a,True,,,
720575940612234725,right,T4d,351,-1,-17,-8,-9,T4d,True,,,
720575940612235586,right,T4b,11,7,-14,-14,0,T4b,True,,,
720575940612237205,left,T5c,644,-6,18,15,3,T5c,True,,,
720575940612237285,right,T4c,155,-8,13,14,-1,T4c,True,,,
720575940612245454,right,T4c,85,4,-22,-15,-7,T4c,True,,,
720575940612246258,right,T4c,275,-8,-1,7,-8,T4c,True,,,
720575940612248306,left,T4c,638,-1,7,4,3,T4c,True,,,
720575940612249011,left,T5a,282,0,26,13,13,T5a,True,,,
720575940612249442,right,T4d,697,1,-22,-12,-10,T4d,True,,,
720575940612249698,right,T5a,434,-3,7,6,1,T5a,True,,,
720575940612252002,left,T5c,363,7,-4,-9,5,T5c,True,,,
720575940612255641,right,T5c,300,4,-18,-13,-5,T5c,True,,,
720575940612258929,left,T4d,302,2,17,6,11,T4d,True,,,
720575940612268913,left,T5c,384,-6,-2,5,-7,T5c,True,,,
720575940612271578,left,T4c,211,-7,-1,6,-7,T4c,True,,,
720575940612271786,right,T4b,18,5,-16,-13,-3,T4b,True,,,
720575940612280945,left,T5a,601,1,16,7,9,T5a,True,,,
720575940612285354,left,T4d,617,-2,-17,-7,-10,T4d,True,,,
720575940612290969,right,T4a,242,-4,6,7,-1,T4a,True,,,
720575940612294642,left,T5a,733,-5,-17,-4,-13,T5a,True,,,
720575940612312689,left,T4b,147,1,21,9,12,T4b,True,,,
720575940612316313,right,T4c,305,-7,4,9,-5,T4c,True,,,
720575940612316634,left,T4c,106,-7,11,12,-1,T4c,True,,,
720575940612318065,right,T4c,629,4,24,8,16,T4c,True,,,
720575940612319658,right,T4c,704,-7,8,11,-3,T4c,True,,,
720575940612322227,left,T5b,502,5,8,-1,9,T5b,True,,,
720575940612330609,left,T5c,706,5,-27,-19,-8,T5c,True,,,
720575940612333169,left,T4b,357,4,17,4,13,T4b,True,,,
720575940612337893,right,T5a,646,6,17,2,15,T5a,True,,,
720575940612342770,right,T5b,463,5,17,3,14,T5b,True,,,
720575940612343705,left,T5c,311,-7,15,14,1,T5c,True,,,
720575940612353450,right,T5a,69,1,8,3,5,T5a,True,,,
720575940612354711,right,T5b,35,1,-24,-13,-11,T5b,True,,,
720575940612358579,left,T5d,741,-2,-14,-5,-9,T5d,True,,,
720575940612360755,right,T5d,419,-3,-11,-3,-8,T5d,True,,,
720575940612360857,left,T4d,296,1,-18,-10,-8,T4d,True,,,
720575940612365464,right,T4d,362,2,-20,-12,-8,T4d,True,,,
720575940612370069,right,T5a,416,3,-8,-7,-1,T5a,True,,,
720575940612371351,right,T5a,362,2,-20,-12,-8,T5a,True,,,
720575940612373198,left,T5a,421,-1,12,7,5,T5a,True,,,
720575940612374933,left,T4b,447,-1,2,2,0,T4b,True,,,
720575940612376306,left,T4b,41,-3,28,17,11,T4b,True,,,
720575940612376689,left,T5d,766,2,-4,-4,0,T5d,True,,,
720575940612376983,right,T5c,373,1,-21,-12,-9,T5c,True,,,
720575940612379287,right,T5a,735,1,-23,-13,-10,T5a,True,,,
720575940612380529,left,T4b,144,7,-11,-13,2,T4b,True,,,
720575940612381335,right,T4b,520,-2,-22,-9,-13,T4b,True,,,
720575940612382577,left,T4c,93,-6,3,7,-4,T4c,True,,,
720575940612391661,right,T4d,385,-3,-18,-6,-12,T4d,True,,,
720575940612400753,left,T4c,163,4,26,9,17,T4a,False,,,
720575940612401381,right,T4d,579,-3,-10,-2,-8,T4d,True,,,
720575940612402099,left,T4a,683,2,6,1,5,T4a,True,,,
720575940612404954,left,T5a,595,7,-12,-13,1,T5a,True,,,
720575940612405477,right,T4b,528,2,7,1,6,T4b,True,,,
720575940612405617,left,T4c,282,0,26,13,13,T4c,True,,,
720575940612407409,right,T5d,8,-4,26,17,9,T5d,True,,,
720575940612407538,right,T4c,114,2,-13,-9,-4,T4c,True,,,
720575940612411289,left,T5d,407,-5,-10,0,-10,T5d,True,,,
720575940612415146,right,T4c,386,-6,19,15,4,T4c,True,,,
720575940612418161,left,T5b,67,-2,-13,-5,-8,T5b,True,,,
720575940612418285,left,T5c,137,5,-7,-9,2,T5c,True,,,
720575940612423386,left,T5d,282,0,26,13,13,T5d,True,,,
720575940612428951,right,T5c,750,4,-24,-16,-8,T5c,True,,,
720575940612429037,left,T4c,350,1,15,6,9,T4c,True,,,
720575940612432626,left,T5b,256,5,-20,-15,-5,T5b,True,,,
720575940612436186,left,T5c,499,5,10,0,10,T5c,True,,,
720575940612437966,right,T4a,740,2,-8,-6,-2,T4a,True,,,
720575940612445134,left,T5a,612,-3,-26,-10,-16,T5a,True,,,
720575940612451223,right,T5c,564,3,-23,-15,-8,T5c,True,,,
720575940612454769,left,T4b,483,2,-7,-6,-1,T4b,True,,,
720575940612463511,right,T5c,686,5,-22,-16,-6,T5c,True,,,
720575940612466329,right,T5c,679,4,18,5,13,T5c,True,,,
720575940612469221,left,T4a,127,0,15,7,8,T4a,True,,,
720575940612476842,left,T5b,31,0,16,8,8,T5b,True,,,
720575940612477809,left,T4d,228,-7,1,7,-6,T4d,True,,,
720575940612485357,left,T5a,205,5,-6,-8,2,T5a,True,,,
720575940612485489,left,T4d,352,-2,28,16,12,T4d,True,,,
720575940612489113,right,T5b,415,6,12,0,12,T5b,True,,,
720575940612489166,right,T5d,441,3,-16,-11,-5,T5d,True,,,
720575940612492211,left,T5d,638,-1,7,4,3,T5d,True,,,
720575940612493530,left,T4a,297,7,-9,-12,3,T4a,True,,,
720575940612499222,right,T5c,40,-2,-6,-1,-5,T5c,True,,,
720575940612507801,left,T5b,87,1,11,4,7,T5b,True,,,
720575940612507885,left,T5d,721,5,13,1,12,T5d,True,,,
720575940612508851,right,T4d,672,-8,11,13,-2,T4d,True,,,
720575940612512409,left,T5b,526,0,-10,-5,-5,T5b,True,,,
720575940612520470,right,T4b,655,6,-1,-7,6,T4b,True,,,
720575940612527333,left,T4c,457,-2,17,10,7,T4c,True,,,
720575940612531097,left,T4c,547,-1,21,11,10,T4c,True,,,
720575940612532629,right,T5c,440,1,23,10,13,T5c,True,,,
720575940612534954,left,T4b,741,-2,-14,-5,-9,T4b,True,,,
720575940612537366,right,T5d,251,-1,-14,-6,-8,T5d,True,,,
720575940612538538,left,T5b,52,-1,-22,-10,-12,T5b,True,,,
720575940612540569,left,T4b,506,1,-12,-7,-5,T4b,True,,,
720575940612542873,left,T4a,225,2,-26,-15,-11,T4a,True,,,
720575940612543146,right,T5c,257,2,21,8,13,T5c,True,,,
720575940612544426,left,T5c,22,-1,3,2,1,T5c,True,,,
720575940612547225,left,T4a,647,-4,-7,0,-7,T4a,True,,,
720575940612547813,right,T4c,86,-5,-7,1,-8,T4c,True,,,
720575940612549490,right,T4d,316,5,-4,-7,3,T4d,True,,,
720575940612561125,right,T5c,368,-4,-20,-6,-14,T5c,True,,,
720575940612561381,right,T4d,619,-4,-19,-6,-13,T4d,True,,,
720575940612561561,right,T5d,759,7,14,0,14,T5d,True,,,
720575940612564337,left,T4a,331,1,-15,-9,-6,T4a,True,,,
720575940612565674,left,T4d,741,-2,-14,-5,-9,T4d,True,,,
720575940612567002,left,T5c,58,3,12,3,9,T5c,True,,,
720575940612567722,left,T5a,428,-2,23,13,10,T5a,True,,,
720575940612570538,left,T5b,298,-5,5,7,-2,T5b,True,,,
720575940612577685,right,T5a,727,7,6,-4,10,T5a,True,,,
720575940612579763,right,T4c,431,-2,-10,-3,-7,T4c,True,,,
720575940612581034,left,T5a,745,0,13,6,7,T5a,True,,,
720575940612584173,right,T4c,696,-2,16,10,6,T4c,True,,,
720575940612594325,left,T4c,546,3,6,0,6,T4c,True,,,
720575940612603926,right,T5d,54,-4,3,5,-2,T5d,True,,,
720575940612605462,right,T5a,489,-3,10,8,2,T5a,True,,,
720575940612617881,right,T4d,188,-5,17,13,4,T4d,True,,,
720575940612621285,right,T4b,438,2,27,11,16,T4b,True,,,
720575940612621530,right,T5a,186,-1,26,14,12,T5a,True,,,
720575940612621999,right,T5c,698,6,-7,-10,3,T5c,True,,,
720575940612622102,right,T4c,532,-8,7,11,-4,T4c,True,,,
720575940612637077,left,T4a,496,7,8,-3,11,T4a,True,,,
720575940612648818,right,T4d,239,-6,6,9,-3,T4d,True,,,
720575940612651030,right,T4b,553,-3,16,11,5,T4b,True,,,
720575940612651048,left,T4d,619,-4,-19,-6,-13,T4d,True,,,
720575940612651749,left,T5c,218,2,10,3,7,T5c,True,,,
720575940612656602,left,T4c,519,-5,-5,2,-7,T4c,True,,,
720575940612658984,left,T5b,142,-2,-18,-7,-11,T5b,True,,,
720575940612660520,right,T5b,546,3,6,0,6,T5b,True,,,
720575940612661145,left,T5b,705,1,1,-1,2,T5b,True,,,
720575940612661418,right,T5b,637,3,-21,-14,-7,T5b,True,,,
720575940612664818,left,T5d,505,6,-22,-17,-5,T5d,True,,,
720575940612669682,left,T5d,63,4,12,2,10,T5d,True,,,
720575940612669849,right,T4b,565,0,-26,-13,-13,T4b,True,,,
720575940612670361,left,T4a,106,-7,11,12,-1,T4a,True,,,
720575940612673393,left,T5b,54,-4,3,5,-2,T5b,True,,,
720575940612674277,left,T5a,221,-7,3,8,-5,T5a,True,,,
720575940612675507,left,T4d,195,-3,-1,2,-3,T4d,True,,,
720575940612677811,left,T4d,477,-3,2,4,-2,T4d,True,,,
720575940612678130,left,T4c,667,1,-28,-15,-13,T4c,True,,,
720575940612679603,left,T4d,730,7,0,-7,7,T4d,True,,,
720575940612684773,left,T5c,198,6,2,-5,7,T5c,True,,,
720575940612685864,right,T4a,667,1,-28,-15,-13,T4a,True,,,
720575940612686834,left,T5c,643,6,14,1,13,T5c,True,,,
720575940612687382,right,T5c,620,7,1,-7,8,T5c,True,,,
720575940612694755,right,T4c,405,3,10,2,8,T4c,True,,,
720575940612695592,left,T4b,132,2,4,0,4,T4b,True,,,
720575940612695830,right,T5d,220,2,-6,-5,-1,T5d,True,,,
720575940612696728,right,T4b,52,-1,-22,-10,-12,T4b,True,,,
720575940612696854,right,T4d,557,6,-10,-11,1,T4d,True,,,
720575940612698842,left,T4c,498,6,10,-1,11,T4c,True,,,
720575940612702105,right,T4b,716,4,-6,-7,1,T4b,True,,,
720575940612702515,right,T4d,598,2,-18,-11,-7,T4d,True,,,
720575940612713946,left,T4c,570,2,25,10,15,T4c,True,,,
720575940612714901,left,T5b,532,-8,7,11,-4,T5b,True,,,
720575940612718322,right,T4b,256,5,-20,-15,-5,T4b,True,,,
720575940612719090,right,T4d,719,1,27,12,15,T4d,True,,,
720575940612720691,left,T4d,176,-2,13,8,5,T4d,True,,,
720575940612726770,left,T5d,134,-5,-18,-4,-14,T5d,True,,,
720575940612732339,left,T4a,623,1,13,5,8,T4a,True,,,
720575940612734131,left,T4a,718,-5,24,17,7,T4a,True,,,
720575940612737685,left,T5b,735,1,-23,-13,-10,T5b,True,,,
720575940612740501,right,T4b,522,-4,0,4,-4,T4b,True,,,
720575940612741799,right,T4a,737,0,19,9,10,T4a,True,,,
720575940612747890,left,T5c,605,3,15,4,11,T5c,True,,,
720575940612748146,left,T4c,563,5,-13,-12,-1,T4c,True,,,
720575940612751066,left,T5b,220,2,-6,-5,-1,T5b,True,,,
720575940612751513,right,T5b,198,6,2,-5,7,T5b,True,,,
720575940612755314,right,T4c,292,-4,18,13,5,T4c,True,,,
720575940612757490,left,T4d,516,7,-18,-16,-2,T4d,True,,,
720575940612758243,right,T5d,129,0,-13,-7,-6,T5d,True,,,
720575940612761458,right,T4c,413,-2,-7,-2,-5,T4c,True,,,
720575940612761523,right,T5a,7,-6,-6,3,-9,T5a,True,,,
720575940612768405,right,T5b,48,-4,-22,-7,-15,T5b,True,,,
720575940612773338,right,T4b,683,2,6,1,5,T4b,True,,,
720575940612775958,right,T5c,662,2,-1,-3,2,T5c,True,,,
720575940612779417,left,T4c,387,-1,-15,-7,-8,T4c,True,,,
720575940612780530,left,T4b,641,-8,-5,5,-10,T4b,True,,,
720575940612785381,left,T4c,567,-2,22,13,9,T4c,True,,,
720575940612786581,left,T5a,256,5,-20,-15,-5,T5a,True,,,
720575940612787825,left,T4b,518,-4,22,15,7,T4b,True,,,
720575940612790442,right,T5b,517,6,3,-5,8,T5b,True,,,
720575940612796330,right,T4d,707,-2,25,14,11,T4d,True,,,
720575940612798122,left,T4c,686,5,-22,-16,-6,T4c,True,,,
720575940612804325,left,T5c,368,-4,-20,-6,-14,T5c,True,,,
720575940612807958,left,T4c,51,0,-19,-10,-9,T4c,True,,,
720575940612814821,left,T5d,365,4,7,-1,8,T5d,True,,,
720575940612821014,left,T4a,59,-2,2,3,-1,T4a,True,,,
720575940612845170,left,T4d,258,-4,-17,-5,-12,T4d,True,,,
720575940612845590,left,T5b,498,6,10,-1,11,T5b,True,,,
720575940612845721,left,T4a,159,7,7,-4,11,T4a,True,,,
720575940612846102,left,T5b,353,2,24,10,14,T5b,True,,,
720575940612847018,right,T4d,785,-3,30,18,12,T4d,True,,,
720575940612848793,left,T5a,42,-1,14,8,6,T5a,True,,,
720575940612848869,left,T4d,553,-3,16,11,5,T4d,True,,,
720575940612849105,left,T5b,32,0,12,6,6,T5b,True,,,
720575940612852911,left,T5c,506,1,-12,-7,-5,T5c,True,,,
720575940612853913,left,T4a,217,6,15,1,14,T4a,True,,,
720575940612858520,right,T4a,243,-1,-21,-10,-11,T4a,True,,,
720575940612860389,left,T4d,781,8,2,-7,9,T4d,True,,,
720575940612861649,right,T5b,402,3,26,10,16,T5b,True,,,
720575940612861677,left,T4c,624,1,-17,-10,-7,T4c,True,,,
720575940612863283,left,T5c,486,0,1,0,1,T5c,True,,,
720575940612867759,left,T4b,261,-1,13,7,6,T4b,True,,,
720575940612868019,left,T4d,30,6,16,2,14,T4d,True,,,
720575940612874803,right,T4c,279,-4,8,8,0,T4c,True,,,
720575940612879795,right,T4d,192,7,10,-2,12,T4d,True,,,
720575940612882669,right,T5b,181,1,-4,-3,-1,T5b,True,,,
720575940612882906,left,T5b,154,-8,0,8,-8,T5b,True,,,
720575940612885935,left,T5b,782,-1,-28,-13,-15,T5b,True,,,
720575940612894771,right,T4b,633,-1,-24,-11,-13,T4b,True,,,
720575940612900466,right,T4a,722,6,-15,-14,-1,T4a,True,,,
720575940612901529,left,T4c,508,-5,11,10,1,T4c,True,,,
720575940612905842,left,T5a,40,-2,-6,-1,-5,T5a,True,,,
720575940612906904,right,T5b,254,3,-24,-15,-9,T5b,True,,,
720575940612907672,right,T5d,128,3,-22,-14,-8,T5d,True,,,
720575940612909265,right,T5d,714,5,12,1,11,T5d,True,,,
720575940612909999,left,T4d,289,-1,11,6,5,T4d,True,,,
720575940612916338,left,T5c,505,6,-22,-17,-5,T5c,True,,,
720575940612923762,left,T4a,46,-5,15,12,3,T4a,True,,,
720575940612927146,right,T5d,258,-4,-17,-5,-12,T5d,True,,,
720575940612929685,left,T5d,443,-6,4,8,-4,T5d,True,,,
720575940612931350,left,T4a,484,3,-9,-8,-1,T4a,True,,,
720575940612931480,right,T5d,610,2,-23,-14,-9,T5d,True,,,
720575940612942614,left,T4a,100,2,-10,-7,-3,T4a,True,,,
720575940612944435,right,T5c,786,-2,30,17,13,T5c,True,,,
720575940612945686,right,T5b,373,1,-21,-12,-9,T5b,True,,,
720575940612946863,right,T5c,168,-1,17,9,8,T5c,True,,,
720575940612960661,right,T4c,233,4,-13,-11,-2,T4c,True,,,
720575940612962611,right,T5c,691,-9,4,11,-7,T5c,True,,,
720575940612962730,right,T5b,743,6,-19,-16,-3,T5b,True,,,
720575940612967338,left,T4b,228,-7,1,7,-6,T4b,True,,,
720575940612971634,right,T4c,469,-7,13,13,0,T4c,True,,,
720575940612974706,left,T5a,700,5,15,2,13,T5a,True,,,
720575940612975530,left,T5a,671,-4,-23,-8,-15,T5a,True,,,
720575940612978659,left,T4a,354,-2,-26,-11,-15,T4a,True,,,
720575940612979171,right,T5d,315,-3,-6,0,-6,T5d,True,,,
720575940612979353,left,T4b,402,3,26,10,16,T4d,False,,,
720575940612985775,right,T4b,387,-1,-15,-7,-8,T4b,True,,,
720575940612986482,right,T5c,334,1,-26,-14,-12,T5c,True,,,
720575940612989849,left,T4c,53,5,14,2,12,T4c,True,,,
720575940612992790,left,T5c,145,0,4,2,2,T5c,True,,,
720575940612993194,left,T4b,516,7,-18,-16,-2,T4b,True,,,
720575940612993650,right,T4d,692,-4,24,16,8,T4d,True,,,
720575940612994582,left,T5c,371,6,-5,-9,4,T5c,True,,,
720575940613005471,left,T4a,431,-2,-10,-3,-7,T4a,True,,,
720575940613008307,left,T4b,396,-1,10,6,4,T4b,True,,,
720575940613014550,left,T5b,45,-5,-1,4,-5,T5b,True,,,
720575940613020018,right,T5b,641,-8,-5,5,-10,T5b,True,,,
720575940613029794,left,T4c,703,-3,1,3,-2,T4c,True,,,
720575940613032600,right,T4c,769,4,-27,-18,-9,T4c,True,,,
720575940613034202,left,T5d,518,-4,22,15,7,T5d,True,,,
720575940613036525,right,T4b,25,-9,3,10,-7,T4b,True,,,
720575940613037037,right,T4a,631,1,26,12,14,T4a,True,,,
720575940613042802,right,T5d,564,3,-23,-15,-8,T5d,True,,,
720575940613051365,left,T5d,472,1,25,11,14,T5d,True,,,
720575940613051621,left,T5b,327,5,3,-4,7,T5b,True,,,
720575940613055090,left,T5b,129,0,-13,-7,-6,T5b,True,,,
720575940613056218,right,T5b,296,1,-18,-10,-8,T5b,True,,,
720575940613064165,right,T5b,757,0,-6,-3,-3,T5b,True,,,
720575940613065139,left,T5b,642,-5,-11,-1,-10,T5b,True,,,
720575940613068970,left,T4b,425,3,20,7,13,T4b,True,,,
720575940613072869,left,T5c,768,3,5,-1,6,T5c,True,,,
720575940613075685,left,T4c,182,7,-10,-12,2,T4c,True,,,
720575940613080037,left,T4d,295,-2,29,16,13,T4d,True,,,
720575940613085337,left,T5d,496,7,8,-3,11,T5d,True,,,
720575940613086179,right,T5c,25,-9,3,10,-7,T5c,True,,,
720575940613086998,left,T5b,155,-8,13,14,-1,T5b,True,,,
720575940613100566,right,T5c,14,0,-27,-14,-13,T5c,True,,,
720575940613110442,left,T5c,468,-3,11,8,3,T5c,True,,,
720575940613113511,right,T4d,584,4,23,7,16,T4d,True,,,
720575940613117206,right,T4c,709,-2,-24,-10,-14,T4c,True,,,
720575940613118760,right,T4a,550,-2,3,3,0,T4a,True,,,
720575940613118887,right,T5a,530,-3,-13,-4,-9,T5a,True,,,
720575940613138585,left,T4c,713,-6,16,14,2,T4c,True,,,
720575940613145059,right,T5c,360,-5,19,14,5,T5c,True,,,
720575940613147047,left,T4b,489,-3,10,8,2,T4b,True,,,
720575940613152170,left,T5c,411,-5,-19,-5,-14,T5c,True,,,
720575940613153689,right,T4b,412,-6,21,16,5,T4b,True,,,
720575940613176239,left,T4d,8,-4,26,17,9,T4d,True,,,
720575940613190125,right,T4c,198,6,2,-5,7,T4c,True,,,
720575940613190809,left,T5b,211,-7,-1,6,-7,T5b,True,,,
720575940613194410,left,T5b,516,7,-18,-16,-2,T5b,True,,,
720575940613207252,left,T4a,326,2,16,6,10,T4a,True,,,
720575940613208293,left,T5b,463,5,17,3,14,T5b,True,,,
720575940613215766,left,T5a,555,-4,9,8,1,T5a,True,,,
720575940613218046,right,T4d,632,3,-20,-13,-7,T4d,True,,,
720575940613219751,right,T5b,623,1,13,5,8,T5b,True,,,
720575940613222115,right,T4b,241,2,-17,-11,-6,T4b,True,,,
720575940613222567,right,T5c,195,-3,-1,2,-3,T5c,True,,,
720575940613224178,left,T5a,715,4,10,1,9,T5a,True,,,
720575940613226221,right,T5d,410,-2,-2,1,-3,T5d,True,,,
720575940613228269,left,T4a,479,-2,10,7,3,T4a,True,,,
720575940613239282,left,T4d,461,7,-5,-10,5,T4d,True,,,
720575940613246322,left,T5c,365,4,7,-1,8,T5c,True,,,
720575940613247528,left,T5b,251,-1,-14,-6,-8,T5b,True,,,
720575940613248435,right,T5b,470,4,-9,-9,0,T5b,True,,,
720575940613251751,left,T4c,406,1,-25,-14,-11,T4c,True,,,
720575940613254166,right,T5c,381,-8,-9,3,-12,T5c,True,,,
720575940613259235,left,T5b,732,-3,6,6,0,T5b,True,,,
720575940613262573,right,T4c,745,0,13,6,7,T4c,True,,,
720575940613262870,left,T5c,192,7,10,-2,12,T5c,True,,,
720575940613271779,left,T4a,44,5,-10,-10,0,T4a,True,,,
720575940613273059,left,T4b,44,5,-10,-10,0,T4b,True,,,
720575940613275260,left,T4b,752,-2,7,5,2,T4b,True,,,
720575940613275772,left,T4c,636,0,6,3,3,T4c,True,,,
720575940613278179,left,T5b,122,-5,9,9,0,T5b,True,,,
720575940613285101,left,T4c,164,-1,-2,0,-2,T4c,True,,,
720575940613287036,left,T4a,636,0,6,3,3,T4a,True,,,
720575940613288499,right,T4b,210,-6,8,10,-2,T4b,True,,,
720575940613289596,left,T4d,638,-1,7,4,3,T4d,True,,,
720575940613291749,right,T5b,328,5,-9,-10,1,T5b,True,,,
720575940613292595,right,T4b,781,-5,26,18,8,T4b,True,,,
720575940613292798,right,T4b,4,-5,-21,-6,-15,T4b,True,,,
720575940613294632,right,T5d,703,-3,1,3,-2,T5d,True,,,
720575940613295400,right,T5d,177,-2,-1,1,-2,T5d,True,,,
720575940613296554,left,T4d,222,-3,26,16,10,T4d,True,,,
720575940613297942,left,T5a,288,-1,30,16,14,T5a,True,,,
720575940613305640,right,T4b,296,1,-18,-10,-8,T4b,True,,,
720575940613307050,left,T4a,245,-5,-3,3,-6,T4a,True,,,
720575940613312423,right,T4b,765,-3,9,7,2,T4b,True,,,
720575940613317859,left,T5b,529,2,-2,-3,1,T5b,True,,,
720575940613323262,right,T4b,689,-2,18,11,7,T4b,True,,,
720575940613338738,left,T4b,719,1,27,12,15,T4b,True,,,
720575940613342873,right,T5b,692,-4,24,16,8,T5b,True,,,
720575940613343203,left,T4a,27,0,-25,-13,-12,T4a,True,,,
720575940613351917,right,T5a,92,0,9,4,5,T5a,True,,,
720575940613364348,left,T5a,28,5,6,-2,8,T5a,True,,,
720575940613372979,right,T5a,561,5,7,-2,9,T5a,True,,,
720575940613374435,left,T5d,772,1,12,5,7,T5d,True,,,
720575940613378541,right,T4a,641,-8,-5,5,-10,T4a,True,,,
720575940613383422,left,T5a,24,-1,-10,-4,-6,T5a,True,,,
720575940613385699,left,T4a,109,4,-5,-7,2,T4a,True,,,
720575940613385970,left,T5c,670,5,5,-3,8,T5c,True,,,
720575940613389209,left,T5a,457,-2,17,10,7,T5a,True,,,
720575940613406114,right,T4b,393,-1,22,12,10,T4b,True,,,
720575940613419006,right,T5a,744,-4,25,16,9,T5a,True,,,
720575940613427058,left,T5c,32,0,12,6,6,T5c,True,,,
720575940613443084,right,T4a,483,2,-7,-6,-1,T4a,True,,,
720575940613455266,left,T4d,301,-5,16,13,3,T4d,True,,,
720575940613462579,right,T4d,70,-4,21,14,7,T4d,True,,,
720575940613464434,left,T5d,520,-2,-22,-9,-13,T5d,True,,,
720575940613465581,right,T4a,329,0,24,12,12,T4a,True,,,
720575940613465750,right,T5c,3,6,-12,-12,0,T5c,True,,,
720575940613469334,left,T4d,590,1,9,3,6,T4d,True,,,
720575940613471090,left,T5b,59,-2,2,3,-1,T5b,True,,,
720575940613471205,right,T4b,184,-6,-5,3,-8,T4b,True,,,
720575940613489893,left,T4b,173,2,-25,-15,-10,T4b,True,,,
720575940613491693,left,T5c,10,5,-15,-13,-2,T5c,True,,,
720575940613492143,right,T4a,227,-7,5,9,-4,T4a,True,,,
720575940613492205,left,T5a,648,1,7,2,5,T5a,True,,,
720575940613492461,left,T5a,55,-4,-11,-2,-9,T5a,True,,,
720575940613492717,left,T5a,306,3,7,0,7,T5a,True,,,
720575940613493922,left,T4a,771,3,-27,-17,-10,T4a,True,,,
720575940613497384,right,T5a,649,-1,5,3,2,T5a,True,,,
720575940613498262,right,T4c,756,5,20,5,15,T4c,True,,,
720575940613499857,right,T5b,15,2,-3,-4,1,T5b,True,,,
720575940613516269,left,T5b,264,-1,-6,-2,-4,T5b,True,,,
720575940613521522,left,T5c,631,1,26,12,14,T5c,True,,,
720575940613523478,right,T5c,604,-6,-17,-3,-14,T5c,True,,,
720575940613526422,right,T4a,692,-4,24,16,8,T4a,True,,,
720575940613534614,right,T4d,146,1,-6,-4,-2,T4d,True,,,
720575940613534870,right,T4a,688,-7,10,12,-2,T4a,True,,,
720575940613543314,right,T5a,164,-1,-2,0,-2,T5a,True,,,
720575940613545768,right,T5a,225,2,-26,-15,-11,T5a,True,,,
720575940613547501,left,T5d,91,-1,6,4,2,T5d,True,,,
720575940613547673,left,T4b,238,-8,-3,6,-9,T4b,True,,,
720575940613550061,left,T4b,737,0,19,9,10,T4b,True,,,
720575940613550376,right,T5c,49,4,-4,-6,2,T5c,True,,,
720575940613551400,left,T4d,96,1,-10,-6,-4,T4d,True,,,
720575940613551510,right,T4d,258,-4,-17,-5,-12,T4d,True,,,
720575940613551853,left,T4c,370,-3,21,13,8,T4c,True,,,
720575940613565849,right,T4a,410,-2,-2,1,-3,T4a,True,,,
720575940613566476,left,T4b,116,-1,-8,-3,-5,T4b,True,,,
720575940613570962,right,T4c,381,-8,-9,3,-12,T4c,True,,,
720575940613585645,left,T4b,366,2,-29,-17,-12,T4b,True,,,
720575940613591761,right,T4c,146,1,-6,-4,-2,T4c,True,,,
720575940613601426,right,T5d,203,3,-1,-4,3,T5d,True,,,
720575940613601576,right,T5d,439,-3,-9,-2,-7,T5d,True,,,
720575940613606013,right,T5a,269,2,-19,-12,-7,T5a,True,,,
720575940613606575,right,T5b,739,-7,2,8,-6,T5b,True,,,
720575940613608232,right,T5c,214,-5,3,6,-3,T5c,True,,,
720575940613609699,left,T4d,765,-3,9,7,2,T4d,True,,,
720575940613611237,left,T4a,228,-7,1,7,-6,T4a,True,,,
720575940613612207,right,T5d,162,-4,-2,3,-5,T5d,True,,,
720575940613617021,right,T5d,83,2,-21,-13,-8,T5d,True,,,
720575940613619090,right,T4a,730,7,0,-7,7,T4a,True,,,
720575940613620717,left,T5b,667,1,-28,-15,-13,T5b,True,,,
720575940613621654,left,T5c,247,-4,-15,-4,-11,T5c,True,,,
720575940613623848,right,T4c,115,-4,2,5,-3,T4c,True,,,
720575940613633576,left,T4d,773,5,-19,-15,-4,T4d,True,,,
720575940613635813,left,T5c,524,4,-20,-14,-6,T5c,True,,,
720575940613640421,right,T5b,157,-1,-7,-3,-4,T5b,True,,,
720575940613645487,right,T4b,643,6,14,1,13,T4b,True,,,
720575940613651350,left,T5b,659,-4,-6,1,-7,T5b,True,,,
720575940613653394,right,T5d,357,4,17,4,13,T5d,True,,,
720575940613660071,right,T4a,177,-2,-1,1,-2,T4a,True,,,
720575940613665432,right,T4d,583,3,-25,-16,-9,T4d,True,,,
720575940613669347,left,T4a,500,7,-8,-11,3,T4a,True,,,
720575940613669784,right,T4a,606,-1,-19,-9,-10,T4a,True,,,
720575940613670963,right,T4d,304,6,5,-4,9,T4d,True,,,
720575940613673779,right,T5b,536,3,4,-1,5,T5b,True,,,
720575940613674280,left,T5c,396,-1,10,6,4,T5c,True,,,
720575940613674291,right,T5b,276,2,3,-1,4,T5b,True,,,
720575940613675542,right,T5c,719,1,27,12,15,T5c,True,,,
720575940613693677,right,T4a,762,0,14,7,7,T4a,True,,,
720575940613702125,left,T5d,38,0,-2,-1,-1,T5d,True,,,
720575940613705187,left,T4c,155,-8,13,14,-1,T4c,True,,,
720575940613709352,right,T5a,311,-7,15,14,1,T5a,True,,,
720575940613710511,right,T4b,437,-3,12,9,3,T4b,True,,,
720575940613710954,left,T5c,88,7,4,-5,9,T5c,True,,,
720575940613711254,right,T4a,738,-3,13,9,4,T4a,True,,,
720575940613711279,right,T4d,340,-4,17,12,5,T4d,True,,,
720575940613712109,right,T4c,328,5,-9,-10,1,T4c,True,,,
720575940613712365,left,T5c,205,5,-6,-8,2,T5c,True,,,
720575940613716429,left,T4a,64,4,-23,-16,-7,T4a,True,,,
720575940613718824,right,T5b,368,-4,-20,-6,-14,T5b,True,,,
720575940613719294,right,T4c,38,0,-2,-1,-1,T4c,True,,,
720575940613724387,left,T4c,119,-2,6,5,1,T4c,True,,,
720575940613733860,right,T5a,333,0,-21,-11,-10,T5a,True,,,
720575940613742317,left,T4c,31,0,16,8,8,T4c,True,,,
720575940613747562,right,T5b,752,-2,7,5,2,T5b,True,,,
720575940613753468,left,T4d,510,-2,11,7,4,T4d,True,,,
720575940613756778,right,T5d,432,-5,7,8,-1,T5d,True,,,
720575940613771246,right,T5b,375,-6,7,9,-2,T5b,True,,,
720575940613776680,right,T5d,595,7,-12,-13,1,T5d,True,,,
720575940613779010,left,T4b,110,-7,0,7,-7,T4b,True,,,
720575940613787875,left,T4c,443,-6,4,8,-4,T4c,True,,,
720575940613792493,left,T5b,309,-6,12,12,0,T5b,True,,,
720575940613803245,left,T5c,762,0,14,7,7,T5c,True,,,
720575940613803378,left,T5b,736,-8,1,8,-7,T5b,True,,,
720575940613804083,right,T5b,349,-5,-14,-2,-12,T5b,True,,,
720575940613810227,right,T4b,413,-2,-7,-2,-5,T4b,True,,,
720575940613810483,right,T4d,199,0,-12,-6,-6,T4d,True,,,
720575940613818664,left,T5b,334,1,-26,-14,-12,T5b,True,,,
720575940613819107,left,T5a,93,-6,3,7,-4,T5a,True,,,
720575940613823919,left,T5b,391,4,-3,-6,3,T5b,True,,,
720575940613833768,left,T5b,396,-1,10,6,4,T5b,True,,,
720575940613853564,left,T4c,504,-2,9,6,3,T4c,True,,,
720575940613862802,right,T5c,706,-7,-12,1,-13,T5c,True,,,
720575940613867183,left,T5d,127,0,15,7,8,T5d,True,,,
720575940613876370,right,T5b,104,-1,-27,-13,-14,T5b,True,,,
720575940613876718,right,T5b,210,-6,8,10,-2,T5b,True,,,
720575940613876776,left,T5d,66,2,15,5,10,T5d,True,,,
720575940613877299,right,T5b,553,-3,16,11,5,T5b,True,,,
720575940613877555,right,T5d,143,-4,16,12,4,T5d,True,,,
720575940613880360,left,T4d,371,6,-5,-9,4,T4d,True,,,
720575940613889587,right,T5b,474,-3,-17,-6,-11,T5b,True,,,
720575940613890684,left,T4c,32,0,12,6,6,T4c,True,,,
720575940613892094,right,T4c,28,5,6,-2,8,T4c,True,,,
720575940613896829,right,T4b,474,-3,-17,-6,-11,T4b,True,,,
720575940613898365,right,T4b,142,-2,-18,-7,-11,T4b,True,,,
720575940613903978,right,T4c,648,1,7,2,5,T4c,True,,,
720575940613905514,right,T4d,22,-1,3,2,1,T4d,True,,,
720575940613905583,left,T4d,446,2,-14,-9,-5,T4d,True,,,
720575940613909299,left,T4c,446,2,-14,-9,-5,T4c,True,,,
720575940613922479,left,T5a,120,-1,-1,0,-1,T5a,True,,,
720575940613922966,right,T4b,440,1,23,10,13,T4b,True,,,
720575940613925073,right,T5d,509,-4,10,9,1,T5d,True,,,
720575940613928676,right,T5c,401,-2,-19,-8,-11,T5c,True,,,
720575940613932975,left,T5a,291,7,2,-6,8,T5a,True,,,
720575940613936109,left,T5d,689,-2,18,11,7,T5d,True,,,
720575940613940703,right,T5a,379,3,-17,-12,-5,T5a,True,,,
720575940613940911,left,T4c,769,4,-27,-18,-9,T4c,True,,,
720575940613965231,right,T4d,701,0,-4,-2,-2,T4d,True,,,
720575940613967839,right,T4c,133,-3,20,13,7,T4c,True,,,
720575940613972451,right,T4c,559,-6,22,17,5,T4c,True,,,
720575940613975091,right,T4d,621,1,24,11,13,T4d,True,,,
720575940613975970,right,T5d,146,1,-6,-4,-2,T5d,True,,,
720575940613976482,right,T5a,146,1,-6,-4,-2,T5a,True,,,
720575940613984943,right,T4d,292,-4,18,13,5,T4d,True,,,
720575940613991391,left,T5b,217,6,15,1,14,T5b,True,,,
720575940613992623,left,T5a,330,3,3,-2,5,T5a,True,,,
720575940613994671,right,T4a,579,-3,-10,-2,-8,T4a,True,,,
720575940613997265,right,T5d,491,7,-1,-8,7,T5d,True,,,
720575940614001192,right,T4c,637,3,-21,-14,-7,T4c,True,,,
720575940614001617,left,T5b,80,4,13,2,11,T5b,True,,,
720575940614014179,right,T5d,732,-3,6,6,0,T5d,True,,,
720575940614019309,left,T5b,692,-4,24,16,8,T5b,True,,,
720575940614025998,left,T5b,460,-3,-20,-7,-13,T5b,True,,,
720575940614030559,right,T4d,165,4,16,4,12,T4d,True,,,
720575940614033887,right,T5d,568,-6,-8,2,-10,T5d,True,,,
720575940614036452,right,T5c,611,-1,-18,-8,-10,T5c,True,,,
720575940614045858,right,T5d,268,7,-6,-10,4,T5d,True,,,
720575940614051793,left,T4a,206,-3,5,5,0,T4a,True,,,
720575940614052305,left,T5d,247,-4,-15,-4,-11,T5d,True,,,
720575940614052845,left,T4a,357,4,17,4,13,T4a,True,,,
720575940614060046,left,T5a,401,-2,-19,-8,-11,T5a,True,,,
720575940614073297,left,T4c,588,1,4,1,3,T4c,True,,,
720575940614092138,right,T5a,624,1,-17,-10,-7,T5a,True,,,
720575940614093279,left,T5b,216,2,19,7,12,T5b,True,,,
720575940614094573,left,T4c,54,-4,3,5,-2,T4c,True,,,
720575940614096863,left,T5d,465,3,0,-3,3,T5d,True,,,
720575940614096877,left,T4b,612,-3,-26,-10,-16,T4b,True,,,
720575940614097617,left,T4b,441,3,-16,-11,-5,T4b,True,,,
720575940614101043,right,T4c,258,-4,-17,-5,-12,T4c,True,,,
720575940614106791,right,T5d,527,-4,-8,0,-8,T5d,True,,,
720575940614109892,right,T4a,456,0,21,10,11,T4a,True,,,
720575940614113331,left,T4d,22,-1,3,2,1,T4d,True,,,
720575940614118142,right,T4d,363,7,-4,-9,5,T4d,True,,,
720575940614118440,left,T5b,657,-2,-25,-11,-14,T5b,True,,,
720575940614119218,right,T4a,625,-2,24,14,10,T4a,True,,,
720575940614121425,right,T4b,364,4,4,-2,6,T4b,True,,,
720575940614121443,right,T5b,494,0,29,14,15,T5b,True,,,
720575940614122207,right,T4b,469,-7,13,13,0,T4b,True,,,
720575940614122646,right,T4a,409,0,-3,-2,-1,T4a,True,,,
720575940614128179,left,T4c,13,-1,-26,-12,-14,T4c,True,,,
720575940614135215,left,T5d,248,-6,0,6,-6,T5d,True,,,
720575940614137255,left,T4a,557,6,-10,-11,1,T4a,True,,,
720575940614139955,left,T4b,209,-3,-8,-1,-7,T4b,True,,,
720575940614141250,left,T5a,309,-6,12,12,0,T5a,True,,,
720575940614147123,right,T5c,118,3,1,-3,4,T5c,True,,,
720575940614151018,left,T4b,19,-7,17,15,2,T4b,True,,,
720575940614162338,right,T5a,477,-3,2,4,-2,T5a,True,,,
720575940614167458,left,T4b,566,5,-8,-9,1,T4b,True,,,
720575940614168785,left,T4b,5,-1,16,9,7,T4b,True,,,
720575940614168994,left,T4a,758,5,-1,-6,5,T4a,True,,,
720575940614169086,right,T4a,655,6,-1,-7,6,T4a,True,,,
720575940614174098,right,T4c,281,-9,2,10,-8,T4c,True,,,
720575940614176066,right,T5d,617,-2,-17,-7,-10,T5d,True,,,
720575940614187774,right,T4a,187,3,21,7,14,T4a,True,,,
720575940614187943,left,T5c,585,-1,-23,-11,-12,T5c,True,,,
720575940614190376,left,T4d,319,-2,5,4,1,T4d,True,,,
720575940614191766,right,T4a,480,3,-19,-13,-6,T4a,True,,,
720575940614192790,right,T5a,77,2,-5,-5,0,T5a,True,,,
720575940614203601,left,T4c,300,4,-18,-13,-5,T4c,True,,,
720575940614205336,right,T5a,564,3,-23,-15,-8,T5a,True,,,
720575940614205615,left,T5c,3,6,-12,-12,0,T5c,True,,,
720575940614206760,left,T4d,503,3,17,5,12,T4d,True,,,
720575940614208664,right,T4c,583,3,-25,-16,-9,T4c,True,,,
720575940614212561,left,T5b,1,-6,13,12,1,T5b,True,,,
720575940614216702,left,T4c,290,5,-24,-17,-7,T4c,True,,,
720575940614218655,right,T4c,429,-2,14,9,5,T4c,True,,,
720575940614219670,right,T5a,741,-2,-14,-5,-9,T5a,True,,,
720575940614220328,left,T4d,640,-1,-16,-7,-9,T4d,True,,,
720575940614221283,left,T4b,371,6,-5,-9,4,T4b,True,,,
720575940614223010,right,T5a,199,0,-12,-6,-6,T5a,True,,,
720575940614224126,right,T5b,124,1,-7,-5,-2,T5b,True,,,
720575940614239338,right,T4c,543,-1,-4,-1,-3,T4c,True,,,
720575940614241439,right,T4b,730,7,0,-7,7,T4b,True,,,
720575940614245329,right,T4d,336,0,23,11,12,T4d,True,,,
720575940614246055,right,T5c,263,-3,4,5,-1,T5c,True,,,
720575940614248866,right,T4d,27,0,-25,-13,-12,T4d,True,,,
720575940614255341,left,T4d,530,-3,-13,-4,-9,T4d,True,,,
720575940614257298,left,T5b,682,6,-8,-10,2,T5b,True,,,
720575940614260734,right,T5a,340,-4,17,12,5,T5a,True,,,
720575940614261555,left,T4c,339,6,11,-1,12,T4c,True,,,
720575940614266530,left,T4b,466,1,14,6,8,T4b,True,,,
720575940614269351,right,T4d,301,-5,16,13,3,T4d,True,,,
720575940614270673,right,T5a,20,3,-11,-9,-2,T5a,True,,,
720575940614271185,right,T5a,454,5,-12,-11,-1,T5a,True,,,
720575940614271919,right,T5c,622,-5,20,15,5,T5c,True,,,
720575940614273022,right,T4d,200,-5,12,11,1,T4d,True,,,
720575940614275070,right,T5d,58,3,12,3,9,T5d,True,,,
720575940614275624,left,T4d,702,-5,23,16,7,T4d,True,,,
720575940614276002,right,T5b,401,-2,-19,-8,-11,T5b,True,,,
720575940614276271,right,T4a,767,1,28,13,15,T4a,True,,,
720575940614277039,left,T4b,57,6,-11,-12,1,T4b,True,,,
720575940614281122,right,T4b,178,2,11,3,8,T4b,True,,,
720575940614283426,right,T5d,409,0,-3,-2,-1,T5d,True,,,
720575940614283935,right,T5a,420,6,-3,-8,5,T5a,True,,,
720575940614286545,left,T5a,640,-1,-16,-7,-9,T5a,True,,,
720575940614289723,left,T5c,648,1,7,2,5,T5c,True,,,
720575940614290897,right,T4a,300,4,-18,-13,-5,T4a,True,,,
720575940614292008,left,T5a,369,5,-5,-8,3,T5a,True,,,
720575940614292478,right,T5d,87,1,11,4,7,T5d,True,,,
720575940614294579,left,T4d,716,4,-6,-7,1,T4d,True,,,
720575940614295867,left,T5a,38,0,-2,-1,-1,T5a,True,,,
720575940614296210,left,T5c,637,3,-21,-14,-7,T5c,True,,,
720575940614296214,right,T5b,256,5,-20,-15,-5,T5b,True,,,
720575940614299047,right,T4d,30,6,16,2,14,T4d,True,,,
720575940614300211,right,T4a,645,-4,27,17,10,T4a,True,,,
720575940614300994,right,T5d,487,1,-1,-2,1,T5d,True,,,
720575940614303143,right,T5d,623,1,13,5,8,T5d,True,,,
720575940614328978,right,T5a,650,-3,-25,-10,-15,T5a,True,,,
720575940614329666,left,T5c,472,1,25,11,14,T5c,True,,,
720575940614331089,left,T5a,342,2,-15,-10,-5,T5a,True,,,
720575940614332322,right,T5b,555,-4,9,8,1,T5b,True,,,
720575940614332881,left,T4d,416,3,-8,-7,-1,T4d,True,,,
720575940614334417,left,T4a,416,3,-8,-7,-1,T4a,True,,,
720575940614341954,left,T4d,421,-1,12,7,5,T4d,True,,,
720575940614347774,right,T4c,549,0,-9,-5,-4,T4c,True,,,
720575940614350819,left,T4d,409,0,-3,-2,-1,T4d,True,,,
720575940614351075,left,T4d,215,6,7,-3,10,T4d,True,,,
720575940614358695,right,T4d,115,-4,2,5,-3,T4d,True,,,
720575940614364456,left,T4d,104,-1,-27,-13,-14,T4d,True,,,
720575940614366111,left,T5b,238,-8,-3,6,-9,T5b,True,,,
720575940614377214,left,T4c,120,-1,-1,0,-1,T4c,True,,,
720575940614382226,right,T5b,711,-1,19,10,9,T5b,True,,,
720575940614395885,right,T5d,503,3,17,5,12,T5d,True,,,
720575940614396578,left,T4c,318,4,-19,-14,-5,T4c,True,,,
720575940614398370,right,T5d,760,0,17,8,9,T5d,True,,,
720575940614400510,left,T5a,383,-6,11,11,0,T5a,True,,,
720575940614411154,right,T5b,165,4,16,4,12,T5b,True,,,
720575940614413218,right,T4b,255,-6,-13,-1,-12,T4b,True,,,
720575940614413777,left,T4b,620,7,1,-7,8,T4b,True,,,
720575940614414539,right,T4b,306,3,7,0,7,T4b,True,,,
720575940614417887,right,T5b,627,0,-1,-1,0,T5b,True,,,
720575940614418897,left,T4b,488,7,5,-5,10,T4b,True,,,
720575940614421922,right,T4b,559,-6,22,17,5,T4b,True,,,
720575940614427542,right,T5b,101,-7,6,10,-4,T5b,True,,,
720575940614428071,left,T5b,102,3,13,3,10,T5b,True,,,
720575940614431378,right,T4c,246,-4,15,11,4,T4c,True,,,
720575940614447506,right,T5c,551,-4,-9,-1,-8,T5c,True,,,
720575940614448337,left,T5c,267,-6,2,7,-5,T5c,True,,,
720575940614454183,left,T5b,325,5,1,-5,6,T5b,True,,,
720575940614464051,left,T4b,64,4,-23,-16,-7,T4b,True,,,
720575940614465199,left,T5c,8,-4,26,17,9,T5c,True,,,
720575940614465967,left,T4c,729,-3,29,17,12,T4c,True,,,
720575940614472183,left,T5a,771,3,-27,-17,-10,T5a,True,,,
720575940614473414,right,T4b,398,-3,22,14,8,T4b,True,,,
720575940614473622,right,T5d,335,2,8,2,6,T5d,True,,,
720575940614473890,left,T4d,256,5,-20,-15,-5,T4d,True,,,
720575940614494718,left,T5c,187,3,21,7,14,T5c,True,,,
720575940614498479,left,T4d,683,2,6,1,5,T4d,True,,,
720575940614510899,right,T5c,354,-2,-26,-11,-15,T5c,True,,,
720575940614514444,right,T4d,567,-2,22,13,9,T4d,True,,,
720575940614528254,left,T4b,145,0,4,2,2,T4b,True,,,
720575940614530046,left,T5c,459,5,-3,-7,4,T5c,True,,,
720575940614540199,right,T4c,169,0,-18,-9,-9,T4c,True,,,
720575940614540286,right,T4c,393,-1,22,12,10,T4c,True,,,
720575940614543015,left,T4d,69,1,8,3,5,T4d,True,,,
720575940614547602,right,T5d,337,-5,-6,2,-8,T5d,True,,,
720575940614547879,right,T4a,751,1,6,2,4,T4a,True,,,
720575940614552470,right,T5d,454,5,-12,-11,-1,T5d,True,,,
720575940614556335,left,T4c,555,-4,9,8,1,T4c,True,,,
720575940614556363,right,T4a,335,2,8,2,6,T4a,True,,,
720575940614557078,left,T5d,728,7,12,-1,13,T5d,True,,,
720575940614559894,right,T4c,331,1,-15,-9,-6,T4c,True,,,
720575940614561703,left,T5a,495,4,5,-2,7,T5a,True,,,
720575940614564146,right,T4a,212,2,-16,-10,-6,T4a,True,,,
720575940614567731,left,T4b,469,-7,13,13,0,T4b,True,,,
720575940614570792,left,T4c,203,3,-1,-4,3,T4c,True,,,
720575940614577117,right,T5a,527,-4,-8,0,-8,T5a,True,,,
720575940614578338,right,T4a,462,-1,18,10,8,T4a,True,,,
720575940614579837,right,T4a,368,-4,-20,-6,-14,T4a,True,,,
720575940614580689,right,T4a,185,2,-11,-8,-3,T4a,True,,,
720575940614582397,right,T5d,524,4,-20,-14,-6,T5d,True,,,
720575940614582481,left,T4d,519,-5,-5,2,-7,T4d,True,,,
720575940614586124,right,T4b,416,3,-8,-7,-1,T4b,True,,,
720575940614587538,left,T5d,109,4,-5,-7,2,T5d,True,,,
720575940614588926,left,T4d,584,4,23,7,16,T4d,True,,,
720575940614590429,right,T5b,244,-4,-12,-2,-10,T5b,True,,,
720575940614592935,left,T4b,409,0,-3,-2,-1,T4b,True,,,
720575940614597538,left,T5a,143,-4,16,12,4,T5a,True,,,
720575940614598546,right,T5b,567,-2,22,13,9,T5b,True,,,
720575940614599234,right,T5a,109,4,-5,-7,2,T5a,True,,,
720575940614606860,left,T4b,229,5,2,-4,6,T4b,True,,,
720575940614617868,left,T5a,74,-1,-9,-4,-5,T5a,True,,,
720575940614620381,right,T4a,674,-4,-14,-3,-11,T4a,True,,,
720575940614621661,right,T4a,258,-4,-17,-5,-12,T4a,True,,,
720575940614621687,left,T5b,180,2,-27,-16,-11,T5b,True,,,
720575940614623430,right,T4d,788,3,27,10,17,T4d,True,,,
720575940614638442,right,T5b,228,-7,1,7,-6,T5b,True,,,
720575940614639630,left,T5c,395,0,-22,-11,-11,T5c,True,,,
720575940614650258,left,T4b,689,-2,18,11,7,T4b,True,,,
720575940614650380,left,T5a,142,-2,-18,-7,-11,T5a,True,,,
720575940614655538,left,T4b,453,3,25,9,16,T4b,True,,,
720575940614660754,left,T5b,579,-3,-10,-2,-8,T5b,True,,,
720575940614660829,right,T5a,244,-4,-12,-2,-10,T5a,True,,,
720575940614663530,right,T5a,520,-2,-22,-9,-13,T5a,True,,,
720575940614667570,left,T5c,683,2,6,1,5,T5c,True,,,
720575940614670350,left,T5b,611,-1,-18,-8,-10,T5b,True,,,
720575940614672786,right,T5b,467,-2,-20,-8,-12,T5b,True,,,
720575940614677702,left,T5b,214,-5,3,6,-3,T5b,True,,,
720575940614678237,right,T4c,513,-4,-13,-3,-10,T4c,True,,,
720575940614682770,left,T5d,548,1,-16,-9,-7,T5d,True,,,
720575940614686662,right,T4b,121,-8,4,10,-6,T4b,True,,,
720575940614687026,right,T4d,240,-4,-3,2,-5,T4d,True,,,
720575940614689938,right,T5d,514,-4,-10,-1,-9,T5d,True,,,
720575940614694034,left,T5c,510,-2,11,7,4,T5c,True,,,
720575940614695599,left,T5d,286,0,-24,-12,-12,T5d,True,,,
720575940614701836,right,T4a,73,2,2,-1,3,T4a,True,,,
720575940614706578,left,T5b,212,2,-16,-10,-6,T5b,True,,,
720575940614708642,right,T5b,717,2,-22,-13,-9,T5b,True,,,
720575940614709446,right,T4a,588,1,4,1,3,T4a,True,,,
720575940614710737,left,T5b,147,1,21,9,12,T5b,True,,,
720575940614715357,right,T5a,647,-4,-7,0,-7,T5a,True,,,
720575940614722198,right,T4a,748,-4,20,14,6,T4a,True,,,
720575940614722541,right,T5b,233,4,-13,-11,-2,T5b,True,,,
720575940614724502,right,T5c,43,-5,18,14,4,T5c,True,,,
720575940614726562,left,T4a,33,3,18,6,12,T4a,True,,,
720575940614728866,left,T5d,254,3,-24,-15,-9,T5d,True,,,
720575940614735825,left,T5c,188,-5,17,13,4,T5c,True,,,
720575940614743190,right,T4a,661,-3,14,10,4,T4a,True,,,
720575940614743505,right,T5a,254,3,-24,-15,-9,T5a,True,,,
720575940614745394,left,T4b,26,1,-3,-3,0,T4b,True,,,
720575940614746847,right,T4b,546,3,6,0,6,T4b,True,,,
720575940614747554,right,T4b,421,-1,12,7,5,T4b,True,,,
720575940614757994,left,T5a,628,0,0,0,0,T5a,True,,,
720575940614760338,left,T5c,564,3,-23,-15,-8,T5c,True,,,
720575940614771874,left,T5c,576,0,28,14,14,T5c,True,,,
720575940614791645,right,T4a,513,-4,-13,-3,-10,T4a,True,,,
720575940614796509,right,T4b,530,-3,-13,-4,-9,T4b,True,,,
720575940614797096,left,T5b,384,-6,-2,5,-7,T5b,True,,,
720575940614797991,left,T4c,363,7,-4,-9,5,T4c,True,,,
720575940614800908,right,T4b,508,-5,11,10,1,T4b,True,,,
720575940614803933,right,T4a,108,-3,-12,-3,-9,T4a,True,,,
720575940614808735,left,T4d,342,2,-15,-10,-5,T4d,True,,,
720575940614816150,left,T5a,175,-6,-7,2,-9,T5a,True,,,
720575940614816362,left,T4a,652,-6,-11,0,-11,T4a,True,,,
720575940614820514,left,T4a,441,3,-16,-11,-5,T4a,True,,,
720575940614821630,right,T4b,784,-4,29,18,11,T4b,True,,,
720575940614822621,right,T4c,530,-3,-13,-4,-9,T4c,True,,,
720575940614827262,left,T4d,405,3,10,2,8,T4d,True,,,
720575940614829718,right,T5a,143,-4,16,12,4,T5a,True,,,
720575940614831144,right,T5c,689,-2,18,11,7,T5c,True,,,
720575940614833002,right,T5d,704,-7,8,11,-3,T5d,True,,,
720575940614835131,right,T4a,732,-3,6,6,0,T4a,True,,,
720575940614854034,right,T4c,286,0,-24,-12,-12,T4c,True,,,
720575940614861054,left,T4c,48,-4,-22,-7,-15,T4c,True,,,
720575940614861223,left,T4b,658,1,20,9,11,T4b,True,,,
720575940614862226,right,T5b,377,0,7,3,4,T5b,True,,,
720575940614864680,left,T4a,686,5,-22,-16,-6,T4a,True,,,
720575940614881629,left,T5c,6,-2,-4,0,-4,T5c,True,,,
720575940614891370,left,T4a,445,-2,8,6,2,T4a,True,,,
720575940614891462,right,T4a,246,-4,15,11,4,T4a,True,,,
720575940614902459,right,T4c,10,5,-15,-13,-2,T4c,True,,,
720575940614905759,right,T4c,676,-3,-21,-8,-13,T4c,True,,,
720575940614922146,left,T4c,142,-2,-18,-7,-11,T4c,True,,,
720575940614928168,left,T4b,171,6,-20,-16,-4,T4b,True,,,
720575940614929002,right,T4d,699,-5,0,5,-5,T4d,True,,,
720575940614929887,left,T4c,191,-1,-11,-5,-6,T4c,True,,,
720575940614931862,right,T4b,151,-3,-14,-4,-10,T4b,True,,,
720575940614932191,left,T5b,454,5,-12,-11,-1,T5b,True,,,
720575940614943455,right,T4a,284,0,25,12,13,T4a,True,,,
720575940614947039,right,T4d,102,3,13,3,10,T4d,True,,,
720575940614952607,right,T4b,117,-8,-2,7,-9,T4b,True,,,
720575940614952635,right,T5c,544,3,-13,-10,-3,T5c,True,,,
720575940614952810,left,T5d,596,-4,-16,-4,-12,T5d,True,,,
720575940614956731,left,T5b,73,2,2,-1,3,T5b,True,,,
720575940614965906,left,T4c,398,-3,22,14,8,T4c,True,,,
720575940614971005,right,T5c,241,2,-17,-11,-6,T5c,True,,,
720575940614971550,right,T4b,502,5,8,-1,9,T4b,True,,,
720575940614974110,right,T5b,670,5,5,-3,8,T5b,True,,,
720575940614976175,left,T5a,202,-1,27,14,13,T5a,True,,,
720575940614986719,right,T5b,731,-6,9,10,-1,T5b,True,,,
720575940614991997,right,T4a,387,-1,-15,-7,-8,T4a,True,,,
720575940615002791,left,T5a,343,-3,27,16,11,T5a,True,,,
720575940615005351,left,T5c,386,-6,19,15,4,T5c,True,,,
720575940615016098,left,T5d,777,6,20,4,16,T5d,True,,,
720575940615017951,right,T4b,682,6,-8,-10,2,T4b,True,,,
720575940615026070,right,T5b,266,-1,-25,-12,-13,T5b,True,,,
720575940615028341,left,T4c,493,-3,23,14,9,T4a,False,,,
720575940615032214,left,T5c,220,2,-6,-5,-1,T5c,True,,,
720575940615035699,right,T4c,627,0,-1,-1,0,T4c,True,,,
720575940615040943,right,T5b,345,3,-12,-9,-3,T5b,True,,,
720575940615044094,left,T5b,103,7,9,-3,12,T5b,True,,,
720575940615046319,left,T4b,400,1,-29,-16,-13,T4b,True,,,
720575940615054815,right,T4c,398,-3,22,14,8,T4c,True,,,
720575940615056790,right,T5b,369,5,-5,-8,3,T5b,True,,,
720575940615061666,left,T4a,359,2,23,9,14,T4a,True,,,
720575940615067067,right,T5a,377,0,7,3,4,T5a,True,,,
720575940615068895,right,T4c,410,-2,-2,1,-3,T4c,True,,,
720575940615070431,right,T4a,195,-3,-1,2,-3,T4a,True,,,
720575940615070687,right,T4c,190,-3,-5,0,-5,T4c,True,,,
720575940615072268,left,T4a,724,4,2,-3,5,T4a,True,,,
720575940615072735,right,T5a,651,-4,-5,1,-6,T5a,True,,,
720575940615073503,right,T5a,264,-1,-6,-2,-4,T5a,True,,,
720575940615076002,left,T5d,692,-4,24,16,8,T5d,True,,,
720575940615078831,right,T4a,266,-1,-25,-12,-13,T4a,True,,,
720575940615082927,left,T4c,716,4,-6,-7,1,T4c,True,,,
720575940615085474,left,T4c,82,-7,7,10,-3,T4c,True,,,
720575940615088894,right,T4a,778,4,25,8,17,T4a,True,,,
720575940615093410,left,T5d,288,-1,30,16,14,T5d,True,,,
720575940615097450,left,T5a,617,-2,-17,-7,-10,T5a,True,,,
720575940615097962,right,T5b,237,-2,27,15,12,T5b,True,,,
720575940615100940,left,T4a,456,0,21,10,11,T4a,True,,,
720575940615101638,left,T5a,439,-3,-9,-2,-7,T5a,True,,,
720575940615103830,right,T4b,49,4,-4,-6,2,T4b,True,,,
720575940615115423,left,T4d,15,2,-3,-4,1,T4d,True,,,
720575940615123818,left,T5a,526,0,-10,-5,-5,T5a,True,,,
720575940615130018,left,T4d,172,1,22,10,12,T4d,True,,,
720575940615130218,left,T4d,407,-5,-10,0,-10,T4d,True,,,
720575940615136322,right,T5a,261,-1,13,7,6,T5a,True,,,
720575940615137419,left,T5a,723,-2,-11,-4,-7,T5a,True,,,
720575940615142047,right,T5d,387,-1,-15,-7,-8,T5d,True,,,
720575940615143839,left,T4d,436,0,-15,-8,-7,T4d,True,,,
720575940615144190,left,T4d,214,-5,3,6,-3,T4d,True,,,
720575940615147571,right,T5a,449,6,-16,-14,-2,T5a,True,,,
720575940615160991,right,T4c,506,1,-12,-7,-5,T4c,True,,,
720575940615169090,right,T5d,114,2,-13,-9,-4,T5d,True,,,
720575940615170271,left,T4c,711,-1,19,10,9,T4c,True,,,
720575940615171467,right,T4b,204,5,-2,-6,4,T4b,True,,,
720575940615175903,right,T5c,498,6,10,-1,11,T5c,True,,,
720575940615177878,left,T4a,739,-7,2,8,-6,T4a,True,,,
720575940615181974,right,T4a,441,3,-16,-11,-5,T4a,True,,,
720575940615189407,left,T4a,645,-4,27,17,10,T4a,True,,,
720575940615190993,left,T5d,704,-7,8,11,-3,T5d,True,,,
720575940615195554,left,T5a,43,-5,18,14,4,T5a,True,,,
720575940615198370,left,T5b,172,1,22,10,12,T5b,True,,,
720575940615199199,left,T4b,385,-3,-18,-6,-12,T4b,True,,,
720575940615211231,left,T4b,315,-3,-6,0,-6,T4b,True,,,
720575940615213535,left,T4b,588,1,4,1,3,T4b,True,,,
720575940615213983,right,T5c,69,1,8,3,5,T5c,True,,,
720575940615215170,right,T4c,537,0,-23,-12,-11,T4c,True,,,
720575940615218087,right,T5b,412,-6,21,16,5,T5b,True,,,
720575940615220639,right,T4b,695,-6,10,11,-1,T4b,True,,,
720575940615221758,right,T4c,780,-6,25,18,7,T4c,True,,,
720575940615222934,left,T4b,675,-7,19,16,3,T4b,True,,,
720575940615228482,right,T4b,122,-5,9,9,0,T4b,True,,,
720575940615229346,right,T4b,665,7,-2,-8,6,T4b,True,,,
720575940615230523,right,T5c,174,4,-15,-12,-3,T5c,True,,,
720575940615234207,right,T4a,292,-4,18,13,5,T4a,True,,,
720575940615235138,right,T5a,678,3,-7,-7,0,T5a,True,,,
720575940615239285,right,T4b,140,3,8,1,7,T4b,True,,,
720575940615247839,right,T5b,632,3,-20,-13,-7,T5b,True,,,
720575940615248790,left,T5b,167,0,-17,-9,-8,T5b,True,,,
720575940615248807,left,T5b,228,-7,1,7,-6,T5b,True,,,
720575940615250143,left,T4a,634,-3,-15,-5,-10,T4a,True,,,
720575940615253415,left,T5c,360,-5,19,14,5,T5c,True,,,
720575940615255446,right,T4c,408,-6,-4,4,-8,T4c,True,,,
720575940615255698,left,T4c,725,-3,-24,-9,-15,T4c,True,,,
720575940615260428,left,T5d,742,-4,11,9,2,T5d,True,,,
720575940615263298,right,T4d,42,-1,14,8,6,T4d,True,,,
720575940615263967,right,T4b,165,4,16,4,12,T4b,True,,,
720575940615270210,left,T4a,698,6,-7,-10,3,T4a,True,,,
720575940615278303,left,T4c,180,2,-27,-16,-11,T4c,True,,,
720575940615279510,left,T5c,438,2,27,11,16,T5c,True,,,
720575940615280962,right,T5c,109,4,-5,-7,2,T5c,True,,,
720575940615295378,left,T4c,770,5,4,-3,7,T4c,True,,,
720575940615297503,left,T5d,68,3,16,5,11,T5d,True,,,
720575940615297548,right,T5d,79,2,1,-2,3,T5d,True,,,
720575940615299701,left,T5a,51,0,-19,-10,-9,T5a,True,,,
720575940615301023,right,T5a,386,-6,19,15,4,T5a,True,,,
720575940615307682,right,T4a,447,-1,2,2,0,T4a,True,,,
720575940615312746,left,T4c,383,-6,11,11,0,T4c,True,,,
720575940615313373,right,T5b,293,4,-17,-13,-4,T5b,True,,,
720575940615315602,left,T5d,110,-7,0,7,-7,T5d,True,,,
720575940615320994,left,T5b,41,-3,28,17,11,T5b,True,,,
720575940615325290,left,T4b,160,-2,20,12,8,T4b,True,,,
720575940615327197,right,T5a,441,3,-16,-11,-5,T5a,True,,,
720575940615327338,left,T4d,133,-3,20,13,7,T4d,True,,,
720575940615329951,right,T5b,720,-5,21,15,6,T5b,True,,,
720575940615332246,right,T4b,384,-6,-2,5,-7,T4b,True,,,
720575940615337895,right,T4a,442,-5,25,17,8,T4a,True,,,
720575940615338642,left,T5d,184,-6,-5,3,-8,T5c,False,,,
720575940615339743,right,T4d,132,2,4,0,4,T4d,True,,,
720575940615348330,left,T5a,402,3,26,10,16,T5a,True,,,
720575940615355754,right,T5a,470,4,-9,-9,0,T5a,True,,,
720575940615362866,right,T5b,477,-3,2,4,-2,T5b,True,,,
720575940615363039,left,T4c,44,5,-10,-10,0,T4c,True,,,
720575940615363122,right,T5a,751,1,6,2,4,T5a,True,,,
720575940615363295,right,T4d,467,-2,-20,-8,-12,T4d,True,,,
720575940615368498,right,T5a,180,2,-27,-16,-11,T5a,True,,,
720575940615368671,left,T5c,191,-1,-11,-5,-6,T5c,True,,,
720575940615383975,left,T4b,722,6,-15,-14,-1,T4b,True,,,
720575940615398047,left,T4a,527,-4,-8,0,-8,T4a,True,,,
720575940615401589,left,T5b,208,5,-21,-16,-5,T5b,True,,,
720575940615402914,right,T4d,288,-1,30,16,14,T4d,True,,,
720575940615404694,left,T4c,189,6,13,0,13,T4c,True,,,
720575940615408757,right,T4c,784,-4,29,18,11,T4c,True,,,
720575940615408962,right,T5a,13,-1,-26,-12,-14,T5a,True,,,
720575940615411595,left,T4b,652,-6,-11,0,-11,T4b,True,,,
720575940615415199,left,T5b,714,5,12,1,11,T5b,True,,,
720575940615415263,right,T5a,3,6,-12,-12,0,T5a,True,,,
720575940615419359,left,T5c,351,-1,-17,-8,-9,T5c,True,,,
720575940615419442,right,T4d,745,0,13,6,7,T4d,True,,,
720575940615420327,left,T5d,355,-7,-6,4,-10,T5d,True,,,
720575940615425534,left,T5a,720,-5,21,15,6,T5a,True,,,
720575940615427650,left,T4d,642,-5,-11,-1,-10,T4d,True,,,
720575940615434050,left,T4c,68,3,16,5,11,T4c,True,,,
720575940615442847,left,T4a,768,3,5,-1,6,T4a,True,,,
720575940615447146,left,T4a,402,3,26,10,16,T4a,True,,,
720575940615449922,right,T4c,67,-2,-13,-5,-8,T4c,True,,,
720575940615451551,right,T5a,252,3,23,8,15,T5a,True,,,
720575940615459487,left,T4d,173,2,-25,-15,-10,T4d,True,,,
720575940615464351,left,T5b,20,3,-11,-9,-2,T5b,True,,,
720575940615464863,left,T4a,263,-3,4,5,-1,T4a,True,,,
720575940615467682,right,T5a,445,-2,8,6,2,T5a,True,,,
720575940615473002,right,T4c,13,-1,-26,-12,-14,T4c,True,,,
720575940615473986,left,T5b,677,0,11,5,6,T5b,True,,,
720575940615475818,left,T4a,38,0,-2,-1,-1,T4a,True,,,
720575940615481019,right,T4d,365,4,7,-1,8,T4d,True,,,
720575940615488834,left,T4d,470,4,-9,-9,0,T4d,True,,,
720575940615489858,right,T4d,350,1,15,6,9,T4d,True,,,
720575940615490450,right,T5d,660,2,28,12,16,T5d,True,,,
720575940615494722,left,T4b,108,-3,-12,-3,-9,T4b,True,,,
720575940615507010,left,T4a,397,-3,-19,-7,-12,T4a,True,,,
720575940615508802,left,T4b,716,4,-6,-7,1,T4b,True,,,
720575940615512482,right,T4c,556,0,10,5,5,T4c,True,,,
720575940615512898,right,T4a,658,1,20,9,11,T4a,True,,,
720575940615518314,left,T5a,645,-4,27,17,10,T5a,True,,,
720575940615524806,right,T4d,429,-2,14,9,5,T4d,True,,,
720575940615541654,right,T4a,643,6,14,1,13,T4a,True,,,
720575940615545922,left,T4a,101,-7,6,10,-4,T4a,True,,,
720575940615547458,left,T4a,145,0,4,2,2,T4a,True,,,
720575940615553430,left,T5d,340,-4,17,12,5,T5d,True,,,
720575940615554975,left,T5a,483,2,-7,-6,-1,T5a,True,,,
720575940615556246,left,T4c,226,5,19,4,15,T4c,True,,,
720575940615556255,right,T5b,710,4,-25,-17,-8,T5b,True,,,
720575940615558367,left,T4a,343,-3,27,16,11,T4a,True,,,
720575940615560278,right,T5b,257,2,21,8,13,T5b,True,,,
720575940615564354,right,T5d,570,2,25,10,15,T5d,True,,,
720575940615571423,left,T4d,695,-6,10,11,-1,T4d,True,,,
720575940615577494,left,T4d,735,1,-23,-13,-10,T4d,True,,,
720575940615578783,left,T5a,485,-3,-3,1,-4,T5a,True,,,
720575940615580831,right,T5d,14,0,-27,-14,-13,T5d,True,,,
720575940615583099,left,T5b,395,0,-22,-11,-11,T5b,True,,,
720575940615590250,left,T4d,187,3,21,7,14,T4d,True,,,
720575940615594399,left,T4a,570,2,25,10,15,T4a,True,,,
720575940615598267,right,T4b,88,7,4,-5,9,T4b,True,,,
720575940615602107,right,T4b,464,4,0,-4,4,T4b,True,,,
720575940615604802,left,T4d,490,-5,6,8,-2,T4d,True,,,
720575940615610930,right,T4c,228,-7,1,7,-6,T4c,True,,,
720575940615611846,right,T5c,119,-2,6,5,1,T5c,True,,,
720575940615616012,left,T5b,722,6,-15,-14,-1,T5b,True,,,
720575940615618134,right,T5c,61,-4,-4,2,-6,T5c,True,,,
720575940615618354,right,T5a,162,-4,-2,3,-5,T5a,True,,,
720575940615620876,right,T4b,315,-3,-6,0,-6,T4b,True,,,
720575940615624716,left,T5b,50,-2,21,12,9,T5b,True,,,
720575940615624972,left,T4d,754,-1,-13,-6,-7,T4d,True,,,
720575940615625026,right,T4b,293,4,-17,-13,-4,T4b,True,,,
720575940615628486,left,T5b,266,-1,-25,-12,-13,T5b,True,,,
720575940615630934,right,T4b,763,-5,14,12,2,T4b,True,,,
720575940615643442,right,T4d,275,-8,-1,7,-8,T4d,True,,,
720575940615645663,left,T4b,346,-7,-9,2,-11,T4b,True,,,
720575940615647634,left,T4a,414,4,21,6,15,T4a,True,,,
720575940615655234,left,T5b,66,2,15,5,10,T5b,True,,,
720575940615658508,right,T5d,688,-7,10,12,-2,T5d,True,,,
720575940615665458,right,T5b,240,-4,-3,2,-5,T5b,True,,,
720575940615666794,left,T5b,273,-6,23,17,6,T5b,True,,,
720575940615674262,right,T5b,393,-1,22,12,10,T5b,True,,,
720575940615678150,right,T5d,443,-6,4,8,-4,T5d,True,,,
720575940615679850,left,T5c,463,5,17,3,14,T5c,True,,,
720575940615685278,right,T4b,145,0,4,2,2,T4b,True,,,
720575940615686486,right,T4d,326,2,16,6,10,T4d,True,,,
720575940615686506,left,T5a,396,-1,10,6,4,T5a,True,,,
720575940615688770,right,T4d,116,-1,-8,-3,-5,T4d,True,,,
720575940615688810,left,T4a,573,4,14,3,11,T4a,True,,,
720575940615693766,right,T5d,479,-2,10,7,3,T5d,True,,,
720575940615697932,right,T5c,607,1,18,8,10,T5c,True,,,
720575940615700492,right,T5a,422,-7,-4,5,-9,T5a,True,,,
720575940615707714,left,T5a,79,2,1,-2,3,T5a,True,,,
720575940615708266,right,T4b,700,5,15,2,13,T4b,True,,,
720575940615711338,right,T4b,759,7,14,0,14,T4b,True,,,
720575940615711650,right,T5d,73,2,2,-1,3,T5d,True,,,
720575940615720350,right,T4a,770,5,4,-3,7,T4a,True,,,
720575940615730026,left,T5d,69,1,8,3,5,T5d,True,,,
720575940615730875,right,T5a,313,7,3,-6,9,T5a,True,,,
720575940615731131,right,T4a,313,7,3,-6,9,T4a,True,,,
720575940615733516,left,T5b,741,-2,-14,-5,-9,T5b,True,,,
720575940615741145,right,T4c,523,2,14,5,9,T4c,True,,,
720575940615743371,left,T4b,649,-1,5,3,2,T4b,True,,,
720575940615745548,right,T5c,201,-8,9,12,-3,T5c,True,,,
720575940615747122,left,T5b,762,0,14,7,7,T5b,True,,,
720575940615749307,left,T5d,118,3,1,-3,4,T5d,True,,,
720575940615753099,left,T5d,679,4,18,5,13,T5d,True,,,
720575940615757122,left,T4d,12,-7,9,11,-2,T4d,True,,,
720575940615758130,right,T4d,158,3,-5,-6,1,T4d,True,,,
720575940615766923,left,T4a,400,1,-29,-16,-13,T4a,True,,,
720575940615779807,right,T4b,698,6,-7,-10,3,T4b,True,,,
720575940615782962,right,T4d,56,1,-13,-8,-5,T4d,True,,,
720575940615788603,right,T5d,598,2,-18,-11,-7,T5d,True,,,
720575940615788742,right,T5c,481,4,-8,-8,0,T5c,True,,,
720575940615794738,right,T4a,18,5,-16,-13,-3,T4a,True,,,
720575940615796895,left,T4a,15,2,-3,-4,1,T4a,True,,,
720575940615798923,right,T4d,738,-3,13,9,4,T4d,True,,,
720575940615800114,right,T4a,171,6,-20,-16,-4,T4a,True,,,
720575940615801542,left,T4a,715,4,10,1,9,T4a,True,,,
720575940615803807,right,T4c,409,0,-3,-2,-1,T4c,True,,,
720575940615803954,right,T4b,773,5,-19,-15,-4,T4b,True,,,
720575940615806367,left,T4d,77,2,-5,-5,0,T4d,True,,,
720575940615809211,right,T4d,686,5,-22,-16,-6,T4d,True,,,
720575940615809330,left,T5b,628,0,0,0,0,T5b,True,,,
720575940615810098,left,T4a,67,-2,-13,-5,-8,T4a,True,,,
720575940615811487,left,T4d,336,0,23,11,12,T4d,True,,,
720575940615816635,right,T4a,225,2,-26,-15,-11,T4a,True,,,
720575940615816863,right,T5c,367,-6,-15,-2,-13,T5c,True,,,
720575940615817578,left,T4a,434,-3,7,6,1,T4a,True,,,
720575940615819323,left,T4c,439,-3,-9,-2,-7,T4c,True,,,
720575940615819963,left,T5b,125,5,9,-1,10,T5b,True,,,
720575940615826363,left,T4d,544,3,-13,-10,-3,T4d,True,,,
720575940615837746,right,T5c,763,-5,14,12,2,T5c,True,,,
720575940615838770,right,T5d,46,-5,15,12,3,T5d,True,,,
720575940615841346,left,T5a,295,-2,29,16,13,T5a,True,,,
720575940615846879,left,T5d,99,4,15,3,12,T5d,True,,,
720575940615851167,left,T5d,450,2,-9,-7,-2,T5d,True,,,
720575940615865650,left,T4c,427,5,-18,-14,-4,T4c,True,,,
720575940615872874,left,T4d,235,4,11,1,10,T4d,True,,,
720575940615874207,left,T4d,70,-4,21,14,7,T4d,True,,,
720575940615880607,left,T5d,538,-4,1,4,-3,T5d,True,,,
720575940615882655,left,T4a,455,7,-7,-11,4,T4a,True,,,
720575940615887775,right,T5b,622,-5,20,15,5,T5b,True,,,
720575940615890235,left,T5d,422,-7,-4,5,-9,T5d,True,,,
720575940615891412,left,T5b,42,-1,14,8,6,T5b,True,,,
720575940615900127,left,T4d,192,7,10,-2,12,T4d,True,,,
720575940615901382,right,T5c,149,6,-14,-13,-1,T5c,True,,,
720575940615903419,left,T4a,368,-4,-20,-6,-14,T4a,True,,,
720575940615909900,right,T5d,773,5,-19,-15,-4,T5d,True,,,
720575940615910213,left,T4b,430,-3,-7,-1,-6,T4b,True,,,
720575940615911583,right,T4a,111,2,-24,-14,-10,T4a,True,,,
720575940615914438,left,T5d,87,1,11,4,7,T5d,True,,,
720575940615916742,left,T4b,640,-1,-16,-7,-9,T4b,True,,,
720575940615918348,right,T4d,678,3,-7,-7,0,T4d,True,,,
720575940615920582,left,T4c,67,-2,-13,-5,-8,T4c,True,,,
720575940615923615,left,T4b,678,3,-7,-7,0,T4b,True,,,
720575940615927750,left,T4a,164,-1,-2,0,-2,T4a,True,,,
720575940615928635,left,T5c,477,-3,2,4,-2,T5c,True,,,
720575940615931186,right,T5c,50,-2,21,12,9,T5c,True,,,
720575940615932428,left,T4b,200,-5,12,11,1,T4b,True,,,
720575940615936966,left,T4b,465,3,0,-3,3,T4b,True,,,
720575940615940364,left,T4d,157,-1,-7,-3,-4,T4d,True,,,
720575940615943786,right,T5d,284,0,25,12,13,T5d,True,,,
720575940615944854,left,T5d,730,7,0,-7,7,T5d,True,,,
720575940615949068,left,T5b,747,0,2,1,1,T5b,True,,,
720575940615954282,right,T4d,21,-2,19,11,8,T4d,True,,,
720575940615958175,left,T4b,570,2,25,10,15,T4b,True,,,
720575940615962636,left,T5b,312,4,-7,-8,1,T5b,True,,,
720575940615969330,left,T5d,597,4,1,-4,5,T5d,True,,,
720575940615970060,left,T5d,540,-2,-9,-3,-6,T5d,True,,,
720575940615973062,left,T5a,778,7,-15,-15,0,T5a,True,,,
720575940615974342,left,T5b,170,-5,1,5,-4,T5b,True,,,
720575940615982047,right,T5c,618,-1,24,13,11,T5c,True,,,
720575940615985164,right,T4a,520,-2,-22,-9,-13,T4a,True,,,
720575940615985606,left,T5d,220,2,-6,-5,-1,T5d,True,,,
720575940615987131,right,T5d,635,6,-6,-9,3,T5d,True,,,
720575940616000268,left,T4d,647,-4,-7,0,-7,T4d,True,,,
720575940616004108,left,T4b,616,-3,15,10,5,T4b,True,,,
720575940616008350,right,T4d,36,6,8,-2,10,T4d,True,,,
720575940616009522,left,T4c,733,-5,-17,-4,-13,T4c,True,,,
720575940616012556,left,T4b,423,3,-18,-12,-6,T4b,True,,,
720575940616014348,left,T5d,539,-6,15,13,2,T5d,True,,,
720575940616015046,left,T4b,540,-2,-9,-3,-6,T4b,True,,,
720575940616015803,right,T4c,622,-5,20,15,5,T4c,True,,,
720575940616018482,left,T5b,432,-5,7,8,-1,T5b,True,,,
720575940616019724,left,T4a,627,0,-1,-1,0,T4a,True,,,
720575940616020274,left,T4d,93,-6,3,7,-4,T4d,True,,,
720575940616024866,right,T5a,513,-4,-13,-3,-10,T5a,True,,,
720575940616044447,left,T4d,188,-5,17,13,4,T4d,True,,,
720575940616044998,left,T5b,234,1,3,0,3,T5b,True,,,
720575940616045279,right,T5a,745,0,13,6,7,T5a,True,,,
720575940616052054,right,T4b,701,0,-4,-2,-2,T4b,True,,,
720575940616052166,left,T4a,486,0,1,0,1,T4a,True,,,
720575940616066154,left,T5a,572,-8,3,9,-6,T5a,True,,,
720575940616084948,right,T4a,51,0,-19,-10,-9,T4a,True,,,
720575940616089906,left,T5b,178,2,11,3,8,T5b,True,,,
720575940616091954,right,T5c,53,5,14,2,12,T5c,True,,,
720575940616100255,left,T4c,417,-6,-10,1,-11,T4c,True,,,
720575940616109825,right,T5d,418,-2,15,9,6,T5d,True,,,
720575940616110523,right,T4b,146,1,-6,-4,-2,T4b,True,,,
720575940616122043,left,T4b,550,-2,3,3,0,T4b,True,,,
720575940616122674,right,T5a,453,3,25,9,16,T5a,True,,,
720575940616127627,left,T5b,243,-1,-21,-10,-11,T5b,True,,,
720575940616130955,right,T4a,749,-2,1,2,-1,T4a,True,,,
720575940616135692,left,T5b,263,-3,4,5,-1,T5b,True,,,
720575940616136565,right,T5c,98,-1,-12,-5,-7,T5c,True,,,
720575940616141324,left,T5b,83,2,-21,-13,-8,T5b,True,,,
720575940616141378,left,T4a,775,5,22,6,16,T4a,True,,,
720575940616141874,left,T4a,420,6,-3,-8,5,T4a,True,,,
720575940616145595,left,T5a,537,0,-23,-12,-11,T5a,True,,,
720575940616147573,right,T4b,420,6,-3,-8,5,T4b,True,,,
720575940616148330,right,T4a,149,6,-14,-13,-1,T4a,True,,,
720575940616149204,left,T5b,134,-5,-18,-4,-14,T5b,True,,,
720575940616150203,left,T4c,55,-4,-11,-2,-9,T4c,True,,,
720575940616150459,left,T4b,161,4,-14,-11,-3,T4b,True,,,
720575940616158366,right,T4a,192,7,10,-2,12,T4a,True,,,
720575940616165738,right,T4a,317,-5,-4,3,-7,T4a,True,,,
720575940616174292,right,T5b,790,-2,-27,-12,-15,T5b,True,,,
720575940616181721,left,T4d,548,1,-16,-9,-7,T4d,True,,,
720575940616182228,left,T4c,623,1,13,5,8,T4c,True,,,
720575940616188021,right,T5a,83,2,-21,-13,-8,T5a,True,,,
720575940616189841,left,T5b,600,3,-10,-8,-2,T5b,True,,,
720575940616191861,right,T4c,255,-6,-13,-1,-12,T4c,True,,,
720575940616194677,right,T4a,94,5,18,4,14,T4a,True,,,
720575940616194772,right,T5d,772,1,12,5,7,T5d,True,,,
720575940616203166,right,T4b,561,5,7,-2,9,T4b,True,,,
720575940616205707,right,T5d,452,1,-9,-6,-3,T5d,True,,,
720575940616205836,left,T4a,614,-2,-8,-2,-6,T4a,True,,,
720575940616208982,right,T4a,330,3,3,-2,5,T4a,True,,,
720575940616209494,right,T4c,682,6,-8,-10,2,T4c,True,,,
720575940616219353,right,T5b,706,-7,-12,1,-13,T5b,True,,,
720575940616224414,right,T4c,770,5,4,-3,7,T4c,True,,,
720575940616228725,right,T4a,58,3,12,3,9,T4a,True,,,
720575940616231641,right,T5a,363,7,-4,-9,5,T5a,True,,,
720575940616234252,right,T5d,65,-1,28,15,13,T5d,True,,,
720575940616236446,right,T4d,727,7,6,-4,10,T4d,True,,,
720575940616238009,right,T5b,400,1,-29,-16,-13,T5b,True,,,
720575940616238521,right,T4c,693,-3,25,15,10,T4c,True,,,
720575940616249461,right,T5d,115,-4,2,5,-3,T5d,True,,,
720575940616250041,right,T5c,103,7,9,-3,12,T5c,True,,,
720575940616255861,left,T4b,67,-2,-13,-5,-8,T4b,True,,,
720575940616257804,left,T4b,491,7,-1,-8,7,T4b,True,,,
720575940616264646,left,T4d,454,5,-12,-11,-1,T4d,True,,,
720575940616268866,right,T5b,335,2,8,2,6,T5b,True,,,
720575940616272962,right,T5c,41,-3,28,17,11,T5c,True,,,
720575940616274875,left,T5c,674,-4,-14,-3,-11,T5c,True,,,
720575940616274971,right,T5a,548,1,-16,-9,-7,T5a,True,,,
720575940616276921,left,T5d,492,-7,-2,6,-8,T5d,True,,,
720575940616297689,right,T4d,186,-1,26,14,12,T4d,True,,,
720575940616298290,left,T5d,585,-1,-23,-11,-12,T5d,True,,,
720575940616299314,left,T4a,212,2,-16,-10,-6,T4a,True,,,
720575940616302292,right,T5b,754,-1,-13,-6,-7,T5b,True,,,
720575940616303774,right,T4d,495,4,5,-2,7,T4d,True,,,
720575940616306078,right,T4d,364,4,4,-2,6,T4d,True,,,
720575940616316884,right,T5c,728,7,12,-1,13,T5c,True,,,
720575940616321492,left,T5a,296,1,-18,-10,-8,T5a,True,,,
720575940616327353,left,T4a,708,-4,-25,-9,-16,T4a,True,,,
720575940616328633,left,T4c,144,7,-11,-13,2,T4c,True,,,
720575940616329684,left,T5c,529,2,-2,-3,1,T5c,True,,,
720575940616332742,left,T4a,1,-6,13,12,1,T4a,True,,,
720575940616333457,left,T4b,370,-3,21,13,8,T4b,True,,,
720575940616333499,left,T4c,128,3,-22,-14,-8,T4c,True,,,
720575940616343953,right,T4b,599,-1,9,5,4,T4b,True,,,
720575940616344849,right,T5b,700,5,15,2,13,T5b,True,,,
720575940616348722,left,T5b,548,1,-16,-9,-7,T5b,True,,,
720575940616361228,left,T4d,637,3,-21,-14,-7,T4d,True,,,
720575940616367577,left,T5a,683,2,6,1,5,T5a,True,,,
720575940616368667,right,T4d,50,-2,21,12,9,T4d,True,,,
720575940616369013,right,T4d,90,-4,5,6,-1,T4d,True,,,
720575940616385842,left,T4c,679,4,18,5,13,T4c,True,,,
720575940616387039,left,T5d,258,-4,-17,-5,-12,T5d,True,,,
720575940616389430,left,T5d,177,-2,-1,1,-2,T5d,True,,,
720575940616390913,right,T4b,264,-1,-6,-2,-4,T4b,True,,,
720575940616391797,right,T5a,587,4,22,7,15,T5a,True,,,
720575940616392276,left,T4d,162,-4,-2,3,-5,T4d,True,,,
720575940616395487,left,T4d,573,4,14,3,11,T4d,True,,,
720575940616396703,right,T5a,680,-1,25,13,12,T5a,True,,,
720575940616396917,right,T5b,175,-6,-7,2,-9,T5b,True,,,
720575940616397727,right,T5d,202,-1,27,14,13,T5d,True,,,
720575940616399071,left,T4c,108,-3,-12,-3,-9,T4c,True,,,
720575940616403423,left,T5c,500,7,-8,-11,3,T5c,True,,,
720575940616408971,right,T5d,269,2,-19,-12,-7,T5d,True,,,
720575940616410129,right,T5d,126,3,11,2,9,T5d,True,,,
720575940616417766,left,T4a,58,3,12,3,9,T4a,True,,,
720575940616420319,left,T4c,559,-6,22,17,5,T4c,True,,,
720575940616420438,right,T4d,561,5,7,-2,9,T4d,True,,,
720575940616424209,right,T4d,581,3,9,1,8,T4d,True,,,
720575940616431628,left,T4b,643,6,14,1,13,T4b,True,,,
720575940616433269,left,T5c,385,-3,-18,-6,-12,T5c,True,,,
720575940616439330,right,T4d,327,5,3,-4,7,T4d,True,,,
720575940616440251,right,T4a,775,5,22,6,16,T4a,True,,,
720575940616444347,left,T5a,769,4,-27,-18,-9,T5a,True,,,
720575940616452182,right,T4b,333,0,-21,-11,-10,T4b,True,,,
720575940616454210,right,T4a,577,5,-14,-12,-2,T4a,True,,,
720575940616473830,left,T4b,2,-8,2,9,-7,T4b,True,,,
720575940616478294,left,T4a,556,0,10,5,5,T4a,True,,,
720575940616479547,right,T5d,239,-6,6,9,-3,T5d,True,,,
720575940616479965,left,T4d,186,-1,26,14,12,T4d,True,,,
720575940616481766,right,T5d,782,-5,27,18,9,T5d,True,,,
720575940616488379,left,T5d,50,-2,21,12,9,T5d,True,,,
720575940616489010,left,T4a,691,6,-21,-17,-4,T4a,True,,,
720575940616492305,right,T4a,63,4,12,2,10,T4a,True,,,
720575940616492998,left,T4a,169,0,-18,-9,-9,T4a,True,,,
720575940616493115,right,T4b,191,-1,-11,-5,-6,T4b,True,,,
720575940616493243,left,T4d,665,7,-2,-8,6,T4d,True,,,
720575940616494865,right,T5d,581,3,9,1,8,T5d,True,,,
720575940616500786,left,T5c,211,-7,-1,6,-7,T5c,True,,,
720575940616503553,right,T4b,493,-3,23,14,9,T4b,True,,,
720575940616510325,left,T5b,566,5,-8,-9,1,T5b,True,,,
720575940616516235,right,T5d,723,-2,-11,-4,-7,T5d,True,,,
720575940616516865,right,T4c,496,7,8,-3,11,T4c,True,,,
720575940616517749,right,T4c,670,5,5,-3,8,T4c,True,,,
720575940616518612,right,T4a,711,-1,19,10,9,T4a,True,,,
720575940616520770,left,T4b,143,-4,16,12,4,T4b,True,,,
720575940616524305,right,T4c,476,-1,15,8,7,T4c,True,,,
720575940616525073,right,T4b,623,1,13,5,8,T4b,True,,,
720575940616527633,right,T5a,374,2,13,4,9,T5a,True,,,
720575940616528145,right,T5d,405,3,10,2,8,T5d,True,,,
720575940616530006,right,T4c,688,-7,10,12,-2,T4c,True,,,
720575940616536203,left,T5c,266,-1,-25,-12,-13,T5c,True,,,
720575940616537461,left,T5d,335,2,8,2,6,T5d,True,,,
720575940616544268,left,T4d,34,6,18,3,15,T4d,True,,,
720575940616545675,left,T5b,58,3,12,3,9,T5b,True,,,
720575940616556561,right,T4c,32,0,12,6,6,T4c,True,,,
720575940616566459,left,T4b,126,3,11,2,9,T4b,True,,,
720575940616568577,right,T5a,468,-3,11,8,3,T5a,True,,,
720575940616575062,right,T4b,163,-9,7,12,-5,T4b,True,,,
720575940616575761,right,T4b,261,-1,13,7,6,T4b,True,,,
720575940616577653,right,T4a,725,-3,-24,-9,-15,T4a,True,,,
720575940616579841,right,T4a,666,7,-13,-14,1,T4a,True,,,
720575940616580865,right,T5a,166,0,18,9,9,T5a,True,,,
720575940616582027,right,T5b,411,-5,-19,-5,-14,T5b,True,,,
720575940616586891,right,T5c,67,-2,-13,-5,-8,T5c,True,,,
720575940616589685,left,T4c,71,-2,-3,0,-3,T4c,True,,,
720575940616594037,right,T4d,320,-2,-5,-1,-4,T4d,True,,,
720575940616606779,right,T5c,248,-6,0,6,-6,T5c,True,,,
720575940616614742,left,T5b,344,-2,-15,-6,-9,T5b,True,,,
720575940616614978,right,T4b,750,4,-24,-16,-8,T4b,True,,,
720575940616616507,right,T4c,45,-5,-1,4,-5,T4c,True,,,
720575940616617885,left,T4b,644,-6,18,15,3,T4b,True,,,
720575940616619826,left,T4b,383,-6,11,11,0,T4b,True,,,
720575940616622292,left,T5b,494,0,29,14,15,T5b,True,,,
720575940616626945,right,T5b,344,-2,-15,-6,-9,T5b,True,,,
720575940616641058,right,T4a,396,-1,10,6,4,T4a,True,,,
720575940616641931,right,T5d,125,5,9,-1,10,T5d,True,,,
720575940616643618,right,T4c,446,2,-14,-9,-5,T4c,True,,,
720575940616649145,right,T4d,552,4,-1,-5,4,T4d,True,,,
720575940616649617,right,T5a,253,5,16,3,13,T5a,True,,,
720575940616658549,right,T4d,535,8,-4,-10,6,T4d,True,,,
720575940616664337,right,T4c,677,0,11,5,6,T4c,True,,,
720575940616664833,right,T4d,86,-5,-7,1,-8,T4d,True,,,
720575940616666146,right,T5d,224,0,5,2,3,T5d,True,,,
720575940616667509,right,T5c,304,6,5,-4,9,T5c,True,,,
720575940616675033,left,T4c,755,4,19,5,14,T4c,True,,,
720575940616677154,right,T4d,122,-5,9,9,0,T4d,True,,,
720575940616680587,right,T4d,32,0,12,6,6,T4d,True,,,
720575940616683826,left,T5d,240,-4,-3,2,-5,T5d,True,,,
720575940616686225,right,T4d,197,0,-20,-10,-10,T4d,True,,,
720575940616695579,right,T4d,756,5,20,5,15,T4d,True,,,
720575940616695835,right,T4a,673,2,5,0,5,T4a,True,,,
720575940616696347,right,T4c,25,-9,3,10,-7,T4c,True,,,
720575940616704596,left,T5c,194,0,-5,-3,-2,T5c,True,,,
720575940616714068,right,T4c,529,2,-2,-3,1,T4c,True,,,
720575940616715421,left,T5c,103,7,9,-3,12,T5c,True,,,
720575940616716427,right,T5a,303,-5,22,16,6,T5a,True,,,
720575940616725009,right,T5c,125,5,9,-1,10,T5c,True,,,
720575940616731665,right,T5b,502,5,8,-1,9,T5b,True,,,
720575940616732722,right,T5c,780,-6,25,18,7,T5c,True,,,
720575940616735574,left,T5a,172,1,22,10,12,T5a,True,,,
720575940616737734,left,T5a,570,2,25,10,15,T5a,True,,,
720575940616740027,right,T5c,262,1,-11,-7,-4,T5c,True,,,
720575940616748249,right,T4c,691,-9,4,11,-7,T4c,True,,,
720575940616748817,right,T5b,271,4,6,-1,7,T5b,True,,,
720575940616755798,left,T4c,565,0,-26,-13,-13,T4c,True,,,
720575940616755985,right,T5c,768,3,5,-1,6,T5c,True,,,
720575940616761617,right,T5b,306,3,7,0,7,T5b,True,,,
720575940616769297,right,T5a,230,2,9,2,7,T5a,True,,,
720575940616770610,right,T4b,728,7,12,-1,13,T4b,True,,,
720575940616772182,left,T4b,89,1,-19,-11,-8,T4b,True,,,
720575940616774981,left,T4d,148,-7,-11,1,-12,T4d,True,,,
720575940616788573,right,T4c,531,1,0,-1,1,T4c,True,,,
720575940616793942,left,T5b,183,-5,-15,-3,-12,T5b,True,,,
720575940616794930,right,T4c,726,2,-28,-16,-12,T4c,True,,,
720575940616803445,left,T5c,632,3,-20,-13,-7,T5c,True,,,
720575940616808534,left,T4d,91,-1,6,4,2,T4d,True,,,
720575940616809333,right,T5b,693,-3,25,15,10,T5b,True,,,
720575940616810582,left,T5d,350,1,15,6,9,T5d,True,,,
720575940616811220,left,T4c,607,1,18,8,10,T4c,True,,,
720575940616813470,left,T4d,45,-5,-1,4,-5,T4d,True,,,
720575940616819729,right,T5c,306,3,7,0,7,T5c,True,,,
720575940616825275,left,T5d,654,-3,8,7,1,T5d,True,,,
720575940616828172,right,T5d,742,-4,11,9,2,T5d,True,,,
720575940616829780,left,T5a,550,-2,3,3,0,T5a,True,,,
720575940616835467,left,T5a,585,-1,-23,-11,-12,T5a,True,,,
720575940616839766,left,T4a,656,0,-11,-6,-5,T4a,True,,,
720575940616844475,right,T5c,515,-8,-7,4,-11,T5c,True,,,
720575940616846934,right,T5b,78,2,20,8,12,T5b,True,,,
720575940616851643,left,T5d,744,-4,25,16,9,T5d,True,,,
720575940616860756,left,T4d,728,7,12,-1,13,T4d,True,,,
720575940616861469,left,T4a,202,-1,27,14,13,T4a,True,,,
720575940616872331,right,T4c,624,1,-17,-10,-7,T4c,True,,,
720575940616880667,left,T5a,602,4,-2,-5,3,T5a,True,,,
720575940616884795,left,T4d,372,1,-2,-2,0,T4d,True,,,
720575940616889906,left,T4a,415,6,12,0,12,T4a,True,,,
720575940616890897,right,T4b,581,3,9,1,8,T4b,True,,,
720575940616891195,left,T5c,274,6,4,-4,8,T5c,True,,,
720575940616894681,right,T4b,395,0,-22,-11,-11,T4b,True,,,
720575940616904029,right,T5d,95,4,-21,-15,-6,T5d,True,,,
720575940616904889,right,T5b,51,0,-19,-10,-9,T5b,True,,,
720575940616905145,right,T5c,697,1,-22,-12,-10,T5c,True,,,
720575940616906641,right,T5d,673,2,5,0,5,T5d,True,,,
720575940616915468,right,T5d,329,0,24,12,12,T5d,True,,,
720575940616917004,right,T5d,336,0,23,11,12,T5d,True,,,
720575940616917516,right,T5a,356,0,22,11,11,T5a,True,,,
720575940616917772,right,T5a,428,-2,23,13,10,T5a,True,,,
720575940616918028,right,T5d,618,-1,24,13,11,T5d,True,,,
720575940616919109,right,T5b,109,4,-5,-7,2,T5b,True,,,
720575940616921089,right,T5d,713,-6,16,14,2,T5d,True,,,
720575940616924428,left,T5b,25,-9,3,10,-7,T5b,True,,,
720575940616924741,right,T5c,432,-5,7,8,-1,T5c,True,,,
720575940616928185,right,T4b,764,-8,-6,5,-11,T4b,True,,,
720575940616929595,right,T5b,126,3,11,2,9,T5b,True,,,
720575940616931101,right,T4c,404,-1,20,11,9,T4c,True,,,
720575940616931189,left,T5c,534,3,2,-2,4,T5c,True,,,
720575940616934203,right,T4d,242,-4,6,7,-1,T4d,True,,,
720575940616936285,right,T5c,410,-2,-2,1,-3,T5c,True,,,
720575940616942731,left,T5a,527,-4,-8,0,-8,T5a,True,,,
720575940616944726,left,T5a,682,6,-8,-10,2,T5a,True,,,
720575940616945238,left,T4a,20,3,-11,-9,-2,T4a,True,,,
720575940616946805,right,T4d,72,0,-28,-14,-14,T4d,True,,,
720575940616947573,right,T4d,402,3,26,10,16,T4d,True,,,
720575940616949109,left,T4b,105,3,22,8,14,T4b,True,,,
720575940616949977,right,T4b,727,7,6,-4,10,T4b,True,,,
720575940616951947,right,T4a,544,3,-13,-10,-3,T4a,True,,,
720575940616958533,left,T5d,642,-5,-11,-1,-10,T5d,True,,,
720575940616961861,right,T4c,76,-3,-4,1,-5,T4c,True,,,
720575940616961878,left,T5d,426,-3,0,3,-3,T5d,True,,,
720575940616973883,left,T5b,98,-1,-12,-5,-7,T5b,True,,,
720575940616982155,left,T5d,265,-6,-1,5,-6,T5d,True,,,
720575940616982411,left,T5d,490,-5,6,8,-2,T5d,True,,,
720575940616985973,left,T4a,499,5,10,0,10,T4a,True,,,
720575940616986251,left,T5b,82,-7,7,10,-3,T5b,True,,,
720575940616989243,right,T5b,689,-2,18,11,7,T5b,True,,,
720575940616997062,right,T4a,669,4,-16,-12,-4,T4a,True,,,
720575940617001266,left,T5d,756,5,20,5,15,T5d,True,,,
720575940617002311,right,T4c,588,1,4,1,3,T4c,True,,,
720575940617005383,right,T4b,132,2,4,0,4,T4b,True,,,
720575940617005639,right,T4a,132,2,4,0,4,T4a,True,,,
720575940617009735,right,T5d,458,5,0,-5,5,T5d,True,,,
720575940617017542,right,T4c,167,0,-17,-9,-8,T4c,True,,,
720575940617018183,right,T4a,546,3,6,0,6,T4a,True,,,
720575940617034077,right,T4b,9,4,9,0,9,T4b,True,,,
720575940617037068,left,T4c,781,8,2,-7,9,T4c,True,,,
720575940617038860,left,T4a,265,-6,-1,5,-6,T4a,True,,,
720575940617039733,left,T4d,353,2,24,10,14,T4d,True,,,
720575940617044293,left,T5b,262,1,-11,-7,-4,T5b,True,,,
720575940617045365,left,T4d,286,0,-24,-12,-12,T4d,True,,,
720575940617051478,left,T4d,86,-5,-7,1,-8,T4d,True,,,
720575940617056598,left,T5d,676,-3,-21,-8,-13,T5d,True,,,
720575940617057622,left,T4b,189,6,13,0,13,T4b,True,,,
720575940617069115,right,T5c,462,-1,18,10,8,T5c,True,,,
720575940617070405,right,T4b,634,-3,-15,-5,-10,T4b,True,,,
720575940617075798,left,T4c,366,2,-29,-17,-12,T4c,True,,,
720575940617076107,right,T5d,142,-2,-18,-7,-11,T5d,True,,,
720575940617088837,left,T5c,417,-6,-10,1,-11,T5c,True,,,
720575940617092957,right,T4d,391,4,-3,-6,3,T4d,True,,,
720575940617096005,left,T4a,551,-4,-9,-1,-8,T4a,True,,,
720575940617097659,left,T5d,309,-6,12,12,0,T5d,True,,,
720575940617098681,right,T4c,773,5,-19,-15,-4,T4c,True,,,
720575940617099125,left,T5d,193,-5,4,7,-3,T5d,True,,,
720575940617099532,left,T5a,518,-4,22,15,7,T5a,True,,,
720575940617100044,right,T5b,110,-7,0,7,-7,T5b,True,,,
720575940617103163,left,T5c,353,2,24,10,14,T5c,True,,,
720575940617108786,left,T5c,257,2,21,8,13,T5c,True,,,
720575940617110233,right,T5b,213,3,-4,-5,1,T5b,True,,,
720575940617111513,right,T4c,308,-5,8,9,-1,T4c,True,,,
720575940617118533,left,T4d,729,-3,29,17,12,T4d,True,,,
720575940617128377,right,T4a,274,6,4,-4,8,T4a,True,,,
720575940617131451,left,T5c,492,-7,-2,6,-8,T5c,True,,,
720575940617132262,right,T5d,80,4,13,2,11,T5d,True,,,
720575940617132761,right,T4c,68,3,16,5,11,T4c,True,,,
720575940617134036,right,T5d,421,-1,12,7,5,T5d,True,,,
720575940617136418,left,T4a,41,-3,28,17,11,T4a,True,,,
720575940617137937,right,T5a,30,6,16,2,14,T5a,True,,,
720575940617140185,left,T5a,556,0,10,5,5,T5a,True,,,
720575940617141204,right,T5a,97,-5,2,6,-4,T5a,True,,,
720575940617144123,left,T4a,404,-1,20,11,9,T4a,True,,,
720575940617145361,right,T5c,694,4,3,-3,6,T5c,True,,,
720575940617146809,left,T5c,628,0,0,0,0,T5c,True,,,
720575940617147409,right,T5c,499,5,10,0,10,T5c,True,,,
720575940617148219,right,T4d,735,1,-23,-13,-10,T4d,True,,,
720575940617150676,right,T5a,673,2,5,0,5,T5a,True,,,
720575940617150905,left,T4a,468,-3,11,8,3,T4a,True,,,
720575940617152699,left,T5d,702,-5,23,16,7,T5d,True,,,
720575940617161531,right,T4b,67,-2,-13,-5,-8,T4b,True,,,
720575940617161787,left,T5d,331,1,-15,-9,-6,T5d,True,,,
720575940617167243,left,T4c,221,-7,3,8,-5,T4c,True,,,
720575940617170978,left,T5d,194,0,-5,-3,-2,T5d,True,,,
720575940617171985,right,T5d,499,5,10,0,10,T5d,True,,,
720575940617174758,right,T4b,112,-6,1,6,-5,T4b,True,,,
720575940617180049,right,T5b,728,7,12,-1,13,T5b,True,,,
720575940617180305,right,T4c,122,-5,9,9,0,T4c,True,,,
720575940617180857,right,T5a,365,4,7,-1,8,T5a,True,,,
720575940617181270,left,T4b,121,-8,4,10,-6,T4b,True,,,
720575940617185403,right,T5b,249,2,-12,-8,-4,T5b,True,,,
720575940617194937,right,T4c,304,6,5,-4,9,T4c,True,,,
720575940617196759,right,T5a,157,-1,-7,-3,-4,T5a,True,,,
720575940617197140,right,T5a,679,4,18,5,13,T5a,True,,,
720575940617205590,left,T5d,595,7,-12,-13,1,T5d,True,,,
720575940617211351,right,T5b,549,0,-9,-5,-4,T5b,True,,,
720575940617212987,right,T4a,582,-1,23,12,11,T4a,True,,,
720575940617216441,right,T4c,83,2,-21,-13,-8,T4c,True,,,
720575940617220281,right,T4a,795,6,-21,-17,-4,T4a,True,,,
720575940617234059,left,T4c,39,0,20,10,10,T4c,True,,,
720575940617234132,right,T5c,454,5,-12,-11,-1,T5c,True,,,
720575940617238843,left,T5a,324,3,24,9,15,T5a,True,,,
720575940617241437,right,T4c,652,-6,-11,0,-11,T4c,True,,,
720575940617243531,left,T4c,102,3,13,3,10,T4c,True,,,
720575940617250489,right,T5d,508,-5,11,10,1,T5d,True,,,
720575940617251001,right,T5b,309,-6,12,12,0,T5b,True,,,
720575940617252923,right,T5a,585,-1,-23,-11,-12,T5a,True,,,
720575940617253435,left,T5d,652,-6,-11,0,-11,T5d,True,,,
720575940617254801,right,T5c,147,1,21,9,12,T5c,True,,,
720575940617254971,left,T5d,649,-1,5,3,2,T5d,True,,,
720575940617259094,left,T5a,590,1,9,3,6,T5a,True,,,
720575940617261346,right,T5c,487,1,-1,-2,1,T5c,True,,,
720575940617270484,right,T4c,392,-4,7,7,0,T4c,True,,,
720575940617270621,right,T4a,315,-3,-6,0,-6,T4a,True,,,
720575940617271508,right,T5a,246,-4,15,11,4,T5a,True,,,
720575940617272020,right,T5a,695,-6,10,11,-1,T5a,True,,,
720575940617275665,right,T5a,714,5,12,1,11,T5a,True,,,
720575940617284130,right,T5a,94,5,18,4,14,T5a,True,,,
720575940617285265,left,T5c,403,-2,-12,-4,-8,T5c,True,,,
720575940617285588,right,T4b,605,3,15,4,11,T4b,True,,,
720575940617289361,left,T4b,487,1,-1,-2,1,T4b,True,,,
720575940617290582,left,T4c,333,0,-21,-11,-10,T4c,True,,,
720575940617294166,left,T4c,722,6,-15,-14,-1,T4c,True,,,
720575940617297595,left,T4c,587,4,22,7,15,T4c,True,,,
720575940617297723,left,T5a,77,2,-5,-5,0,T5a,True,,,
720575940617299003,left,T5b,679,4,18,5,13,T5b,True,,,
720575940617301177,right,T5b,203,3,-1,-4,3,T5b,True,,,
720575940617303014,right,T5d,24,-1,-10,-4,-6,T5d,True,,,
720575940617304788,right,T5a,271,4,6,-1,7,T5a,True,,,
720575940617305556,right,T4b,482,1,17,7,10,T4b,True,,,
720575940617306068,right,T4a,32,0,12,6,6,T4a,True,,,
720575940617306324,right,T4d,456,0,21,10,11,T4d,True,,,
720575940617306841,right,T4a,686,5,-22,-16,-6,T4a,True,,,
720575940617307275,left,T4d,360,-5,19,14,5,T4d,True,,,
720575940617308277,right,T4a,357,4,17,4,13,T4a,True,,,
720575940617311761,right,T5d,700,5,15,2,13,T5d,True,,,
720575940617312827,left,T4a,35,1,-24,-13,-11,T4a,True,,,
720575940617316825,left,T4a,562,-5,-2,4,-6,T4a,True,,,
720575940617322304,right,T5a,404,-1,20,11,9,T5a,True,,,
720575940617323805,left,T4c,552,4,-1,-5,4,T4c,True,,,
720575940617324061,left,T5c,464,4,0,-4,4,T5c,True,,,
720575940617326777,left,T4c,234,1,3,0,3,T4c,True,,,
720575940617339835,right,T4c,297,7,-9,-12,3,T4c,True,,,
720575940617340736,right,T5b,648,1,7,2,5,T5b,True,,,
720575940617342169,right,T4c,674,-4,-14,-3,-11,T4c,True,,,
720575940617345467,left,T4a,755,4,19,5,14,T4a,True,,,
720575940617345753,right,T4a,652,-6,-11,0,-11,T4a,True,,,
720575940617348582,right,T4c,683,2,6,1,5,T4c,True,,,
720575940617353428,left,T5d,52,-1,-22,-10,-12,T5d,True,,,
720575940617354937,left,T5c,57,6,-11,-12,1,T5c,True,,,
720575940617358009,right,T4b,626,-5,-8,1,-9,T4b,True,,,
720575940617361206,right,T4d,7,-6,-6,3,-9,T4d,True,,,
720575940617362747,left,T4b,578,4,-11,-10,-1,T4b,True,,,
720575940617365597,left,T5d,203,3,-1,-4,3,T5d,True,,,
720575940617365990,right,T5a,501,1,2,0,2,T5a,True,,,
720575940617366155,left,T5d,267,-6,2,7,-5,T5d,True,,,
720575940617368123,right,T5c,693,-3,25,15,10,T5c,True,,,
720575940617368128,left,T4c,655,6,-1,-7,6,T4c,True,,,
720575940617369693,left,T5a,361,0,-7,-4,-3,T5a,True,,,
720575940617376985,right,T4a,648,1,7,2,5,T4a,True,,,
720575940617378833,right,T4d,643,6,14,1,13,T4d,True,,,
720575940617380672,left,T5a,285,6,-18,-15,-3,T5a,True,,,
720575940617381817,left,T5b,596,-4,-16,-4,-12,T5b,True,,,
720575940617382740,right,T5b,264,-1,-6,-2,-4,T5b,True,,,
720575940617387035,right,T5d,436,0,-15,-8,-7,T5d,True,,,
720575940617388427,left,T4c,239,-6,6,9,-3,T4c,True,,,
720575940617389529,left,T5a,407,-5,-10,0,-10,T5a,True,,,
720575940617390910,right,T4a,629,4,24,8,16,T4a,True,,,
720575940617391249,right,T4a,618,-1,24,13,11,T4a,True,,,
720575940617396497,right,T5b,63,4,12,2,10,T5b,True,,,
720575940617397433,right,T4c,439,-3,-9,-2,-7,T4c,True,,,
720575940617406937,left,T5b,599,-1,9,5,4,T5b,True,,,
720575940617407161,left,T5b,607,1,18,8,10,T5b,True,,,
720575940617407705,right,T4a,209,-3,-8,-1,-7,T4a,True,,,
720575940617409349,right,T5d,375,-6,7,9,-2,T5d,True,,,
720575940617413561,left,T5d,588,1,4,1,3,T5d,True,,,
720575940617414283,left,T5c,421,-1,12,7,5,T5c,True,,,
720575940617416660,right,T4a,53,5,14,2,12,T4a,True,,,
720575940617417275,left,T5b,371,6,-5,-9,4,T5b,True,,,
720575940617423189,left,T5b,543,-1,-4,-1,-3,T5b,True,,,
720575940617426496,left,T5b,484,3,-9,-8,-1,T5b,True,,,
720575940617426773,left,T5b,589,-1,-5,-2,-3,T5b,True,,,
720575940617434324,left,T4c,430,-3,-7,-1,-6,T4c,True,,,
720575940617435712,left,T5a,499,5,10,0,10,T5a,True,,,
720575940617437913,left,T5b,725,-3,-24,-9,-15,T5b,True,,,
720575940617439542,left,T4b,611,-1,-18,-8,-10,T4b,True,,,
720575940617441209,left,T4d,608,1,10,4,6,T4d,True,,,
720575940617442022,right,T5d,559,-6,22,17,5,T5d,True,,,
720575940617443677,right,T4b,381,-8,-9,3,-12,T4b,True,,,
720575940617449250,right,T4c,316,5,-4,-7,3,T4c,True,,,
720575940617462502,right,T5a,195,-3,-1,2,-3,T5a,True,,,
720575940617469021,left,T4c,507,-5,-12,-1,-11,T4c,True,,,
720575940617469277,left,T5c,310,2,22,9,13,T5c,True,,,
720575940617470609,right,T5b,147,1,21,9,12,T5b,True,,,
720575940617471889,left,T4c,526,0,-10,-5,-5,T4c,True,,,
720575940617473163,right,T5b,216,2,19,7,12,T5b,True,,,
720575940617473721,left,T5d,589,-1,-5,-2,-3,T5d,True,,,
720575940617474561,right,T4c,736,-8,1,8,-7,T4c,True,,,
720575940617475473,left,T5b,184,-6,-5,3,-8,T5b,True,,,
720575940617483094,right,T4d,597,4,1,-4,5,T4d,True,,,
720575940617485286,right,T5c,302,2,17,6,11,T5c,True,,,
720575940617488641,right,T4d,517,6,3,-5,8,T4d,True,,,
720575940617488852,right,T4d,520,-2,-22,-9,-13,T4d,True,,,
720575940617495508,right,T5b,427,5,-18,-14,-4,T5b,True,,,
720575940617495867,right,T4d,286,0,-24,-12,-12,T4d,True,,,
720575940617495925,left,T5c,514,-4,-10,-1,-9,T5c,True,,,
720575940617500884,left,T4a,23,-3,-16,-5,-11,T4a,True,,,
720575940617501881,left,T4b,320,-2,-5,-1,-4,T4b,True,,,
720575940617502164,left,T5c,716,4,-6,-7,1,T5c,True,,,
720575940617503121,left,T5b,525,-1,-20,-9,-11,T5b,True,,,
720575940617508281,left,T5b,678,3,-7,-7,0,T5b,True,,,
720575940617509174,left,T4a,128,3,-22,-14,-8,T4a,True,,,
720575940617509947,left,T5b,643,6,14,1,13,T5b,True,,,
720575940617512121,right,T5b,564,3,-23,-15,-8,T5b,True,,,
720575940617514241,right,T4c,377,0,7,3,4,T4c,True,,,
720575940617515409,left,T5b,119,-2,6,5,1,T5b,True,,,
720575940617516729,right,T5b,496,7,8,-3,11,T5b,True,,,
720575940617516985,right,T5a,274,6,4,-4,8,T5a,True,,,
720575940617517524,left,T4b,650,-3,-25,-10,-15,T4b,True,,,
720575940617519773,right,T5d,74,-1,-9,-4,-5,T5d,True,,,
720575940617520084,left,T5b,472,1,25,11,14,T5b,True,,,
720575940617527413,left,T4d,24,-1,-10,-4,-6,T4d,True,,,
720575940617529378,right,T5b,364,4,4,-2,6,T5b,True,,,
720575940617531478,right,T5d,494,0,29,14,15,T5d,True,,,
720575940617537681,left,T5c,750,4,-24,-16,-8,T5c,True,,,
720575940617543124,left,T5c,263,-3,4,5,-1,T5c,True,,,
720575940617545985,left,T5c,252,3,23,8,15,T5c,True,,,
720575940617548177,left,T5d,748,-4,20,14,6,T5d,True,,,
720575940617554900,right,T4a,167,0,-17,-9,-8,T4a,True,,,
720575940617557204,left,T5d,88,7,4,-5,9,T5d,True,,,
720575940617557649,right,T4d,647,-4,-7,0,-7,T4d,True,,,
720575940617557794,left,T5a,569,6,6,-3,9,T5a,True,,,
720575940617561949,left,T4b,24,-1,-10,-4,-6,T4b,True,,,
720575940617566609,left,T4b,676,-3,-21,-8,-13,T4b,True,,,
720575940617572609,right,T5a,369,5,-5,-8,3,T5a,True,,,
720575940617572820,left,T4b,757,0,-6,-3,-3,T4b,True,,,
720575940617576226,right,T5c,746,-3,3,4,-1,T5c,True,,,
720575940617576660,left,T4b,20,3,-11,-9,-2,T4b,True,,,
720575940617578201,right,T4c,352,-2,28,16,12,T4c,True,,,
720575940617580381,left,T4c,531,1,0,-1,1,T4c,True,,,
720575940617583505,left,T4c,454,5,-12,-11,-1,T4c,True,,,
720575940617585108,left,T5c,20,3,-11,-9,-2,T5c,True,,,
720575940617585364,left,T5c,382,3,-6,-6,0,T5c,True,,,
720575940617586210,right,T5b,397,-3,-19,-7,-12,T5b,True,,,
720575940617588198,right,T5c,254,3,-24,-15,-9,T5c,True,,,
720575940617593062,left,T5b,464,4,0,-4,4,T5b,True,,,
720575940617593378,left,T4b,170,-5,1,5,-4,T4b,True,,,
720575940617597881,left,T4a,309,-6,12,12,0,T4a,True,,,
720575940617598109,right,T4b,308,-5,8,9,-1,T4b,True,,,
720575940617599193,left,T4c,338,-1,0,1,-1,T4c,True,,,
720575940617604820,right,T5a,682,6,-8,-10,2,T5a,True,,,
720575940617607385,left,T5d,643,6,14,1,13,T5d,True,,,
720575940617607937,left,T5b,564,3,-23,-15,-8,T5b,True,,,
720575940617608377,left,T4b,183,-5,-15,-3,-12,T4b,True,,,
720575940617610043,left,T4c,352,-2,28,16,12,T4c,True,,,
720575940617611481,left,T4d,4,-5,-21,-6,-15,T4d,True,,,
720575940617614265,right,T4a,474,-3,-17,-6,-11,T4a,True,,,
720575940617616529,left,T5a,732,-3,6,6,0,T5a,True,,,
720575940617622100,right,T5c,626,-5,-8,1,-9,T5c,True,,,
720575940617634233,right,T5b,144,7,-11,-13,2,T5b,True,,,
720575940617634388,right,T5c,139,1,-14,-8,-6,T5c,True,,,
720575940617634594,right,T5b,688,-7,10,12,-2,T5b,True,,,
720575940617636057,right,T4b,175,-6,-7,2,-9,T4b,True,,,
720575940617636155,left,T4a,247,-4,-15,-4,-11,T4a,True,,,
720575940617636609,right,T5d,599,-1,9,5,4,T5d,True,,,
720575940617638814,right,T5b,760,0,17,8,9,T5b,True,,,
720575940617643705,right,T4c,418,-2,15,9,6,T4c,True,,,
720575940617643810,right,T5b,363,7,-4,-9,5,T5b,True,,,
720575940617644149,left,T5a,692,-4,24,16,8,T5a,True,,,
720575940617644171,right,T4c,734,2,0,-2,2,T4c,True,,,
720575940617645213,left,T4b,208,5,-21,-16,-5,T4b,True,,,
720575940617646265,right,T4c,501,1,2,0,2,T4c,True,,,
720575940617647590,left,T4c,253,5,16,3,13,T4c,True,,,
720575940617650590,left,T5d,453,3,25,9,16,T5d,True,,,
720575940617656610,left,T5b,100,2,-10,-7,-3,T5b,True,,,
720575940617657205,right,T5d,365,4,7,-1,8,T5d,True,,,
720575940617657556,left,T4b,730,7,0,-7,7,T4b,True,,,
720575940617659833,left,T4a,269,2,-19,-12,-7,T4a,True,,,
720575940617665885,right,T4b,144,7,-11,-13,2,T4b,True,,,
720575940617671142,left,T5c,450,2,-9,-7,-2,T5c,True,,,
720575940617671636,left,T4a,669,4,-16,-12,-4,T4a,True,,,
720575940617674196,left,T5b,120,-1,-1,0,-1,T5b,True,,,
720575940617675732,left,T4d,525,-1,-20,-9,-11,T4d,True,,,
720575940617679361,left,T4b,551,-4,-9,-1,-8,T4b,True,,,
720575940617682321,left,T4b,293,4,-17,-13,-4,T4b,True,,,
720575940617684027,right,T4a,97,-5,2,6,-4,T4a,True,,,
720575940617686356,left,T5c,602,4,-2,-5,3,T5c,True,,,
720575940617689561,right,T5d,515,-8,-7,4,-11,T5d,True,,,
720575940617690041,left,T5b,496,7,8,-3,11,T5b,True,,,
720575940617692573,left,T5c,556,0,10,5,5,T5c,True,,,
720575940617694182,right,T5b,460,-3,-20,-7,-13,T5b,True,,,
720575940617694694,left,T5d,526,0,-10,-5,-5,T5d,True,,,
720575940617699513,left,T5c,593,3,-14,-10,-4,T5c,True,,,
720575940617699998,right,T4c,327,5,3,-4,7,T4c,True,,,
720575940617702868,left,T5c,287,-5,13,11,2,T5c,True,,,
720575940617705629,left,T5b,269,2,-19,-12,-7,T5b,True,,,
720575940617712214,right,T5c,715,4,10,1,9,T5c,True,,,
720575940617712529,left,T4a,480,3,-19,-13,-6,T4a,True,,,
720575940617713245,left,T4d,538,-4,1,4,-3,T4d,True,,,
720575940617718758,right,T4a,707,-2,25,14,11,T4a,True,,,
720575940617720404,right,T5a,533,0,-16,-8,-8,T5a,True,,,
720575940617720916,right,T5c,530,-3,-13,-4,-9,T5c,True,,,
720575940617721172,right,T4d,741,-2,-14,-5,-9,T4d,True,,,
720575940617722525,right,T5a,762,0,14,7,7,T5a,True,,,
720575940617732948,right,T5c,659,-4,-6,1,-7,T5c,True,,,
720575940617735380,right,T5a,612,-3,-26,-10,-16,T5a,True,,,
720575940617743060,left,T5a,616,-3,15,10,5,T5a,True,,,
720575940617743901,right,T5a,531,1,0,-1,1,T5a,True,,,
720575940617745698,right,T5a,537,0,-23,-12,-11,T5a,True,,,
720575940617747037,right,T4b,337,-5,-6,2,-8,T4b,True,,,
720575940617750299,right,T5b,677,0,11,5,6,T5b,True,,,
720575940617760670,right,T4c,623,1,13,5,8,T4c,True,,,
720575940617762049,right,T5a,393,-1,22,12,10,T5a,True,,,
720575940617765862,left,T5a,524,4,-20,-14,-6,T5a,True,,,
720575940617771803,right,T4c,293,4,-17,-13,-4,T4c,True,,,
720575940617777337,left,T5b,267,-6,2,7,-5,T5b,True,,,
720575940617780153,left,T5b,347,-5,-13,-2,-11,T5b,True,,,
720575940617780241,right,T4c,69,1,8,3,5,T4c,True,,,
720575940617781661,right,T4c,260,-3,19,12,7,T4c,True,,,
720575940617782813,left,T4a,364,4,4,-2,6,T4a,True,,,
720575940617782941,right,T5c,188,-5,17,13,4,T5c,True,,,
720575940617783581,left,T4c,513,-4,-13,-3,-10,T4c,True,,,
720575940617783809,right,T4d,243,-1,-21,-10,-11,T4d,True,,,
720575940617783931,left,T4b,139,1,-14,-8,-6,T4b,True,,,
720575940617786113,right,T4b,160,-2,20,12,8,T4b,True,,,
720575940617789524,right,T5a,736,-8,1,8,-7,T5a,True,,,
720575940617795668,right,T4a,378,-3,18,12,6,T4a,True,,,
720575940617796820,left,T5a,95,4,-21,-15,-6,T5a,True,,,
720575940617803911,right,T4a,102,3,13,3,10,T4a,True,,,
720575940617807505,left,T5d,770,5,4,-3,7,T5d,True,,,
720575940617807650,right,T5d,633,-1,-24,-11,-13,T5d,True,,,
720575940617808981,left,T4b,45,-5,-1,4,-5,T4b,True,,,
720575940617809809,right,T4c,737,0,19,9,10,T4c,True,,,
720575940617811929,right,T4b,737,0,19,9,10,T4b,True,,,
720575940617813478,left,T4c,649,-1,5,3,2,T4c,True,,,
720575940617815481,right,T5c,359,2,23,9,14,T5c,True,,,
720575940617817556,left,T4b,577,5,-14,-12,-2,T4b,True,,,
720575940617820955,right,T5c,305,-7,4,9,-5,T5c,True,,,
720575940617821881,right,T5b,65,-1,28,15,13,T5b,True,,,
720575940617825629,right,T4a,603,-3,-23,-9,-14,T4a,True,,,
720575940617826141,left,T4c,524,4,-20,-14,-6,T4c,True,,,
720575940617826397,left,T5c,300,4,-18,-13,-5,T5c,True,,,
720575940617830289,left,T5a,539,-6,15,13,2,T5a,True,,,
720575940617832758,right,T5b,56,1,-13,-8,-5,T5b,True,,,
720575940617832788,right,T4c,641,-8,-5,5,-10,T4c,True,,,
720575940617836801,left,T5d,627,0,-1,-1,0,T5d,True,,,
720575940617840897,left,T5c,479,-2,10,7,3,T5c,True,,,
720575940617841297,left,T4b,785,8,3,-7,10,T4b,True,,,
720575940617844481,left,T4b,292,-4,18,13,5,T4b,True,,,
720575940617844881,left,T4c,730,7,0,-7,7,T4c,True,,,
720575940617845277,right,T4b,116,-1,-8,-3,-5,T4b,True,,,
720575940617845533,right,T5b,200,-5,12,11,1,T5b,True,,,
720575940617847454,right,T4a,533,0,-16,-8,-8,T4a,True,,,
720575940617852573,left,T5c,476,-1,15,8,7,T5c,True,,,
720575940617861649,right,T4a,87,1,11,4,7,T4a,True,,,
720575940617861755,right,T5d,302,2,17,6,11,T5d,True,,,
720575940617865105,left,T4d,469,-7,13,13,0,T4d,True,,,
720575940617871833,left,T5a,488,7,5,-5,10,T5a,True,,,
720575940617871965,left,T5a,226,5,19,4,15,T5a,True,,,
720575940617872797,left,T5a,353,2,24,10,14,T5a,True,,,
720575940617873565,left,T4c,197,0,-20,-10,-10,T4c,True,,,
720575940617873698,left,T5a,3,6,-12,-12,0,T5a,True,,,
720575940617874781,right,T4a,693,-3,25,15,10,T4a,True,,,
720575940617880916,right,T5b,755,4,19,5,14,T5b,True,,,
720575940617887133,left,T5b,701,0,-4,-2,-2,T5b,True,,,
720575940617888157,right,T4d,194,0,-5,-3,-2,T4d,True,,,
720575940617889595,left,T5d,380,-1,29,15,14,T5d,True,,,
720575940617889977,left,T4c,382,3,-6,-6,0,T4c,True,,,
720575940617890132,right,T4d,775,5,22,6,16,T4d,True,,,
720575940617891329,left,T5a,568,-6,-8,2,-10,T5a,True,,,
720575940617892189,left,T4b,300,4,-18,-13,-5,T4b,True,,,
720575940617897729,left,T4b,236,-1,4,3,1,T4b,True,,,
720575940617904541,right,T4d,191,-1,-11,-5,-6,T4d,True,,,
720575940617908875,left,T4c,420,6,-3,-8,5,T4c,True,,,
720575940617909268,left,T4c,723,-2,-11,-4,-7,T4c,True,,,
720575940617909627,left,T4d,534,3,2,-2,4,T4d,True,,,
720575940617910804,left,T4c,96,1,-10,-6,-4,T4c,True,,,
720575940617912443,left,T5b,425,3,20,7,13,T5b,True,,,
720575940617915677,left,T4d,10,5,-15,-13,-2,T4d,True,,,
720575940617915933,left,T5d,454,5,-12,-11,-1,T5d,True,,,
720575940617916889,left,T4c,371,6,-5,-9,4,T4c,True,,,
720575940617917926,right,T5c,341,6,-17,-15,-2,T5c,True,,,
720575940617918621,left,T4c,509,-4,10,9,1,T4c,True,,,
720575940617925067,right,T4a,481,4,-8,-8,0,T4a,True,,,
720575940617930241,left,T4d,417,-6,-10,1,-11,T4d,True,,,
720575940617930897,left,T4c,583,3,-25,-16,-9,T4c,True,,,
720575940617936197,right,T4d,427,5,-18,-14,-4,T4d,True,,,
720575940617943124,right,T5c,126,3,11,2,9,T5c,True,,,
720575940617948957,right,T4a,363,7,-4,-9,5,T4a,True,,,
720575940617951889,left,T4c,505,6,-22,-17,-5,T4c,True,,,
720575940617951974,left,T5a,65,-1,28,15,13,T5a,True,,,
720575940617953793,left,T4a,730,7,0,-7,7,T4a,True,,,
720575940617955073,right,T4d,709,-2,-24,-10,-14,T4d,True,,,
720575940617957149,right,T4b,137,5,-7,-9,2,T4b,True,,,
720575940617961245,right,T4b,394,-7,-8,3,-11,T4b,True,,,
720575940617963934,left,T5d,430,-3,-7,-1,-6,T5d,True,,,
720575940617964379,right,T5c,555,-4,9,8,1,T5c,True,,,
720575940617967773,right,T4c,323,-7,-13,0,-13,T4c,True,,,
720575940617969126,left,T4a,363,7,-4,-9,5,T4a,True,,,
720575940617969153,left,T4a,125,5,9,-1,10,T4a,True,,,
720575940617969937,right,T4b,466,1,14,6,8,T4b,True,,,
720575940617971217,right,T4d,601,1,16,7,9,T4d,True,,,
720575940617975586,right,T4a,49,4,-4,-6,2,T4a,True,,,
720575940617976389,right,T5b,441,3,-16,-11,-5,T5b,True,,,
720575940617979037,left,T4a,625,-2,24,14,10,T4a,True,,,
720575940617980116,left,T4d,424,-3,-2,2,-4,T4d,True,,,
720575940617980372,left,T4a,774,-8,6,11,-5,T4a,True,,,
720575940617988097,right,T5a,724,4,2,-3,5,T5a,True,,,
720575940617988353,right,T4a,229,5,2,-4,6,T4a,True,,,
720575940617993506,left,T5c,326,2,16,6,10,T5c,True,,,
720575940617997917,left,T5c,638,-1,7,4,3,T5c,True,,,
720575940617999645,right,T4c,172,1,22,10,12,T4c,True,,,
720575940617999680,right,T4b,586,2,18,7,11,T4b,True,,,
720575940618000273,left,T4c,645,-4,27,17,10,T4c,True,,,
720575940618004770,left,T5d,54,-4,3,5,-2,T5d,True,,,
720575940618007164,left,T5b,556,0,10,5,5,T5b,True,,,
720575940618009318,right,T5a,459,5,-3,-7,4,T5a,True,,,
720575940618010942,right,T4b,570,2,25,10,15,T4b,True,,,
720575940618011163,left,T4a,287,-5,13,11,2,T4a,True,,,
720575940618012089,left,T5c,17,1,-5,-4,-1,T5c,True,,,
720575940618022557,left,T4d,321,8,4,-6,10,T4d,True,,,
720575940618030081,left,T5b,449,6,-16,-14,-2,T5b,True,,,
720575940618032569,left,T5d,630,4,8,0,8,T5d,True,,,
720575940618034000,left,T4c,627,0,-1,-1,0,T4c,True,,,
720575940618036293,left,T5b,580,-2,-23,-10,-13,T5b,True,,,
720575940618036710,left,T4c,416,3,-8,-7,-1,T4c,True,,,
720575940618037990,right,T4c,102,3,13,3,10,T4c,True,,,
720575940618038109,right,T4a,373,1,-21,-12,-9,T4a,True,,,
720575940618038457,left,T5a,159,7,7,-4,11,T5a,True,,,
720575940618038651,right,T4a,638,-1,7,4,3,T4a,True,,,
720575940618040347,left,T5a,652,-6,-11,0,-11,T5a,True,,,
720575940618040404,left,T5c,633,-1,-24,-11,-13,T5c,True,,,
720575940618052426,right,T5c,568,-6,-8,2,-10,T5c,True,,,
720575940618053147,right,T5b,593,3,-14,-10,-4,T5b,True,,,
720575940618056005,right,T4b,674,-4,-14,-3,-11,T4b,True,,,
720575940618059604,right,T4a,624,1,-17,-10,-7,T4a,True,,,
720575940618064965,right,T5c,435,5,-17,-14,-3,T5c,True,,,
720575940618066715,right,T4a,33,3,18,6,12,T4a,True,,,
720575940618067739,right,T5c,310,2,22,9,13,T5c,True,,,
720575940618069077,right,T5a,191,-1,-11,-5,-6,T5a,True,,,
720575940618069721,right,T4d,670,5,5,-3,8,T4d,True,,,
720575940618074205,right,T4c,646,6,17,2,15,T4c,True,,,
720575940618080093,left,T5d,696,-2,16,10,6,T5d,True,,,
720575940618087709,left,T4a,564,3,-23,-15,-8,T4a,True,,,
720575940618091035,left,T5d,168,-1,17,9,8,T5d,True,,,
720575940618091860,left,T4c,579,-3,-10,-2,-8,T4c,True,,,
720575940618095429,left,T5c,83,2,-21,-13,-8,T5c,True,,,
720575940618095650,left,T5d,398,-3,22,14,8,T5d,True,,,
720575940618096411,right,T4d,209,-3,-8,-1,-7,T4d,True,,,
720575940618097482,right,T5d,190,-3,-5,0,-5,T5d,True,,,
720575940618097821,right,T4a,272,3,-2,-4,2,T4a,True,,,
720575940618097947,left,T5b,357,4,17,4,13,T5b,True,,,
720575940618100770,left,T5d,48,-4,-22,-7,-15,T5d,True,,,
720575940618102484,left,T4a,264,-1,-6,-2,-4,T4a,True,,,
720575940618107220,right,T5c,376,-7,-10,2,-12,T5c,True,,,
720575940618108955,left,T5b,450,2,-9,-7,-2,T5b,True,,,
720575940618112069,right,T5b,206,-3,5,5,0,T5b,True,,,
720575940618114082,right,T4c,594,7,-16,-15,-1,T4c,True,,,
720575940618116642,left,T4d,437,-3,12,9,3,T4d,True,,,
720575940618119970,right,T5c,791,-1,-28,-13,-15,T5c,True,,,
720575940618125969,left,T5a,32,0,12,6,6,T5a,True,,,
720575940618127387,left,T4c,400,1,-29,-16,-13,T4c,True,,,
720575940618136859,right,T4b,461,7,-5,-10,5,T4b,True,,,
720575940618137076,left,T5a,180,2,-27,-16,-11,T5a,True,,,
720575940618137165,right,T5b,127,0,15,7,8,T5b,True,,,
720575940618139419,left,T4d,527,-4,-8,0,-8,T4d,True,,,
720575940618143261,right,T5c,291,7,2,-6,8,T5c,True,,,
720575940618143449,left,T5b,713,-6,16,14,2,T5b,True,,,
720575940618146022,left,T5d,310,2,22,9,13,T5d,True,,,
720575940618146875,left,T4d,744,-4,25,16,9,T4d,True,,,
720575940618151195,left,T4c,146,1,-6,-4,-2,T4c,True,,,
720575940618154304,right,T5a,522,-4,0,4,-4,T5a,True,,,
720575940618159033,left,T5c,155,-8,13,14,-1,T5c,True,,,
720575940618159289,left,T4b,731,-6,9,10,-1,T4b,True,,,
720575940618161126,right,T5a,509,-4,10,9,1,T5a,True,,,
720575940618162973,left,T4a,406,1,-25,-14,-11,T4a,True,,,
720575940618168038,left,T4c,312,4,-7,-8,1,T4c,True,,,
720575940618169574,left,T5a,717,2,-22,-13,-9,T5a,True,,,
720575940618171677,left,T5b,645,-4,27,17,10,T5b,True,,,
720575940618172121,right,T5c,284,0,25,12,13,T5c,True,,,
720575940618176027,right,T5c,578,4,-11,-10,-1,T5c,True,,,
720575940618177349,right,T5c,675,-7,19,16,3,T5c,True,,,
720575940618177693,left,T4d,182,7,-10,-12,2,T4d,True,,,
720575940618179540,left,T5c,641,-8,-5,5,-10,T5c,True,,,
720575940618181606,right,T4a,660,2,28,12,16,T4a,True,,,
720575940618183569,right,T4d,290,5,-24,-17,-7,T4d,True,,,
720575940618185787,left,T5a,498,6,10,-1,11,T5a,True,,,
720575940618196381,left,T5d,684,-6,17,14,3,T5d,True,,,
720575940618196549,right,T4c,384,-6,-2,5,-7,T4c,True,,,
720575940618198395,right,T5b,766,2,-4,-4,0,T5b,True,,,
720575940618199513,left,T5a,678,3,-7,-7,0,T5a,True,,,
720575940618207045,right,T5b,665,7,-2,-8,6,T5b,True,,,
720575940618208285,left,T5b,258,-4,-17,-5,-12,T5b,True,,,
720575940618210305,left,T5d,411,-5,-19,-5,-14,T5d,True,,,
720575940618214685,right,T4a,614,-2,-8,-2,-6,T4a,True,,,
720575940618215451,left,T4a,312,4,-7,-8,1,T4a,True,,,
720575940618218779,left,T4c,152,3,-15,-11,-4,T4c,True,,,
720575940618229312,right,T5d,362,2,-20,-12,-8,T5d,True,,,
720575940618229332,right,T5c,583,3,-25,-16,-9,T5c,True,,,
720575940618240769,right,T5b,33,3,18,6,12,T5b,True,,,
720575940618244898,left,T4b,559,-6,22,17,5,T4b,True,,,
720575940618245789,left,T5a,619,-4,-19,-6,-13,T5a,True,,,
720575940618251333,right,T4d,585,-1,-23,-11,-12,T4d,True,,,
720575940618253528,right,T5c,637,3,-21,-14,-7,T5c,True,,,
720575940618255168,left,T4a,196,-1,8,5,3,T4a,True,,,
720575940618256724,right,T5d,343,-3,27,16,11,T5d,True,,,
720575940618257053,left,T5b,767,1,28,13,15,T5b,True,,,
720575940618257337,left,T5d,384,-6,-2,5,-7,T5d,True,,,
720575940618258845,right,T4c,354,-2,-26,-11,-15,T4c,True,,,
720575940618260509,left,T4b,313,7,3,-6,9,T4b,True,,,
720575940618262758,left,T5d,172,1,22,10,12,T5d,True,,,
720575940618264024,left,T4b,299,-4,12,10,2,T4b,True,,,
720575940618265172,right,T4c,783,-4,28,18,10,T4c,True,,,
720575940618265940,right,T5b,783,-4,28,18,10,T5b,True,,,
720575940618269341,left,T4c,622,-5,20,15,5,T4c,True,,,
720575940618270754,left,T4d,430,-3,-7,-1,-6,T4d,True,,,
720575940618270877,right,T4c,681,-2,-21,-9,-12,T4c,True,,,
720575940618271316,left,T4b,217,6,15,1,14,T4b,True,,,
720575940618273821,left,T5c,208,5,-21,-16,-5,T5c,True,,,
720575940618283604,left,T4b,66,2,15,5,10,T4b,True,,,
720575940618283961,right,T4d,505,6,-22,-17,-5,T4d,True,,,
720575940618295768,left,T4c,181,1,-4,-3,-1,T4c,True,,,
720575940618300756,left,T5d,527,-4,-8,0,-8,T5d,True,,,
720575940618303557,left,T4b,565,0,-26,-13,-13,T4b,True,,,
720575940618305108,left,T5c,690,-7,-3,5,-8,T5c,True,,,
720575940618305620,left,T5c,665,7,-2,-8,6,T5c,True,,,
720575940618314048,right,T5c,54,-4,3,5,-2,T5c,True,,,
720575940618314053,left,T4b,310,2,22,9,13,T4b,True,,,
720575940618314937,left,T5b,90,-4,5,6,-1,T5b,True,,,
720575940618317617,left,T5d,445,-2,8,6,2,T5d,True,,,
720575940618317853,left,T4c,309,-6,12,12,0,T4c,True,,,
720575940618321382,left,T4c,47,-9,-1,8,-9,T4c,True,,,
720575940618322971,right,T5a,709,-2,-24,-10,-14,T5a,True,,,
720575940618324564,left,T4c,539,-6,15,13,2,T4c,True,,,
720575940618331456,right,T4a,298,-5,5,7,-2,T4a,True,,,
720575940618336635,left,T4a,734,2,0,-2,2,T4a,True,,,
720575940618340416,right,T4c,746,-3,3,4,-1,T4c,True,,,
720575940618343252,left,T5d,545,5,11,0,11,T5d,True,,,
720575940618344571,right,T4c,250,-1,1,1,0,T4c,True,,,
720575940618345243,left,T4d,151,-3,-14,-4,-10,T4d,True,,,
720575940618345499,left,T5d,461,7,-5,-10,5,T5d,True,,,
720575940618345729,right,T5a,771,3,-27,-17,-10,T5a,True,,,
720575940618349825,left,T5c,404,-1,20,11,9,T5c,True,,,
720575940618350672,left,T4a,659,-4,-6,1,-7,T4a,True,,,
720575940618358085,left,T4c,326,2,16,6,10,T4c,True,,,
720575940618364293,left,T4c,529,2,-2,-3,1,T4c,True,,,
720575940618364561,left,T4a,594,7,-16,-15,-1,T4a,True,,,
720575940618365725,left,T4d,221,-7,3,8,-5,T4d,True,,,
720575940618366021,right,T4b,467,-2,-20,-8,-12,T4b,True,,,
720575940618366528,right,T4b,401,-2,-19,-8,-11,T4b,True,,,
720575940618368001,left,T5c,645,-4,27,17,10,T5c,True,,,
720575940618368216,right,T4c,144,7,-11,-13,2,T4c,True,,,
720575940618369590,left,T5b,137,5,-7,-9,2,T5b,True,,,
720575940618369856,left,T4b,657,-2,-25,-11,-14,T4b,True,,,
720575940618373962,right,T4a,705,1,1,-1,2,T4a,True,,,
720575940618375197,right,T4a,680,-1,25,13,12,T4a,True,,,
720575940618375232,right,T5c,340,-4,17,12,5,T5c,True,,,
720575940618375451,left,T4a,352,-2,28,16,12,T4a,True,,,
720575940618376522,right,T4c,79,2,1,-2,3,T4c,True,,,
720575940618377024,right,T5d,473,-4,23,15,8,T5d,True,,,
720575940618380352,left,T4c,251,-1,-14,-6,-8,T4c,True,,,
720575940618381981,right,T4c,573,4,14,3,11,T4c,True,,,
720575940618382400,left,T4c,520,-2,-22,-9,-13,T4c,True,,,
720575940618400216,right,T5d,539,-6,15,13,2,T5d,True,,,
720575940618404312,right,T5b,128,3,-22,-14,-8,T5b,True,,,
720575940618406941,left,T4b,176,-2,13,8,5,T4b,True,,,
720575940618407195,left,T4a,448,0,30,15,15,T4a,True,,,
720575940618412869,left,T4c,116,-1,-8,-3,-5,T4c,True,,,
720575940618420820,left,T4c,463,5,17,3,14,T4c,True,,,
720575940618422043,left,T4a,78,2,20,8,12,T4a,True,,,
720575940618426717,left,T5c,293,4,-17,-13,-4,T5c,True,,,
720575940618428756,left,T5b,16,-2,-16,-6,-10,T5b,True,,,
720575940618431435,left,T4a,553,-3,16,11,5,T4a,True,,,
720575940618432413,right,T4d,245,-5,-3,3,-6,T4d,True,,,
720575940618441812,left,T5c,733,-5,-17,-4,-13,T5c,True,,,
720575940618442955,left,T5a,453,3,25,9,16,T5a,True,,,
720575940618444155,right,T4a,45,-5,-1,4,-5,T4a,True,,,
720575940618445241,right,T4b,179,-5,-16,-3,-13,T4b,True,,,
720575940618448923,left,T4c,156,-9,1,9,-8,T4c,True,,,
720575940618458176,right,T4a,260,-3,19,12,7,T4a,True,,,
720575940618459712,right,T4a,232,-4,13,10,3,T4a,True,,,
720575940618463793,left,T4c,511,5,-11,-11,0,T4c,True,,,
720575940618464093,left,T4b,327,5,3,-4,7,T4b,True,,,
720575940618468485,left,T5b,730,7,0,-7,7,T5b,True,,,
720575940618468692,right,T4c,631,1,26,12,14,T4c,True,,,
720575940618475422,right,T4d,214,-5,3,6,-3,T4d,True,,,
720575940618475569,right,T5c,113,-2,4,4,0,T5c,True,,,
720575940618482013,left,T5c,292,-4,18,13,5,T5c,True,,,
720575940618485312,right,T4c,540,-2,-9,-3,-6,T4c,True,,,
720575940618489115,right,T4c,662,2,-1,-3,2,T4c,True,,,
720575940618489142,left,T4b,701,0,-4,-2,-2,T4b,True,,,
720575940618491805,left,T4a,679,4,18,5,13,T4a,True,,,
720575940618493253,right,T5a,569,6,6,-3,9,T5a,True,,,
720575940618493509,right,T5a,103,7,9,-3,12,T5a,True,,,
720575940618500918,left,T4d,272,3,-2,-4,2,T4d,True,,,
720575940618502091,left,T5d,620,7,1,-7,8,T5d,True,,,
720575940618502841,right,T4d,387,-1,-15,-7,-8,T4d,True,,,
720575940618504081,left,T4a,606,-1,-19,-9,-10,T4a,True,,,
720575940618506955,left,T5b,53,5,14,2,12,T5b,True,,,
720575940618509851,left,T4a,595,7,-12,-13,1,T4a,True,,,
720575940618511643,left,T5a,712,-7,12,13,-1,T5a,True,,,
720575940618516683,left,T5c,712,-7,12,13,-1,T5c,True,,,
720575940618517794,right,T4c,239,-6,6,9,-3,T4c,True,,,
720575940618521035,left,T4c,734,2,0,-2,2,T4c,True,,,
720575940618525725,left,T4b,680,-1,25,13,12,T4b,True,,,
720575940618527515,left,T4d,354,-2,-26,-11,-15,T4d,True,,,
720575940618530763,left,T5c,332,4,-26,-17,-9,T5c,True,,,
720575940618531585,right,T4b,200,-5,12,11,1,T4b,True,,,
720575940618536350,right,T4c,672,-8,11,13,-2,T4c,True,,,
720575940618542795,left,T4a,250,-1,1,1,0,T4a,True,,,
720575940618543680,left,T5b,606,-1,-19,-9,-10,T5b,True,,,
720575940618547659,left,T4b,265,-6,-1,5,-6,T4b,True,,,
720575940618552404,left,T5a,433,0,-8,-4,-4,T5a,True,,,
720575940618558272,left,T4c,410,-2,-2,1,-3,T4c,True,,,
720575940618562368,left,T5d,440,1,23,10,13,T5d,True,,,
720575940618566685,left,T4d,691,6,-21,-17,-4,T4d,True,,,
720575940618569029,left,T5c,609,-2,0,2,-2,T5c,True,,,
720575940618569762,left,T4c,678,3,-7,-7,0,T4c,True,,,
720575940618576797,left,T4d,738,-3,13,9,4,T4d,True,,,
720575940618584603,left,T4c,453,3,25,9,16,T4c,True,,,
720575940618594589,left,T4c,238,-8,-3,6,-9,T4c,True,,,
720575940618600059,right,T5c,190,-3,-5,0,-5,T5c,True,,,
720575940618601893,left,T4d,475,-4,-1,3,-4,T4d,True,,,
720575940618607262,right,T5c,213,3,-4,-5,1,T5c,True,,,
720575940618613451,left,T4b,536,3,4,-1,5,T4b,True,,,
720575940618614942,right,T5d,20,3,-11,-9,-2,T5d,True,,,
720575940618616733,right,T5c,625,-2,24,14,10,T5c,True,,,
720575940618618934,left,T5b,648,1,7,2,5,T5b,True,,,
720575940618623181,left,T5a,325,5,1,-5,6,T5a,True,,,
720575940618625645,left,T5a,543,-1,-4,-1,-3,T5a,True,,,
720575940618627669,right,T5d,632,3,-20,-13,-7,T5d,True,,,
720575940618630720,right,T4b,324,3,24,9,15,T4b,True,,,
720575940618632532,left,T5d,112,-6,1,6,-5,T5d,True,,,
720575940618632768,left,T5b,723,-2,-11,-4,-7,T5b,True,,,
720575940618635899,left,T5a,9,4,9,0,9,T5a,True,,,
720575940618637691,left,T4a,370,-3,21,13,8,T4a,True,,,
720575940618639189,left,T5b,48,-4,-22,-7,-15,T5b,True,,,
720575940618642998,right,T5a,298,-5,5,7,-2,T5a,True,,,
720575940618647872,left,T5d,624,1,-17,-10,-7,T5d,True,,,
720575940618650864,left,T4c,431,-2,-10,-3,-7,T4c,True,,,
720575940618651864,right,T4a,485,-3,-3,1,-4,T4a,True,,,
720575940618652982,right,T5b,523,2,14,5,9,T5b,True,,,
720575940618654282,right,T5d,238,-8,-3,6,-9,T5d,True,,,
720575940618655061,left,T4d,456,0,21,10,11,T4d,True,,,
720575940618657403,right,T4d,679,4,18,5,13,T4d,True,,,
720575940618658171,right,T5a,414,4,21,6,15,T5a,True,,,
720575940618664533,right,T5d,640,-1,-16,-7,-9,T5d,True,,,
720575940618665339,right,T5b,525,-1,-20,-9,-11,T5b,True,,,
720575940618665595,right,T4c,480,3,-19,-13,-6,T4c,True,,,
720575940618669773,left,T5a,497,6,1,-6,7,T5a,True,,,
720575940618676800,left,T4b,746,-3,3,4,-1,T4b,True,,,
720575940618677893,left,T5a,81,6,-2,-7,5,T5a,True,,,
720575940618682448,left,T5d,90,-4,5,6,-1,T5d,True,,,
720575940618683677,left,T4d,345,3,-12,-9,-3,T4d,True,,,
720575940618684480,left,T5c,775,5,22,6,16,T5c,True,,,
720575940618693154,left,T4c,94,5,18,4,14,T4c,True,,,
720575940618700248,right,T4a,649,-1,5,3,2,T4a,True,,,
720575940618700504,right,T4c,609,-2,0,2,-2,T4c,True,,,
720575940618703941,right,T4d,625,-2,24,14,10,T4d,True,,,
720575940618704453,right,T4d,778,4,25,8,17,T4d,True,,,
720575940618714235,right,T4d,773,5,-19,-15,-4,T4d,True,,,
720575940618714651,left,T5b,367,-6,-15,-2,-13,T5b,True,,,
720575940618717819,right,T5a,375,-6,7,9,-2,T5a,True,,,
720575940618720926,right,T4d,532,-8,7,11,-4,T4d,True,,,
720575940618722112,left,T4d,439,-3,-9,-2,-7,T4d,True,,,
720575940618723397,left,T5a,363,7,-4,-9,5,T5a,True,,,
720575940618727291,right,T4d,573,4,14,3,11,T4d,True,,,
720575940618730107,right,T5a,732,-3,6,6,0,T5a,True,,,
720575940618730325,left,T5d,190,-3,-5,0,-5,T5d,True,,,
720575940618750006,right,T4c,626,-5,-8,1,-9,T4c,True,,,
720575940618751045,left,T5b,618,-1,24,13,11,T5b,True,,,
720575940618752837,left,T4b,415,6,12,0,12,T4b,True,,,
720575940618752853,right,T5a,151,-3,-14,-4,-10,T5a,True,,,
720575940618755638,right,T5a,557,6,-10,-11,1,T5a,True,,,
720575940618756150,left,T4b,751,1,6,2,4,T4b,True,,,
720575940618757147,right,T5d,266,-1,-25,-12,-13,T5d,True,,,
720575940618757430,right,T4c,385,-3,-18,-6,-12,T4c,True,,,
720575940618757686,left,T5c,7,-6,-6,3,-9,T5c,True,,,
720575940618763803,left,T4c,289,-1,11,6,5,T4c,True,,,
720575940618769054,left,T5d,353,2,24,10,14,T5d,True,,,
720575940618773840,right,T4c,99,4,15,3,12,T4c,True,,,
720575940618774848,right,T4a,589,-1,-5,-2,-3,T4a,True,,,
720575940618776354,right,T5d,167,0,-17,-9,-8,T5d,True,,,
720575940618778914,right,T4d,664,1,-27,-15,-12,T4d,True,,,
720575940618780752,left,T5c,627,0,-1,-1,0,T5c,True,,,
720575940618782599,right,T4c,768,3,5,-1,6,T4c,True,,,
720575940618787229,right,T5d,356,0,22,11,11,T5d,True,,,
720575940618802000,right,T4a,710,4,-25,-17,-8,T4a,True,,,
720575940618805627,left,T5a,265,-6,-1,5,-6,T5a,True,,,
720575940618813563,right,T5d,748,-4,20,14,6,T5d,True,,,
720575940618817403,left,T5a,69,1,8,3,5,T5a,True,,,
720575940618818462,right,T4a,186,-1,26,14,12,T4a,True,,,
720575940618827318,right,T4b,460,-3,-20,-7,-13,T4b,True,,,
720575940618832720,right,T5a,401,-2,-19,-8,-11,T5a,True,,,
720575940618862971,left,T4d,74,-1,-9,-4,-5,T4d,True,,,
720575940618865472,right,T4a,231,4,-12,-10,-2,T4a,True,,,
720575940618869627,left,T5c,183,-5,-15,-3,-12,T5c,True,,,
720575940618881950,left,T5d,535,8,-4,-10,6,T5d,True,,,
720575940618882427,right,T4b,187,3,21,7,14,T4b,True,,,
720575940618905246,left,T5d,74,-1,-9,-4,-5,T5d,True,,,
720575940618906270,left,T4c,279,-4,8,8,0,T4c,True,,,
720575940618906790,left,T5d,522,-4,0,4,-4,T5d,True,,,
720575940618908062,left,T5c,320,-2,-5,-1,-4,T5c,True,,,
720575940618910228,right,T4c,417,-6,-10,1,-11,T4c,True,,,
720575940618910621,right,T4a,297,7,-9,-12,3,T4a,True,,,
720575940618918523,left,T5a,503,3,17,5,12,T5a,True,,,
720575940618920395,left,T5b,189,6,13,0,13,T5b,True,,,
720575940618925947,right,T4c,610,2,-23,-14,-9,T4c,True,,,
720575940618933149,left,T5c,511,5,-11,-11,0,T5c,True,,,
720575940618936733,right,T4a,681,-2,-21,-9,-12,T4a,True,,,
720575940618939469,right,T5b,608,1,10,4,6,T5b,True,,,
720575940618940318,left,T4a,147,1,21,9,12,T4a,True,,,
720575940618941261,right,T5c,772,1,12,5,7,T5c,True,,,
720575940618942843,right,T5a,722,6,-15,-14,-1,T5a,True,,,
720575940618943053,right,T5a,772,1,12,5,7,T5a,True,,,
720575940618950221,right,T5b,556,0,10,5,5,T5b,True,,,
720575940618953812,left,T4a,578,4,-11,-10,-1,T4a,True,,,
720575940618962136,right,T5b,765,-3,9,7,2,T5b,True,,,
720575940618971717,left,T4c,62,-2,-29,-13,-16,T4c,True,,,
720575940618978358,right,T5d,334,1,-26,-14,-12,T5d,True,,,
720575940618979126,left,T4a,395,0,-22,-11,-11,T4a,True,,,
720575940618979402,right,T4d,562,-5,-2,4,-6,T4d,True,,,
720575940618980662,left,T5c,356,0,22,11,11,T5c,True,,,
720575940618981278,left,T4a,633,-1,-24,-11,-13,T4a,True,,,
720575940618984315,right,T4b,555,-4,9,8,1,T4b,True,,,
720575940618984606,left,T5c,132,2,4,0,4,T5c,True,,,
720575940618986107,left,T4c,677,0,11,5,6,T4c,True,,,
720575940618989214,right,T4a,476,-1,15,8,7,T4a,True,,,
720575940618992448,left,T4b,672,-8,11,13,-2,T4b,True,,,
720575940618994043,left,T5b,236,-1,4,3,1,T5b,True,,,
720575940618996347,left,T4b,263,-3,4,5,-1,T4b,True,,,
720575940618997277,left,T5b,447,-1,2,2,0,T5b,True,,,
720575940618999461,right,T5b,396,-1,10,6,4,T5b,True,,,
720575940619006317,left,T5a,170,-5,1,5,-4,T5a,True,,,
720575940619007611,left,T4a,642,-5,-11,-1,-10,T4a,True,,,
720575940619007867,right,T4a,790,-2,-27,-12,-15,T4a,True,,,
720575940619016408,right,T5b,387,-1,-15,-7,-8,T5b,True,,,
720575940619019313,right,T4c,2,-8,2,9,-7,T4c,True,,,
720575940619022165,left,T5c,44,5,-10,-10,0,T5c,True,,,
720575940619022757,right,T5b,18,5,-16,-13,-3,T5b,True,,,
720575940619025601,right,T5c,71,-2,-3,0,-3,T5c,True,,,
720575940619035931,left,T4d,278,-5,10,10,0,T4d,True,,,
720575940619038491,left,T4a,122,-5,9,9,0,T4a,True,,,
720575940619039937,left,T4d,160,-2,20,12,8,T4d,True,,,
720575940619043413,right,T4d,639,-4,19,13,6,T4d,True,,,
720575940619054238,left,T4a,311,-7,15,14,1,T4a,True,,,
720575940619057531,right,T4a,169,0,-18,-9,-9,T4a,True,,,
720575940619058742,left,T5a,716,4,-6,-7,1,T5a,True,,,
720575940619058772,left,T5d,669,4,-16,-12,-4,T5d,True,,,
720575940619060673,right,T4b,541,-4,14,11,3,T4b,True,,,
720575940619062693,right,T4b,692,-4,24,16,8,T4b,True,,,
720575940619067213,right,T5c,87,1,11,4,7,T5c,True,,,
720575940619068436,left,T5b,355,-7,-6,4,-10,T5b,True,,,
720575940619075661,right,T5b,590,1,9,3,6,T5b,True,,,
720575940619077445,left,T4c,8,-4,26,17,9,T4c,True,,,
720575940619087307,right,T4b,45,-5,-1,4,-5,T4b,True,,,
720575940619090555,right,T4a,79,2,1,-2,3,T4a,True,,,
720575940619096605,right,T4d,787,3,28,11,17,T4d,True,,,
720575940619097560,right,T4c,535,8,-4,-10,6,T4c,True,,,
720575940619101248,left,T4b,355,-7,-6,4,-10,T4b,True,,,
720575940619102878,left,T5d,537,0,-23,-12,-11,T5d,True,,,
720575940619105600,left,T4c,702,-5,23,16,7,T4c,True,,,
720575940619112731,left,T4d,223,-2,26,15,11,T4d,True,,,
720575940619113339,left,T4c,405,3,10,2,8,T4c,True,,,
720575940619119006,right,T4c,507,-5,-12,-1,-11,T4c,True,,,
720575940619120037,right,T4a,299,-4,12,10,2,T4a,True,,,
720575940619122512,left,T4a,349,-5,-14,-2,-12,T4a,True,,,
720575940619125317,left,T4a,332,4,-26,-17,-9,T4a,True,,,
720575940619125925,left,T5a,530,-3,-13,-4,-9,T5a,True,,,
720575940619137563,left,T4c,138,0,27,13,14,T4c,True,,,
720575940619140884,left,T5d,416,3,-8,-7,-1,T5d,True,,,
720575940619144571,left,T5c,695,-6,10,11,-1,T5c,True,,,
720575940619146910,right,T4a,753,-3,24,15,9,T4a,True,,,
720575940619147141,left,T5a,254,3,-24,-15,-9,T5a,True,,,
720575940619165525,right,T5b,89,1,-19,-11,-8,T5b,True,,,
720575940619166029,right,T4d,504,-2,9,6,3,T4d,True,,,
720575940619167147,right,T5b,120,-1,-1,0,-1,T5b,True,,,
720575940619170974,left,T5c,125,5,9,-1,10,T5c,True,,,
720575940619171604,right,T4a,143,-4,16,12,4,T4a,True,,,
720575940619173440,left,T4c,418,-2,15,9,6,T4c,True,,,
720575940619181739,right,T4d,9,4,9,0,9,T4d,True,,,
720575940619182507,right,T4c,716,4,-6,-7,1,T4c,True,,,
720575940619184461,right,T4d,91,-1,6,4,2,T4d,True,,,
720575940619185099,right,T4c,699,-5,0,5,-5,T4c,True,,,
720575940619188696,left,T5d,460,-3,-20,-7,-13,T5d,True,,,
720575940619190080,left,T4b,341,6,-17,-15,-2,T4b,True,,,
720575940619192197,left,T4d,632,3,-20,-13,-7,T4d,True,,,
720575940619192709,left,T4d,128,3,-22,-14,-8,T4d,True,,,
720575940619196143,right,T4a,613,-8,-4,6,-10,T4a,True,,,
720575940619197121,right,T4c,59,-2,2,3,-1,T4c,True,,,
720575940619197854,right,T4a,630,4,8,0,8,T4a,True,,,
720575940619198110,right,T4c,536,3,4,-1,5,T4c,True,,,
720575940619199403,left,T4c,419,-3,-11,-3,-8,T4c,True,,,
720575940619201413,left,T4d,598,2,-18,-11,-7,T4d,True,,,
720575940619202324,right,T5d,233,4,-13,-11,-2,T5d,True,,,
720575940619209408,right,T4a,137,5,-7,-9,2,T4a,True,,,
720575940619209664,right,T5b,24,-1,-10,-4,-6,T5b,True,,,
720575940619211480,right,T5b,301,-5,16,13,3,T5b,True,,,
720575940619212165,left,T4c,294,1,-20,-11,-9,T4c,True,,,
720575940619212412,left,T5a,302,2,17,6,11,T5a,True,,,
720575940619212668,left,T5a,66,2,15,5,10,T5a,True,,,
720575940619213361,right,T5c,485,-3,-3,1,-4,T5c,True,,,
720575940619213436,left,T5a,466,1,14,6,8,T5a,True,,,
720575940619215774,left,T4a,124,1,-7,-5,-2,T4a,True,,,
720575940619216286,left,T4a,77,2,-5,-5,0,T4a,True,,,
720575940619221809,right,T5d,261,-1,13,7,6,T5d,True,,,
720575940619232216,right,T5b,762,0,14,7,7,T5b,True,,,
720575940619232704,left,T5d,448,0,30,15,15,T5d,True,,,
720575940619233585,right,T4a,570,2,25,10,15,T4a,True,,,
720575940619234987,left,T4b,211,-7,-1,6,-7,T4b,True,,,
720575940619239851,left,T4c,361,0,-7,-4,-3,T4c,True,,,
720575940619240572,left,T4b,696,-2,16,10,6,T4b,True,,,
720575940619244112,right,T4b,746,-3,3,4,-1,T4b,True,,,
720575940619244337,right,T5d,56,1,-13,-8,-5,T5d,True,,,
720575940619245622,left,T5b,650,-3,-25,-10,-15,T5b,True,,,
720575940619247518,left,T5a,237,-2,27,15,12,T5a,True,,,
720575940619260470,left,T5d,404,-1,20,11,9,T5d,True,,,
720575940619260795,left,T5d,719,1,27,12,15,T5d,True,,,
720575940619262331,left,T5c,713,-6,16,14,2,T5c,True,,,
720575940619262844,left,T5c,429,-2,14,9,5,T5c,True,,,
720575940619265963,right,T4c,128,3,-22,-14,-8,T4c,True,,,
720575940619274118,right,T4c,614,-2,-8,-2,-6,T4c,True,,,
720575940619274991,left,T4d,537,0,-23,-12,-11,T4d,True,,,
720575940619276156,left,T4b,166,0,18,9,9,T4b,True,,,
720575940619276165,left,T4b,294,1,-20,-11,-9,T4b,True,,,
720575940619276668,left,T4b,168,-1,17,9,8,T4b,True,,,
720575940619278552,right,T4c,478,-7,16,15,1,T4c,True,,,
720575940619280320,left,T4c,274,6,4,-4,8,T4c,True,,,
720575940619285163,left,T4a,511,5,-11,-11,0,T4a,True,,,
720575940619287488,left,T5d,459,5,-3,-7,4,T5d,True,,,
720575940619294936,left,T4b,671,-4,-23,-8,-15,T4b,True,,,
720575940619295983,right,T4d,486,0,1,0,1,T4d,True,,,
720575940619297413,left,T4b,180,2,-27,-16,-11,T4b,True,,,
720575940619302454,left,T5c,541,-4,14,11,3,T5c,True,,,
720575940619307569,left,T5d,739,-7,2,8,-6,T5d,True,,,
720575940619308109,right,T5c,276,2,3,-1,4,T5c,True,,,
720575940619320188,left,T5b,33,3,18,6,12,T5b,True,,,
720575940619323096,left,T4a,760,0,17,8,9,T4a,True,,,
720575940619324283,left,T5b,340,-4,17,12,5,T5b,True,,,
720575940619326587,left,T5d,765,-3,9,7,2,T5d,True,,,
720575940619330287,left,T5a,241,2,-17,-11,-6,T5a,True,,,
720575940619332312,right,T5c,205,5,-6,-8,2,T5c,True,,,
720575940619332475,right,T4b,642,-5,-11,-1,-10,T4b,True,,,
720575940619333615,left,T4b,275,-8,-1,7,-8,T4b,True,,,
720575940619334966,left,T4a,82,-7,7,10,-3,T4a,True,,,
720575940619335407,right,T5b,111,2,-24,-14,-10,T5b,True,,,
720575940619336256,left,T5b,568,-6,-8,2,-10,T5b,True,,,
720575940619336753,right,T4b,99,4,15,3,12,T4b,True,,,
720575940619344344,right,T5c,496,7,8,-3,11,T5c,True,,,
720575940619348859,left,T4d,626,-5,-8,1,-9,T4d,True,,,
720575940619354539,right,T4a,67,-2,-13,-5,-8,T4a,True,,,
720575940619355984,right,T5b,454,5,-12,-11,-1,T5b,True,,,
720575940619358155,right,T5c,337,-5,-6,2,-8,T5c,True,,,
720575940619361445,left,T5c,707,-2,25,14,11,T5c,True,,,
720575940619365952,left,T4c,34,6,18,3,15,T4c,True,,,
720575940619366790,left,T5a,214,-5,3,6,-3,T5a,True,,,
720575940619367838,right,T5d,620,7,1,-7,8,T5d,True,,,
720575940619367872,right,T5b,606,-1,-19,-9,-10,T5b,True,,,
720575940619368128,right,T4c,129,0,-13,-7,-6,T4c,True,,,
720575940619372736,right,T4c,508,-5,11,10,1,T4c,True,,,
720575940619375900,right,T4a,496,7,8,-3,11,T4a,True,,,
720575940619376331,right,T4d,430,-3,-7,-1,-6,T4d,True,,,
720575940619376856,left,T4a,756,5,20,5,15,T4a,True,,,
720575940619380382,left,T5c,751,1,6,2,4,T5c,True,,,
720575940619387973,right,T4a,320,-2,-5,-1,-4,T4a,True,,,
720575940619388224,left,T5a,364,4,4,-2,6,T5a,True,,,
720575940619392892,left,T5a,711,-1,19,10,9,T5a,True,,,
720575940619394939,left,T4c,171,6,-20,-16,-4,T4c,True,,,
720575940619396933,right,T5b,440,1,23,10,13,T5b,True,,,
720575940619398981,right,T5c,329,0,24,12,12,T5c,True,,,
720575940619401521,left,T4c,470,4,-9,-9,0,T4c,True,,,
720575940619408219,left,T5c,65,-1,28,15,13,T5c,True,,,
720575940619410737,right,T4d,263,-3,4,5,-1,T4d,True,,,
720575940619415089,right,T4c,267,-6,2,7,-5,T4c,True,,,
720575940619415791,left,T4d,769,4,-27,-18,-9,T4d,True,,,
720575940619427163,left,T5d,590,1,9,3,6,T5d,True,,,
720575940619429103,left,T4b,492,-7,-2,6,-8,T4b,True,,,
720575940619431047,left,T4c,477,-3,2,4,-2,T4c,True,,,
720575940619436709,right,T4d,319,-2,5,4,1,T4d,True,,,
720575940619437515,right,T4a,498,6,10,-1,11,T4a,True,,,
720575940619438539,right,T5d,84,-2,12,8,4,T5d,True,,,
720575940619438795,right,T5d,616,-3,15,10,5,T5d,True,,,
720575940619442159,right,T4b,128,3,-22,-14,-8,T4b,True,,,
720575940619444603,left,T4d,19,-7,17,15,2,T4d,True,,,
720575940619448011,left,T4c,52,-1,-22,-10,-12,T4c,True,,,
720575940619450701,right,T5a,145,0,4,2,2,T5a,True,,,
720575940619451608,right,T4c,538,-4,1,4,-3,T4c,True,,,
720575940619451887,left,T4d,43,-5,18,14,4,T4d,True,,,
720575940619452027,left,T5c,399,-2,-28,-12,-16,T5c,True,,,
720575940619453318,right,T4a,585,-1,-23,-11,-12,T4a,True,,,
720575940619453611,right,T4d,762,0,14,7,7,T4d,True,,,
720575940619454379,right,T4d,224,0,5,2,3,T4d,True,,,
720575940619458097,left,T5b,364,4,4,-2,6,T5b,True,,,
720575940619460811,right,T5c,456,0,21,10,11,T5c,True,,,
720575940619466654,left,T4c,59,-2,2,3,-1,T4c,True,,,
720575940619466772,right,T5d,466,1,14,6,8,T5d,True,,,
720575940619468235,right,T5d,293,4,-17,-13,-4,T5d,True,,,
720575940619469214,left,T5c,260,-3,19,12,7,T5c,True,,,
720575940619472344,right,T4b,529,2,-2,-3,1,T4b,True,,,
720575940619473089,right,T5c,700,5,15,2,13,T5c,True,,,
720575940619499654,left,T5a,698,6,-7,-10,3,T5a,True,,,
720575940619501982,right,T5b,768,3,5,-1,6,T5b,True,,,
720575940619508974,left,T4b,618,-1,24,13,11,T4b,True,,,
720575940619511243,right,T5a,293,4,-17,-13,-4,T5a,True,,,
720575940619512454,left,T4c,264,-1,-6,-2,-4,T4c,True,,,
720575940619513905,right,T5d,271,4,6,-1,7,T5d,True,,,
720575940619528784,right,T5c,716,4,-6,-7,1,T5c,True,,,
720575940619531502,right,T4c,322,2,26,11,15,T4c,True,,,
720575940619534641,left,T4b,135,-3,-22,-8,-14,T4b,True,,,
720575940619534971,left,T4c,159,7,7,-4,11,T4c,True,,,
720575940619544661,right,T5a,589,-1,-5,-2,-3,T5a,True,,,
720575940619556987,right,T5b,607,1,18,8,10,T5b,True,,,
720575940619557358,left,T4c,176,-2,13,8,5,T4c,True,,,
720575940619558791,right,T5a,87,1,11,4,7,T5a,True,,,
720575940619565003,right,T4d,133,-3,20,13,7,T4d,True,,,
720575940619567969,left,T4b,514,-4,-10,-1,-9,T4b,True,,,
720575940619568478,left,T5b,6,-2,-4,0,-4,T5b,True,,,
720575940619568622,left,T4b,421,-1,12,7,5,T4b,True,,,
720575940619572053,right,T4c,425,3,20,7,13,T4c,True,,,
720575940619572382,left,T5c,346,-7,-9,2,-11,T5c,True,,,
720575940619574907,left,T4d,444,4,-10,-9,-1,T4d,True,,,
720575940619580245,right,T4c,262,1,-11,-7,-4,T4c,True,,,
720575940619584064,left,T4c,25,-9,3,10,-7,T4c,True,,,
720575940619588918,left,T4c,11,7,-14,-14,0,T4c,True,,,
720575940619594064,left,T5b,406,1,-25,-14,-11,T5b,True,,,
720575940619594545,left,T4d,585,-1,-23,-11,-12,T4d,True,,,
720575940619596248,left,T4a,24,-1,-10,-4,-6,T4a,True,,,
720575940619597734,left,T4b,246,-4,15,11,4,T4b,True,,,
720575940619598502,right,T5c,663,0,8,4,4,T5c,True,,,
720575940619598897,left,T4a,620,7,1,-7,8,T4a,True,,,
720575940619600088,left,T4b,80,4,13,2,11,T4b,True,,,
720575940619600213,right,T5d,577,5,-14,-12,-2,T5d,True,,,
720575940619605041,left,T5d,514,-4,-10,-1,-9,T5d,True,,,
720575940619606065,left,T5d,210,-6,8,10,-2,T5d,True,,,
720575940619608405,right,T4c,751,1,6,2,4,T4c,True,,,
720575940619615568,right,T4b,382,3,-6,-6,0,T4b,True,,,
720575940619616080,right,T5d,602,4,-2,-5,3,T5d,True,,,
720575940619616203,right,T5c,613,-8,-4,6,-10,T5c,True,,,
720575940619629141,left,T5b,15,2,-3,-4,1,T5b,True,,,
720575940619629909,left,T4a,71,-2,-3,0,-3,T4a,True,,,
720575940619630165,left,T5d,487,1,-1,-2,1,T5d,True,,,
720575940619631158,right,T4b,427,5,-18,-14,-4,T4b,True,,,
720575940619636395,right,T4b,550,-2,3,3,0,T4b,True,,,
720575940619636529,left,T5a,177,-2,-1,1,-2,T5a,True,,,
720575940619646685,left,T5a,660,2,28,12,16,T5a,True,,,
720575940619646941,left,T4c,343,-3,27,16,11,T4c,True,,,
720575940619647808,right,T4c,350,1,15,6,9,T4c,True,,,
720575940619656789,right,T4b,432,-5,7,8,-1,T4b,True,,,
720575940619661120,left,T5c,243,-1,-21,-10,-11,T5c,True,,,
720575940619663701,right,T5d,211,-7,-1,6,-7,T5d,True,,,
720575940619665005,right,T4c,628,0,0,0,0,T4c,True,,,
720575940619666541,left,T5b,141,5,-23,-17,-6,T5b,True,,,
720575940619668160,left,T4a,528,2,7,1,6,T4a,True,,,
720575940619670101,right,T5d,654,-3,8,7,1,T5d,True,,,
720575940619671125,right,T4d,704,-7,8,11,-3,T4d,True,,,
720575940619675989,right,T4c,774,-8,6,11,-5,T4c,True,,,
720575940619676269,right,T4d,440,1,23,10,13,T4d,True,,,
720575940619676619,right,T5b,388,3,19,6,13,T5b,True,,,
720575940619679425,left,T5b,295,-2,29,16,13,T5b,True,,,
720575940619680085,right,T5c,570,2,25,10,15,T5c,True,,,
720575940619680472,left,T4c,122,-5,9,9,0,T4c,True,,,
720575940619681329,left,T5a,63,4,12,2,10,T5a,True,,,
720575940619682462,left,T4c,12,-7,9,11,-2,T4c,True,,,
720575940619684918,left,T5d,523,2,14,5,9,T5d,True,,,
720575940619686360,right,T5a,141,5,-23,-17,-6,T5a,True,,,
720575940619688016,right,T5d,765,-3,9,7,2,T5d,True,,,
720575940619689270,left,T4d,49,4,-4,-6,2,T4d,True,,,
720575940619692710,right,T5c,48,-4,-22,-7,-15,T5c,True,,,
720575940619699366,left,T5a,104,-1,-27,-13,-14,T5a,True,,,
720575940619701077,right,T4b,94,5,18,4,14,T4b,True,,,
720575940619704000,left,T5a,597,4,1,-4,5,T5a,True,,,
720575940619707842,right,T5a,287,-5,13,11,2,T5a,True,,,
720575940619710293,right,T4a,14,0,-27,-14,-13,T4a,True,,,
720575940619713645,right,T4a,385,-3,-18,-6,-12,T4a,True,,,
720575940619716961,right,T4c,216,2,19,7,12,T4c,True,,,
720575940619717217,left,T4b,655,6,-1,-7,6,T4b,True,,,
720575940619717257,right,T4b,105,3,22,8,14,T4b,True,,,
720575940619719371,left,T4b,405,3,10,2,8,T4b,True,,,
720575940619723911,right,T4d,375,-6,7,9,-2,T4d,True,,,
720575940619724937,right,T4b,207,1,29,13,16,T4b,True,,,
720575940619726727,right,T5b,421,-1,12,7,5,T5b,True,,,
720575940619727926,left,T4d,696,-2,16,10,6,T4d,True,,,
720575940619733333,left,T4d,241,2,-17,-11,-6,T4d,True,,,
720575940619734107,left,T4a,470,4,-9,-9,0,T4a,True,,,
720575940619734987,right,T4c,229,5,2,-4,6,T4c,True,,,
720575940619738584,left,T5c,97,-5,2,6,-4,T5c,True,,,
720575940619738759,left,T5b,244,-4,-12,-2,-10,T5b,True,,,
720575940619741131,right,T5c,550,-2,3,3,0,T5c,True,,,
720575940619743142,left,T4d,551,-4,-9,-1,-8,T4d,True,,,
720575940619749979,right,T5c,273,-6,23,17,6,T5c,True,,,
720575940619752329,right,T4b,359,2,23,9,14,T4b,True,,,
720575940619757392,right,T5a,534,3,2,-2,4,T5a,True,,,
720575940619763309,left,T5d,439,-3,-9,-2,-7,T5d,True,,,
720575940619763849,right,T4d,353,2,24,10,14,T4d,True,,,
720575940619763915,left,T4c,69,1,8,3,5,T4c,True,,,
720575940619764873,right,T4b,284,0,25,12,13,T4b,True,,,
720575940619765670,right,T4c,445,-2,8,6,2,T4c,True,,,
720575940619770132,left,T5a,752,-2,7,5,2,T5a,True,,,
720575940619772062,left,T5a,135,-3,-22,-8,-14,T5a,True,,,
720575940619774811,right,T4b,567,-2,22,13,9,T4b,True,,,
720575940619778470,left,T5c,359,2,23,9,14,T5c,True,,,
720575940619778925,left,T4d,16,-2,-16,-6,-10,T4d,True,,,
720575940619779465,right,T4b,453,3,25,9,16,T4b,True,,,
720575940619782104,left,T4d,764,7,11,-2,13,T4d,True,,,
720575940619784033,right,T4c,761,-4,-18,-5,-13,T4c,True,,,
720575940619788169,right,T4a,105,3,22,8,14,T4a,True,,,
720575940619788885,right,T5b,685,-5,-9,0,-9,T5b,True,,,
720575940619792202,right,T4d,118,3,1,-3,4,T4d,True,,,
720575940619792589,left,T5d,497,6,1,-6,7,T5d,True,,,
720575940619793031,right,T5d,241,2,-17,-11,-6,T5d,True,,,
720575940619793997,right,T4a,718,-5,24,17,7,T4a,True,,,
720575940619794311,left,T4c,634,-3,-15,-5,-10,T4c,True,,,
720575940619795533,right,T5a,584,4,23,7,16,T5a,True,,,
720575940619797174,left,T4c,426,-3,0,3,-3,T4c,True,,,
720575940619804107,left,T5a,642,-5,-11,-1,-10,T5a,True,,,
720575940619804752,right,T5c,160,-2,20,12,8,T5c,True,,,
720575940619806305,right,T5c,737,0,19,9,10,T5c,True,,,
720575940619809334,left,T4d,722,6,-15,-14,-1,T4d,True,,,
720575940619810068,right,T4a,121,-8,4,10,-6,T4a,True,,,
720575940619810982,right,T4d,694,4,3,-3,6,T4d,True,,,
720575940619812717,right,T4a,553,-3,16,11,5,T4a,True,,,
720575940619816071,right,T5c,96,1,-10,-6,-4,T5c,True,,,
720575940619816753,left,T5b,378,-3,18,12,6,T5b,True,,,
720575940619817293,right,T5c,453,3,25,9,16,T5c,True,,,
720575940619818033,left,T5d,667,1,-28,-15,-13,T5d,True,,,
720575940619821259,left,T4a,136,0,3,1,2,T4a,True,,,
720575940619825485,right,T5d,629,4,24,8,16,T5d,True,,,
720575940619827277,right,T5d,324,3,24,9,15,T5d,True,,,
720575940619828184,left,T4a,585,-1,-23,-11,-12,T4a,True,,,
720575940619828813,right,T5c,629,4,24,8,16,T5c,True,,,
720575940619831117,right,T5a,402,3,26,10,16,T5a,True,,,
720575940619831206,left,T5b,403,-2,-12,-4,-8,T5b,True,,,
720575940619833816,left,T5a,154,-8,0,8,-8,T5a,True,,,
720575940619834072,left,T4b,102,3,13,3,10,T4b,True,,,
720575940619835953,left,T5c,255,-6,-13,-1,-12,T5c,True,,,
720575940619837387,right,T4a,112,-6,1,6,-5,T4a,True,,,
720575940619837829,left,T4b,580,-2,-23,-10,-13,T4b,True,,,
720575940619839056,left,T4d,669,4,-16,-12,-4,T4d,True,,,
720575940619839821,right,T5d,359,2,23,9,14,T5d,True,,,
720575940619840085,left,T4d,450,2,-9,-7,-2,T4d,True,,,
720575940619840647,left,T5d,233,4,-13,-11,-2,T5d,True,,,
720575940619842901,left,T5a,366,2,-29,-17,-12,T5a,True,,,
720575940619846347,left,T4d,169,0,-18,-9,-9,T4d,True,,,
720575940619847757,right,T5a,310,2,22,9,13,T5a,True,,,
720575940619849069,right,T4d,256,5,-20,-15,-5,T4d,True,,,
720575940619860301,right,T5d,775,5,22,6,16,T5d,True,,,
720575940619861963,left,T4c,462,-1,18,10,8,T4c,True,,,
720575940619862987,left,T5c,135,-3,-22,-8,-14,T5c,True,,,
720575940619863431,left,T5d,611,-1,-18,-8,-10,T5d,True,,,
720575940619867259,right,T5b,138,0,27,13,14,T5b,True,,,
720575940619867771,right,T5b,359,2,23,9,14,T5b,True,,,
720575940619868027,right,T5c,472,1,25,11,14,T5c,True,,,
720575940619868539,right,T5b,322,2,26,11,15,T5b,True,,,
720575940619868795,right,T5d,472,1,25,11,14,T5d,True,,,
720575940619869051,right,T5c,138,0,27,13,14,T5c,True,,,
720575940619870785,left,T4c,246,-4,15,11,4,T4c,True,,,
720575940619872592,left,T4b,404,-1,20,11,9,T4b,True,,,
720575940619872715,left,T4b,335,2,8,2,6,T4b,True,,,
720575940619874694,right,T5c,358,-3,17,11,6,T5c,True,,,
720575940619877615,left,T4d,212,2,-16,-10,-6,T4d,True,,,
720575940619883073,right,T4d,526,0,-10,-5,-5,T4d,True,,,
720575940619885110,right,T4d,566,5,-8,-9,1,T4d,True,,,
720575940619887064,left,T5b,336,0,23,11,12,T5b,True,,,
720575940619888720,left,T4a,601,1,16,7,9,T4a,True,,,
720575940619889729,right,T4c,203,3,-1,-4,3,T4c,True,,,
720575940619890136,right,T5d,709,-2,-24,-10,-14,T5d,True,,,
720575940619891928,left,T5d,324,3,24,9,15,T5d,True,,,
720575940619893208,right,T5c,72,0,-28,-14,-14,T5c,True,,,
720575940619902805,left,T4a,337,-5,-6,2,-8,T4a,True,,,
720575940619906251,left,T4b,101,-7,6,10,-4,T4b,True,,,
720575940619907633,left,T4b,165,4,16,4,12,T4b,True,,,
720575940619908811,left,T4a,243,-1,-21,-10,-11,T4a,True,,,
720575940619916564,right,T5a,154,-8,0,8,-8,T5a,True,,,
720575940619919696,right,T5c,460,-3,-20,-7,-13,T5c,True,,,
720575940619922005,left,T4c,521,6,-9,-11,2,T4c,True,,,
720575940619923029,right,T5b,725,-3,-24,-9,-15,T5b,True,,,
720575940619923476,right,T5a,228,-7,1,7,-6,T5a,True,,,
720575940619925012,right,T5c,346,-7,-9,2,-11,T5c,True,,,
720575940619925696,right,T4b,101,-7,6,10,-4,T4b,True,,,
720575940619926321,left,T5d,749,-2,1,2,-1,T5d,True,,,
720575940619929765,right,T5b,656,0,-11,-6,-5,T5b,True,,,
720575940619930929,left,T5a,494,0,29,14,15,T5a,True,,,
720575940619934680,left,T5c,474,-3,-17,-6,-11,T5c,True,,,
720575940619935435,left,T4b,476,-1,15,8,7,T4b,True,,,
720575940619936020,right,T5d,116,-1,-8,-3,-5,T5d,True,,,
720575940619937812,right,T5a,118,3,1,-3,4,T5a,True,,,
720575940619943845,left,T5a,7,-6,-6,3,-9,T5a,True,,,
720575940619944363,right,T4d,481,4,-8,-8,0,T4d,True,,,
720575940619945808,left,T4d,205,5,-6,-8,2,T4d,True,,,
720575940619952469,left,T5a,116,-1,-8,-3,-5,T5a,True,,,
720575940619954648,left,T5d,371,6,-5,-9,4,T5d,True,,,
720575940619956045,right,T4c,567,-2,22,13,9,T4c,True,,,
720575940619958699,left,T5a,560,-7,14,14,0,T5a,True,,,
720575940619961168,left,T4d,179,-5,-16,-3,-13,T4d,True,,,
720575940619962448,left,T4d,618,-1,24,13,11,T4d,True,,,
720575940619963015,left,T4d,506,1,-12,-7,-5,T4d,True,,,
720575940619965776,left,T4c,188,-5,17,13,4,T4c,True,,,
720575940619966087,right,T4d,716,4,-6,-7,1,T4d,True,,,
720575940619970480,left,T4d,234,1,3,0,3,T4d,True,,,
720575940619972944,left,T5a,210,-6,8,10,-2,T5a,True,,,
720575940619972998,right,T4d,76,-3,-4,1,-5,T4d,True,,,
720575940619975765,left,T4a,521,6,-9,-11,2,T4a,True,,,
720575940619977045,right,T5a,4,-5,-21,-6,-15,T5a,True,,,
720575940619979313,right,T4c,451,4,20,6,14,T4c,True,,,
720575940619984469,right,T4d,551,-4,-9,-1,-8,T4d,True,,,
720575940619985099,left,T4a,711,-1,19,10,9,T4a,True,,,
720575940619987659,left,T5a,423,3,-18,-12,-6,T5a,True,,,
720575940619988359,right,T5a,70,-4,21,14,7,T5a,True,,,
720575940619997269,left,T4d,271,4,6,-1,7,T4d,True,,,
720575940619999818,right,T4a,203,3,-1,-4,3,T4a,True,,,
720575940620003248,left,T4a,504,-2,9,6,3,T4a,True,,,
720575940620009045,left,T5a,211,-7,-1,6,-7,T5a,True,,,
720575940620010712,left,T5b,219,6,-4,-8,4,T5b,True,,,
720575940620011503,right,T4c,117,-8,-2,7,-9,T4c,True,,,
720575940620012526,right,T4b,487,1,-1,-2,1,T4b,True,,,
720575940620012782,right,T4c,177,-2,-1,1,-2,T4c,True,,,
720575940620014928,left,T5a,173,2,-25,-15,-10,T5a,True,,,
720575940620015051,left,T4b,88,7,4,-5,9,T4b,True,,,
720575940620017829,right,T4c,263,-3,4,5,-1,T4c,True,,,
720575940620018000,left,T5b,49,4,-4,-6,2,T5b,True,,,
720575940620018256,left,T5c,348,3,14,4,10,T5c,True,,,
720575940620018523,right,T5a,593,3,-14,-10,-4,T5a,True,,,
720575940620031111,left,T4d,168,-1,17,9,8,T4d,True,,,
720575940620033585,left,T4c,367,-6,-15,-2,-13,T4c,True,,,
720575940620033872,right,T4b,733,-5,-17,-4,-13,T4b,True,,,
720575940620034932,right,T5a,371,6,-5,-9,4,T5a,True,,,
720575940620035408,right,T4b,650,-3,-25,-10,-15,T4b,True,,,
720575940620035544,left,T4d,312,4,-7,-8,1,T4d,True,,,
720575940620035664,left,T5a,393,-1,22,12,10,T5a,True,,,
720575940620037323,left,T4b,99,4,15,3,12,T4b,True,,,
720575940620040528,right,T5c,641,-8,-5,5,-10,T5c,True,,,
720575940620041351,left,T5b,670,5,5,-3,8,T5b,True,,,
720575940620043655,left,T5b,297,7,-9,-12,3,T5b,True,,,
720575940620045771,left,T5d,377,0,7,3,4,T5d,True,,,
720575940620049488,left,T5c,272,3,-2,-4,2,T5c,True,,,
720575940620049573,right,T5a,278,-5,10,10,0,T5a,True,,,
720575940620052565,left,T5b,77,2,-5,-5,0,T5b,True,,,
720575940620055768,left,T4d,244,-4,-12,-2,-10,T4d,True,,,
720575940620056852,left,T4a,79,2,1,-2,3,T4a,True,,,
720575940620059813,right,T4b,155,-8,13,14,-1,T4b,True,,,
720575940620062384,left,T5a,705,1,1,-1,2,T5a,True,,,
720575940620063623,left,T5a,147,1,21,9,12,T5a,True,,,
720575940620066580,right,T4d,357,4,17,4,13,T4d,True,,,
720575940620068628,right,T5a,68,3,16,5,11,T5a,True,,,
720575940620069712,right,T4d,595,7,-12,-13,1,T4d,True,,,
720575940620075686,left,T5d,361,0,-7,-4,-3,T5d,True,,,
720575940620075941,right,T5c,80,4,13,2,11,T5c,True,,,
720575940620076208,right,T4a,66,2,15,5,10,T4a,True,,,
720575940620076368,right,T5c,602,4,-2,-5,3,T5c,True,,,
720575940620079808,right,T5a,699,-5,0,5,-5,T5a,True,,,
720575940620081542,left,T4d,279,-4,8,8,0,T4d,True,,,
720575940620087175,left,T5b,441,3,-16,-11,-5,T5b,True,,,
720575940620090544,right,T5c,459,5,-3,-7,4,T5c,True,,,
720575940620101255,left,T4c,356,0,22,11,11,T4c,True,,,
720575940620102576,right,T5d,34,6,18,3,15,T5d,True,,,
720575940620108411,left,T5d,399,-2,-28,-12,-16,T5d,True,,,
720575940620115316,left,T4d,719,1,27,12,15,T4d,True,,,
720575940620117163,right,T5d,228,-7,1,7,-6,T5d,True,,,
720575940620117669,right,T4c,244,-4,-12,-2,-10,T4c,True,,,
720575940620117895,right,T4b,652,-6,-11,0,-11,T4b,True,,,
720575940620118608,left,T4a,272,3,-2,-4,2,T4a,True,,,
720575940620123477,left,T4d,395,0,-22,-11,-11,T4d,True,,,
720575940620124513,left,T5d,16,-2,-16,-6,-10,T5d,True,,,
720575940620127041,right,T5d,67,-2,-13,-5,-8,T5d,True,,,
720575940620128438,right,T4a,401,-2,-19,-8,-11,T4a,True,,,
720575940620131237,right,T4a,263,-3,4,5,-1,T4a,True,,,
720575940620136613,right,T5a,493,-3,23,14,9,T5a,True,,,
720575940620137408,right,T4b,230,2,9,2,7,T4b,True,,,
720575940620148416,right,T5d,600,3,-10,-8,-2,T5d,True,,,
720575940620148596,right,T4b,710,4,-25,-17,-8,T4b,True,,,
720575940620148673,right,T5c,136,0,3,1,2,T5c,True,,,
720575940620152199,left,T4b,255,-6,-13,-1,-12,T4b,True,,,
720575940620158923,left,T4b,324,3,24,9,15,T4b,True,,,
720575940620159111,left,T5b,289,-1,11,6,5,T5b,True,,,
720575940620162241,right,T5c,7,-6,-6,3,-9,T5c,True,,,
720575940620163275,left,T4c,590,1,9,3,6,T4c,True,,,
720575940620164262,left,T5c,240,-4,-3,2,-5,T5c,True,,,
720575940620168395,right,T5c,493,-3,23,14,9,T5c,True,,,
720575940620173483,left,T5c,114,2,-13,-9,-4,T5c,True,,,
720575940620176263,left,T5d,668,1,19,8,11,T5d,True,,,
720575940620178256,right,T4d,702,-5,23,16,7,T4d,True,,,
720575940620179137,right,T5a,640,-1,-16,-7,-9,T5a,True,,,
720575940620181184,left,T5a,757,0,-6,-3,-3,T5a,True,,,
720575940620181931,left,T4b,199,0,-12,-6,-6,T4b,True,,,
720575940620182321,left,T5c,550,-2,3,3,0,T5c,True,,,
720575940620182976,left,T4a,541,-4,14,11,3,T4a,True,,,
720575940620190656,right,T5c,211,-7,-1,6,-7,T5c,True,,,
720575940620190959,right,T5b,115,-4,2,5,-3,T5b,True,,,
720575940620191252,left,T4a,492,-7,-2,6,-8,T4a,True,,,
720575940620191764,left,T5d,534,3,2,-2,4,T5d,True,,,
720575940620194951,left,T5d,249,2,-12,-8,-4,T5d,True,,,
720575940620195776,right,T5a,538,-4,1,4,-3,T5a,True,,,
720575940620198127,right,T5c,754,-1,-13,-6,-7,T5c,True,,,
720575940620198420,left,T4c,147,1,21,9,12,T4c,True,,,
720575940620202405,left,T5a,655,6,-1,-7,6,T5a,True,,,
720575940620205648,left,T5a,565,0,-26,-13,-13,T5a,True,,,
720575940620205844,left,T5d,224,0,5,2,3,T5d,True,,,
720575940620207952,right,T5c,352,-2,28,16,12,T5c,True,,,
720575940620210054,left,T5c,393,-1,22,12,10,T5c,True,,,
720575940620210512,left,T5a,68,3,16,5,11,T5a,True,,,
720575940620213268,right,T4c,669,4,-16,-12,-4,T4c,True,,,
720575940620220598,right,T4a,556,0,10,5,5,T4a,True,,,
720575940620222811,right,T4d,433,0,-8,-4,-4,T4d,True,,,
720575940620227823,left,T5c,195,-3,-1,2,-3,T5c,True,,,
720575940620228212,right,T4c,315,-3,-6,0,-6,T4c,True,,,
720575940620228884,left,T5b,538,-4,1,4,-3,T5b,True,,,
720575940620233040,left,T4a,412,-6,21,16,5,T4a,True,,,
720575940620235867,right,T4d,318,4,-19,-14,-5,T4d,True,,,
720575940620237039,right,T5b,405,3,10,2,8,T5b,True,,,
720575940620237702,right,T5a,436,0,-15,-8,-7,T5a,True,,,
720575940620238063,right,T5c,624,1,-17,-10,-7,T5c,True,,,
720575940620241031,left,T4b,130,2,12,4,8,T4b,True,,,
720575940620241755,right,T5b,17,1,-5,-4,-1,T5b,True,,,
720575940620243335,left,T5b,689,-2,18,11,7,T5b,True,,,
720575940620243591,right,T4c,337,-5,-6,2,-8,T4c,True,,,
720575940620246875,left,T5a,377,0,7,3,4,T5a,True,,,
720575940620255141,left,T5a,551,-4,-9,-1,-8,T5a,True,,,
720575940620255471,right,T4d,673,2,5,0,5,T4d,True,,,
720575940620256421,left,T5c,36,6,8,-2,10,T5c,True,,,
720575940620260998,right,T4c,310,2,22,9,13,T4c,True,,,
720575940620273499,right,T5d,132,2,4,0,4,T5d,True,,,
720575940620274160,left,T5c,569,6,6,-3,9,T5c,True,,,
720575940620274566,right,T5b,265,-6,-1,5,-6,T5b,True,,,
720575940620275053,right,T5b,749,-2,1,2,-1,T5b,True,,,
720575940620277942,right,T4a,541,-4,14,11,3,T4a,True,,,
720575940620278875,right,T5d,9,4,9,0,9,T5d,True,,,
720575940620279131,right,T5a,9,4,9,0,9,T5a,True,,,
720575940620285131,left,T5d,631,1,26,12,14,T5d,True,,,
720575940620289729,right,T5b,435,5,-17,-14,-3,T5b,True,,,
720575940620295105,right,T5d,231,4,-12,-10,-2,T5d,True,,,
720575940620298631,left,T4d,114,2,-13,-9,-4,T4d,True,,,
720575940620301483,right,T5d,133,-3,20,13,7,T5d,True,,,
720575940620305835,right,T4c,261,-1,13,7,6,T4c,True,,,
720575940620306853,right,T4c,116,-1,-8,-3,-5,T4c,True,,,
720575940620310208,right,T4a,352,-2,28,16,12,T4a,True,,,
720575940620310441,left,T4d,64,4,-23,-16,-7,T4d,True,,,
720575940620311232,right,T5d,70,-4,21,14,7,T5d,True,,,
720575940620311791,right,T5a,577,5,-14,-12,-2,T5a,True,,,
720575940620313873,right,T4d,425,3,20,7,13,T4d,True,,,
720575940620314246,right,T4c,234,1,3,0,3,T4c,True,,,
720575940620314305,right,T5b,445,-2,8,6,2,T5b,True,,,
720575940620315412,left,T5d,757,0,-6,-3,-3,T5d,True,,,
720575940620316865,right,T4d,279,-4,8,8,0,T4d,True,,,
720575940620319323,right,T5b,483,2,-7,-6,-1,T5b,True,,,
720575940620322439,left,T5b,654,-3,8,7,1,T5b,True,,,
720575940620326929,right,T4a,679,4,18,5,13,T4a,True,,,
720575940620332308,right,T4d,460,-3,-20,-7,-13,T4d,True,,,
720575940620333038,right,T5b,248,-6,0,6,-6,T5b,True,,,
720575940620333784,right,T5c,784,-4,29,18,11,T5c,True,,,
720575940620335437,right,T4a,621,1,24,11,13,T4a,True,,,
720575940620336208,right,T5d,455,7,-7,-11,4,T5d,True,,,
720575940620336475,right,T5a,622,-5,20,15,5,T5a,True,,,
720575940620337684,left,T5b,399,-2,-28,-12,-16,T5b,True,,,
720575940620338708,left,T5a,768,3,5,-1,6,T5a,True,,,
720575940620339183,left,T4c,151,-3,-14,-4,-10,T4c,True,,,
720575940620342292,left,T4c,149,6,-14,-13,-1,T4c,True,,,
720575940620346305,right,T4b,620,7,1,-7,8,T4b,True,,,
720575940620346900,right,T5b,453,3,25,9,16,T5b,True,,,
720575940620348144,right,T4d,291,7,2,-6,8,T4d,True,,,
720575940620348513,right,T5b,372,1,-2,-2,0,T5b,True,,,
720575940620348692,left,T5a,27,0,-25,-13,-12,T5a,True,,,
720575940620350191,right,T5a,260,-3,19,12,7,T5a,True,,,
720575940620353518,right,T5b,195,-3,-1,2,-3,T5b,True,,,
720575940620353883,right,T5c,2,-8,2,9,-7,T5c,True,,,
720575940620354726,right,T4b,71,-2,-3,0,-3,T4b,True,,,
720575940620355917,right,T4b,729,-3,29,17,12,T4b,True,,,
720575940620357615,right,T5d,176,-2,13,8,5,T5d,True,,,
720575940620358741,left,T5b,44,5,-10,-10,0,T5b,True,,,
720575940620363355,left,T5b,514,-4,-10,-1,-9,T5b,True,,,
720575940620364379,left,T4d,445,-2,8,6,2,T4d,True,,,
720575940620365249,left,T4d,347,-5,-13,-2,-11,T4d,True,,,
720575940620368043,right,T5c,34,6,18,3,15,T5c,True,,,
720575940620368587,left,T4d,252,3,23,8,15,T4d,True,,,
720575940620369323,right,T4d,626,-5,-8,1,-9,T4d,True,,,
720575940620370347,right,T5d,626,-5,-8,1,-9,T5d,True,,,
720575940620371371,right,T4d,384,-6,-2,5,-7,T4d,True,,,
720575940620380075,right,T5b,478,-7,16,15,1,T5b,True,,,
720575940620380654,right,T5a,623,1,13,5,8,T5a,True,,,
720575940620381062,right,T4c,701,0,-4,-2,-2,T4c,True,,,
720575940620386651,left,T5c,445,-2,8,6,2,T5c,True,,,
720575940620387137,right,T5b,42,-1,14,8,6,T5b,True,,,
720575940620393521,left,T4a,741,-2,-14,-5,-9,T4a,True,,,
720575940620394257,right,T4c,357,4,17,4,13,T4c,True,,,
720575940620395759,right,T4b,684,-6,17,14,3,T4b,True,,,
720575940620397598,left,T5c,458,5,0,-5,5,T5c,True,,,
720575940620397841,right,T4c,414,4,21,6,15,T4c,True,,,
720575940620400774,right,T5d,78,2,20,8,12,T5d,True,,,
720575940620401031,left,T5b,407,-5,-10,0,-10,T5b,True,,,
720575940620402718,left,T5c,724,4,2,-3,5,T5c,True,,,
720575940620410304,right,T4b,66,2,15,5,10,T4b,True,,,
720575940620411120,left,T4b,596,-4,-16,-4,-12,T4b,True,,,
720575940620414794,right,T5b,486,0,1,0,1,T5b,True,,,
720575940620415793,left,T5c,361,0,-7,-4,-3,T5c,True,,,
720575940620415809,right,T5b,320,-2,-5,-1,-4,T5b,True,,,
720575940620416586,right,T4b,26,1,-3,-3,0,T4b,True,,,
720575940620416960,left,T4b,723,-2,-11,-4,-7,T4b,True,,,
720575940620418836,left,T5c,115,-4,2,5,-3,T5c,True,,,
720575940620419008,right,T5c,173,2,-25,-15,-10,T5c,True,,,
720575940620419207,right,T4a,8,-4,26,17,9,T4a,True,,,
720575940620419824,right,T4a,194,0,-5,-3,-2,T4a,True,,,
720575940620421614,right,T5a,283,-4,4,6,-2,T5a,True,,,
720575940620422480,left,T5b,635,6,-6,-9,3,T5b,True,,,
720575940620423765,left,T4d,185,2,-11,-8,-3,T4d,True,,,
720575940620427605,left,T4d,273,-6,23,17,6,T4d,True,,,
720575940620427712,left,T5a,603,-3,-23,-9,-14,T5a,True,,,
720575940620428668,right,T5b,498,6,10,-1,11,T5b,True,,,
720575940620429248,left,T4a,701,0,-4,-2,-2,T4a,True,,,
720575940620431013,right,T4d,17,1,-5,-4,-1,T4d,True,,,
720575940620433287,left,T4b,311,-7,15,14,1,T4b,True,,,
720575940620435627,right,T5c,605,3,15,4,11,T5c,True,,,
720575940620436912,right,T4a,165,4,16,4,12,T4a,True,,,
720575940620440199,left,T5c,660,2,28,12,16,T5c,True,,,
720575940620441560,left,T5c,129,0,-13,-7,-6,T5c,True,,,
720575940620443156,left,T5a,667,1,-28,-15,-13,T5a,True,,,
720575940620443227,left,T4d,361,0,-7,-4,-3,T4d,True,,,
720575940620443725,right,T5d,707,-2,25,14,11,T5d,True,,,
720575940620444619,left,T4c,275,-8,-1,7,-8,T4c,True,,,
720575940620445536,right,T5d,575,6,9,-2,11,T5d,True,,,
720575940620446484,left,T5b,511,5,-11,-11,0,T5b,True,,,
720575940620447623,right,T5a,192,7,10,-2,12,T5a,True,,,
720575940620458887,left,T5d,387,-1,-15,-7,-8,T5d,True,,,
720575940620464832,right,T4d,417,-6,-10,1,-11,T4d,True,,,
720575940620465067,left,T5c,171,6,-20,-16,-4,T5c,True,,,
720575940620471893,left,T4b,755,4,19,5,14,T4b,True,,,
720575940620474817,right,T5b,414,4,21,6,15,T5b,True,,,
720575940620475015,left,T5d,328,5,-9,-10,1,T5d,True,,,
720575940620476436,right,T4c,329,0,24,12,12,T4c,True,,,
720575940620477099,left,T5a,659,-4,-6,1,-7,T5a,True,,,
720575940620478959,left,T4b,724,4,2,-3,5,T4b,True,,,
720575940620479038,right,T4a,310,2,22,9,13,T4a,True,,,
720575940620480134,right,T4d,294,1,-20,-11,-9,T4d,True,,,
720575940620486336,left,T5a,1,-6,13,12,1,T5a,True,,,
720575940620486848,left,T5b,359,2,23,9,14,T5b,True,,,
720575940620489094,left,T5c,122,-5,9,9,0,T5c,True,,,
720575940620489972,left,T4d,679,4,18,5,13,T4d,True,,,
720575940620494641,left,T5a,451,4,20,6,14,T5a,True,,,
720575940620496913,right,T4a,31,0,16,8,8,T4a,True,,,
720575940620497067,left,T5b,616,-3,15,10,5,T5b,True,,,
720575940620497279,left,T5c,170,-5,1,5,-4,T5c,True,,,
720575940620499371,left,T4c,56,1,-13,-8,-5,T4c,True,,,
720575940620506862,right,T4c,416,3,-8,-7,-1,T4c,True,,,
720575940620507557,left,T4b,432,-5,7,8,-1,T4b,True,,,
720575940620511249,right,T4a,482,1,17,7,10,T4a,True,,,
720575940620515857,right,T4c,607,1,18,8,10,T4c,True,,,
720575940620519173,right,T4c,294,1,-20,-11,-9,T4c,True,,,
720575940620526757,right,T5b,5,-1,16,9,7,T5b,True,,,
720575940620527487,left,T4a,523,2,14,5,9,T4a,True,,,
720575940620528736,right,T5b,313,7,3,-6,9,T5b,True,,,
720575940620530091,right,T4a,204,5,-2,-6,4,T4a,True,,,
720575940620534399,left,T4c,240,-4,-3,2,-5,T4c,True,,,
720575940620534624,right,T5b,575,6,9,-2,11,T5b,True,,,
720575940620544096,right,T5a,215,6,7,-3,10,T5a,True,,,
720575940620544895,left,T4c,185,2,-11,-8,-3,T4c,True,,,
720575940620548443,left,T4a,276,2,3,-1,4,T4a,True,,,
720575940620550004,right,T5a,212,2,-16,-10,-6,T5a,True,,,
720575940620550240,right,T5c,36,6,8,-2,10,T5c,True,,,
720575940620551776,right,T5d,728,7,12,-1,13,T5d,True,,,
720575940620552319,left,T5b,662,2,-1,-3,2,T5b,True,,,
720575940620553069,right,T4d,403,-2,-12,-4,-8,T4d,True,,,
720575940620553125,right,T5d,592,3,-28,-17,-11,T5d,True,,,
720575940620553921,right,T4b,114,2,-13,-9,-4,T4b,True,,,
720575940620555173,left,T5a,110,-7,0,7,-7,T5a,True,,,
720575940620559469,right,T5c,46,-5,15,12,3,T5c,True,,,
720575940620561279,right,T4b,571,0,-14,-7,-7,T4b,True,,,
720575940620562881,left,T4c,95,4,-21,-15,-6,T4c,True,,,
720575940620567643,left,T5c,611,-1,-18,-8,-10,T5c,True,,,
720575940620567791,left,T5b,363,7,-4,-9,5,T5b,True,,,
720575940620568235,left,T5b,390,-6,-9,1,-10,T5b,True,,,
720575940620568966,right,T4d,97,-5,2,6,-4,T4d,True,,,
720575940620569537,left,T5b,177,-2,-1,1,-2,T5b,True,,,
720575940620572031,left,T4b,191,-1,-11,-5,-6,T4b,True,,,
720575940620572287,right,T5d,546,3,6,0,6,T5d,True,,,
720575940620572737,right,T5c,93,-6,3,7,-4,T5c,True,,,
720575940620572781,right,T4a,586,2,18,7,11,T4a,True,,,
720575940620575067,right,T4a,328,5,-9,-10,1,T4a,True,,,
720575940620575085,left,T5c,681,-2,-21,-9,-12,T5c,True,,,
720575940620575727,left,T4c,737,0,19,9,10,T4c,True,,,
720575940620576773,right,T4a,355,-7,-6,4,-10,T4a,True,,,
720575940620577360,right,T5a,85,4,-22,-15,-7,T5a,True,,,
720575940620584319,right,T4a,628,0,0,0,0,T4a,True,,,
720575940620586349,left,T5a,178,2,11,3,8,T5a,True,,,
720575940620587143,left,T5a,399,-2,-28,-12,-16,T5a,True,,,
720575940620589190,left,T4a,485,-3,-3,1,-4,T4a,True,,,
720575940620591454,right,T5a,182,7,-10,-12,2,T5a,True,,,
720575940620591494,right,T5c,189,6,13,0,13,T5c,True,,,
720575940620593323,right,T4d,269,2,-19,-12,-7,T4d,True,,,
720575940620594113,left,T4d,368,-4,-20,-6,-14,T4d,True,,,
720575940620595792,left,T4d,50,-2,21,12,9,T4d,True,,,
720575940620597382,left,T4a,435,5,-17,-14,-3,T4a,True,,,
720575940620597524,right,T5c,726,2,-28,-16,-12,T5c,True,,,
720575940620603519,right,T4c,604,-6,-17,-3,-14,T4c,True,,,
720575940620604353,left,T4a,301,-5,16,13,3,T4a,True,,,
720575940620606061,right,T4b,246,-4,15,11,4,T4b,True,,,
720575940620606317,right,T5d,101,-7,6,10,-4,T5d,True,,,
720575940620607508,left,T4c,165,4,16,4,12,T4c,True,,,
720575940620608365,right,T4c,278,-5,10,10,0,T4c,True,,,
720575940620608895,right,T5c,380,-1,29,15,14,T5c,True,,,
720575940620611009,right,T5a,241,2,-17,-11,-6,T5a,True,,,
720575940620611866,right,T4a,287,-5,13,11,2,T4a,True,,,
720575940620612998,left,T4a,628,0,0,0,0,T4a,True,,,
720575940620613313,left,T4b,558,-4,-21,-7,-14,T4b,True,,,
720575940620613409,right,T4c,3,6,-12,-12,0,T4c,True,,,
720575940620614534,left,T5c,694,4,3,-3,6,T5c,True,,,
720575940620619247,left,T5a,573,4,14,3,11,T5a,True,,,
720575940620622251,left,T5a,431,-2,-10,-3,-7,T5a,True,,,
720575940620622597,left,T4a,473,-4,23,15,8,T4a,True,,,
720575940620623469,right,T4a,188,-5,17,13,4,T4a,True,,,
720575940620625030,left,T4a,640,-1,-16,-7,-9,T4a,True,,,
720575940620625067,right,T4c,765,-3,9,7,2,T4c,True,,,
720575940620627439,left,T5a,748,-4,20,14,6,T5a,True,,,
720575940620628161,left,T5d,192,7,10,-2,12,T5d,True,,,
720575940620628818,right,T5c,388,3,19,6,13,T5c,True,,,
720575940620630406,left,T4c,17,1,-5,-4,-1,T4c,True,,,
720575940620634096,left,T5c,214,-5,3,6,-3,T5c,True,,,
720575940620636587,left,T4a,533,0,-16,-8,-8,T4a,True,,,
720575940620637266,right,T4c,166,0,18,9,9,T4c,True,,,
720575940620637935,right,T4d,114,2,-13,-9,-4,T4d,True,,,
720575940620639050,right,T4a,164,-1,-2,0,-2,T4a,True,,,
720575940620640427,left,T4b,242,-4,6,7,-1,T4b,True,,,
720575940620640594,right,T4b,425,3,20,7,13,T4b,True,,,
720575940620642799,left,T5b,743,6,-19,-16,-3,T5b,True,,,
720575940620643055,left,T4b,659,-4,-6,1,-7,T4b,True,,,
720575940620643311,left,T4d,433,0,-8,-4,-4,T4d,True,,,
720575940620644434,right,T4c,187,3,21,7,14,T4c,True,,,
720575940620645709,right,T5b,302,2,17,6,11,T5b,True,,,
720575940620648385,left,T4a,531,1,0,-1,1,T4a,True,,,
720575940620649409,left,T4c,373,1,-21,-12,-9,T4c,True,,,
720575940620651179,left,T4b,543,-1,-4,-1,-3,T4b,True,,,
720575940620651361,right,T5c,339,6,11,-1,12,T5c,True,,,
720575940620652016,left,T4a,237,-2,27,15,12,T4a,True,,,
720575940620654318,left,T4c,42,-1,14,8,6,T4c,True,,,
720575940620655087,left,T5c,498,6,10,-1,11,T5c,True,,,
720575940620655494,left,T5a,333,0,-21,-11,-10,T5a,True,,,
720575940620656598,right,T5b,86,-5,-7,1,-8,T5b,True,,,
720575940620656775,left,T5c,720,-5,21,15,6,T5c,True,,,
720575940620657182,left,T5a,630,4,8,0,8,T5a,True,,,
720575940620657287,left,T4c,485,-3,-3,1,-4,T4c,True,,,
720575940620657428,left,T5c,612,-3,-26,-10,-16,T5c,True,,,
720575940620657543,left,T4a,324,3,24,9,15,T4a,True,,,
720575940620657799,left,T5d,776,5,21,5,16,T5d,True,,,
720575940620662619,right,T5d,565,0,-26,-13,-13,T5d,True,,,
720575940620662622,right,T5c,375,-6,7,9,-2,T5c,True,,,
720575940620663899,left,T5d,136,0,3,1,2,T5d,True,,,
720575940620664559,left,T4b,556,0,10,5,5,T4b,True,,,
720575940620666459,left,T4b,702,-5,23,16,7,T4b,True,,,
720575940620667156,left,T4a,207,1,29,13,16,T4a,True,,,
720575940620667747,left,T4d,116,-1,-8,-3,-5,T4d,True,,,
720575940620671367,right,T4d,112,-6,1,6,-5,T4d,True,,,
720575940620672609,right,T4c,105,3,22,8,14,T4c,True,,,
720575940620674125,right,T5c,166,0,18,9,9,T5c,True,,,
720575940620674950,left,T4d,495,4,5,-2,7,T4d,True,,,
720575940620676958,left,T4a,436,0,-15,-8,-7,T4a,True,,,
720575940620685039,right,T4a,536,3,4,-1,5,T4a,True,,,
720575940620687599,right,T4a,593,3,-14,-10,-4,T4a,True,,,
720575940620688148,left,T4b,515,-8,-7,4,-11,T4b,True,,,
720575940620690708,left,T4c,724,4,2,-3,5,T4c,True,,,
720575940620690768,right,T4b,563,5,-13,-12,-1,T4b,True,,,
720575940620692103,left,T5c,518,-4,22,15,7,T5c,True,,,
720575940620693999,right,T4c,621,1,24,11,13,T4c,True,,,
720575940620696229,right,T4c,788,3,27,10,17,T4c,True,,,
720575940620697520,right,T4c,110,-7,0,7,-7,T4c,True,,,
720575940620697691,left,T4a,664,1,-27,-15,-12,T4a,True,,,
720575940620697697,left,T5c,391,4,-3,-6,3,T5c,True,,,
720575940620698863,left,T5b,544,3,-13,-10,-3,T5b,True,,,
720575940620700190,left,T5c,364,4,4,-2,6,T5c,True,,,
720575940620703879,left,T4c,10,5,-15,-13,-2,T4c,True,,,
720575940620703983,right,T5d,158,3,-5,-6,1,T5d,True,,,
720575940620704773,right,T4d,100,2,-10,-7,-3,T4d,True,,,
720575940620707567,left,T5a,657,-2,-25,-11,-14,T5a,True,,,
720575940620713351,left,T4d,304,6,5,-4,9,T4d,True,,,
720575940620714479,right,T4b,64,4,-23,-16,-7,T4b,True,,,
720575940620715246,left,T5b,302,2,17,6,11,T5b,True,,,
720575940620716527,left,T5a,589,-1,-5,-2,-3,T5a,True,,,
720575940620718575,right,T4d,254,3,-24,-15,-9,T4d,True,,,
720575940620719380,left,T5c,190,-3,-5,0,-5,T5c,True,,,
720575940620719855,left,T5a,751,1,6,2,4,T5a,True,,,
720575940620723233,left,T5d,357,4,17,4,13,T5d,True,,,
720575940620723521,right,T5c,151,-3,-14,-4,-10,T5c,True,,,
720575940620724718,left,T4b,571,0,-14,-7,-7,T4b,True,,,
720575940620726849,right,T4b,484,3,-9,-8,-1,T4b,True,,,
720575940620727022,left,T4c,388,3,19,6,13,T4c,True,,,
720575940620727361,right,T4b,389,-6,-16,-2,-14,T4b,True,,,
720575940620732525,right,T4b,445,-2,8,6,2,T4b,True,,,
720575940620733376,left,T4a,188,-5,17,13,4,T4a,True,,,
720575940620734061,right,T5a,35,1,-24,-13,-11,T5a,True,,,
720575940620734958,right,T5a,472,1,25,11,14,T5a,True,,,
720575940620735691,right,T4c,42,-1,14,8,6,T4c,True,,,
720575940620736704,right,T4d,483,2,-7,-6,-1,T4d,True,,,
720575940620743663,left,T4b,40,-2,-6,-1,-5,T4b,True,,,
720575940620743918,left,T4d,142,-2,-18,-7,-11,T4d,True,,,
720575940620745242,right,T4a,265,-6,-1,5,-6,T4a,True,,,
720575940620746849,right,T4d,386,-6,19,15,4,T4d,True,,,
720575940620747355,right,T5a,794,5,-26,-18,-8,T5a,True,,,
720575940620747553,right,T4d,303,-5,22,16,6,T4d,True,,,
720575940620749761,left,T5d,475,-4,-1,3,-4,T5d,True,,,
720575940620750273,left,T5d,703,-3,1,3,-2,T5d,True,,,
720575940620751707,left,T5a,677,0,11,5,6,T5a,True,,,
720575940620754285,left,T5d,135,-3,-22,-8,-14,T5d,True,,,
720575940620755717,right,T4a,434,-3,7,6,1,T4a,True,,,
720575940620757926,right,T4c,66,2,15,5,10,T4c,True,,,
720575940620760029,right,T4c,191,-1,-11,-5,-6,T4c,True,,,
720575940620764257,right,T5c,623,1,13,5,8,T5c,True,,,
720575940620765025,right,T5b,663,0,8,4,4,T5b,True,,,
720575940620765862,right,T5c,82,-7,7,10,-3,T5c,True,,,
720575940620766374,right,T5c,574,-6,5,8,-3,T5c,True,,,
720575940620766561,right,T5b,83,2,-21,-13,-8,T5b,True,,,
720575940620766702,left,T4c,466,1,14,6,8,T4c,True,,,
720575940620766817,right,T4c,345,3,-12,-9,-3,T4c,True,,,
720575940620767073,right,T5c,114,2,-13,-9,-4,T5c,True,,,
720575940620767329,right,T5a,630,4,8,0,8,T5a,True,,,
720575940620767579,left,T4a,223,-2,26,15,11,T4a,True,,,
720575940620768347,right,T5d,537,0,-23,-12,-11,T5d,True,,,
720575940620770124,left,T4c,749,-2,1,2,-1,T4c,True,,,
720575940620771567,left,T5c,735,1,-23,-13,-10,T5c,True,,,
720575940620771937,right,T4c,463,5,17,3,14,T4c,True,,,
720575940620773217,right,T4b,257,2,21,8,13,T4b,True,,,
720575940620773953,right,T5c,232,-4,13,10,3,T5c,True,,,
720575940620778561,right,T5d,119,-2,6,5,1,T5d,True,,,
720575940620778662,right,T5c,130,2,12,4,8,T5c,True,,,
720575940620782318,right,T4d,356,0,22,11,11,T4d,True,,,
720575940620785574,right,T4a,418,-2,15,9,6,T4a,True,,,
720575940620786624,right,T4d,329,0,24,12,12,T4d,True,,,
720575940620787950,left,T5a,328,5,-9,-10,1,T5a,True,,,
720575940620788672,left,T5c,184,-6,-5,3,-8,T5c,True,,,
720575940620792486,right,T5c,495,4,5,-2,7,T5c,True,,,
720575940620793406,right,T4b,147,1,21,9,12,T4b,True,,,
720575940620796911,left,T4c,130,2,12,4,8,T4c,True,,,
720575940620800166,left,T4a,10,5,-15,-13,-2,T4a,True,,,
720575940620804161,left,T5c,149,6,-14,-13,-1,T5c,True,,,
720575940620804288,right,T4b,288,-1,30,16,14,T4b,True,,,
720575940620805568,right,T5b,559,-6,22,17,5,T5b,True,,,
720575940620805824,right,T5d,718,-5,24,17,7,T5d,True,,,
720575940620806336,right,T5d,141,5,-23,-17,-6,T5d,True,,,
720575940620806571,left,T4b,605,3,15,4,11,T4b,True,,,
720575940620815124,right,T5d,767,1,28,13,15,T5d,True,,,
720575940620816299,left,T5c,357,4,17,4,13,T5c,True,,,
720575940620824411,left,T4d,488,7,5,-5,10,T4d,True,,,
720575940620824667,right,T5d,717,2,-22,-13,-9,T5d,True,,,
720575940620826492,left,T5c,1,-6,13,12,1,T5c,True,,,
720575940620829355,left,T4b,503,3,17,5,12,T4b,True,,,
720575940620831341,right,T4b,651,-4,-5,1,-6,T4b,True,,,
720575940620832603,left,T5a,424,-3,-2,2,-4,T5a,True,,,
720575940620833883,left,T5c,659,-4,-6,1,-7,T5c,True,,,
720575940620837102,left,T4a,266,-1,-25,-12,-13,T4a,True,,,
720575940620837146,left,T4a,330,3,3,-2,5,T4a,True,,,
720575940620837185,left,T4d,750,4,-24,-16,-8,T4d,True,,,
720575940620840102,right,T5d,2,-8,2,9,-7,T5d,True,,,
720575940620842590,left,T5c,461,7,-5,-10,5,T5c,True,,,
720575940620843644,right,T4d,82,-7,7,10,-3,T4d,True,,,
720575940620843802,left,T5c,454,5,-12,-11,-1,T5c,True,,,
720575940620853116,left,T4b,461,7,-5,-10,5,T4b,True,,,
720575940620853357,left,T4c,740,2,-8,-6,-2,T4c,True,,,
720575940620855206,right,T4d,173,2,-25,-15,-10,T4d,True,,,
720575940620855676,left,T4d,136,0,3,1,2,T4d,True,,,
720575940620857453,right,T4d,751,1,6,2,4,T4d,True,,,
720575940620859119,left,T4a,116,-1,-8,-3,-5,T4a,True,,,
720575940620860910,left,T5b,270,1,-8,-5,-3,T5b,True,,,
720575940620862703,left,T4c,178,2,11,3,8,T4c,True,,,
720575940620864289,left,T4b,661,-3,14,10,4,T4b,True,,,
720575940620864877,right,T5b,563,5,-13,-12,-1,T5b,True,,,
720575940620865473,left,T4d,274,6,4,-4,8,T4d,True,,,
720575940620866470,left,T4b,218,2,10,3,7,T4b,True,,,
720575940620866992,right,T5c,651,-4,-5,1,-6,T5c,True,,,
720575940620869040,right,T5a,426,-3,0,3,-3,T5a,True,,,
720575940620876935,right,T5b,308,-5,8,9,-1,T5b,True,,,
720575940620880832,left,T4a,53,5,14,2,12,T4a,True,,,
720575940620885441,left,T4d,349,-5,-14,-2,-12,T4d,True,,,
720575940620886406,left,T5c,398,-3,22,14,8,T5c,True,,,
720575940620889377,left,T5a,260,-3,19,12,7,T5a,True,,,
720575940620889965,left,T5a,165,4,16,4,12,T5a,True,,,
720575940620890748,right,T4a,353,2,24,10,14,T4a,True,,,
720575940620892193,right,T5d,665,7,-2,-8,6,T5d,True,,,
720575940620894599,right,T5d,448,0,30,15,15,T5d,True,,,
720575940620894630,right,T4d,71,-2,-3,0,-3,T4d,True,,,
720575940620894854,right,T4c,625,-2,24,14,10,T4c,True,,,
720575940620901870,right,T4c,793,8,-6,-11,5,T4c,True,,,
720575940620903856,right,T4d,313,7,3,-6,9,T4d,True,,,
720575940620904557,left,T5c,722,6,-15,-14,-1,T5c,True,,,
720575940620908969,right,T4b,720,-5,21,15,6,T4b,True,,,
720575940620909806,left,T5c,490,-5,6,8,-2,T5c,True,,,
720575940620910171,right,T5b,518,-4,22,15,7,T5b,True,,,
720575940620913798,right,T4c,237,-2,27,15,12,T4c,True,,,
720575940620914017,left,T4d,359,2,23,9,14,T4d,True,,,
720575940620915565,left,T4c,609,-2,0,2,-2,T4c,True,,,
720575940620920411,left,T5b,755,4,19,5,14,T5b,True,,,
720575940620921070,left,T4c,342,2,-15,-10,-5,T4c,True,,,
720575940620921281,left,T5a,355,-7,-6,4,-10,T5a,True,,,
720575940620921771,right,T4b,259,-7,-5,4,-9,T4b,True,,,
720575940620922748,right,T4c,266,-1,-25,-12,-13,T4c,True,,,
720575940620922817,left,T4c,394,-7,-8,3,-11,T4c,True,,,
720575940620927435,left,T5c,342,2,-15,-10,-5,T5c,True,,,
720575940620928097,right,T5c,438,2,27,11,16,T5c,True,,,
720575940620928390,left,T5d,647,-4,-7,0,-7,T5d,True,,,
720575940620929121,left,T5a,5,-1,16,9,7,T5a,True,,,
720575940620931931,left,T4c,43,-5,18,14,4,T4c,True,,,
720575940620932417,right,T5d,682,6,-8,-10,2,T5d,True,,,
720575940620937051,right,T5d,148,-7,-11,1,-12,T5d,True,,,
720575940620940097,left,T5d,243,-1,-21,-10,-11,T5d,True,,,
720575940620940820,left,T4d,170,-5,1,5,-4,T4d,True,,,
720575940620944566,right,T5c,68,3,16,5,11,T5c,True,,,
720575940620946054,left,T4b,4,-5,-21,-6,-15,T4b,True,,,
720575940620947035,left,T4b,478,-7,16,15,1,T4b,True,,,
720575940620947438,left,T5b,623,1,13,5,8,T5b,True,,,
720575940620948869,left,T5b,351,-1,-17,-8,-9,T5b,True,,,
720575940620951472,right,T5b,79,2,1,-2,3,T5b,True,,,
720575940620952948,left,T5c,451,4,20,6,14,T5c,True,,,
720575940620953477,left,T4a,197,0,-20,-10,-10,T4a,True,,,
720575940620953724,right,T4c,694,4,3,-3,6,T4c,True,,,
720575940620953989,left,T4d,89,1,-19,-11,-8,T4d,True,,,
720575940620954484,left,T4d,768,3,5,-1,6,T4d,True,,,
720575940620955457,right,T5a,664,1,-27,-15,-12,T5a,True,,,
720575940620957643,right,T4d,441,3,-16,-11,-5,T4d,True,,,
720575940620958854,left,T4d,653,-6,-12,0,-12,T4d,True,,,
720575940620958959,right,T4d,637,3,-21,-14,-7,T4d,True,,,
720575940620960134,left,T4d,326,2,16,6,10,T4d,True,,,
720575940620960902,left,T4c,298,-5,5,7,-2,T4c,True,,,
720575940620961718,right,T4d,68,3,16,5,11,T4d,True,,,
720575940620961775,left,T4b,603,-3,-23,-9,-14,T4b,True,,,
720575940620961974,right,T5a,357,4,17,4,13,T5a,True,,,
720575940620964011,left,T4d,455,7,-7,-11,4,T4d,True,,,
720575940620967039,left,T5d,251,-1,-14,-6,-8,T5d,True,,,
720575940620968361,right,T4a,348,3,14,4,10,T4a,True,,,
720575940620968614,left,T5b,551,-4,-9,-1,-8,T5b,True,,,
720575940620969844,left,T4a,261,-1,13,7,6,T4a,True,,,
720575940620970081,right,T5c,251,-1,-14,-6,-8,T5c,True,,,
720575940620971435,left,T4a,388,3,19,6,13,T4a,True,,,
720575940620971691,left,T5a,620,7,1,-7,8,T5a,True,,,
720575940620977788,right,T4a,650,-3,-25,-10,-15,T4a,True,,,
720575940620980390,right,T4d,195,-3,-1,2,-3,T4d,True,,,
720575940620981108,right,T4a,676,-3,-21,-8,-13,T4a,True,,,
720575940620986025,right,T4a,257,2,21,8,13,T4a,True,,,
720575940620988654,left,T4d,760,0,17,8,9,T4d,True,,,
720575940620990049,left,T5a,605,3,15,4,11,T5a,True,,,
720575940620990561,right,T5c,357,4,17,4,13,T5c,True,,,
720575940620991110,left,T4a,18,5,-16,-13,-3,T4a,True,,,
720575940620991329,right,T5a,302,2,17,6,11,T5a,True,,,
720575940620992773,right,T4d,26,1,-3,-3,0,T4d,True,,,
720575940620992865,right,T4c,95,4,-21,-15,-6,T4c,True,,,
720575940620994401,left,T4d,627,0,-1,-1,0,T4d,True,,,
720575940620994656,right,T5a,759,7,14,0,14,T5a,True,,,
720575940620995766,right,T5a,486,0,1,0,1,T5a,True,,,
720575940621002108,right,T4a,15,2,-3,-4,1,T4a,True,,,
720575940621002918,left,T5d,481,4,-8,-8,0,T5d,True,,,
720575940621004148,right,T4d,88,7,4,-5,9,T4d,True,,,
720575940621005421,right,T5a,395,0,-22,-11,-11,T5a,True,,,
720575940621009904,right,T5a,696,-2,16,10,6,T5a,True,,,
720575940621010785,right,T5b,346,-7,-9,2,-11,T5b,True,,,
720575940621011696,right,T5b,489,-3,10,8,2,T5b,True,,,
720575940621016429,right,T5d,250,-1,1,1,0,T5d,True,,,
720575940621017771,left,T5a,776,5,21,5,16,T5a,True,,,
720575940621021536,right,T5a,339,6,11,-1,12,T5a,True,,,
720575940621023493,right,T5c,299,-4,12,10,2,T5c,True,,,
720575940621023926,right,T5c,225,2,-26,-15,-11,T5c,True,,,
720575940621024124,right,T4c,468,-3,11,8,3,T4c,True,,,
720575940621026651,left,T5a,586,2,18,7,11,T5a,True,,,
720575940621029291,left,T5b,426,-3,0,3,-3,T5b,True,,,
720575940621033837,left,T5a,300,4,-18,-13,-5,T5a,True,,,
720575940621034945,left,T4c,542,6,-13,-13,0,T4c,True,,,
720575940621038677,right,T4a,635,6,-6,-9,3,T4a,True,,,
720575940621041005,right,T4d,111,2,-24,-14,-10,T4d,True,,,
720575940621042452,left,T4c,774,-8,6,11,-5,T4c,True,,,
720575940621044084,right,T4c,763,-5,14,12,2,T4c,True,,,
720575940621044340,right,T4b,311,-7,15,14,1,T4b,True,,,
720575940621048240,right,T4a,122,-5,9,9,0,T4a,True,,,
720575940621050608,right,T5c,747,0,2,1,1,T5c,True,,,
720575940621057217,left,T4d,636,0,6,3,3,T4d,True,,,
720575940621060278,right,T4d,312,4,-7,-8,1,T4d,True,,,
720575940621060724,left,T4a,699,-5,0,5,-5,T4a,True,,,
720575940621063540,left,T5d,694,4,3,-3,6,T5d,True,,,
720575940621066177,right,T5c,573,4,14,3,11,T5c,True,,,
720575940621068404,left,T5d,212,2,-16,-10,-6,T5d,True,,,
720575940621072832,left,T5c,246,-4,15,11,4,T5c,True,,,
720575940621073249,left,T5a,283,-4,4,6,-2,T5a,True,,,
720575940621079393,left,T5c,453,3,25,9,16,T5c,True,,,
720575940621083995,right,T5c,321,8,4,-6,10,T5c,True,,,
720575940621084070,left,T5b,174,4,-15,-12,-3,T5b,True,,,
720575940621085990,left,T5a,164,-1,-2,0,-2,T5a,True,,,
720575940621086299,right,T4c,671,-4,-23,-8,-15,T4c,True,,,
720575940621088391,left,T5d,605,3,15,4,11,T5d,True,,,
720575940621090401,left,T4b,1,-6,13,12,1,T4b,True,,,
720575940621091425,left,T5d,119,-2,6,5,1,T5d,True,,,
720575940621092212,right,T5b,482,1,17,7,10,T5b,True,,,
720575940621092955,left,T5d,337,-5,-6,2,-8,T5d,True,,,
720575940621094241,left,T4d,624,1,-17,-10,-7,T4d,True,,,
720575940621094895,right,T5a,795,6,-21,-17,-4,T5a,True,,,
720575940621096801,left,T5d,308,-5,8,9,-1,T5d,True,,,
720575940621105729,left,T4c,206,-3,5,5,0,T4c,True,,,
720575940621106368,right,T5a,621,1,24,11,13,T5a,True,,,
720575940621107136,right,T5b,621,1,24,11,13,T5b,True,,,
720575940621109670,left,T5a,416,3,-8,-7,-1,T5a,True,,,
720575940621111381,right,T4c,564,3,-23,-15,-8,T4c,True,,,
720575940621111472,right,T5c,78,2,20,8,12,T5c,True,,,
720575940621114188,right,T4d,607,1,18,8,10,T4d,True,,,
720575940621121462,right,T5a,301,-5,16,13,3,T5a,True,,,
720575940621121883,left,T5b,582,-1,23,12,11,T5b,True,,,
720575940621124980,right,T4c,484,3,-9,-8,-1,T4c,True,,,
720575940621127851,right,T5a,318,4,-19,-14,-5,T5a,True,,,
720575940621127956,left,T4c,600,3,-10,-8,-2,T4c,True,,,
720575940621129025,left,T5a,230,2,9,2,7,T5a,True,,,
720575940621129569,right,T4b,335,2,8,2,6,T4b,True,,,
720575940621130356,right,T4d,226,5,19,4,15,T4d,True,,,
720575940621130593,right,T4a,421,-1,12,7,5,T4a,True,,,
720575940621130817,left,T4d,471,3,-26,-16,-10,T4d,True,,,
720575940621130849,right,T4c,655,6,-1,-7,6,T4c,True,,,
720575940621131435,left,T4c,124,1,-7,-5,-2,T4c,True,,,
720575940621132108,right,T5d,698,6,-7,-10,3,T5d,True,,,
720575940621132246,right,T5d,169,0,-18,-9,-9,T5d,True,,,
720575940621136111,left,T5a,743,6,-19,-16,-3,T5a,True,,,
720575940621140161,left,T4c,393,-1,22,12,10,T4c,True,,,
720575940621148838,left,T4b,525,-1,-20,-9,-11,T4b,True,,,
720575940621149094,left,T4a,333,0,-21,-11,-10,T4a,True,,,
720575940621149505,left,T5b,203,3,-1,-4,3,T5b,True,,,
720575940621150273,left,T4a,401,-2,-19,-8,-11,T4a,True,,,
720575940621150561,right,T4a,754,-1,-13,-6,-7,T4a,True,,,
720575940621151002,left,T5a,744,-4,25,16,9,T5a,True,,,
720575940621151809,right,T5b,669,4,-16,-12,-4,T5b,True,,,
720575940621161640,right,T5c,6,-2,-4,0,-4,T5c,True,,,
720575940621163841,left,T5b,191,-1,-11,-5,-6,T5b,True,,,
720575940621163892,right,T5a,629,4,24,8,16,T5a,True,,,
720575940621169228,right,T5d,656,0,-11,-6,-5,T5d,True,,,
720575940621169392,right,T4a,61,-4,-4,2,-6,T4a,True,,,
720575940621172033,right,T5a,775,5,22,6,16,T5a,True,,,
720575940621178806,right,T5b,358,-3,17,11,6,T5b,True,,,
720575940621180912,right,T4c,170,-5,1,5,-4,T4c,True,,,
720575940621180993,left,T4c,118,3,1,-3,4,T4c,True,,,
720575940621181678,right,T4a,150,-8,5,10,-5,T4a,True,,,
720575940621183073,right,T5d,234,1,3,0,3,T5d,True,,,
720575940621183142,left,T4c,57,6,-11,-12,1,T4c,True,,,
720575940621183508,right,T5a,719,1,27,12,15,T5a,True,,,
720575940621188161,right,T4b,514,-4,-10,-1,-9,T4b,True,,,
720575940621193236,left,T5c,355,-7,-6,4,-10,T5c,True,,,
720575940621193910,right,T5d,675,-7,19,16,3,T5d,True,,,
720575940621194501,right,T4d,305,-7,4,9,-5,T4d,True,,,
720575940621194561,right,T5c,342,2,-15,-10,-5,T5c,True,,,
720575940621204115,left,T5d,609,-2,0,2,-2,T5d,True,,,
720575940621209253,left,T4c,694,4,3,-3,6,T4c,True,,,
720575940621210795,right,T4d,708,-4,-25,-9,-16,T4d,True,,,
720575940621211489,left,T5c,485,-3,-3,1,-4,T5c,True,,,
720575940621217627,left,T4d,674,-4,-14,-3,-11,T4d,True,,,
720575940621220590,left,T4d,163,4,26,9,17,T4d,True,,,
720575940621225069,right,T5b,786,-2,30,17,13,T5b,True,,,
720575940621229552,right,T4c,424,-3,-2,2,-4,T4c,True,,,
720575940621231269,right,T4d,470,4,-9,-9,0,T4d,True,,,
720575940621234927,right,T4b,221,-7,3,8,-5,T4b,True,,,
720575940621236556,right,T5a,235,4,11,1,10,T5a,True,,,
720575940621236918,right,T4d,428,-2,23,13,10,T4d,True,,,
720575940621238767,right,T4a,644,-6,18,15,3,T4a,True,,,
720575940621243073,left,T5d,559,-6,22,17,5,T5d,True,,,
720575940621243672,right,T4a,21,-2,19,11,8,T4a,True,,,
720575940621244781,left,T4c,780,-2,-27,-12,-15,T4c,True,,,
720575940621248500,right,T5d,213,3,-4,-5,1,T5d,True,,,
720575940621250403,right,T4b,111,2,-24,-14,-10,T4b,True,,,
720575940621261744,right,T5a,346,-7,-9,2,-11,T5a,True,,,
720575940621262256,left,T4b,444,4,-10,-9,-1,T4b,True,,,
720575940621264816,left,T5a,266,-1,-25,-12,-13,T5a,True,,,
720575940621266017,left,T5c,431,-2,-10,-3,-7,T5c,True,,,
720575940621267376,left,T5a,607,1,18,8,10,T5a,True,,,
720575940621271974,right,T4d,175,-6,-7,2,-9,T4d,True,,,
720575940621272230,right,T4d,685,-5,-9,0,-9,T4d,True,,,
720575940621274032,left,T5d,636,0,6,3,3,T5d,True,,,
720575940621275775,right,T4a,304,6,5,-4,9,T4a,True,,,
720575940621289221,right,T4b,154,-8,0,8,-8,T4b,True,,,
720575940621291440,right,T5a,793,8,-6,-11,5,T5a,True,,,
720575940621295296,left,T4b,10,5,-15,-13,-2,T4b,True,,,
720575940621298854,left,T4c,617,-2,-17,-7,-10,T4c,True,,,
720575940621298949,right,T5a,648,1,7,2,5,T5a,True,,,
720575940621299366,left,T4b,202,-1,27,14,13,T4b,True,,,
720575940621299677,right,T4d,330,3,3,-2,5,T4d,True,,,
720575940621302652,left,T5d,77,2,-5,-5,0,T5d,True,,,
720575940621303137,left,T5a,545,5,11,0,11,T5a,True,,,
720575940621305953,left,T4c,782,-1,-28,-13,-15,T4c,True,,,
720575940621306032,right,T5d,304,6,5,-4,9,T5d,True,,,
720575940621307073,left,T4b,629,4,24,8,16,T4b,True,,,
720575940621307887,right,T5a,443,-6,4,8,-4,T5a,True,,,
720575940621311197,left,T5b,241,2,-17,-11,-6,T5b,True,,,
720575940621311965,left,T5b,185,2,-11,-8,-3,T5b,True,,,
720575940621314480,left,T5a,719,1,27,12,15,T5a,True,,,
720575940621317814,right,T4d,548,1,-16,-9,-7,T4d,True,,,
720575940621321057,right,T5b,789,-3,-27,-11,-16,T5b,True,,,
720575940621325594,right,T5a,483,2,-7,-6,-1,T5a,True,,,
720575940621331777,left,T5a,198,6,2,-5,7,T5a,True,,,
720575940621332596,left,T5b,194,0,-5,-3,-2,T5b,True,,,
720575940621336941,left,T4a,179,-5,-16,-3,-13,T4a,True,,,
720575940621337053,left,T5b,500,7,-8,-11,3,T5b,True,,,
720575940621338278,left,T4d,576,0,28,14,14,T4d,True,,,
720575940621339574,right,T4d,373,1,-21,-12,-9,T4d,True,,,
720575940621340070,left,T4c,297,7,-9,-12,3,T4c,True,,,
720575940621342902,right,T5b,722,6,-15,-14,-1,T5b,True,,,
720575940621344169,right,T4d,59,-2,2,3,-1,T4d,True,,,
720575940621347750,left,T4b,502,5,8,-1,9,T4b,True,,,
720575940621347964,right,T4d,588,1,4,1,3,T4d,True,,,
720575940621348272,left,T5b,652,-6,-11,0,-11,T5b,True,,,
720575940621350253,left,T4c,115,-4,2,5,-3,T4c,True,,,
720575940621351151,right,T4d,217,6,15,1,14,T4d,True,,,
720575940621353392,right,T4a,671,-4,-23,-8,-15,T4a,True,,,
720575940621354991,right,T4b,34,6,18,3,15,T4b,True,,,
720575940621357552,right,T5a,464,4,0,-4,4,T5a,True,,,
720575940621362926,left,T5a,358,-3,17,11,6,T5a,True,,,
720575940621365313,right,T5c,35,1,-24,-13,-11,T5c,True,,,
720575940621367216,left,T5c,179,-5,-16,-3,-13,T5c,True,,,
720575940621367832,left,T4c,760,0,17,8,9,T4c,True,,,
720575940621368155,left,T5d,299,-4,12,10,2,T5d,True,,,
720575940621368496,left,T5d,601,1,16,7,9,T5d,True,,,
720575940621377029,right,T4b,543,-1,-4,-1,-3,T4b,True,,,
720575940621377757,left,T4d,385,-3,-18,-6,-12,T4d,True,,,
720575940621378725,right,T5d,721,5,13,1,12,T5d,True,,,
720575940621380566,right,T4d,84,-2,12,8,4,T4d,True,,,
720575940621380890,right,T4d,424,-3,-2,2,-4,T4d,True,,,
720575940621381441,left,T5a,739,-7,2,8,-6,T5a,True,,,
720575940621381723,left,T4d,232,-4,13,10,3,T4d,True,,,
720575940621383617,right,T5c,744,-4,25,16,9,T5c,True,,,
720575940621386516,left,T5c,76,-3,-4,1,-5,T5c,True,,,
720575940621386593,left,T5c,630,4,8,0,8,T5c,True,,,
720575940621387246,left,T4a,458,5,0,-5,5,T4a,True,,,
720575940621388982,left,T5a,308,-5,8,9,-1,T5a,True,,,
720575940621390975,right,T5b,121,-8,4,10,-6,T5b,True,,,
720575940621393830,left,T5c,780,-2,-27,-12,-15,T5c,True,,,
720575940621397697,right,T5c,355,-7,-6,4,-10,T5c,True,,,
720575940621398399,right,T4b,724,4,2,-3,5,T4b,True,,,
720575940621399284,right,T5b,73,2,2,-1,3,T5b,True,,,
720575940621404144,right,T5a,43,-5,18,14,4,T5a,True,,,
720575940621404440,left,T4a,430,-3,-7,-1,-6,T4a,True,,,
720575940621405534,right,T5c,382,3,-6,-6,0,T5c,True,,,
720575940621412518,left,T4d,659,-4,-6,1,-7,T4d,True,,,
720575940621412852,right,T5d,498,6,10,-1,11,T5d,True,,,
720575940621413729,left,T5c,148,-7,-11,1,-12,T5c,True,,,
720575940621422774,right,T4a,455,7,-7,-11,4,T4a,True,,,
720575940621423707,left,T5b,574,-6,5,8,-3,T5b,True,,,
720575940621425134,left,T4a,469,-7,13,13,0,T4a,True,,,
720575940621426559,right,T5d,127,0,15,7,8,T5d,True,,,
720575940621427297,left,T4b,532,-8,7,11,-4,T4b,True,,,
720575940621428724,right,T5c,15,2,-3,-4,1,T5c,True,,,
720575940621430955,left,T4b,523,2,14,5,9,T4b,True,,,
720575940621431028,right,T5a,158,3,-5,-6,1,T5a,True,,,
720575940621431661,left,T5a,437,-3,12,9,3,T5a,True,,,
720575940621433326,left,T4b,554,-3,-27,-11,-16,T4b,True,,,
720575940621434333,right,T4a,331,1,-15,-9,-6,T4a,True,,,
720575940621437567,left,T4c,597,4,1,-4,5,T4c,True,,,
720575940621438964,right,T5a,171,6,-20,-16,-4,T5a,True,,,
720575940621439216,left,T5c,531,1,0,-1,1,T5c,True,,,
720575940621439615,right,T5c,398,-3,22,14,8,T5c,True,,,
720575940621445723,right,T5a,518,-4,22,15,7,T5a,True,,,
720575940621446772,right,T5d,355,-7,-6,4,-10,T5d,True,,,
720575940621447406,left,T5d,352,-2,28,16,12,T5d,True,,,
720575940621449686,right,T4b,350,1,15,6,9,T4b,True,,,
720575940621454256,right,T5d,192,7,10,-2,12,T5d,True,,,
720575940621454719,right,T4c,291,7,2,-6,8,T4c,True,,,
720575940621460872,right,T5b,350,1,15,6,9,T5b,True,,,
720575940621462637,left,T4b,568,-6,-8,2,-10,T4b,True,,,
720575940621466236,right,T5d,550,-2,3,3,0,T5d,True,,,
720575940621468070,left,T5b,417,-6,-10,1,-11,T5b,True,,,
720575940621468352,right,T4c,502,5,8,-1,9,T4c,True,,,
720575940621469052,right,T5a,544,3,-13,-10,-3,T5a,True,,,
720575940621472432,left,T5b,140,3,8,1,7,T5b,True,,,
720575940621473456,left,T5a,152,3,-15,-11,-4,T5a,True,,,
720575940621474486,left,T5d,1,-6,13,12,1,T5d,True,,,
720575940621474736,left,T4d,292,-4,18,13,5,T4d,True,,,
720575940621475293,right,T4c,176,-2,13,8,5,T4c,True,,,
720575940621477458,right,T4c,356,0,22,11,11,T4c,True,,,
720575940621478738,right,T4d,451,4,20,6,14,T4d,True,,,
720575940621480575,right,T4d,342,2,-15,-10,-5,T4d,True,,,
720575940621482678,left,T5a,261,-1,13,7,6,T5a,True,,,
720575940621485300,right,T5d,319,-2,5,4,1,T5d,True,,,
720575940621488566,right,T4b,40,-2,-6,-1,-5,T4b,True,,,
720575940621488922,right,T4a,451,4,20,6,14,T4a,True,,,
720575940621489761,left,T4b,8,-4,26,17,9,T4b,True,,,
720575940621489846,left,T5c,565,0,-26,-13,-13,T5c,True,,,
720575940621492077,left,T4c,220,2,-6,-5,-1,T4c,True,,,
720575940621494256,right,T4d,553,-3,16,11,5,T4d,True,,,
720575940621496609,right,T4a,156,-9,1,9,-8,T4a,True,,,
720575940621504577,left,T4c,158,3,-5,-6,1,T4c,True,,,
720575940621505089,left,T4d,635,6,-6,-9,3,T4d,True,,,
720575940621505404,right,T4c,77,2,-5,-5,0,T4c,True,,,
720575940621507568,right,T4c,608,1,10,4,6,T4c,True,,,
720575940621511796,left,T5a,398,-3,22,14,8,T5a,True,,,
720575940621512557,left,T4b,406,1,-25,-14,-11,T4b,True,,,
720575940621514080,right,T4c,63,4,12,2,10,T4c,True,,,
720575940621514166,left,T5c,687,-6,-3,4,-7,T5c,True,,,
720575940621517523,left,T4d,508,-5,11,10,1,T4d,True,,,
720575940621518575,left,T5b,675,-7,19,16,3,T5b,True,,,
720575940621519180,right,T5d,12,-7,9,11,-2,T5d,True,,,
720575940621520736,right,T4d,63,4,12,2,10,T4d,True,,,
720575940621520756,left,T5b,291,7,2,-6,8,T5b,True,,,
720575940621521396,right,T5d,462,-1,18,10,8,T5d,True,,,
720575940621522122,right,T5b,74,-1,-9,-4,-5,T5b,True,,,
720575940621522272,right,T4c,235,4,11,1,10,T4c,True,,,
720575940621527841,right,T4a,792,8,2,-7,9,T4a,True,,,
720575940621529536,right,T4a,502,5,8,-1,9,T4a,True,,,
720575940621530816,left,T4a,115,-4,2,5,-3,T4a,True,,,
720575940621531584,right,T4a,464,4,0,-4,4,T4a,True,,,
720575940621540544,right,T4a,290,5,-24,-17,-7,T4a,True,,,
720575940621544896,left,T4c,337,-5,-6,2,-8,T4c,True,,,
720575940621545920,right,T5a,582,-1,23,12,11,T5a,True,,,
720575940621548141,left,T4a,682,6,-8,-10,2,T4a,True,,,
720575940621548276,right,T5d,735,1,-23,-13,-10,T5d,True,,,
720575940621549086,left,T4c,489,-3,10,8,2,T4c,True,,,
720575940621549172,left,T5d,125,5,9,-1,10,T5d,True,,,
720575940621549377,right,T5c,671,-4,-23,-8,-15,T5c,True,,,
720575940621549421,left,T4b,12,-7,9,11,-2,T4b,True,,,
720575940621551220,right,T4a,181,1,-4,-3,-1,T4a,True,,,
720575940621552133,right,T5c,228,-7,1,7,-6,T5c,True,,,
720575940621552749,left,T4a,444,4,-10,-9,-1,T4a,True,,,
720575940621555821,right,T4c,491,7,-1,-8,7,T4c,True,,,
720575940621557744,right,T4b,452,1,-9,-6,-3,T4b,True,,,
720575940621559728,left,T4a,555,-4,9,8,1,T4a,True,,,
720575940621561328,right,T5d,730,7,0,-7,7,T5d,True,,,
720575940621564763,left,T4d,283,-4,4,6,-2,T4d,True,,,
720575940621569775,left,T5b,254,3,-24,-15,-9,T5b,True,,,
720575940621571149,right,T4b,462,-1,18,10,8,T4b,True,,,
720575940621571312,right,T5d,225,2,-26,-15,-11,T5d,True,,,
720575940621582145,left,T4d,509,-4,10,9,1,T4d,True,,,
720575940621582794,right,T5a,40,-2,-6,-1,-5,T5a,True,,,
720575940621588077,left,T4c,184,-6,-5,3,-8,T4c,True,,,
720575940621592558,left,T4d,125,5,9,-1,10,T4d,True,,,
720575940621593468,left,T5a,293,4,-17,-13,-4,T5a,True,,,
720575940621597445,right,T5a,58,3,12,3,9,T5a,True,,,
720575940621598128,left,T5b,260,-3,19,12,7,T5b,True,,,
720575940621598134,left,T4a,295,-2,29,16,13,T4a,True,,,
720575940621598390,left,T4d,639,-4,19,13,6,T4d,True,,,
720575940621600892,right,T4d,739,-7,2,8,-6,T4d,True,,,
720575940621601857,left,T4c,386,-6,19,15,4,T4c,True,,,
720575940621602081,right,T5a,93,-6,3,7,-4,T5a,True,,,
720575940621602625,right,T4b,428,-2,23,13,10,T4b,True,,,
720575940621605581,left,T5b,435,5,-17,-14,-3,T5b,True,,,
720575940621605997,right,T5b,303,-5,22,16,6,T5b,True,,,
720575940621608481,right,T5a,190,-3,-5,0,-5,T5a,True,,,
720575940621608630,left,T4d,742,-4,11,9,2,T4d,True,,,
720575940621608993,right,T5d,475,-4,-1,3,-4,T5d,True,,,
720575940621609989,right,T4d,149,6,-14,-13,-1,T4d,True,,,
720575940621616734,right,T5a,681,-2,-21,-9,-12,T5a,True,,,
720575940621617391,right,T5a,229,5,2,-4,6,T5a,True,,,
720575940621617647,right,T5c,229,5,2,-4,6,T5c,True,,,
720575940621618209,right,T4a,36,6,8,-2,10,T4a,True,,,
720575940621622477,left,T4a,210,-6,8,10,-2,T4a,True,,,
720575940621625953,right,T4a,560,-7,14,14,0,T4a,True,,,
720575940621627233,right,T5d,756,5,20,5,15,T5d,True,,,
720575940621628144,left,T4b,323,-4,-27,-10,-17,T4b,True,,,
720575940621631690,right,T5c,656,0,-11,-6,-5,T5c,True,,,
720575940621635248,left,T5b,639,-4,19,13,6,T5b,True,,,
720575940621635333,right,T5c,756,5,20,5,15,T5c,True,,,
720575940621636084,left,T5a,276,2,3,-1,4,T5a,True,,,
720575940621636173,right,T4b,457,-2,17,10,7,T4b,True,,,
720575940621637146,right,T5d,110,-7,0,7,-7,T5d,True,,,
720575940621637637,left,T5d,397,-3,-19,-7,-12,T5d,True,,,
720575940621638832,left,T4c,625,-2,24,14,10,T4c,True,,,
720575940621640027,right,T5b,576,0,28,14,14,T5b,True,,,
720575940621641392,left,T5c,763,-5,14,12,2,T5c,True,,,
720575940621642010,right,T5a,317,-5,-4,3,-7,T5a,True,,,
720575940621642118,right,T4b,549,0,-9,-5,-4,T4b,True,,,
720575940621642612,left,T5c,555,-4,9,8,1,T5c,True,,,
720575940621642630,left,T5d,24,-1,-10,-4,-6,T5d,True,,,
720575940621645829,right,T5b,626,-5,-8,1,-9,T5b,True,,,
720575940621651233,left,T5c,166,0,18,9,9,T5c,True,,,
720575940621651366,right,T4c,295,-2,29,16,13,T4c,True,,,
720575940621651658,right,T5a,24,-1,-10,-4,-6,T5a,True,,,
720575940621651694,right,T4c,289,-1,11,6,5,T4c,True,,,
720575940621654305,right,T4d,130,2,12,4,8,T4d,True,,,
720575940621658465,left,T4d,282,0,26,13,13,T4d,True,,,
720575940621659245,left,T5c,100,2,-10,-7,-3,T5c,True,,,
720575940621670349,right,T4c,581,3,9,1,8,T4c,True,,,
720575940621670721,left,T5a,13,-1,-26,-12,-14,T5a,True,,,
720575940621673754,right,T5d,303,-5,22,16,6,T5d,True,,,
720575940621673933,left,T5d,274,6,4,-4,8,T5d,True,,,
720575940621674061,right,T4c,711,-1,19,10,9,T4c,True,,,
720575940621674356,left,T4d,408,-6,-4,4,-8,T4d,True,,,
720575940621674367,right,T4b,711,-1,19,10,9,T4b,True,,,
720575940621674520,left,T4b,182,7,-10,-12,2,T4b,True,,,
720575940621674701,left,T4a,731,-6,9,10,-1,T4a,True,,,
720575940621675073,left,T4c,773,5,-19,-15,-4,T4c,True,,,
720575940621676817,right,T4b,302,2,17,6,11,T4b,True,,,
720575940621678196,left,T5d,314,-9,5,11,-6,T5d,True,,,
720575940621678204,right,T5c,193,-5,4,7,-3,T5c,True,,,
720575940621678785,right,T4a,528,2,7,1,6,T4a,True,,,
720575940621680252,right,T5b,651,-4,-5,1,-6,T5b,True,,,
720575940621681020,right,T5c,614,-2,-8,-2,-6,T5c,True,,,
720575940621682164,left,T5b,581,3,9,1,8,T5b,True,,,
720575940621684318,right,T4b,141,5,-23,-17,-6,T4b,True,,,
720575940621687668,left,T4d,557,6,-10,-11,1,T4d,True,,,
720575940621688752,left,T5d,616,-3,15,10,5,T5d,True,,,
720575940621689112,left,T4d,540,-2,-9,-3,-6,T4d,True,,,
720575940621689270,left,T4b,429,-2,14,9,5,T4b,True,,,
720575940621689613,right,T4c,183,-5,-15,-3,-12,T4c,True,,,
720575940621689838,left,T5d,204,5,-2,-6,4,T5d,True,,,
720575940621690100,right,T5b,756,5,20,5,15,T5b,True,,,
720575940621691486,right,T5d,113,-2,4,4,0,T5d,True,,,
720575940621693616,left,T4b,759,7,14,0,14,T4b,True,,,
720575940621694049,right,T5b,87,1,11,4,7,T5b,True,,,
720575940621696094,right,T5d,489,-3,10,8,2,T5d,True,,,
720575940621705298,right,T4c,668,1,19,8,11,T4c,True,,,
720575940621705754,left,T5c,586,2,18,7,11,T5c,True,,,
720575940621708570,right,T5a,53,5,14,2,12,T5a,True,,,
720575940621712154,left,T4a,616,-3,15,10,5,T4a,True,,,
720575940621714928,left,T5d,93,-6,3,7,-4,T5d,True,,,
720575940621720158,right,T5b,311,-7,15,14,1,T5b,True,,,
720575940621721549,left,T5a,506,1,-12,-7,-5,T5a,True,,,
720575940621721838,right,T4a,129,0,-13,-7,-6,T4a,True,,,
720575940621725428,left,T4a,57,6,-11,-12,1,T4a,True,,,
720575940621727493,right,T4c,602,4,-2,-5,3,T4c,True,,,
720575940621729374,right,T5a,447,-1,2,2,0,T5a,True,,,
720575940621730584,right,T4d,125,5,9,-1,10,T4d,True,,,
720575940621730842,right,T5d,100,2,-10,-7,-3,T5d,True,,,
720575940621731056,left,T4a,534,3,2,-2,4,T4a,True,,,
720575940621732336,right,T5c,318,4,-19,-14,-5,T5c,True,,,
720575940621733756,left,T4a,84,-2,12,8,4,T4a,True,,,
720575940621736205,right,T5d,628,0,0,0,0,T5d,True,,,
720575940621742104,left,T4a,689,-2,18,11,7,T4a,True,,,
720575940621745441,right,T5b,640,-1,-16,-7,-9,T5b,True,,,
720575940621747580,right,T5b,464,4,0,-4,4,T5b,True,,,
720575940621749416,right,T5b,76,-3,-4,1,-5,T5b,True,,,
720575940621749492,right,T4b,96,1,-10,-6,-4,T4b,True,,,
720575940621750255,right,T4a,144,7,-11,-13,2,T4a,True,,,
720575940621752397,right,T5c,523,2,14,5,9,T5c,True,,,
720575940621757832,right,T4a,695,-6,10,11,-1,T4a,True,,,
720575940621758390,left,T4b,775,5,22,6,16,T4b,True,,,
720575940621759100,right,T4c,557,6,-10,-11,1,T4c,True,,,
720575940621764340,left,T4b,669,4,-16,-12,-4,T4b,True,,,
720575940621768319,left,T4b,58,3,12,3,9,T4b,True,,,
720575940621772159,left,T4c,310,2,22,9,13,T4c,True,,,
720575940621776645,right,T4d,487,1,-1,-2,1,T4d,True,,,
720575940621776842,right,T5d,431,-2,-10,-3,-7,T5d,True,,,
720575940621776901,right,T5b,38,0,-2,-1,-1,T5b,True,,,
720575940621780001,right,T4a,694,4,3,-3,6,T4a,True,,,
720575940621780250,right,T5c,469,-7,13,13,0,T5c,True,,,
720575940621781261,right,T4c,514,-4,-10,-1,-9,T4c,True,,,
720575940621781537,left,T5a,216,2,19,7,12,T5a,True,,,
720575940621782512,left,T4b,399,-2,-28,-12,-16,T4b,True,,,
720575940621782655,left,T4c,204,5,-2,-6,4,T4c,True,,,
720575940621785377,right,T5b,417,-6,-10,1,-11,T5b,True,,,
720575940621785727,left,T4b,685,-5,-9,0,-9,T4b,True,,,
720575940621789473,left,T5d,85,4,-22,-15,-7,T5d,True,,,
720575940621791237,right,T4b,70,-4,21,14,7,T4b,True,,,
720575940621792350,right,T5d,31,0,16,8,8,T5d,True,,,
720575940621792606,right,T4d,760,0,17,8,9,T4d,True,,,
720575940621794586,right,T5d,28,5,6,-2,8,T5d,True,,,
720575940621796084,left,T5d,393,-1,22,12,10,T5d,True,,,
720575940621796340,left,T5a,709,-2,-24,-10,-14,T5a,True,,,
720575940621796988,left,T5c,691,6,-21,-17,-4,T5c,True,,,
720575940621797726,right,T4b,607,1,18,8,10,T4b,True,,,
720575940621798326,left,T4d,479,-2,10,7,3,T4d,True,,,
720575940621798465,left,T4d,57,6,-11,-12,1,T4d,True,,,
720575940621798494,right,T5d,762,0,14,7,7,T5d,True,,,
720575940621798689,left,T4a,490,-5,6,8,-2,T4a,True,,,
720575940621798945,right,T5c,351,-1,-17,-8,-9,T5c,True,,,
720575940621802934,left,T4a,748,-4,20,14,6,T4a,True,,,
720575940621804927,left,T4b,726,2,-28,-16,-12,T4b,True,,,
720575940621805857,left,T4c,331,1,-15,-9,-6,T4c,True,,,
720575940621810902,right,T4a,761,-4,-18,-5,-13,T4a,True,,,
720575940621811547,left,T5a,331,1,-15,-9,-6,T5a,True,,,
720575940621813108,left,T5b,457,-2,17,10,7,T5b,True,,,
720575940621814900,left,T4d,581,3,9,1,8,T4d,True,,,
720575940621816140,right,T5b,391,4,-3,-6,3,T5b,True,,,
720575940621817584,right,T5c,327,5,3,-4,7,T5c,True,,,
720575940621824282,right,T4b,12,-7,9,11,-2,T4b,True,,,
720575940621824577,right,T4c,494,0,29,14,15,T4c,True,,,
720575940621827824,left,T4c,129,0,-13,-7,-6,T4c,True,,,
720575940621828080,left,T4b,111,2,-24,-14,-10,T4b,True,,,
720575940621828272,right,T5d,687,-6,-3,4,-7,T5d,True,,,
720575940621828488,right,T4b,533,0,-16,-8,-8,T4b,True,,,
720575940621833096,right,T4d,259,-7,-5,4,-9,T4d,True,,,
720575940621833142,left,T5d,226,5,19,4,15,T5a,False,,,
720575940621838708,left,T5c,563,5,-13,-12,-1,T5c,True,,,
720575940621840252,right,T5d,151,-3,-14,-4,-10,T5d,True,,,
720575940621841185,right,T5a,5,-1,16,9,7,T5a,True,,,
720575940621841434,left,T4b,628,0,0,0,0,T4b,True,,,
720575940621841833,right,T4a,159,7,7,-4,11,T4a,True,,,
720575940621842928,left,T4a,43,-5,18,14,4,T4a,True,,,
720575940621843382,right,T4b,126,3,11,2,9,T4b,True,,,
720575940621844701,left,T5a,190,-3,-5,0,-5,T5a,True,,,
720575940621851007,left,T4b,683,2,6,1,5,T4b,True,,,
720575940621852307,right,T5d,68,3,16,5,11,T5d,True,,,
720575940621852874,right,T5a,98,-1,-12,-5,-7,T5a,True,,,
720575940621852952,left,T4b,274,6,4,-4,8,T4b,True,,,
720575940621853386,right,T5b,251,-1,-14,-6,-8,T5b,True,,,
720575940621854302,left,T4d,681,-2,-21,-9,-12,T4d,True,,,
720575940621856355,left,T5a,538,-4,1,4,-3,T5a,True,,,
720575940621859649,left,T4a,560,-7,14,14,0,T4a,True,,,
720575940621865456,left,T4a,220,2,-6,-5,-1,T4a,True,,,
720575940621867041,left,T5b,350,1,15,6,9,T5b,True,,,
720575940621869481,left,T5b,636,0,6,3,3,T5b,True,,,
720575940621870881,right,T5c,676,-3,-21,-8,-13,T5c,True,,,
720575940621871469,right,T4a,637,3,-21,-14,-7,T4a,True,,,
720575940621873610,right,T5d,533,0,-16,-8,-8,T5d,True,,,
720575940621882032,left,T4d,428,-2,23,13,10,T4d,True,,,
720575940621883888,left,T4a,161,4,-14,-11,-3,T4a,True,,,
720575940621885556,left,T5a,448,0,30,15,15,T5a,True,,,
720575940621885567,left,T5a,473,-4,23,15,8,T5a,True,,,
720575940621889206,right,T5b,442,-5,25,17,8,T5b,True,,,
720575940621889404,left,T4b,95,4,-21,-15,-6,T4b,True,,,
720575940621889891,left,T4d,239,-6,6,9,-3,T4d,True,,,
720575940621890440,left,T5b,339,6,11,-1,12,T5b,True,,,
720575940621890518,right,T5b,84,-2,12,8,4,T5b,True,,,
720575940621891964,right,T5a,111,2,-24,-14,-10,T5a,True,,,
720575940621892963,left,T5d,774,-8,6,11,-5,T5d,True,,,
720575940621893219,right,T4c,70,-4,21,14,7,T4c,True,,,
720575940621895156,left,T5a,269,2,-19,-12,-7,T5a,True,,,
720575940621898264,right,T5c,678,3,-7,-7,0,T5c,True,,,
720575940621901222,left,T5a,532,-8,7,11,-4,T5a,True,,,
720575940621906312,left,T5c,558,-4,-21,-7,-14,T5c,True,,,
720575940621907839,left,T5c,730,7,0,-7,7,T5c,True,,,
720575940621908360,right,T4b,332,4,-26,-17,-9,T4b,True,,,
720575940621909213,right,T5a,396,-1,10,6,4,T5a,True,,,
720575940621909680,left,T5b,193,-5,4,7,-3,T5b,True,,,
720575940621910772,right,T5a,465,3,0,-3,3,T5a,True,,,
720575940621915350,right,T5b,59,-2,2,3,-1,T5b,True,,,
720575940621915558,right,T5c,680,-1,25,13,12,T5c,True,,,
720575940621915814,right,T5b,707,-2,25,14,11,T5b,True,,,
720575940621921449,left,T4c,530,-3,-13,-4,-9,T4c,True,,,
720575940621921916,right,T5c,200,-5,12,11,1,T5c,True,,,
720575940621938437,right,T5d,27,0,-25,-13,-12,T5d,True,,,
720575940621938857,right,T4a,235,4,11,1,10,T4a,True,,,
720575940621940682,right,T5d,55,-4,-11,-2,-9,T5d,True,,,
720575940621942908,right,T5c,532,-8,7,11,-4,T5c,True,,,
720575940621944712,right,T5c,452,1,-9,-6,-3,T5c,True,,,
720575940621945880,right,T4d,196,-1,8,5,3,T4d,True,,,
720575940621947909,left,T4a,336,0,23,11,12,T4a,True,,,
720575940621949022,right,T5b,682,6,-8,-10,2,T5b,True,,,
720575940621949052,right,T5d,200,-5,12,11,1,T5d,True,,,
720575940621949957,left,T5c,146,1,-6,-4,-2,T5c,True,,,
720575940621949985,right,T5b,471,3,-26,-16,-10,T5b,True,,,
720575940621950896,right,T5d,198,6,2,-5,7,T5d,True,,,
720575940621955455,left,T5a,18,5,-16,-13,-3,T5a,True,,,
720575940621956212,left,T5c,253,5,16,3,13,T5c,True,,,
720575940621962918,left,T5b,43,-5,18,14,4,T5b,True,,,
720575940621963433,right,T4a,503,3,17,5,12,T4a,True,,,
720575940621963958,left,T4c,671,-4,-23,-8,-15,T4c,True,,,
720575940621965388,right,T5c,475,-4,-1,3,-4,T5c,True,,,
720575940621971276,right,T5a,419,-3,-11,-3,-8,T5a,True,,,
720575940621972938,right,T5d,571,0,-14,-7,-7,T5d,True,,,
720575940621975329,right,T5c,133,-3,20,13,7,T5c,True,,,
720575940621975420,right,T5b,560,-7,14,14,0,T5b,True,,,
720575940621977950,left,T5b,276,2,3,-1,4,T5b,True,,,
720575940621979636,left,T4c,105,3,22,8,14,T4c,True,,,
720575940621982076,left,T4d,468,-3,11,8,3,T4d,True,,,
720575940621985482,right,T5b,403,-2,-12,-4,-8,T5b,True,,,
720575940621994245,left,T5a,98,-1,-12,-5,-7,T5a,True,,,
720575940621995391,left,T5b,368,-4,-20,-6,-14,T5b,True,,,
720575940621997040,left,T4c,719,1,27,12,15,T4c,True,,,
720575940621999484,right,T5a,712,-7,12,13,-1,T5a,True,,,
720575940622003411,left,T5c,168,-1,17,9,8,T5c,True,,,
720575940622004545,left,T5a,26,1,-3,-3,0,T5a,True,,,
720575940622006218,right,T4c,151,-3,-14,-4,-10,T4c,True,,,
720575940622006554,left,T5d,252,3,23,8,15,T5d,True,,,
720575940622007322,left,T4d,344,-2,-15,-6,-9,T4d,True,,,
720575940622010956,right,T5c,33,3,18,6,12,T5c,True,,,
720575940622012748,right,T4c,31,0,16,8,8,T4c,True,,,
720575940622013680,left,T4c,572,-8,3,9,-6,T4c,True,,,
720575940622014207,left,T5d,173,2,-25,-15,-10,T5d,True,,,
720575940622020122,left,T5b,22,-1,3,2,1,T5b,True,,,
720575940622024225,left,T4a,260,-3,19,12,7,T4a,True,,,
720575940622028404,left,T5c,452,1,-9,-6,-3,T5c,True,,,
720575940622029150,right,T5a,351,-1,-17,-8,-9,T5a,True,,,
720575940622031130,left,T4a,491,7,-1,-8,7,T4a,True,,,
720575940622039924,left,T4d,785,8,3,-7,10,T4d,True,,,
720575940622042550,left,T5a,62,-2,-29,-13,-16,T5a,True,,,
720575940622043560,right,T5b,194,0,-5,-3,-2,T5b,True,,,
720575940622044328,right,T5b,409,0,-3,-2,-1,T5b,True,,,
720575940622046241,left,T5d,219,6,-4,-8,4,T5d,True,,,
720575940622047656,right,T5c,181,1,-4,-3,-1,T5c,True,,,
720575940622048168,right,T5c,194,0,-5,-3,-2,T5c,True,,,
720575940622054917,left,T4a,589,-1,-5,-2,-3,T4a,True,,,
720575940622057804,right,T5b,462,-1,18,10,8,T5b,True,,,
720575940622057989,right,T4c,182,7,-10,-12,2,T4c,True,,,
720575940622058131,left,T4a,392,-4,7,7,0,T4a,True,,,
720575940622059525,right,T5c,536,3,4,-1,5,T5c,True,,,
720575940622059945,left,T5c,433,0,-8,-4,-4,T5c,True,,,
720575940622063487,left,T4d,767,1,28,13,15,T4d,True,,,
720575940622067572,right,T5d,685,-5,-9,0,-9,T5d,True,,,
720575940622070768,left,T4c,676,-3,-21,-8,-13,T4c,True,,,
720575940622074352,left,T4b,363,7,-4,-9,5,T4b,True,,,
720575940622077052,right,T5c,503,3,17,5,12,T5c,True,,,
720575940622077300,left,T5d,780,-2,-27,-12,-15,T5d,True,,,
720575940622077722,left,T5d,37,1,5,1,4,T5d,True,,,
720575940622079434,right,T4d,674,-4,-14,-3,-11,T4d,True,,,
720575940622079612,right,T5d,451,4,20,6,14,T5d,True,,,
720575940622079657,right,T5b,561,5,7,-2,9,T5b,True,,,
720575940622081448,right,T5d,589,-1,-5,-2,-3,T5d,True,,,
720575940622082184,right,T4b,377,0,7,3,4,T4b,True,,,
720575940622083956,left,T4d,339,6,11,-1,12,T4d,True,,,
720575940622084212,left,T5b,4,-5,-21,-6,-15,T5b,True,,,
720575940622084702,left,T4a,552,4,-1,-5,4,T4a,True,,,
720575940622084905,left,T5b,199,0,-12,-6,-6,T5b,True,,,
720575940622084929,left,T5c,704,-7,8,11,-3,T5c,True,,,
720575940622086057,left,T5b,744,-4,25,16,9,T5b,True,,,
720575940622086614,right,T4d,164,-1,-2,0,-2,T4d,True,,,
720575940622087412,left,T5b,133,-3,20,13,7,T5b,True,,,
720575940622088745,right,T5c,208,5,-21,-16,-5,T5c,True,,,
720575940622089181,right,T4d,227,-7,5,9,-4,T4d,True,,,
720575940622090273,left,T5a,523,2,14,5,9,T5a,True,,,
720575940622091391,left,T5d,565,0,-26,-13,-13,T5d,True,,,
720575940622091558,left,T4b,312,4,-7,-8,1,T4b,True,,,
720575940622092894,left,T4c,330,3,3,-2,5,T4c,True,,,
720575940622093082,left,T5c,95,4,-21,-15,-6,T5c,True,,,
720575940622093951,left,T4b,179,-5,-16,-3,-13,T4b,True,,,
720575940622094377,right,T4c,591,3,-3,-5,2,T4c,True,,,
720575940622101253,left,T4a,96,1,-10,-6,-4,T4a,True,,,
720575940622102441,left,T5a,547,-1,21,11,10,T5a,True,,,
720575940622103134,left,T4a,361,0,-7,-4,-3,T4a,True,,,
720575940622103593,left,T4a,340,-4,17,12,5,T4a,True,,,
720575940622106409,right,T4a,27,0,-25,-13,-12,T4a,True,,,
720575940622106657,right,T4a,558,-4,-21,-7,-14,T4a,True,,,
720575940622107312,right,T4b,722,6,-15,-14,-1,T4b,True,,,
720575940622108442,right,T4d,33,3,18,6,12,T4d,True,,,
720575940622108584,right,T5a,485,-3,-3,1,-4,T5a,True,,,
720575940622110546,right,T4b,166,0,18,9,9,T4b,True,,,
720575940622111058,right,T4b,31,0,16,8,8,T4b,True,,,
720575940622117572,left,T5b,506,1,-12,-7,-5,T5b,True,,,
720575940622119382,right,T5c,390,-6,-9,1,-10,T5c,True,,,
720575940622120268,right,T5b,443,-6,4,8,-4,T5b,True,,,
720575940622126418,right,T4c,5,-1,16,9,7,T4c,True,,,
720575940622126847,right,T4a,388,3,19,6,13,T4a,True,,,
720575940622128161,right,T4c,597,4,1,-4,5,T4c,True,,,
720575940622128586,right,T5d,634,-3,-15,-5,-10,T5d,True,,,
720575940622129434,left,T5b,293,4,-17,-13,-4,T5b,True,,,
720575940622132250,left,T4c,315,-3,-6,0,-6,T4c,True,,,
720575940622132485,left,T4b,51,0,-19,-10,-9,T4b,True,,,
720575940622135208,right,T5d,26,1,-3,-3,0,T5d,True,,,
720575940622137164,right,T5a,133,-3,20,13,7,T5a,True,,,
720575940622142076,left,T5d,663,0,8,4,4,T5d,True,,,
720575940622143770,left,T5b,68,3,16,5,11,T5b,True,,,
720575940622149887,right,T4d,284,0,25,12,13,T4d,True,,,
720575940622151756,right,T5a,560,-7,14,14,0,T5a,True,,,
720575940622152542,left,T5a,450,2,-9,-7,-2,T5a,True,,,
720575940622152730,left,T5a,411,-5,-19,-5,-14,T5a,True,,,
720575940622154828,right,T5c,75,-6,14,13,1,T5c,True,,,
720575940622156065,left,T4b,688,-7,10,12,-2,T4b,True,,,
720575940622166908,right,T5d,105,3,22,8,14,T5d,True,,,
720575940622171416,right,T4a,354,-2,-26,-11,-15,T4a,True,,,
720575940622173534,left,T5a,113,-2,4,4,0,T5a,True,,,
720575940622177712,right,T4c,489,-3,10,8,2,T4c,True,,,
720575940622177886,left,T5b,392,-4,7,7,0,T5b,True,,,
720575940622183457,left,T5a,337,-5,-6,2,-8,T5a,True,,,
720575940622186561,left,T5a,371,6,-5,-9,4,T5a,True,,,
720575940622189436,right,T4d,310,2,22,9,13,T4d,True,,,
720575940622190588,left,T4a,509,-4,10,9,1,T4a,True,,,
720575940622191830,right,T4a,721,5,13,1,12,T4a,True,,,
720575940622193185,left,T4a,325,5,1,-5,6,T4a,True,,,
720575940622193953,right,T4a,726,2,-28,-16,-12,T4a,True,,,
720575940622196001,right,T4d,13,-1,-26,-12,-14,T4d,True,,,
720575940622197530,right,T5a,653,-6,-12,0,-12,T5a,True,,,
720575940622197825,left,T5b,213,3,-4,-5,1,T5b,True,,,
720575940622199105,right,T4c,271,4,6,-1,7,T4c,True,,,
720575940622199372,left,T5a,427,5,-18,-14,-4,T5a,True,,,
720575940622199585,left,T5c,24,-1,-10,-4,-6,T5c,True,,,
720575940622199990,left,T4c,557,6,-10,-11,1,T4c,True,,,
720575940622200090,right,T4d,44,5,-10,-10,0,T4d,True,,,
720575940622200097,left,T5d,755,4,19,5,14,T5d,True,,,
720575940622200865,left,T4b,21,-2,19,11,8,T4b,True,,,
720575940622205217,left,T4c,414,4,21,6,15,T4c,True,,,
720575940622208517,left,T4d,108,-3,-12,-3,-9,T4d,True,,,
720575940622215779,right,T4b,360,-5,19,14,5,T4b,True,,,
720575940622215894,left,T4a,648,1,7,2,5,T4a,True,,,
720575940622217385,left,T4d,565,0,-26,-13,-13,T4d,True,,,
720575940622218364,left,T4b,434,-3,7,6,1,T4b,True,,,
720575940622218620,right,T4d,507,-5,-12,-1,-11,T4d,True,,,
720575940622220778,left,T5d,56,1,-13,-8,-5,T5d,True,,,
720575940622221014,left,T4a,174,4,-15,-12,-3,T4a,True,,,
720575940622221436,left,T5d,167,0,-17,-9,-8,T5d,True,,,
720575940622221606,left,T5c,684,-6,17,14,3,T5c,True,,,
720575940622221865,right,T4c,23,-3,-16,-5,-11,T4c,True,,,
720575940622227068,right,T4a,622,-5,20,15,5,T4a,True,,,
720575940622228545,left,T4a,703,-3,1,3,-2,T4a,True,,,
720575940622228741,left,T4d,684,-6,17,14,3,T4d,True,,,
720575940622228997,right,T4d,332,4,-26,-17,-9,T4d,True,,,
720575940622232042,left,T5c,234,1,3,0,3,T5c,True,,,
720575940622232402,right,T4d,658,1,20,9,11,T4d,True,,,
720575940622234662,right,T4d,176,-2,13,8,5,T4d,True,,,
720575940622236381,right,T5a,430,-3,-7,-1,-6,T5a,True,,,
720575940622240470,right,T5d,298,-5,5,7,-2,T5d,True,,,
720575940622241285,left,T4b,201,-8,9,12,-3,T4b,True,,,
720575940622241494,right,T5a,654,-3,8,7,1,T5a,True,,,
720575940622244521,left,T4c,255,-6,-13,-1,-12,T4c,True,,,
720575940622246090,right,T4d,67,-2,-13,-5,-8,T4d,True,,,
720575940622248700,left,T4a,732,-3,6,6,0,T4a,True,,,
720575940622251945,right,T5c,363,7,-4,-9,5,T5c,True,,,
720575940622254162,right,T5b,99,4,15,3,12,T5b,True,,,
720575940622256734,left,T4d,382,3,-6,-6,0,T4d,True,,,
720575940622258323,left,T4c,643,6,14,1,13,T4c,True,,,
720575940622258526,left,T5a,666,7,-13,-14,1,T5a,True,,,
720575940622258782,left,T4d,73,2,2,-1,3,T4d,True,,,
720575940622260574,left,T4d,566,5,-8,-9,1,T4d,True,,,
720575940622260830,left,T4b,175,-6,-7,2,-9,T4b,True,,,
720575940622265932,right,T5a,481,4,-8,-8,0,T5a,True,,,
720575940622268748,right,T4b,334,1,-26,-14,-12,T4b,True,,,
720575940622268938,right,T5c,506,1,-12,-7,-5,T5c,True,,,
720575940622269260,left,T4b,92,0,9,4,5,T4b,True,,,
720575940622271258,left,T5b,210,-6,8,10,-2,T5b,True,,,
720575940622275562,left,T5a,600,3,-10,-8,-2,T5a,True,,,
720575940622275934,left,T5a,239,-6,6,9,-3,T5a,True,,,
720575940622276106,right,T5a,506,1,-12,-7,-5,T5a,True,,,
720575940622277360,left,T4c,759,7,14,0,14,T4c,True,,,
720575940622277726,left,T5c,714,5,12,1,11,T5c,True,,,
720575940622277808,left,T4a,658,1,20,9,11,T4a,True,,,
720575940622278890,right,T4a,184,-6,-5,3,-8,T4a,True,,,
720575940622282506,right,T5d,506,1,-12,-7,-5,T5d,True,,,
720575940622282762,right,T5b,129,0,-13,-7,-6,T5b,True,,,
720575940622283204,left,T5d,464,4,0,-4,4,T5d,True,,,
720575940622283786,right,T5b,506,1,-12,-7,-5,T5b,True,,,
720575940622283814,left,T5d,674,-4,-14,-3,-11,T5d,True,,,
720575940622284070,left,T4d,26,1,-3,-3,0,T4d,True,,,
720575940622286204,left,T5b,409,0,-3,-2,-1,T5b,True,,,
720575940622286625,right,T4a,654,-3,8,7,1,T4a,True,,,
720575940622289441,left,T5c,686,5,-22,-16,-6,T5c,True,,,
720575940622290044,left,T5d,250,-1,1,1,0,T5d,True,,,
720575940622290164,left,T5d,442,-5,25,17,8,T5d,True,,,
720575940622290252,right,T4b,755,4,19,5,14,T4b,True,,,
720575940622290954,right,T5d,754,-1,-13,-6,-7,T5d,True,,,
720575940622291068,left,T4c,216,2,19,7,12,T4c,True,,,
720575940622294878,left,T5d,763,-5,14,12,2,T5d,True,,,
720575940622298515,right,T5c,27,0,-25,-13,-12,T5c,True,,,
720575940622298637,right,T4b,164,-1,-2,0,-2,T4b,True,,,
720575940622300810,right,T4a,406,1,-25,-14,-11,T4a,True,,,
720575940622301162,left,T4b,379,3,-17,-12,-5,T4b,True,,,
720575940622308869,left,T4c,278,-5,10,10,0,T4c,True,,,
720575940622311306,right,T5d,244,-4,-12,-2,-10,T5d,True,,,
720575940622318174,right,T4d,527,-4,-8,0,-8,T4d,True,,,
720575940622319498,right,T4c,482,1,17,7,10,T4c,True,,,
720575940622320508,left,T4a,725,-3,-24,-9,-15,T4a,True,,,
720575940622320605,left,T4a,271,4,6,-1,7,T4a,True,,,
720575940622320861,right,T4c,548,1,-16,-9,-7,T4c,True,,,
720575940622324604,right,T5d,117,-8,-2,7,-9,T5d,True,,,
720575940622329008,left,T5a,339,6,11,-1,12,T5a,True,,,
720575940622330444,left,T5c,78,2,20,8,12,T5c,True,,,
720575940622332236,left,T5b,768,3,5,-1,6,T5b,True,,,
720575940622334844,left,T5c,354,-2,-26,-11,-15,T5c,True,,,
720575940622341363,left,T5d,326,2,16,6,10,T5d,True,,,
720575940622342012,right,T4c,368,-4,-20,-6,-14,T4c,True,,,
720575940622343804,right,T4a,179,-5,-16,-3,-13,T4a,True,,,
720575940622344624,left,T4d,367,-6,-15,-2,-13,T4d,True,,,
720575940622349388,left,T4d,435,5,-17,-14,-3,T4d,True,,,
720575940622352595,left,T5a,141,5,-23,-17,-6,T5a,True,,,
720575940622353078,left,T4d,324,3,24,9,15,T4d,True,,,
720575940622355788,right,T4b,234,1,3,0,3,T4b,True,,,
720575940622355836,left,T5a,747,0,2,1,1,T5a,True,,,
720575940622356957,left,T5b,139,1,-14,-8,-6,T5b,True,,,
720575940622357459,left,T5b,318,4,-19,-14,-5,T5b,True,,,
720575940622362589,left,T5d,208,5,-21,-16,-5,T5d,True,,,
720575940622362845,left,T5c,769,4,-27,-18,-9,T5c,True,,,
720575940622362858,left,T5d,338,-1,0,1,-1,T5d,True,,,
720575940622362890,right,T5b,212,2,-16,-10,-6,T5b,True,,,
720575940622363341,right,T5a,167,0,-17,-9,-8,T5a,True,,,
720575940622364118,left,T5a,727,7,6,-4,10,T5a,True,,,
720575940622364492,right,T4d,571,0,-14,-7,-7,T4d,True,,,
720575940622366218,right,T5a,446,2,-14,-9,-5,T5a,True,,,
720575940622371077,left,T4d,253,5,16,3,13,T4d,True,,,
720575940622372301,right,T4b,127,0,15,7,8,T4b,True,,,
720575940622376083,left,T5a,39,0,20,10,10,T5a,True,,,
720575940622377343,left,T5d,2,-8,2,9,-7,T5d,True,,,
720575940622377421,left,T4a,360,-5,19,14,5,T4a,True,,,
720575940622377571,right,T5c,253,5,16,3,13,T5c,True,,,
720575940622380509,right,T4d,12,-7,9,11,-2,T4d,True,,,
720575940622380554,right,T5c,446,2,-14,-9,-5,T5c,True,,,
720575940622383692,right,T5c,215,6,7,-3,10,T5c,True,,,
720575940622385869,right,T5b,29,-1,-3,-1,-2,T5b,True,,,
720575940622389430,right,T5a,172,1,22,10,12,T5a,True,,,
720575940622390810,right,T5d,368,-4,-20,-6,-14,T5d,True,,,
720575940622391821,right,T5c,178,2,11,3,8,T5c,True,,,
720575940622393014,left,T4a,729,-3,29,17,12,T4a,True,,,
720575940622393724,right,T4a,262,1,-11,-7,-4,T4a,True,,,
720575940622395263,right,T5a,559,-6,22,17,5,T5a,True,,,
720575940622397308,left,T5b,486,0,1,0,1,T5b,True,,,
720575940622403361,left,T5d,356,0,22,11,11,T5d,True,,,
720575940622405770,left,T5d,49,4,-4,-6,2,T5d,True,,,
720575940622409875,right,T5a,65,-1,28,15,13,T5a,True,,,
720575940622412253,right,T5c,703,-3,1,3,-2,T5c,True,,,
720575940622413055,right,T5a,702,-5,23,16,7,T5a,True,,,
720575940622413300,left,T4c,682,6,-8,-10,2,T4c,True,,,
720575940622415044,right,T4b,677,0,11,5,6,T4b,True,,,
720575940622419113,left,T4c,569,6,6,-3,9,T4c,True,,,
720575940622420189,right,T4b,60,-8,8,12,-4,T4b,True,,,
720575940622429772,left,T4c,746,-3,3,4,-1,T4c,True,,,
720575940622431582,left,T5c,473,-4,23,15,8,T5c,True,,,
720575940622432425,left,T5b,404,-1,20,11,9,T5b,True,,,
720575940622436310,left,T5d,633,-1,-24,-11,-13,T5d,True,,,
720575940622436641,right,T5b,389,-6,-16,-2,-14,T5b,True,,,
720575940622437334,right,T4b,414,4,21,6,15,T4b,True,,,
720575940622441181,right,T5b,218,2,10,3,7,T5b,True,,,
720575940622442387,left,T4d,704,-7,8,11,-3,T4d,True,,,
720575940622443034,left,T5c,698,6,-7,-10,3,T5c,True,,,
720575940622449541,left,T4a,294,1,-20,-11,-9,T4a,True,,,
720575940622450014,left,T4a,722,6,-15,-14,-1,,,,,
720575940622453175,left,T4d,71,-2,-3,0,-3,T4d,True,,,
720575940622458838,left,T5c,418,-2,15,9,6,T5c,True,,,
720575940622460412,left,T5d,751,1,6,2,4,T5d,True,,,
720575940622460868,left,T5a,426,-3,0,3,-3,T5a,True,,,
720575940622461516,right,T4b,465,3,0,-3,3,T4b,True,,,
720575940622461978,left,T4a,341,6,-17,-15,-2,T4a,True,,,
720575940622462025,left,T5b,29,-1,-3,-1,-2,T5b,True,,,
720575940622462964,left,T5b,575,6,9,-2,11,T5b,True,,,
720575940622466842,left,T5b,387,-1,-15,-7,-8,T5b,True,,,
720575940622468940,right,T4d,6,-2,-4,0,-4,T4d,True,,,
720575940622475263,right,T4c,742,-4,11,9,2,T4c,True,,,
720575940622478972,right,T4a,715,4,10,1,9,T4a,True,,,
720575940622479228,right,T4d,271,4,6,-1,7,T4d,True,,,
720575940622479692,left,T5a,259,-7,-5,4,-9,T5a,True,,,
720575940622490444,right,T5c,520,-2,-22,-9,-13,T5c,True,,,
720575940622493320,right,T5a,382,3,-6,-6,0,T5a,True,,,
720575940622497476,right,T4b,51,0,-19,-10,-9,T4b,True,,,
720575940622498184,right,T4d,397,-3,-19,-7,-12,T4d,True,,,
720575940622498952,right,T5a,397,-3,-19,-7,-12,T5a,True,,,
720575940622504191,right,T4d,145,0,4,2,2,T4d,True,,,
720575940622516860,left,T5c,18,5,-16,-13,-3,T5c,True,,,
720575940622521930,right,T5c,687,-6,-3,4,-7,T5c,True,,,
720575940622526204,left,T5a,224,0,5,2,3,T5a,True,,,
720575940622527446,right,T4d,715,4,10,1,9,T4d,True,,,
720575940622527868,left,T4d,489,-3,10,8,2,T4d,True,,,
720575940622530892,left,T5c,566,5,-8,-9,1,T5c,True,,,
720575940622534614,right,T4a,360,-5,19,14,5,T4a,True,,,
720575940622538273,left,T4c,305,-7,4,9,-5,T4c,True,,,
720575940622541523,left,T5b,726,2,-28,-16,-12,T5b,True,,,
720575940622555094,right,T4b,104,-1,-27,-13,-14,T4b,True,,,
720575940622555468,left,T4d,249,2,-12,-8,-4,T4d,True,,,
720575940622561750,left,T5a,322,2,26,11,15,T5a,True,,,
720575940622564109,right,T5c,575,6,9,-2,11,T5c,True,,,
720575940622566825,right,T4a,80,4,13,2,11,T4a,True,,,
720575940622566870,left,T4b,714,5,12,1,11,T4b,True,,,
720575940622571213,right,T4a,107,8,-2,-9,7,T4a,True,,,
720575940622578183,right,T4a,139,1,-14,-8,-6,T4a,True,,,
720575940622581395,right,T4a,69,1,8,3,5,T4a,True,,,
720575940622586145,left,T4d,682,6,-8,-10,2,T4d,True,,,
720575940622586467,right,T4c,606,-1,-19,-9,-10,T4c,True,,,
720575940622588893,right,T4d,570,2,25,10,15,T4d,True,,,
720575940622591220,right,T4b,444,4,-10,-9,-1,T4b,True,,,
720575940622592809,left,T4a,377,0,7,3,4,T4a,True,,,
720575940622593663,right,T5a,697,1,-22,-12,-10,T5a,True,,,
720575940622593868,left,T5c,333,0,-21,-11,-10,T5c,True,,,
720575940622595572,right,T4a,424,-3,-2,2,-4,T4a,True,,,
720575940622599267,right,T5d,229,5,2,-4,6,T5d,True,,,
720575940622599518,left,T5d,215,6,7,-3,10,T5d,True,,,
720575940622606179,left,T4c,506,1,-12,-7,-5,T4c,True,,,
720575940622606867,left,T5d,28,5,6,-2,8,T5d,True,,,
720575940622609246,left,T4d,500,7,-8,-11,3,T4d,True,,,
720575940622610183,left,T5c,455,7,-7,-11,4,T5c,True,,,
720575940622613206,right,T5c,266,-1,-25,-12,-13,T5c,True,,,
720575940622618570,right,T5c,430,-3,-7,-1,-6,T5c,True,,,
720575940622620585,left,T4c,1,-6,13,12,1,T4c,True,,,
720575940622620705,right,T5b,246,-4,15,11,4,T5b,True,,,
720575940622620874,right,T5b,430,-3,-7,-1,-6,T5b,True,,,
720575940622624792,left,T5d,185,2,-11,-8,-3,T5d,True,,,
720575940622626328,left,T5c,709,-2,-24,-10,-14,T5c,True,,,
720575940622628702,right,T5d,671,-4,-23,-8,-15,T5d,True,,,
720575940622630877,left,T5d,304,6,5,-4,9,T5d,True,,,
720575940622635734,left,T5c,262,1,-11,-7,-4,T5c,True,,,
720575940622636876,left,T4d,521,6,-9,-11,2,T4d,True,,,
720575940622636924,left,T4d,230,2,9,2,7,T4d,True,,,
720575940622638204,left,T5d,138,0,27,13,14,T5d,True,,,
720575940622638691,right,T4b,525,-1,-20,-9,-11,T4b,True,,,
720575940622639715,right,T5b,446,2,-14,-9,-5,T5b,True,,,
720575940622641878,left,T5a,286,0,-24,-12,-12,T5a,True,,,
720575940622645469,left,T5a,341,6,-17,-15,-2,T5a,True,,,
720575940622647907,right,T4a,289,-1,11,6,5,T4a,True,,,
720575940622648344,right,T4c,702,-5,23,16,7,T4c,True,,,
720575940622648790,left,T4c,248,-6,0,6,-6,T4c,True,,,
720575940622650723,right,T5b,342,2,-15,-10,-5,T5b,True,,,
720575940622653164,left,T4a,97,-5,2,6,-4,T4a,True,,,
720575940622653957,left,T5c,105,3,22,8,14,T5c,True,,,
720575940622655190,left,T5a,533,0,-16,-8,-8,T5a,True,,,
720575940622658659,left,T5b,218,2,10,3,7,T5b,True,,,
720575940622661846,left,T5b,446,2,-14,-9,-5,T5b,True,,,
720575940622667107,left,T5c,697,1,-22,-12,-10,T5c,True,,,
720575940622671367,left,T5d,521,6,-9,-11,2,T5d,True,,,
720575940622671629,right,T5a,6,-2,-4,0,-4,T5a,True,,,
720575940622675753,right,T5a,140,3,8,1,7,T5a,True,,,
720575940622676464,right,T4a,417,-6,-10,1,-11,T4a,True,,,
720575940622680456,right,T5b,609,-2,0,2,-2,T5b,True,,,
720575940622680968,right,T5c,447,-1,2,2,0,T5c,True,,,
720575940622681215,right,T4d,575,6,9,-2,11,T4d,True,,,
720575940622683681,left,T4b,547,-1,21,11,10,T4b,True,,,
720575940622684429,right,T5d,320,-2,-5,-1,-4,T5d,True,,,
720575940622684966,right,T4c,131,-6,20,16,4,T4c,True,,,
720575940622685795,right,T5b,541,-4,14,11,3,T5b,True,,,
720575940622686819,right,T5d,770,5,4,-3,7,T5d,True,,,
720575940622687757,right,T5b,407,-5,-10,0,-10,T5b,True,,,
720575940622689245,left,T5a,741,-2,-14,-5,-9,T5a,True,,,
720575940622690311,left,T5c,53,5,14,2,12,T5c,True,,,
720575940622692621,right,T5c,264,-1,-6,-2,-4,T5c,True,,,
720575940622693119,right,T5b,529,2,-2,-3,1,T5b,True,,,
720575940622695774,left,T4d,645,-4,27,17,10,T4d,True,,,
720575940622704204,left,T5a,658,1,20,9,11,T5a,True,,,
720575940622707895,left,T5b,224,0,5,2,3,T5b,True,,,
720575940622708429,right,T4c,49,4,-4,-6,2,T4c,True,,,
720575940622710655,right,T5b,321,8,4,-6,10,T5b,True,,,
720575940622711081,right,T5c,409,0,-3,-2,-1,T5c,True,,,
720575940622711721,left,T5c,581,3,9,1,8,T5c,True,,,
720575940622712609,right,T4c,30,6,16,2,14,T4c,True,,,
720575940622713724,right,T4c,790,-2,-27,-12,-15,T4c,True,,,
720575940622714119,left,T5a,689,-2,18,11,7,T5a,True,,,
720575940622715319,left,T5b,275,-8,-1,7,-8,T5b,True,,,
720575940622716381,left,T4d,152,3,-15,-11,-4,T4d,True,,,
720575940622717729,left,T5c,480,3,-19,-13,-6,T5c,True,,,
720575940622718422,left,T5a,446,2,-14,-9,-5,T5a,True,,,
720575940622719564,left,T4d,238,-8,-3,6,-9,T4d,True,,,
720575940622720717,left,T4a,45,-5,-1,4,-5,T4a,True,,,
720575940622720973,left,T5d,435,5,-17,-14,-3,T5d,True,,,
720575940622725756,right,T4d,180,2,-27,-16,-11,T4d,True,,,
720575940622727901,left,T5a,578,4,-11,-10,-1,T5a,True,,,
720575940622729752,right,T5c,421,-1,12,7,5,T5c,True,,,
720575940622731433,left,T4b,493,-3,23,14,9,T4b,True,,,
720575940622733097,right,T4c,60,-8,8,12,-4,T4c,True,,,
720575940622735740,left,T4b,122,-5,9,9,0,T4b,True,,,
720575940622737555,left,T4a,362,2,-20,-12,-8,T4a,True,,,
720575940622737916,left,T5a,196,-1,8,5,3,T5a,True,,,
720575940622738164,left,T5d,705,1,1,-1,2,T5d,True,,,
720575940622738445,right,T4c,739,-7,2,8,-6,T4c,True,,,
720575940622739690,right,T4b,177,-2,-1,1,-2,T4b,True,,,
720575940622739725,right,T4a,193,-5,4,7,-3,T4a,True,,,
720575940622739981,right,T4d,23,-3,-16,-5,-11,T4d,True,,,
720575940622745053,left,T5a,212,2,-16,-10,-6,T5a,True,,,
720575940622750941,left,T4d,459,5,-3,-7,4,T4d,True,,,
720575940622752205,right,T5a,685,-5,-9,0,-9,T5a,True,,,
720575940622756707,right,T5b,155,-8,13,14,-1,T5b,True,,,
720575940622760918,left,T4c,491,7,-1,-8,7,T4c,True,,,
720575940622763021,left,T5a,627,0,-1,-1,0,T5a,True,,,
720575940622765508,right,T5b,696,-2,16,10,6,T5b,True,,,
720575940622767692,left,T5d,207,1,29,13,16,T5d,True,,,
720575940622769080,left,T4c,540,-2,-9,-3,-6,T4c,True,,,
720575940622771592,right,T4b,632,3,-20,-13,-7,T4b,True,,,
720575940622772506,left,T4d,55,-4,-11,-2,-9,T4d,True,,,
720575940622773530,right,T4a,301,-5,16,13,3,T4a,True,,,
720575940622776088,left,T5c,291,7,2,-6,8,T5c,True,,,
720575940622776200,right,T4d,251,-1,-14,-6,-8,T4d,True,,,
720575940622777385,right,T5b,132,2,4,0,4,T5b,True,,,
720575940622779061,right,T4a,101,-7,6,10,-4,T4a,True,,,
720575940622779775,right,T4b,290,5,-24,-17,-7,T4b,True,,,
720575940622780296,right,T5c,419,-3,-11,-3,-8,T5c,True,,,
720575940622780543,right,T4a,647,-4,-7,0,-7,T4a,True,,,
720575940622785560,right,T5d,658,1,20,9,11,T5d,True,,,
720575940622786437,left,T5a,471,3,-26,-16,-10,T5a,True,,,
720575940622786840,right,T5a,391,4,-3,-6,3,T5a,True,,,
720575940622786985,right,T5c,8,-4,26,17,9,T5c,True,,,
720575940622787293,left,T4a,114,2,-13,-9,-4,T4a,True,,,
720575940622787683,right,T4c,490,-5,6,8,-2,T4c,True,,,
720575940622788195,right,T4b,644,-6,18,15,3,T4b,True,,,
720575940622804237,right,T4c,731,-6,9,10,-1,T4c,True,,,
720575940622806920,left,T5a,738,-3,13,9,4,T5a,True,,,
720575940622808077,right,T5d,248,-6,0,6,-6,T5d,True,,,
720575940622809121,right,T5b,131,-6,20,16,4,T5b,True,,,
720575940622818184,right,T5a,326,2,16,6,10,T5a,True,,,
720575940622821133,right,T4d,163,-9,7,12,-5,T4d,True,,,
720575940622821658,left,T4d,415,6,12,0,12,T4d,True,,,
720575940622821982,left,T4a,733,-5,-17,-4,-13,T4a,True,,,
720575940622823244,left,T5c,542,6,-13,-13,0,T5c,True,,,
720575940622825427,left,T5a,750,4,-24,-16,-8,T5a,True,,,
720575940622826493,right,T4d,266,-1,-25,-12,-13,T4d,True,,,
720575940622833740,left,T5c,42,-1,14,8,6,T5c,True,,,
720575940622836691,left,T4a,769,4,-27,-18,-9,T4a,True,,,
720575940622838525,right,T4d,627,0,-1,-1,0,T4d,True,,,
720575940622840245,left,T5d,124,1,-7,-5,-2,T5d,True,,,
720575940622843113,left,T5a,631,1,26,12,14,T5a,True,,,
720575940622849356,left,T5c,138,0,27,13,14,T5c,True,,,
720575940622849925,left,T5d,583,3,-25,-16,-9,T5d,True,,,
720575940622850259,left,T5d,89,1,-19,-11,-8,T5d,True,,,
720575940622851511,right,T4a,392,-4,7,7,0,T4a,True,,,
720575940622852605,right,T5d,140,3,8,1,7,T5d,True,,,
720575940622854837,left,T5b,319,-2,5,4,1,T5b,True,,,
720575940622855935,right,T4b,79,2,1,-2,3,T4b,True,,,
720575940622859909,left,T5d,332,4,-26,-17,-9,T5d,True,,,
720575940622865484,left,T4c,478,-7,16,15,1,T4c,True,,,
720575940622866836,right,T4a,448,0,30,15,15,T4a,True,,,
720575940622867895,left,T5c,582,-1,23,12,11,T5c,True,,,
720575940622868617,left,T4b,713,-6,16,14,2,T4b,True,,,
720575940622874385,right,T5b,226,5,19,4,15,T5b,True,,,
720575940622875402,right,T5c,513,-4,-13,-3,-10,T5c,True,,,
720575940622877453,right,T4d,522,-4,0,4,-4,T4d,True,,,
720575940622878429,left,T5a,625,-2,24,14,10,T5a,True,,,
720575940622880332,left,T5d,773,5,-19,-15,-4,T5d,True,,,
720575940622882045,right,T4d,94,5,18,4,14,T4d,True,,,
720575940622887523,right,T4b,483,2,-7,-6,-1,T4b,True,,,
720575940622892493,right,T4c,145,0,4,2,2,T4c,True,,,
720575940622893556,left,T4b,219,6,-4,-8,4,T4b,True,,,
720575940622895062,left,T5a,513,-4,-13,-3,-10,T5a,True,,,
720575940622897357,left,T5a,354,-2,-26,-11,-15,T5a,True,,,
720575940622897366,left,T5b,594,7,-16,-15,-1,T5b,True,,,
720575940622900248,left,T5a,504,-2,9,6,3,T5a,True,,,
720575940622902040,left,T4b,754,-1,-13,-6,-7,T4b,True,,,
720575940622907672,left,T5d,316,5,-4,-7,3,T5d,True,,,
720575940622908745,right,T5a,540,-2,-9,-3,-6,T5a,True,,,
720575940622910678,left,T5d,188,-5,17,13,4,T5d,True,,,
720575940622910744,right,T4d,593,3,-14,-10,-4,T4d,True,,,
720575940622912024,left,T5b,91,-1,6,4,2,T5b,True,,,
720575940622912491,left,T5b,299,-4,12,10,2,T5b,True,,,
720575940622912717,right,T5d,273,-6,23,17,6,T5d,True,,,
720575940622913635,left,T4b,286,0,-24,-12,-12,T4b,True,,,
720575940622914548,left,T5d,524,4,-20,-14,-6,T5d,True,,,
720575940622916195,left,T5b,248,-6,0,6,-6,T5b,True,,,
720575940622921741,left,T4a,687,-6,-3,4,-7,T4a,True,,,
720575940622924749,left,T4b,638,-1,7,4,3,T4b,True,,,
720575940622929688,right,T4d,276,2,3,-1,4,T4d,True,,,
720575940622929958,right,T5c,154,-8,0,8,-8,T5c,True,,,
720575940622930505,right,T5c,37,1,5,1,4,T5c,True,,,
720575940622935832,right,T4d,65,-1,28,15,13,T4d,True,,,
720575940622936811,right,T4b,582,-1,23,12,11,T4b,True,,,
720575940622937323,right,T5a,779,5,24,7,17,T5a,True,,,
720575940622939317,left,T4c,194,0,-5,-3,-2,T4c,True,,,
720575940622942730,right,T5d,98,-1,-12,-5,-7,T5d,True,,,
720575940622943314,right,T4d,711,-1,19,10,9,T4d,True,,,
720575940622944525,right,T4c,586,2,18,7,11,T4c,True,,,
720575940622945041,right,T4b,756,5,20,5,15,T4b,True,,,
720575940622946795,left,T4a,157,-1,-7,-3,-4,T4a,True,,,
720575940622947110,right,T5d,191,-1,-11,-5,-6,T5d,True,,,
720575940622947708,left,T5a,163,4,26,9,17,T5a,True,,,
720575940622947864,left,T4c,541,-4,14,11,3,T4c,True,,,
720575940622949117,left,T4a,152,3,-15,-11,-4,T4a,True,,,
720575940622950161,right,T4a,700,5,15,2,13,T4a,True,,,
720575940622951571,right,T4d,213,3,-4,-5,1,T4d,True,,,
720575940622953059,right,T4c,653,-6,-12,0,-12,T4c,True,,,
720575940622955363,right,T4c,148,-7,-11,1,-12,T4c,True,,,
720575940622955561,right,T5c,443,-6,4,8,-4,T5c,True,,,
720575940622956105,left,T5a,728,7,12,-1,13,T5a,True,,,
720575940622958412,right,T4c,771,3,-27,-17,-10,T4c,True,,,
720575940622959081,left,T5b,105,3,22,8,14,T5b,True,,,
720575940622963992,left,T5a,268,7,-6,-10,4,T5a,True,,,
720575940622964957,right,T4d,144,7,-11,-13,2,T4d,True,,,
720575940622966506,right,T5d,194,0,-5,-3,-2,T5d,True,,,
720575940622967832,right,T4a,337,-5,-6,2,-8,T4a,True,,,
720575940622968573,left,T5a,352,-2,28,16,12,T5a,True,,,
720575940622969853,right,T4a,539,-6,15,13,2,T4a,True,,,
720575940622973917,left,T5b,376,-7,-10,2,-12,T5b,True,,,
720575940622974173,left,T5d,32,0,12,6,6,T5d,True,,,
720575940622975211,right,T4c,733,-5,-17,-4,-13,T4c,True,,,
720575940622977925,left,T5c,471,3,-26,-16,-10,T5c,True,,,
720575940622979805,left,T5d,182,7,-10,-12,2,T5d,True,,,
720575940622981325,right,T5b,658,1,20,9,11,T5b,True,,,
720575940622983146,right,T5b,447,-1,2,2,0,T5b,True,,,
720575940622983147,left,T5c,700,5,15,2,13,T5c,True,,,
720575940622985254,right,T5c,590,1,9,3,6,T5c,True,,,
720575940622987400,right,T4d,52,-1,-22,-10,-12,T4d,True,,,
720575940622988070,right,T5a,383,-6,11,11,0,T5a,True,,,
720575940622988582,left,T4c,704,-7,8,11,-3,T4c,True,,,
720575940622990691,left,T5c,229,5,2,-4,6,T5c,True,,,
720575940622994982,right,T4a,768,3,5,-1,6,T4a,True,,,
720575940622998742,left,T4d,97,-5,2,6,-4,T4d,True,,,
720575940623000614,right,T4c,488,7,5,-5,10,T4c,True,,,
720575940623001894,left,T5a,419,-3,-11,-3,-8,T5a,True,,,
720575940623002893,right,T5c,633,-1,-24,-11,-13,T5c,True,,,
720575940623004454,right,T5b,234,1,3,0,3,T5b,True,,,
720575940623010345,right,T4b,403,-2,-12,-4,-8,T4b,True,,,
720575940623011096,right,T4c,534,3,2,-2,4,T4c,True,,,
720575940623012348,left,T5b,377,0,7,3,4,T5b,True,,,
720575940623014185,right,T4c,206,-3,5,5,0,T4c,True,,,
720575940623021897,right,T4d,419,-3,-11,-3,-8,T4d,True,,,
720575940623022005,right,T4d,752,-2,7,5,2,T4d,True,,,
720575940623022889,right,T4b,507,-5,-12,-1,-11,T4b,True,,,
720575940623023103,right,T5b,668,1,19,8,11,T5b,True,,,
720575940623023145,right,T5a,617,-2,-17,-7,-10,T5a,True,,,
720575940623025663,left,T5b,229,5,2,-4,6,T5b,True,,,
720575940623025944,right,T5a,726,2,-28,-16,-12,T5a,True,,,
720575940623026764,left,T5c,422,-7,-4,5,-9,T5c,True,,,
720575940623026970,left,T4b,458,5,0,-5,5,T4b,True,,,
720575940623032652,right,T5c,592,3,-28,-17,-11,T5c,True,,,
720575940623034308,right,T4d,274,6,4,-4,8,T4d,True,,,
720575940623034317,left,T5a,649,-1,5,3,2,T5a,True,,,
720575940623036362,right,T5b,142,-2,-18,-7,-11,T5b,True,,,
720575940623036618,right,T5d,741,-2,-14,-5,-9,T5d,True,,,
720575940623037466,left,T4d,712,-7,12,13,-1,T4d,True,,,
720575940623041609,right,T5c,741,-2,-14,-5,-9,T5c,True,,,
720575940623041868,right,T4c,18,5,-16,-13,-3,T4c,True,,,
720575940623043327,right,T5d,210,-6,8,10,-2,T5d,True,,,
720575940623045597,left,T4d,29,-1,-3,-1,-2,T4d,True,,,
720575940623045901,left,T4d,480,3,-19,-13,-6,T4d,True,,,
720575940623046441,left,T4d,68,3,16,5,11,T4d,True,,,
720575940623049752,left,T5a,345,3,-12,-9,-3,T5a,True,,,
720575940623051400,right,T5d,259,-7,-5,4,-9,T5d,True,,,
720575940623052326,right,T4d,64,4,-23,-16,-7,T4d,True,,,
720575940623053261,right,T5b,50,-2,21,12,9,T5b,True,,,
720575940623053764,right,T5c,140,3,8,1,7,T5c,True,,,
720575940623059038,left,T4a,268,7,-6,-10,4,T4a,True,,,
720575940623059238,right,T5c,731,-6,9,10,-1,T5c,True,,,
720575940623060694,left,T4b,198,6,2,-5,7,T4b,True,,,
720575940623066392,right,T4a,703,-3,1,3,-2,T4a,True,,,
720575940623067980,left,T4c,46,-5,15,12,3,T4c,True,,,
720575940623070429,left,T4b,210,-6,8,10,-2,T4b,True,,,
720575940623071526,right,T5d,279,-4,8,8,0,T5d,True,,,
720575940623072809,right,T5d,38,0,-2,-1,-1,T5d,True,,,
720575940623073532,left,T5b,765,-3,9,7,2,T5b,True,,,
720575940623074598,right,T4c,495,4,5,-2,7,T4c,True,,,
720575940623075427,left,T4a,581,3,9,1,8,T4a,True,,,
720575940623075819,right,T4b,304,6,5,-4,9,T4b,True,,,
720575940623076054,left,T5a,434,-3,7,6,1,T5a,True,,,
720575940623078792,left,T5b,124,1,-7,-5,-2,T5b,True,,,
720575940623079244,left,T5c,594,7,-16,-15,-1,T5c,True,,,
720575940623081939,left,T4b,681,-2,-21,-9,-12,T4b,True,,,
720575940623083689,left,T4b,154,-8,0,8,-8,T4b,True,,,
720575940623084243,left,T4c,681,-2,-21,-9,-12,T4c,True,,,
720575940623087498,right,T4d,93,-6,3,7,-4,T4d,True,,,
720575940623087571,left,T5a,64,4,-23,-16,-7,T5a,True,,,
720575940623089348,right,T4b,411,-5,-19,-5,-14,T4b,True,,,
720575940623089434,left,T5c,657,-2,-25,-11,-14,T5c,True,,,
720575940623089946,left,T5c,653,-6,-12,0,-12,T5c,True,,,
720575940623090884,right,T5d,351,-1,-17,-8,-9,T5d,True,,,
720575940623096004,right,T4d,401,-2,-19,-8,-11,T4d,True,,,
720575940623100906,right,T4b,475,-4,-1,3,-4,T4b,True,,,
720575940623108129,left,T4a,99,4,15,3,12,T4a,True,,,
720575940623109912,left,T4a,624,1,-17,-10,-7,T4a,True,,,
720575940623110349,left,T4a,240,-4,-3,2,-5,T4a,True,,,
720575940623114948,left,T5b,135,-3,-22,-8,-14,T5b,True,,,
720575940623116582,right,T5c,58,3,12,3,9,T5c,True,,,
720575940623118374,right,T5a,240,-4,-3,2,-5,T5a,True,,,
720575940623118605,left,T4c,688,-7,10,12,-2,T4c,True,,,
720575940623118633,right,T4c,137,5,-7,-9,2,T4c,True,,,
720575940623121098,right,T5c,617,-2,-17,-7,-10,T5c,True,,,
720575940623123494,right,T4c,639,-4,19,13,6,T4c,True,,,
720575940623124938,right,T5a,67,-2,-13,-5,-8,T5a,True,,,
720575940623126762,right,T5b,80,4,13,2,11,T5b,True,,,
720575940623131859,left,T4a,89,1,-19,-11,-8,T4a,True,,,
720575940623132125,right,T4a,443,-6,4,8,-4,T4a,True,,,
720575940623132713,right,T5c,412,-6,21,16,5,T5c,True,,,
720575940623133075,right,T4c,475,-4,-1,3,-4,T4c,True,,,
720575940623133130,right,T5a,634,-3,-15,-5,-10,T5a,True,,,
720575940623140051,left,T4b,471,3,-26,-16,-10,T4b,True,,,
720575940623141670,left,T5d,446,2,-14,-9,-5,T5d,True,,,
720575940623142378,left,T5c,372,1,-2,-2,0,T5c,True,,,
720575940623148643,left,T5c,414,4,21,6,15,T5c,True,,,
720575940623148936,right,T4d,414,4,21,6,15,T4d,True,,,
720575940623149192,right,T5d,226,5,19,4,15,T5d,True,,,
720575940623151240,right,T4c,552,4,-1,-5,4,T4c,True,,,
720575940623152904,left,T4a,608,1,10,4,6,T4a,True,,,
720575940623153546,right,T5d,36,6,8,-2,10,T5d,True,,,
720575940623153961,right,T4b,735,1,-23,-13,-10,T4b,True,,,
720575940623159134,left,T5d,671,-4,-23,-8,-15,T5d,True,,,
720575940623159337,left,T4d,673,2,5,0,5,T4d,True,,,
720575940623161480,left,T5c,482,1,17,7,10,T5c,True,,,
720575940623164307,right,T5b,61,-4,-4,2,-6,T5b,True,,,
720575940623164927,left,T5b,655,6,-1,-7,6,T5b,True,,,
720575940623165608,right,T5b,337,-5,-6,2,-8,T5b,True,,,
720575940623166090,right,T4b,325,5,1,-5,6,T4b,True,,,
720575940623167172,right,T4c,242,-4,6,7,-1,T4c,True,,,
720575940623168024,left,T5a,611,-1,-18,-8,-10,T5a,True,,,
720575940623169747,left,T4b,14,0,-27,-14,-13,T4b,True,,,
720575940623173770,left,T4d,335,2,8,2,6,T4d,True,,,
720575940623178189,right,T4a,173,2,-25,-15,-10,T4a,True,,,
720575940623178751,right,T5c,290,5,-24,-17,-7,T5c,True,,,
720575940623180326,right,T5a,273,-6,23,17,6,T5a,True,,,
720575940623188137,left,T4b,445,-2,8,6,2,T4b,True,,,
720575940623188420,right,T4a,607,1,18,8,10,T4a,True,,,
720575940623190506,right,T5c,677,0,11,5,6,T5c,True,,,
720575940623190783,left,T4b,233,4,-13,-11,-2,T4b,True,,,
720575940623191757,right,T4d,371,6,-5,-9,4,T4d,True,,,
720575940623192516,left,T4b,647,-4,-7,0,-7,T4b,True,,,
720575940623194406,right,T5a,756,5,20,5,15,T5a,True,,,
720575940623202634,right,T4b,38,0,-2,-1,-1,T4b,True,,,
720575940623207608,right,T5b,151,-3,-14,-4,-10,T5b,True,,,
720575940623208376,right,T4c,473,-4,23,15,8,T4c,True,,,
720575940623214474,left,T5b,471,3,-26,-16,-10,T5b,True,,,
720575940623214483,right,T4b,566,5,-8,-9,1,T4b,True,,,
720575940623214730,left,T5d,362,2,-20,-12,-8,T5d,True,,,
720575940623217763,left,T5a,714,5,12,1,11,T5a,True,,,
720575940623224013,left,T5a,250,-1,1,1,0,T5a,True,,,
720575940623224200,left,T5a,491,7,-1,-8,7,T5a,True,,,
720575940623226259,left,T4a,289,-1,11,6,5,T4a,True,,,
720575940623227283,right,T4b,317,-5,-4,3,-7,T4b,True,,,
720575940623227747,left,T5c,227,-7,5,9,-4,T5c,True,,,
720575940623228637,right,T4c,795,6,-21,-17,-4,T4c,True,,,
720575940623228713,left,T4b,654,-3,8,7,1,T4b,True,,,
720575940623229737,right,T4d,297,7,-9,-12,3,T4d,True,,,
720575940623235622,right,T4d,761,-4,-18,-5,-13,T4d,True,,,
720575940623235878,left,T5a,329,0,24,12,12,T5a,True,,,
720575940623237011,right,T4d,198,6,2,-5,7,T4d,True,,,
720575940623239562,left,T4d,100,2,-10,-7,-3,T4d,True,,,
720575940623240595,right,T4a,306,3,7,0,7,T4a,True,,,
720575940623245706,right,T4c,362,2,-20,-12,-8,T4c,True,,,
720575940623247615,left,T5b,490,-5,6,8,-2,T5b,True,,,
720575940623248605,left,T5d,478,-7,16,15,1,T5d,True,,,
720575940623249299,left,T5c,5,-1,16,9,7,T5c,True,,,
720575940623249702,left,T4d,240,-4,-3,2,-5,T4d,True,,,
720575940623250200,left,T5d,303,-5,22,16,6,T5d,True,,,
720575940623251405,left,T4b,481,4,-8,-8,0,T4b,True,,,
720575940623253005,left,T5b,620,7,1,-7,8,T5b,True,,,
720575940623253640,left,T5a,542,6,-13,-13,0,T5a,True,,,
720575940623255254,right,T4d,475,-4,-1,3,-4,T4d,True,,,
720575940623255443,left,T4b,243,-1,-21,-10,-11,T4b,True,,,
720575940623261162,right,T4d,608,1,10,4,6,T4d,True,,,
720575940623261418,right,T4a,37,1,5,1,4,T4a,True,,,
720575940623262934,left,T4c,199,0,-12,-6,-6,T4c,True,,,
720575940623263843,left,T4d,13,-1,-26,-12,-14,T4d,True,,,
720575940623271306,left,T4d,51,0,-19,-10,-9,T4d,True,,,
720575940623271914,right,T4b,327,5,3,-4,7,T4b,True,,,
720575940623273098,left,T5b,92,0,9,4,5,T5b,True,,,
720575940623274760,right,T4d,380,-1,29,15,14,T4d,True,,,
720575940623276364,right,T5a,448,0,30,15,15,T5a,True,,,
720575940623277508,left,T5b,557,6,-10,-11,1,T5b,True,,,
720575940623278630,right,T4a,127,0,15,7,8,T4a,True,,,
720575940623279398,left,T4c,487,1,-1,-2,1,T4c,True,,,
720575940623280127,right,T5b,161,4,-14,-11,-3,T5b,True,,,
720575940623287081,right,T5b,451,4,20,6,14,T5b,True,,,
720575940623288260,right,T4c,240,-4,-3,2,-5,T4c,True,,,
720575940623289162,right,T4b,705,1,1,-1,2,T4b,True,,,
720575940623289187,right,T4d,422,-7,-4,5,-9,T4d,True,,,
720575940623290343,right,T4a,5,-1,16,9,7,T4a,True,,,
720575940623296147,right,T4c,533,0,-16,-8,-8,T4c,True,,,
720575940623296507,right,T5b,179,-5,-16,-3,-13,T5b,True,,,
720575940623302911,left,T4a,512,6,0,-6,6,T4a,True,,,
720575940623303462,left,T4a,335,2,8,2,6,T4a,True,,,
720575940623305620,right,T4c,92,0,9,4,5,T4c,True,,,
720575940623306198,right,T5d,393,-1,22,12,10,T5d,True,,,
720575940623310333,right,T4c,29,-1,-3,-1,-2,T4c,True,,,
720575940623311203,right,T5a,625,-2,24,14,10,T5a,True,,,
720575940623312874,right,T4c,324,3,24,9,15,T4c,True,,,
720575940623318057,left,T4b,482,1,17,7,10,T4b,True,,,
720575940623318453,left,T5a,579,-3,-10,-2,-8,T5a,True,,,
720575940623319651,left,T4d,150,-8,5,10,-5,T4d,True,,,
720575940623321322,left,T4d,591,3,-3,-5,2,T4d,True,,,
720575940623322250,left,T4a,427,5,-18,-14,-4,T4a,True,,,
720575940623322918,right,T4d,119,-2,6,5,1,T4d,True,,,
720575940623323274,left,T4d,318,4,-19,-14,-5,T4d,True,,,
720575940623323530,right,T4c,553,-3,16,11,5,T4c,True,,,
720575940623325624,right,T5b,168,-1,17,9,8,T5b,True,,,
720575940623328892,right,T4a,220,2,-6,-5,-1,T4a,True,,,
720575940623329279,right,T4d,530,-3,-13,-4,-9,T4d,True,,,
720575940623331464,left,T5c,251,-1,-14,-6,-8,T5c,True,,,
720575940623334792,left,T4a,251,-1,-14,-6,-8,T4a,True,,,
720575940623336330,right,T4c,8,-4,26,17,9,T4c,True,,,
720575940623337471,right,T5d,646,6,17,2,15,T5d,True,,,
720575940623337510,right,T5b,709,-2,-24,-10,-14,T5b,True,,,
720575940623338876,right,T4b,345,3,-12,-9,-3,T4b,True,,,
720575940623345043,right,T4d,721,5,13,1,12,T4d,True,,,
720575940623345077,right,T4d,462,-1,18,10,8,T4d,True,,,
720575940623346214,left,T5a,385,-3,-18,-6,-12,T5a,True,,,
720575940623348694,left,T5a,297,7,-9,-12,3,T5a,True,,,
720575940623349005,left,T5d,547,-1,21,11,10,T5d,True,,,
720575940623350054,left,T5b,84,-2,12,8,4,T5b,True,,,
720575940623353226,right,T5d,483,2,-7,-6,-1,T5d,True,,,
720575940623355588,left,T4c,467,-2,-20,-8,-12,T4c,True,,,
720575940623357222,left,T4d,710,4,-25,-17,-8,T4d,True,,,
720575940623362122,right,T4b,627,0,-1,-1,0,T4b,True,,,
720575940623362634,right,T4b,531,1,0,-1,1,T4b,True,,,
720575940623363533,right,T5d,414,4,21,6,15,T5d,True,,,
720575940623366438,left,T4c,483,2,-7,-6,-1,T4c,True,,,
720575940623368887,right,T5d,747,0,2,1,1,T5d,True,,,
720575940623372874,right,T5a,458,5,0,-5,5,T5a,True,,,
720575940623374591,right,T4d,28,5,6,-2,8,T4d,True,,,
720575940623374630,left,T4a,110,-7,0,7,-7,T4a,True,,,
720575940623377357,left,T5c,739,-7,2,8,-6,T5c,True,,,
720575940623379149,left,T5d,150,-8,5,10,-5,T5d,True,,,
720575940623379917,left,T5c,305,-7,4,9,-5,T5c,True,,,
720575940623380749,left,T5d,738,-3,13,9,4,T5d,True,,,
720575940623381206,left,T5b,2,-8,2,9,-7,T5b,True,,,
720575940623381453,left,T5d,298,-5,5,7,-2,T5d,True,,,
720575940623381578,right,T5a,758,5,-1,-6,5,T5a,True,,,
720575940623382506,right,T4d,731,-6,9,10,-1,T4d,True,,,
720575940623383788,right,T4d,208,5,-21,-16,-5,T4d,True,,,
720575940623384968,right,T4a,548,1,-16,-9,-7,T4a,True,,,
720575940623385869,left,T5b,360,-5,19,14,5,T5b,True,,,
720575940623388819,left,T4d,35,1,-24,-13,-11,T4d,True,,,
720575940623392214,right,T4a,294,1,-20,-11,-9,T4a,True,,,
720575940623398157,left,T5b,733,-5,-17,-4,-13,T5b,True,,,
720575940623400472,left,T5d,485,-3,-3,1,-4,T5d,True,,,
720575940623401496,left,T5b,515,-8,-7,4,-11,T5b,True,,,
720575940623403302,left,T4b,338,-1,0,1,-1,T4b,True,,,
720575940623403775,left,T4a,419,-3,-11,-3,-8,T4a,True,,,
720575940623404813,left,T4c,465,3,0,-3,3,T4c,True,,,
720575940623409613,left,T4c,575,6,9,-2,11,T4c,True,,,
720575940623410163,right,T4c,656,0,-11,-6,-5,T4c,True,,,
720575940623414250,left,T4c,632,3,-20,-13,-7,T4c,True,,,
720575940623417525,right,T4b,136,0,3,1,2,T4b,True,,,
720575940623417624,left,T4b,646,6,-24,-18,-6,T4b,True,,,
720575940623420659,left,T5d,369,5,-5,-8,3,T5d,True,,,
720575940623423212,left,T4a,503,3,17,5,12,T4a,True,,,
720575940623428804,left,T5b,115,-4,2,5,-3,T5b,True,,,
720575940623429610,left,T4c,111,2,-24,-14,-10,T4c,True,,,
720575940623433427,left,T4b,197,0,-20,-10,-10,T4b,True,,,
720575940623433772,right,T5a,160,-2,20,12,8,T5a,True,,,
720575940623433983,left,T4c,750,4,-24,-16,-8,T4c,True,,,
720575940623435815,left,T4b,392,-4,7,7,0,T4b,True,,,
720575940623438828,right,T4a,444,4,-10,-9,-1,T4a,True,,,
720575940623439309,left,T5a,567,-2,22,13,9,T5a,True,,,
720575940623440166,left,T4a,429,-2,14,9,5,T4a,True,,,
720575940623441812,left,T4b,753,-3,24,15,9,T4b,True,,,
720575940623445517,left,T4d,263,-3,4,5,-1,T4d,True,,,
720575940623446221,left,T4b,284,0,25,12,13,T4b,True,,,
720575940623446998,left,T4b,398,-3,22,14,8,T4b,True,,,
720575940623447530,right,T4c,684,-6,17,14,3,T4c,True,,,
720575940623449284,right,T4c,173,2,-25,-15,-10,T4c,True,,,
720575940623450762,left,T5a,452,1,-9,-6,-3,T5a,True,,,
720575940623452455,left,T5c,725,-3,-24,-9,-15,T5c,True,,,
720575940623453932,left,T4b,533,0,-16,-8,-8,T4b,True,,,
720575940623455512,left,T5d,57,6,-11,-12,1,T5d,True,,,
720575940623457732,left,T4b,439,-3,-9,-2,-7,T4b,True,,,
720575940623457816,left,T5c,501,1,2,0,2,T5c,True,,,
720575940623457988,left,T5b,439,-3,-9,-2,-7,T5b,True,,,
720575940623458348,right,T4a,404,-1,20,11,9,T4a,True,,,
720575940623460292,right,T4c,611,-1,-18,-8,-10,T4c,True,,,
720575940623467533,left,T5d,106,-7,11,12,-1,T5d,True,,,
720575940623469034,right,T4d,283,-4,4,6,-2,T4d,True,,,
720575940623473895,left,T5a,674,-4,-14,-3,-11,T5a,True,,,
720575940623475850,left,T5a,436,0,-15,-8,-7,T5a,True,,,
720575940623477272,left,T5c,491,7,-1,-8,7,T5c,True,,,
720575940623481226,right,T4d,51,0,-19,-10,-9,T4d,True,,,
720575940623483094,left,T5b,545,5,11,0,11,T5b,True,,,
720575940623483350,left,T5d,567,-2,22,13,9,T5d,True,,,
720575940623483606,left,T5c,4,-5,-21,-6,-15,T5c,True,,,
720575940623484679,right,T5a,90,-4,5,6,-1,T5a,True,,,
720575940623485834,left,T4c,344,-2,-15,-6,-9,T4c,True,,,
720575940623489560,left,T4a,227,-7,5,9,-4,T4a,True,,,
720575940623492476,left,T4d,671,-4,-23,-8,-15,T4d,True,,,
720575940623494794,left,T5a,475,-4,-1,3,-4,T5a,True,,,
720575940623494925,right,T4a,318,4,-19,-14,-5,T4a,True,,,
720575940623495048,left,T4d,220,2,-6,-5,-1,T4d,True,,,
720575940623495411,right,T5c,762,0,14,7,7,T5c,True,,,
720575940623496231,left,T4b,118,3,1,-3,4,T4b,True,,,
720575940623499308,right,T5c,428,-2,23,13,10,T5c,True,,,
720575940623499814,right,T4b,212,2,-16,-10,-6,T4b,True,,,
720575940623501055,right,T4a,334,1,-26,-14,-12,T4a,True,,,
720575940623502119,right,T4b,375,-6,7,9,-2,T4b,True,,,
720575940623502323,left,T4d,660,2,28,12,16,T4d,True,,,
720575940623502572,right,T5d,512,6,0,-6,6,T5d,True,,,
720575940623504359,right,T4a,24,-1,-10,-4,-6,T4a,True,,,
720575940623510822,left,T5c,91,-1,6,4,2,T5c,True,,,
720575940623511236,left,T4b,185,2,-11,-8,-3,T4b,True,,,
720575940623517320,right,T4a,259,-7,-5,4,-9,T4a,True,,,
720575940623517834,left,T4a,579,-3,-10,-2,-8,T4a,True,,,
720575940623518429,left,T4a,176,-2,13,8,5,T4a,True,,,
720575940623519368,left,T4b,216,2,19,7,12,T4b,True,,,
720575940623519635,left,T5d,191,-1,-11,-5,-6,T5d,True,,,
720575940623520211,left,T4d,333,0,-21,-11,-10,T4d,True,,,
720575940623521304,left,T5b,296,1,-18,-10,-8,T5b,True,,,
720575940623522259,left,T4a,697,1,-22,-12,-10,T4a,True,,,
720575940623522500,left,T5b,354,-2,-26,-11,-15,T5b,True,,,
720575940623522794,left,T5b,56,1,-13,-8,-5,T5b,True,,,
720575940623523293,right,T5d,435,5,-17,-14,-3,T5d,True,,,
720575940623524563,left,T4c,717,2,-22,-13,-9,T4c,True,,,
720575940623524819,left,T4b,735,1,-23,-13,-10,T4b,True,,,
720575940623525356,left,T4b,196,-1,8,5,3,T4b,True,,,
720575940623525587,left,T4c,610,2,-23,-14,-9,T4c,True,,,
720575940623530195,left,T4d,697,1,-22,-12,-10,T4d,True,,,
720575940623535340,left,T5b,173,2,-25,-15,-10,T5b,True,,,
720575940623536020,right,T5b,521,6,-9,-11,2,T5b,True,,,
720575940623538125,left,T5c,525,-1,-20,-9,-11,T5c,True,,,
720575940623538787,left,T4b,3,6,-12,-12,0,T4b,True,,,
720575940623541898,right,T4d,255,-6,-13,-1,-12,T4d,True,,,
720575940623544551,right,T4a,223,-2,26,15,11,T4a,True,,,
720575940623544712,right,T5b,13,-1,-26,-12,-14,T5b,True,,,
720575940623547116,left,T5a,779,8,6,-5,11,T5a,True,,,
720575940623548040,left,T4d,440,1,23,10,13,T4d,True,,,
720575940623548600,left,T4b,86,-5,-7,1,-8,T4b,True,,,
720575940623548883,left,T5d,373,1,-21,-12,-9,T5d,True,,,
720575940623549027,left,T4a,530,-3,-13,-4,-9,T4a,True,,,
720575940623551565,right,T5b,283,-4,4,6,-2,T5b,True,,,
720575940623552723,left,T4b,537,0,-23,-12,-11,T4b,True,,,
720575940623559557,left,T5b,64,4,-23,-16,-7,T5b,True,,,
720575940623560959,left,T5c,133,-3,20,13,7,T5c,True,,,
720575940623562423,left,T4c,656,0,-11,-6,-5,T4c,True,,,
720575940623568428,right,T5c,425,3,20,7,13,T5c,True,,,
720575940623571383,right,T5b,162,-4,-2,3,-5,T5b,True,,,
720575940623571711,left,T4d,426,-3,0,3,-3,T4d,True,,,
720575940623572521,left,T5a,20,3,-11,-9,-2,T5a,True,,,
720575940623572774,left,T5c,699,-5,0,5,-5,T5c,True,,,
720575940623573652,left,T5b,647,-4,-7,0,-7,T5b,True,,,
720575940623575507,left,T5a,35,1,-24,-13,-11,T5a,True,,,
720575940623580052,left,T5c,642,-5,-11,-1,-10,T5c,True,,,
720575940623587622,left,T5b,279,-4,8,8,0,T5b,True,,,
720575940623590867,left,T4b,395,0,-22,-11,-11,T4b,True,,,
720575940623593571,left,T5c,222,-3,26,16,10,T5c,True,,,
720575940623595731,left,T4b,632,3,-20,-13,-7,T4b,True,,,
720575940623596435,right,T5b,354,-2,-26,-11,-15,T5b,True,,,
720575940623597704,right,T4b,373,1,-21,-12,-9,T4b,True,,,
720575940623598311,right,T5b,178,2,11,3,8,T5b,True,,,
720575940623601993,right,T5c,344,-2,-15,-6,-9,T5c,True,,,
720575940623606419,left,T5a,487,1,-1,-2,1,T5a,True,,,
720575940623609638,left,T4b,386,-6,19,15,4,T4b,True,,,
720575940623610090,right,T5d,463,5,17,3,14,T5d,True,,,
720575940623610504,left,T5c,258,-4,-17,-5,-12,T5c,True,,,
720575940623611661,left,T4b,494,0,29,14,15,T4b,True,,,
720575940623618698,left,T5d,682,6,-8,-10,2,T5d,True,,,
720575940623618999,right,T4b,291,7,2,-6,8,T4b,True,,,
720575940623621926,left,T4c,661,-3,14,10,4,T4c,True,,,
720575940623627411,right,T4a,511,5,-11,-11,0,T4a,True,,,
720575940623627559,right,T5a,294,1,-20,-11,-9,T5a,True,,,
720575940623627667,right,T4a,196,-1,8,5,3,T4a,True,,,
720575940623627753,left,T4c,41,-3,28,17,11,T4c,True,,,
720575940623628070,left,T5d,428,-2,23,13,10,T5d,True,,,
720575940623635431,right,T5c,650,-3,-25,-10,-15,T5c,True,,,
720575940623637031,left,T5c,441,3,-16,-11,-5,T5c,True,,,
720575940623645671,left,T5a,441,3,-16,-11,-5,T5a,True,,,
720575940623645959,right,T5c,250,-1,1,1,0,T5c,True,,,
720575940623647975,right,T5c,102,3,13,3,10,T5c,True,,,
720575940623652074,right,T4b,621,1,24,11,13,T4b,True,,,
720575940623653098,right,T4c,422,-7,-4,5,-9,T4c,True,,,
720575940623655423,left,T4d,575,6,9,-2,11,T4d,True,,,
720575940623660799,left,T4c,532,-8,7,11,-4,T4c,True,,,
720575940623663821,left,T5a,134,-5,-18,-4,-14,T5a,True,,,
720575940623667383,right,T4b,552,4,-1,-5,4,T4b,True,,,
720575940623669036,right,T5a,187,3,21,7,14,T5a,True,,,
720575940623669898,left,T4d,498,6,10,-1,11,T4d,True,,,
720575940623672979,left,T4c,525,-1,-20,-9,-11,T4c,True,,,
720575940623673783,left,T4b,403,-2,-12,-4,-8,T4b,True,,,
720575940623674807,right,T5a,315,-3,-6,0,-6,T5a,True,,,
720575940623674893,right,T4b,573,4,14,3,11,T4b,True,,,
720575940623675831,right,T4a,206,-3,5,5,0,T4a,True,,,
720575940623678698,left,T5b,408,-6,-4,4,-8,T5b,True,,,
720575940623679671,left,T4c,35,1,-24,-13,-11,T4c,True,,,
720575940623681258,left,T5a,454,5,-12,-11,-1,T5a,True,,,
720575940623683255,left,T4a,230,2,9,2,7,T4a,True,,,
720575940623688455,left,T5a,592,3,-28,-17,-11,T5a,True,,,
720575940623692775,right,T4a,599,-1,9,5,4,T4a,True,,,
720575940623694058,left,T5a,71,-2,-3,0,-3,T5a,True,,,
720575940623705599,right,T4c,11,7,-14,-14,0,T4c,True,,,
720575940623706549,right,T4c,577,5,-14,-12,-2,T4c,True,,,
720575940623714765,right,T4b,347,-5,-13,-2,-11,T4b,True,,,
720575940623717001,left,T5c,99,4,15,3,12,T5c,True,,,
720575940623719980,right,T5a,737,0,19,9,10,T5a,True,,,
720575940623720851,left,T5c,517,6,3,-5,8,T5c,True,,,
720575940623720887,left,T5d,686,5,-22,-16,-6,T5d,True,,,
720575940623722510,right,T4d,556,0,10,5,5,T4d,True,,,
720575940623724873,right,T5d,408,-6,-4,4,-8,T5d,True,,,
720575940623725385,right,T5b,211,-7,-1,6,-7,T5b,True,,,
720575940623725803,right,T5b,146,1,-6,-4,-2,T5b,True,,,
720575940623727111,left,T4b,687,-6,-3,4,-7,T4b,True,,,
720575940623728522,right,T4b,680,-1,25,13,12,T4b,True,,,
720575940623729190,left,T5d,339,6,11,-1,12,T5d,True,,,
720575940623731125,left,T4a,671,-4,-23,-8,-15,T4a,True,,,
720575940623731396,right,T5b,679,4,18,5,13,T5b,True,,,
720575940623733700,left,T5c,45,-5,-1,4,-5,T5c,True,,,
720575940623736617,right,T4c,725,-3,-24,-9,-15,T4c,True,,,
720575940623738820,left,T4b,712,-7,12,13,-1,T4b,True,,,
720575940623741948,left,T5c,119,-2,6,5,1,T5c,True,,,
720575940623742972,left,T5c,746,-3,3,4,-1,T5c,True,,,
720575940623745930,left,T4d,676,-3,-21,-8,-13,T4d,True,,,
720575940623747878,left,T4b,479,-2,10,7,3,T4b,True,,,
720575940623748277,right,T4c,433,0,-8,-4,-4,T4c,True,,,
720575940623753254,left,T4a,137,5,-7,-9,2,T4a,True,,,
720575940623762701,left,T5b,430,-3,-7,-1,-6,T5b,True,,,
720575940623762826,left,T5b,504,-2,9,6,3,T5b,True,,,
720575940623763661,left,T4d,759,7,14,0,14,T4d,True,,,
720575940623765715,left,T4a,85,4,-22,-15,-7,T4a,True,,,
720575940623771319,right,T5c,437,-3,12,9,3,T5c,True,,,
720575940623772454,left,T4b,271,4,6,-1,7,T4b,True,,,
720575940623774652,left,T5b,503,3,17,5,12,T5b,True,,,
720575940623775370,left,T5a,756,5,20,5,15,T5a,True,,,
720575940623776511,left,T4c,776,5,21,5,16,T4c,True,,,
720575940623776696,left,T4d,293,4,-17,-13,-4,T4d,True,,,
720575940623777635,left,T4a,746,-3,3,4,-1,T4a,True,,,
720575940623778186,left,T4d,443,-6,4,8,-4,T4d,True,,,
720575940623779512,left,T4b,234,1,3,0,3,T4b,True,,,
720575940623782670,left,T4c,365,4,7,-1,8,T4c,True,,,
720575940623783167,left,T5c,217,6,15,1,14,T5c,True,,,
720575940623784955,right,T5d,23,-3,-16,-5,-11,T5d,True,,,
720575940623788012,right,T4d,444,4,-10,-9,-1,T4d,True,,,
720575940623788521,left,T5b,138,0,27,13,14,T5b,True,,,
720575940623788522,left,T5b,110,-7,0,7,-7,T5b,True,,,
720575940623790947,right,T5c,21,-2,19,11,8,T5c,True,,,
720575940623791496,left,T4b,359,2,23,9,14,T4b,True,,,
720575940623795690,left,T4a,565,0,-26,-13,-13,T4a,True,,,
720575940623798931,right,T5d,647,-4,-7,0,-7,T5d,True,,,
720575940623801272,right,T4a,597,4,1,-4,5,T4a,True,,,
720575940623801834,left,T4c,754,-1,-13,-6,-7,T4c,True,,,
720575940623802859,right,T5a,698,6,-7,-10,3,T5a,True,,,
720575940623805674,left,T5c,772,1,12,5,7,T5c,True,,,
720575940623806459,right,T5a,725,-3,-24,-9,-15,T5a,True,,,
720575940623808394,left,T4d,390,-6,-9,1,-10,T4d,True,,,
720575940623808806,left,T5b,641,-8,-5,5,-10,T5b,True,,,
720575940623811268,right,T4b,767,1,28,13,15,T4b,True,,,
720575940623812622,right,T4b,124,1,-7,-5,-2,T4b,True,,,
720575940623813316,right,T4c,35,1,-24,-13,-11,T4c,True,,,
720575940623818948,left,T5c,672,-8,11,13,-2,T5c,True,,,
720575940623820873,right,T4c,245,-5,-3,3,-6,T4c,True,,,
720575940623824713,right,T4a,398,-3,22,14,8,T4a,True,,,
720575940623826249,right,T5a,768,3,5,-1,6,T5a,True,,,
720575940623827338,left,T5d,449,6,-16,-14,-2,T5d,True,,,
720575940623829651,left,T4c,691,6,-21,-17,-4,T4c,True,,,
720575940623830250,left,T4b,758,5,-1,-6,5,T4b,True,,,
720575940623830566,left,T4b,417,-6,-10,1,-11,T4b,True,,,
720575940623830857,right,T4d,634,-3,-15,-5,-10,T4d,True,,,
720575940623832807,left,T5d,480,3,-19,-13,-6,T5d,True,,,
720575940623841461,right,T5b,232,-4,13,10,3,T5b,True,,,
720575940623842236,right,T5d,219,6,-4,-8,4,T5d,True,,,
720575940623850022,left,T4a,517,6,3,-5,8,T4a,True,,,
720575940623851751,left,T5a,626,-5,-8,1,-9,T5a,True,,,
720575940623853309,right,T5d,350,1,15,6,9,T5d,True,,,
720575940623854077,right,T5b,326,2,16,6,10,T5b,True,,,
720575940623855145,left,T5c,352,-2,28,16,12,T5c,True,,,
720575940623855367,right,T4d,333,0,-21,-11,-10,T4d,True,,,
720575940623856363,left,T5c,286,0,-24,-12,-12,T5c,True,,,
720575940623856381,left,T5a,418,-2,15,9,6,T5a,True,,,
720575940623858616,right,T4a,461,7,-5,-10,5,T4a,True,,,
720575940623859463,right,T5d,369,5,-5,-8,3,T5d,True,,,
720575940623862535,left,T4c,77,2,-5,-5,0,T4c,True,,,
720575940623864503,right,T5c,55,-4,-11,-2,-9,T5c,True,,,
720575940623864759,right,T5a,209,-3,-8,-1,-7,T5a,True,,,
720575940623866153,right,T5b,744,-4,25,16,9,T5b,True,,,
720575940623867115,right,T5a,251,-1,-14,-6,-8,T5a,True,,,
720575940623867399,left,T4b,177,-2,-1,1,-2,T4b,True,,,
720575940623869769,right,T5d,689,-2,18,11,7,T5d,True,,,
720575940623871276,right,T4b,631,1,26,12,14,T4b,True,,,
720575940623872329,right,T5a,658,1,20,9,11,T5a,True,,,
720575940623872492,right,T4c,71,-2,-3,0,-3,T4c,True,,,
720575940623873609,right,T5c,704,-7,8,11,-3,T5c,True,,,
720575940623875464,left,T4d,594,7,-16,-15,-1,T4d,True,,,
720575940623876563,left,T4a,611,-1,-18,-8,-10,T4a,True,,,
720575940623876871,left,T4c,78,2,20,8,12,T4c,True,,,
720575940623878803,left,T4c,45,-5,-1,4,-5,T4c,True,,,
720575940623878890,left,T5a,96,1,-10,-6,-4,T5a,True,,,
720575940623880119,right,T5a,147,1,21,9,12,T5a,True,,,
720575940623889077,left,T4c,299,-4,12,10,2,T4c,True,,,
720575940623890685,right,T4a,361,0,-7,-4,-3,T4a,True,,,
720575940623892041,right,T5d,639,-4,19,13,6,T5d,True,,,
720575940623894569,left,T4d,58,3,12,3,9,T4d,True,,,
720575940623897129,right,T4a,780,-6,25,18,7,T4a,True,,,
720575940623897382,left,T5d,46,-5,15,12,3,T5d,True,,,
720575940623897555,left,T4a,474,-3,-17,-6,-11,T4a,True,,,
720575940623897869,left,T5b,161,4,-14,-11,-3,T5b,True,,,
720575940623900604,left,T5a,758,5,-1,-6,5,T5a,True,,,
720575940623900651,left,T4d,95,4,-21,-15,-6,T4d,True,,,
720575940623901927,left,T4d,266,-1,-25,-12,-13,T4d,True,,,
720575940623904747,left,T4a,602,4,-2,-5,3,T4a,True,,,
720575940623910397,right,T4c,332,4,-26,-17,-9,T4c,True,,,
720575940623912682,left,T4a,222,-3,26,16,10,T4a,True,,,
720575940623919689,right,T5a,662,2,-1,-3,2,T5a,True,,,
720575940623920083,left,T4b,128,3,-22,-14,-8,T4b,True,,,
720575940623921677,right,T5c,70,-4,21,14,7,T5c,True,,,
720575940623923155,left,T4b,16,-2,-16,-6,-10,T4b,True,,,
720575940623923965,left,T5b,250,-1,1,1,0,T5b,True,,,
720575940623926527,right,T5b,544,3,-13,-10,-3,T5b,True,,,
720575940623927303,right,T5c,546,3,6,0,6,T5c,True,,,
720575940623927559,right,T5b,495,4,5,-2,7,T5b,True,,,
720575940623930375,right,T5c,449,6,-16,-14,-2,T5c,True,,,
720575940623933415,left,T5a,87,1,11,4,7,T5a,True,,,
720575940623935229,right,T5d,122,-5,9,9,0,T5d,True,,,
720575940623936253,right,T4b,63,4,12,2,10,T4b,True,,,
720575940623937258,left,T5b,121,-8,4,10,-6,T5b,True,,,
720575940623937741,left,T4b,728,7,12,-1,13,T4a,False,,,
720575940623940154,right,T5a,642,-5,-11,-1,-10,T5a,True,,,
720575940623941354,left,T5c,265,-6,-1,5,-6,T5c,True,,,
720575940623943143,left,T5c,256,5,-20,-15,-5,T5c,True,,,
720575940623943403,right,T5a,218,2,10,3,7,T5a,True,,,
720575940623945997,left,T5a,25,-9,3,10,-7,T5a,True,,,
720575940623946131,left,T4d,766,2,-4,-4,0,T4d,True,,,
720575940623949309,right,T4a,484,3,-9,-8,-1,T4a,True,,,
720575940623949565,right,T4d,454,5,-12,-11,-1,T4d,True,,,
720575940623950077,right,T5b,550,-2,3,3,0,T5b,True,,,
720575940623950263,left,T4b,354,-2,-26,-11,-15,T4b,True,,,
720575940623950889,right,T5a,442,-5,25,17,8,T5a,True,,,
720575940623952381,right,T5a,234,1,3,0,3,T5a,True,,,
720575940623955592,right,T5c,282,0,26,13,13,T5c,True,,,
720575940623956221,right,T4b,219,6,-4,-8,4,T4b,True,,,
720575940623961101,right,T4a,224,0,5,2,3,T4a,True,,,
720575940623961322,left,T4b,694,4,3,-3,6,T4b,True,,,
720575940623962090,left,T4c,148,-7,-11,1,-12,T4c,True,,,
720575940623965587,left,T4c,292,-4,18,13,5,T4c,True,,,
720575940623966471,left,T5c,447,-1,2,2,0,T5c,True,,,
720575940623967466,right,T5d,4,-5,-21,-6,-15,T5d,True,,,
720575940623967927,left,T4a,224,0,5,2,3,T4a,True,,,
720575940623970231,right,T4b,521,6,-9,-11,2,T4b,True,,,
720575940623971837,right,T5d,326,2,16,6,10,T5d,True,,,
720575940623972076,left,T4d,67,-2,-13,-5,-8,T4d,True,,,
720575940623972605,right,T5d,755,4,19,5,14,T5d,True,,,
720575940623976132,left,T4b,48,-4,-22,-7,-15,T4b,True,,,
720575940623982216,right,T4a,670,5,5,-3,8,T4a,True,,,
720575940623986439,right,T5b,360,-5,19,14,5,T5b,True,,,
720575940623986615,left,T5c,64,4,-23,-16,-7,T5c,True,,,
720575940623987244,right,T4b,41,-3,28,17,11,T4b,True,,,
720575940623991221,left,T5d,161,4,-14,-11,-3,T5d,True,,,
720575940623993673,right,T4b,329,0,24,12,12,T4b,True,,,
720575940623994551,left,T4d,423,3,-18,-12,-6,T4d,True,,,
720575940623994860,right,T5b,69,1,8,3,5,T5b,True,,,
720575940623997931,right,T4c,312,4,-7,-8,1,T4c,True,,,
720575940623998088,left,T4b,651,-4,-5,1,-6,T4b,True,,,
720575940623999157,right,T4d,485,-3,-3,1,-4,T4d,True,,,
720575940623999999,left,T5d,513,-4,-13,-3,-10,T5d,True,,,
720575940624000949,left,T5c,15,2,-3,-4,1,T5c,True,,,
720575940624001717,left,T5a,251,-1,-14,-6,-8,T5a,True,,,
720575940624002604,right,T4a,729,-3,29,17,12,T4a,True,,,
720575940624003581,right,T4c,33,3,18,6,12,T4c,True,,,
720575940624004647,left,T5b,304,6,5,-4,9,T5b,True,,,
720575940624007176,right,T4c,91,-1,6,4,2,T4c,True,,,
720575940624009827,right,T4a,736,-8,1,8,-7,T4a,True,,,
720575940624010493,right,T5c,705,1,1,-1,2,T5c,True,,,
720575940624011784,right,T5b,119,-2,6,5,1,T5b,True,,,
720575940624012040,right,T5a,765,-3,9,7,2,T5a,True,,,
720575940624012552,right,T5c,145,0,4,2,2,T5c,True,,,
720575940624014060,right,T5c,489,-3,10,8,2,T5c,True,,,
720575940624017159,left,T5d,550,-2,3,3,0,T5d,True,,,
720575940624018359,left,T5b,338,-1,0,1,-1,T5b,True,,,
720575940624018675,right,T4c,569,6,6,-3,9,T4c,True,,,
720575940624018869,left,T4c,433,0,-8,-4,-4,T4c,True,,,
720575940624023018,left,T5a,646,6,-24,-18,-6,T5a,True,,,
720575940624023590,left,T4d,146,1,-6,-4,-2,T4d,True,,,
720575940624025802,left,T5a,490,-5,6,8,-2,T5a,True,,,
720575940624029437,left,T4d,425,3,20,7,13,T4d,True,,,
720575940624032747,right,T5b,466,1,14,6,8,T5b,True,,,
720575940624033353,right,T5c,182,7,-10,-12,2,T5c,True,,,
720575940624033515,right,T5b,201,-8,9,12,-3,T5b,True,,,
720575940624033831,right,T4d,120,-1,-1,0,-1,T4d,True,,,
720575940624038182,left,T5d,8,-4,26,17,9,T5d,True,,,
720575940624039885,right,T4b,503,3,17,5,12,T4b,True,,,
720575940624041141,left,T4b,331,1,-15,-9,-6,T4b,True,,,
720575940624041451,right,T5b,1,-6,13,12,1,T5b,True,,,
720575940624046630,right,T4a,393,-1,22,12,10,T4a,True,,,
720575940624048898,right,T5b,114,2,-13,-9,-4,T5b,True,,,
720575940624051348,right,T4b,150,-8,5,10,-5,T4b,True,,,
720575940624056061,right,T4b,228,-7,1,7,-6,T4b,True,,,
720575940624057608,right,T5c,218,2,10,3,7,T5c,True,,,
720575940624063157,left,T5c,547,-1,21,11,10,T5c,True,,,
720575940624067145,right,T4d,549,0,-9,-5,-4,T4d,True,,,
720575940624074829,right,T5d,108,-3,-12,-3,-9,T5d,True,,,
720575940624075913,left,T4a,168,-1,17,9,8,T4a,True,,,
720575940624077897,left,T4c,340,-4,17,12,5,T4c,True,,,
720575940624078797,left,T5a,632,3,-20,-13,-7,T5a,True,,,
720575940624079624,right,T5a,161,4,-14,-11,-3,T5a,True,,,
720575940624080201,left,T4d,330,3,3,-2,5,T4d,True,,,
720575940624081993,left,T4c,205,5,-6,-8,2,T4c,True,,,
720575940624092454,left,T5a,575,6,9,-2,11,T5a,True,,,
720575940624092680,left,T5b,401,-2,-19,-8,-11,T5b,True,,,
720575940624092868,left,T4d,434,-3,7,6,1,T4d,True,,,
720575940624094246,left,T5b,681,-2,-21,-9,-12,T5b,True,,,
720575940624096915,left,T4b,260,-3,19,12,7,T4b,True,,,
720575940624097304,left,T4b,362,2,-20,-12,-8,T4b,True,,,
720575940624099591,left,T5b,308,-5,8,9,-1,T5b,True,,,
720575940624099789,left,T5c,444,4,-10,-9,-1,T5c,True,,,
720575940624100615,left,T5a,509,-4,10,9,1,T5a,True,,,
720575940624101709,right,T5b,300,4,-18,-13,-5,T5b,True,,,
720575940624101895,left,T5d,279,-4,8,8,0,T5d,True,,,
720575940624103861,right,T4c,636,0,6,3,3,T4c,True,,,
720575940624104117,left,T5a,72,0,-28,-14,-14,T5a,True,,,
720575940624104632,left,T5d,566,5,-8,-9,1,T5d,True,,,
720575940624105933,left,T5d,275,-8,-1,7,-8,T5d,True,,,
720575940624109547,right,T4d,748,-4,20,14,6,T4d,True,,,
720575940624111398,left,T4d,226,5,19,4,15,T4d,True,,,
720575940624114923,right,T5d,504,-2,9,6,3,T5d,True,,,
720575940624115789,left,T4a,171,6,-20,-16,-4,T4a,True,,,
720575940624122805,left,T5a,468,-3,11,8,3,T5a,True,,,
720575940624125162,left,T4a,316,5,-4,-7,3,T4a,True,,,
720575940624127219,right,T5d,705,1,1,-1,2,T5d,True,,,
720575940624131848,right,T5d,97,-5,2,6,-4,T5d,True,,,
720575940624133640,right,T5d,263,-3,4,5,-1,T5d,True,,,
720575940624134919,left,T5c,128,3,-22,-14,-8,T5c,True,,,
720575940624135688,right,T5a,84,-2,12,8,4,T5a,True,,,
720575940624136636,right,T5d,558,-4,-21,-7,-14,T5d,True,,,
720575940624140617,left,T4d,338,-1,0,1,-1,T4d,True,,,
720575940624141064,left,T5b,697,1,-22,-12,-10,T5b,True,,,
720575940624141385,right,T4a,216,2,19,7,12,T4a,True,,,
720575940624141803,right,T5a,126,3,11,2,9,T5a,True,,,
720575940624142896,right,T5d,330,3,3,-2,5,T5d,True,,,
720575940624144461,left,T4d,528,2,7,1,6,T4d,True,,,
720575940624147273,left,T5d,441,3,-16,-11,-5,T5d,True,,,
720575940624148883,right,T5c,514,-4,-10,-1,-9,T5c,True,,,
720575940624149685,left,T5b,346,-7,-9,2,-11,T5b,True,,,
720575940624156430,right,T5a,721,5,13,1,12,T5a,True,,,
720575940624163253,right,T4a,152,3,-15,-11,-4,T4a,True,,,
720575940624164284,left,T5d,122,-5,9,9,0,T5d,True,,,
720575940624166837,right,T4c,22,-1,3,2,1,T4c,True,,,
720575940624167143,right,T5d,627,0,-1,-1,0,T5d,True,,,
720575940624169254,left,T5b,431,-2,-10,-3,-7,T5b,True,,,
720575940624169769,left,T4b,573,4,14,3,11,T4b,True,,,
720575940624170061,right,T5c,32,0,12,6,6,T5c,True,,,
720575940624172220,right,T4d,749,-2,1,2,-1,T4d,True,,,
720575940624184909,left,T5c,124,1,-7,-5,-2,T5c,True,,,
720575940624187389,right,T4d,406,1,-25,-14,-11,T4d,True,,,
720575940624189479,right,T5d,738,-3,13,9,4,T5d,True,,,
720575940624189955,left,T4b,437,-3,12,9,3,T4b,True,,,
720575940624189960,left,T4a,54,-4,3,5,-2,T4a,True,,,
720575940624190611,left,T5b,329,0,24,12,12,T5b,True,,,
720575940624193255,right,T4a,521,6,-9,-11,2,T4a,True,,,
720575940624193416,left,T5b,150,-8,5,10,-5,T5b,True,,,
720575940624193866,right,T5c,77,2,-5,-5,0,T5c,True,,,
720575940624194229,left,T5c,375,-6,7,9,-2,T5c,True,,,
720575940624194378,right,T5d,529,2,-2,-3,1,T5d,True,,,
720575940624194794,left,T4d,678,3,-7,-7,0,T4d,True,,,
720575940624196169,right,T4c,40,-2,-6,-1,-5,T4c,True,,,
720575940624201805,right,T4c,197,0,-20,-10,-10,T4c,True,,,
720575940624203534,right,T4d,499,5,10,0,10,T4d,True,,,
720575940624204996,left,T5c,526,0,-10,-5,-5,T5c,True,,,
720575940624208381,left,T5c,603,-3,-23,-9,-14,T5c,True,,,
720575940624209994,right,T5c,529,2,-2,-3,1,T5c,True,,,
720575940624211197,right,T5a,615,-7,-7,3,-10,T5a,True,,,
720575940624213501,left,T5a,80,4,13,2,11,T5a,True,,,
720575940624214089,left,T5c,341,6,-17,-15,-2,T5c,True,,,
720575940624217319,right,T5a,460,-3,-20,-7,-13,T5a,True,,,
720575940624217385,left,T4d,139,1,-14,-8,-6,T4d,True,,,
720575940624218409,left,T5d,390,-6,-9,1,-10,T5d,True,,,
720575940624226121,right,T4c,17,1,-5,-4,-1,T4c,True,,,
720575940624226633,right,T5c,146,1,-6,-4,-2,T5c,True,,,
720575940624226765,left,T4b,266,-1,-25,-12,-13,T4b,True,,,
720575940624229384,right,T5a,184,-6,-5,3,-8,T5a,True,,,
720575940624229631,right,T4d,733,-5,-17,-4,-13,T4d,True,,,
720575940624231677,left,T4a,358,-3,17,11,6,T4a,True,,,
720575940624236267,left,T5c,673,2,5,0,5,T5c,True,,,
720575940624237571,left,T5a,348,3,14,4,10,T5a,True,,,
720575940624243207,left,T5b,356,0,22,11,11,T5b,True,,,
720575940624245543,right,T5d,236,-1,4,3,1,T5d,True,,,
720575940624247629,right,T4c,738,-3,13,9,4,T4c,True,,,
720575940624248319,right,T4c,633,-1,-24,-11,-13,T4c,True,,,
720575940624248583,left,T4b,457,-2,17,10,7,T4b,True,,,
720575940624248772,right,T4d,222,-3,26,16,10,T4d,True,,,
720575940624249607,right,T5c,645,-4,27,17,10,T5c,True,,,
720575940624252168,right,T5c,600,3,-10,-8,-2,T5c,True,,,
720575940624257021,right,T4a,142,-2,-18,-7,-11,T4a,True,,,
720575940624262729,left,T5b,11,7,-14,-14,0,T5b,True,,,
720575940624267338,right,T5a,204,5,-2,-6,4,T5a,True,,,
720575940624267923,left,T4a,712,-7,12,13,-1,T4a,True,,,
720575940624268692,right,T5c,464,4,0,-4,4,T5c,True,,,
720575940624269036,right,T4c,710,4,-25,-17,-8,T4c,True,,,
720575940624270845,right,T5c,372,1,-2,-2,0,T5c,True,,,
720575940624271496,left,T4c,687,-6,-3,4,-7,T4c,True,,,
720575940624271851,left,T5c,752,-2,7,5,2,T5c,True,,,
720575940624273226,right,T5c,316,5,-4,-7,3,T5c,True,,,
720575940624280137,left,T5c,93,-6,3,7,-4,T5c,True,,,
720575940624280906,right,T5c,158,3,-5,-6,1,T5c,True,,,
720575940624292938,right,T5b,591,3,-3,-5,2,T5b,True,,,
720575940624293895,left,T5d,500,7,-8,-11,3,T5d,True,,,
720575940624296265,right,T4c,619,-4,-19,-6,-13,T4c,True,,,
720575940624306663,right,T5a,665,7,-2,-8,6,T5a,True,,,
720575940624307208,left,T5b,757,0,-6,-3,-3,T5b,True,,,
720575940624313068,right,T5b,64,4,-23,-16,-7,T5b,True,,,
720575940624317367,left,T4a,211,-7,-1,6,-7,T4a,True,,,
720575940624320951,right,T4d,264,-1,-6,-2,-4,T4d,True,,,
720575940624321865,right,T4a,504,-2,9,6,3,T4a,True,,,
720575940624322196,right,T4c,179,-5,-16,-3,-13,T4c,True,,,
720575940624323657,right,T5b,339,6,11,-1,12,T5b,True,,,
720575940624325355,left,T4a,619,-4,-19,-6,-13,T4a,True,,,
720575940624327351,left,T5d,133,-3,20,13,7,T5d,True,,,
720575940624327402,left,T5c,616,-3,15,10,5,T5c,True,,,
720575940624329546,right,T5a,529,2,-2,-3,1,T5a,True,,,
720575940624331047,right,T4c,596,-4,-16,-4,-12,T4c,True,,,
720575940624332012,right,T4b,174,4,-15,-12,-3,T4b,True,,,
720575940624334333,right,T4d,528,2,7,1,6,T4d,True,,,
720575940624335434,right,T5b,77,2,-5,-5,0,T5b,True,,,
720575940624339436,left,T5b,28,5,6,-2,8,T5b,True,,,
720575940624347210,right,T5d,531,1,0,-1,1,T5d,True,,,
720575940624348167,left,T4d,255,-6,-13,-1,-12,T4d,True,,,
720575940624348341,left,T5a,31,0,16,8,8,T5a,True,,,
720575940624349734,left,T5a,731,-6,9,10,-1,T5a,True,,,
720575940624350205,left,T4a,577,5,-14,-12,-2,T4a,True,,,
720575940624351818,right,T5a,701,0,-4,-2,-2,T5a,True,,,
720575940624359620,left,T4a,40,-2,-6,-1,-5,T4a,True,,,
720575940624362988,right,T5a,194,0,-5,-3,-2,T5a,True,,,
720575940624363708,right,T4c,437,-3,12,9,3,T4c,True,,,
720575940624376840,left,T5c,270,1,-8,-5,-3,T5c,True,,,
720575940624377096,right,T4b,645,-4,27,17,10,T4b,True,,,
720575940624379721,right,T4c,697,1,-22,-12,-10,T4c,True,,,
720575940624379792,right,T4b,77,2,-5,-5,0,T4b,True,,,
720575940624380652,right,T4b,58,3,12,3,9,T4b,True,,,
720575940624381675,left,T4c,735,1,-23,-13,-10,T4c,True,,,
720575940624383621,left,T5b,300,4,-18,-13,-5,T5b,True,,,
720575940624385772,right,T4b,500,7,-8,-11,3,T4b,True,,,
720575940624388756,right,T4b,731,-6,9,10,-1,T4b,True,,,
720575940624391915,left,T4d,261,-1,13,7,6,T4d,True,,,
720575940624395016,left,T5b,547,-1,21,11,10,T5b,True,,,
720575940624398856,left,T4b,766,2,-4,-4,0,T4b,True,,,
720575940624400969,left,T4c,252,3,23,8,15,T4c,True,,,
720575940624404372,left,T4a,90,-4,5,6,-1,T4a,True,,,
720575940624407223,left,T5b,410,-2,-2,1,-3,T5b,True,,,
720575940624408840,right,T4c,134,-5,-18,-4,-14,T4c,True,,,
720575940624410888,left,T4c,200,-5,12,11,1,T4c,True,,,
720575940624411796,right,T4b,176,-2,13,8,5,T4b,True,,,
720575940624412820,right,T4b,102,3,13,3,10,T4b,True,,,
720575940624419303,right,T5c,121,-8,4,10,-6,T5c,True,,,
720575940624422664,left,T5b,517,6,3,-5,8,T5b,True,,,
720575940624426900,right,T5d,165,4,16,4,12,T5d,True,,,
720575940624429053,left,T4c,225,2,-26,-15,-11,T4c,True,,,
720575940624430094,right,T5b,199,0,-12,-6,-6,T5b,True,,,
720575940624431335,right,T5d,120,-1,-1,0,-1,T5d,True,,,
720575940624432309,left,T5b,488,7,5,-5,10,T5b,True,,,
720575940624432615,right,T5d,543,-1,-4,-1,-3,T5d,True,,,
720575940624432875,left,T4a,405,3,10,2,8,T4a,True,,,
720575940624434616,right,T5b,338,-1,0,1,-1,T5b,True,,,
720575940624436238,right,T5b,96,1,-10,-6,-4,T5b,True,,,
720575940624436750,right,T5a,29,-1,-3,-1,-2,T5a,True,,,
720575940624438542,right,T5c,371,6,-5,-9,4,T5c,True,,,
720575940624439015,right,T5b,574,-6,5,8,-3,T5b,True,,,
720575940624439539,right,T5c,269,2,-19,-12,-7,T5c,True,,,
720575940624442347,left,T5d,657,-2,-25,-11,-14,T5d,True,,,
720575940624443367,right,T5c,540,-2,-9,-3,-6,T5c,True,,,
720575940624443832,right,T5c,721,5,13,1,12,T5c,True,,,
720575940624444651,left,T4a,538,-4,1,4,-3,T4a,True,,,
720575940624444966,left,T4b,251,-1,-14,-6,-8,T4b,True,,,
720575940624446717,left,T5d,42,-1,14,8,6,T5d,True,,,
720575940624448243,left,T4c,276,2,3,-1,4,T4c,True,,,
720575940624448492,right,T4b,768,3,5,-1,6,T4b,True,,,
720575940624454397,left,T5d,311,-7,15,14,1,T5d,True,,,
720575940624454664,left,T5c,102,3,13,3,10,T5c,True,,,
720575940624454743,right,T5a,46,-5,15,12,3,T5a,True,,,
720575940624460019,left,T4a,550,-2,3,3,0,T4a,True,,,
720575940624461043,left,T5c,67,-2,-13,-5,-8,T5c,True,,,
720575940624463764,right,T4d,675,-7,19,16,3,T4d,True,,,
720575940624467082,right,T5a,583,3,-25,-16,-9,T5a,True,,,
720575940624467197,left,T5a,476,-1,15,8,7,T5a,True,,,
720575940624468711,left,T5c,38,0,-2,-1,-1,T5c,True,,,
720575940624477111,left,T4b,63,4,12,2,10,T4b,True,,,
720575940624477931,left,T5b,197,0,-20,-10,-10,T5b,True,,,
720575940624478608,right,T4c,319,-2,5,4,1,T4c,True,,,
720575940624479751,left,T4c,761,-4,-18,-5,-13,T4c,True,,,
720575940624482195,left,T4b,222,-3,26,16,10,T4b,True,,,
720575940624483410,right,T4b,451,4,20,6,14,T4b,True,,,
720575940624483592,left,T4d,87,1,11,4,7,T4d,True,,,
720575940624486032,right,T5a,425,3,20,7,13,T5a,True,,,
720575940624486635,left,T4b,695,-6,10,11,-1,T4b,True,,,
720575940624487954,right,T5d,433,0,-8,-4,-4,T5d,True,,,
720575940624488701,left,T4d,72,0,-28,-14,-14,T4d,True,,,
720575940624489708,right,T5d,77,2,-5,-5,0,T5d,True,,,
720575940624490677,left,T4b,303,-5,22,16,6,T4b,True,,,
720575940624490829,right,T4c,714,5,12,1,11,T4c,True,,,
720575940624491755,left,T5d,740,2,-8,-6,-2,T5d,True,,,
720575940624492617,right,T4d,519,-5,-5,2,-7,T4d,True,,,
720575940624492779,left,T5a,662,2,-1,-3,2,T5a,True,,,
720575940624497405,left,T5c,527,-4,-8,0,-8,T5c,True,,,
720575940624497644,right,T5c,413,-2,-7,-2,-5,T5c,True,,,
720575940624499947,right,T4c,330,3,3,-2,5,T4c,True,,,
720575940624500151,right,T5d,216,2,19,7,12,T5d,True,,,
720575940624503531,right,T4a,321,8,4,-6,10,T4a,True,,,
720575940624504042,left,T5b,712,-7,12,13,-1,T5b,True,,,
720575940624513255,right,T4a,684,-6,17,14,3,T4a,True,,,
720575940624513543,left,T5b,311,-7,15,14,1,T5b,True,,,
720575940624514547,right,T5b,432,-5,7,8,-1,T5b,True,,,
720575940624516391,right,T5d,348,3,14,4,10,T5d,True,,,
720575940624525203,left,T4b,760,0,17,8,9,T4b,True,,,
720575940624525715,right,T5a,417,-6,-10,1,-11,T5a,True,,,
720575940624529703,right,T4d,159,7,7,-4,11,T4d,True,,,
720575940624529993,left,T4b,541,-4,14,11,3,T4b,True,,,
720575940624530151,right,T5d,560,-7,14,14,0,T5d,True,,,
720575940624533392,right,T5c,183,-5,-15,-3,-12,T5c,True,,,
720575940624535590,right,T4a,125,5,9,-1,10,T4a,True,,,
720575940624537067,left,T4c,481,4,-8,-8,0,T4c,True,,,
720575940624538928,right,T4a,282,0,26,13,13,T4a,True,,,
720575940624539627,left,T4a,213,3,-4,-5,1,T4a,True,,,
720575940624541163,right,T4a,249,2,-12,-8,-4,T4a,True,,,
720575940624556263,right,T5b,748,-4,20,14,6,T5b,True,,,
720575940624557575,left,T4b,372,1,-2,-2,0,T4b,True,,,
720575940624561127,right,T5a,409,0,-3,-2,-1,T5a,True,,,
720575940624564016,right,T4a,343,-3,27,16,11,T4a,True,,,
720575940624565006,right,T4b,770,5,4,-3,7,T4b,True,,,
720575940624565040,left,T4a,471,3,-26,-16,-10,T4a,True,,,
720575940624567271,right,T4b,131,-6,20,16,4,T4b,True,,,
720575940624573222,left,T5a,181,1,-4,-3,-1,T5a,True,,,
720575940624579657,left,T4d,399,-2,-28,-12,-16,T4d,True,,,
720575940624582985,right,T4c,202,-1,27,14,13,T4c,True,,,
720575940624584375,left,T4a,323,-4,-27,-10,-17,T4a,True,,,
720575940624588617,left,T5d,301,-5,16,13,3,T5d,True,,,
720575940624590268,left,T4d,85,4,-22,-15,-7,T4d,True,,,
720575940624593968,right,T5b,499,5,10,0,10,T5b,True,,,
720575940624598763,left,T5b,669,4,-16,-12,-4,T5b,True,,,
720575940624598771,right,T4c,659,-4,-6,1,-7,T4c,True,,,
720575940624601392,right,T5b,274,6,4,-4,8,T5b,True,,,
720575940624603239,left,T4c,482,1,17,7,10,T4c,True,,,
720575940624607495,left,T4b,538,-4,1,4,-3,T4b,True,,,
720575940624607782,left,T4b,336,0,23,11,12,T4b,True,,,
720575940624608763,right,T5a,652,-6,-11,0,-11,T5a,True,,,
720575940624609275,right,T5a,507,-5,-12,-1,-11,T5a,True,,,
720575940624609511,right,T4c,317,-5,-4,3,-7,T4c,True,,,
720575940624611835,right,T5c,652,-6,-11,0,-11,T5c,True,,,
720575940624612656,left,T4d,276,2,3,-1,4,T4d,True,,,
720575940624617959,left,T5b,495,4,5,-2,7,T5b,True,,,
720575940624619022,right,T4d,228,-7,1,7,-6,T4d,True,,,
720575940624619239,left,T5a,215,6,7,-3,10,T5a,True,,,
720575940624620848,left,T5d,634,-3,-15,-5,-10,T5d,True,,,
720575940624623288,right,T5c,724,4,2,-3,5,T5c,True,,,
720575940624626184,left,T4c,36,6,8,-2,10,T4c,True,,,
720575940624630252,right,T4d,676,-3,-21,-8,-13,T4d,True,,,
720575940624631224,right,T4b,545,5,11,0,11,T4b,True,,,
720575940624632103,right,T5a,563,5,-13,-12,-1,T5a,True,,,
720575940624635114,left,T5a,780,-2,-27,-12,-15,T5a,True,,,
720575940624638472,left,T4b,253,5,16,3,13,T4b,True,,,
720575940624640509,left,T4b,707,-2,25,14,11,T4b,True,,,
720575940624642341,left,T4d,140,3,8,1,7,T4d,True,,,
720575940624646076,right,T5b,90,-4,5,6,-1,T5b,True,,,
720575940624648124,right,T4d,298,-5,5,7,-2,T4d,True,,,
720575940624648679,right,T4b,518,-4,22,15,7,T4b,True,,,
720575940624648712,left,T4d,532,-8,7,11,-4,T4d,True,,,
720575940624651499,left,T5c,654,-3,8,7,1,T5c,True,,,
720575940624653035,right,T4b,424,-3,-2,2,-4,T4b,True,,,
720575940624653547,left,T5d,245,-5,-3,3,-6,T5d,True,,,
720575940624658685,left,T5c,523,2,14,5,9,T5c,True,,,
720575940624659435,left,T4c,196,-1,8,5,3,T4c,True,,,
720575940624660231,right,T4c,643,6,14,1,13,T4c,True,,,
720575940624663303,right,T4d,730,7,0,-7,7,T4d,True,,,
720575940624663560,right,T4c,7,-6,-6,3,-9,T4c,True,,,
720575940624668092,right,T4b,253,5,16,3,13,T4b,True,,,
720575940624669621,right,T5a,398,-3,22,14,8,T5a,True,,,
720575940624671636,right,T4c,520,-2,-22,-9,-13,T4c,True,,,
720575940624673003,right,T4d,631,1,26,12,14,T4d,True,,,
720575940624673515,left,T5c,106,-7,11,12,-1,T5c,True,,,
720575940624675512,right,T5b,530,-3,-13,-4,-9,T5b,True,,,
720575940624676024,left,T4a,513,-4,-13,-3,-10,T4a,True,,,
720575940624677048,right,T5b,419,-3,-11,-3,-8,T5b,True,,,
720575940624679438,left,T5d,67,-2,-13,-5,-8,T5d,True,,,
720575940624679719,right,T4a,687,-6,-3,4,-7,T4a,True,,,
720575940624682087,left,T4a,31,0,16,8,8,T4a,True,,,
720575940624683708,right,T5a,115,-4,2,5,-3,T5a,True,,,
720575940624683838,right,T4d,448,0,30,15,15,T4d,True,,,
720575940624685204,right,T4c,367,-6,-15,-2,-13,T4c,True,,,
720575940624687594,left,T4b,656,0,-11,-6,-5,T4b,True,,,
720575940624690249,left,T4b,148,-7,-11,1,-12,T4b,True,,,
720575940624693996,right,T5c,775,5,22,6,16,T5c,True,,,
720575940624694823,right,T4d,695,-6,10,11,-1,T4d,True,,,
720575940624695088,left,T4b,186,-1,26,14,12,T4b,True,,,
720575940624698040,right,T5b,533,0,-16,-8,-8,T5b,True,,,
720575940624698300,right,T5c,88,7,4,-5,9,T5c,True,,,
720575940624700344,right,T5a,82,-7,7,10,-3,T5a,True,,,
720575940624703979,right,T4c,692,-4,24,16,8,T4c,True,,,
720575940624704491,right,T4d,720,-5,21,15,6,T4d,True,,,
720575940624707827,left,T4b,562,-5,-2,4,-6,T4b,True,,,
720575940624708169,right,T4a,697,1,-22,-12,-10,T4a,True,,,
720575940624708583,left,T4c,397,-3,-19,-7,-12,T4c,True,,,
720575940624710379,right,T4c,442,-5,25,17,8,T4c,True,,,
720575940624715557,right,T5a,135,-3,-22,-8,-14,T5a,True,,,
720575940624716302,right,T5c,278,-5,10,10,0,T5c,True,,,
720575940624717043,left,T4b,332,4,-26,-17,-9,T4b,True,,,
720575940624717053,left,T4a,186,-1,26,14,12,T4a,True,,,
720575940624718862,right,T4b,704,-7,8,11,-3,T4b,True,,,
720575940624719818,right,T5a,196,-1,8,5,3,T5a,True,,,
720575940624720788,left,T4c,522,-4,0,4,-4,T4c,True,,,
720575940624722702,right,T5a,545,5,11,0,11,T5a,True,,,
720575940624722731,right,T5a,292,-4,18,13,5,T5a,True,,,
720575940624722924,right,T5d,171,6,-20,-16,-4,T5d,True,,,
720575940624732052,left,T5a,347,-5,-13,-2,-11,T5a,True,,,
720575940624734205,left,T4a,442,-5,25,17,8,T4a,True,,,
720575940624736264,left,T4b,113,-2,4,4,0,T4b,True,,,
720575940624738043,right,T5c,507,-5,-12,-1,-11,T5c,True,,,
720575940624738085,left,T4b,446,2,-14,-9,-5,T4b,True,,,
720575940624740091,right,T5b,507,-5,-12,-1,-11,T5b,True,,,
720575940624740347,right,T5c,349,-5,-14,-2,-12,T5c,True,,,
720575940624740500,right,T4c,397,-3,-19,-7,-12,T4c,True,,,
720575940624741371,right,T5d,349,-5,-14,-2,-12,T5d,True,,,
720575940624742548,right,T4b,16,-2,-16,-6,-10,T4b,True,,,
720575940624743147,left,T4c,752,-2,7,5,2,T4c,True,,,
720575940624746573,right,T5c,526,0,-10,-5,-5,T5c,True,,,
720575940624748327,right,T4c,430,-3,-7,-1,-6,T4c,True,,,
720575940624749320,left,T4a,126,3,11,2,9,T4a,True,,,
720575940624749749,right,T4a,547,-1,21,11,10,T4a,True,,,
720575940624750268,right,T4a,42,-1,14,8,6,T4a,True,,,
720575940624751111,left,T5a,56,1,-13,-8,-5,T5a,True,,,
720575940624751909,left,T4a,348,3,14,4,10,T4a,True,,,
720575940624752316,right,T5b,21,-2,19,11,8,T5b,True,,,
720575940624753383,left,T5b,106,-7,11,12,-1,T5b,True,,,
720575940624756408,right,T4a,340,-4,17,12,5,T4a,True,,,
720575940624757735,left,T4a,216,2,19,7,12,T4a,True,,,
720575940624757739,right,T5b,381,-8,-9,3,-12,T5b,True,,,
720575940624764907,left,T5d,603,-3,-23,-9,-14,T5d,True,,,
720575940624766503,left,T4a,383,-6,11,11,0,T4a,True,,,
720575940624766956,left,T5c,167,0,-17,-9,-8,T5c,True,,,
720575940624769260,left,T5c,152,3,-15,-11,-4,T5c,True,,,
720575940624770231,left,T5b,622,-5,20,15,5,T5b,True,,,
720575940624776892,right,T5a,730,7,0,-7,7,T5a,True,,,
720575940624781118,left,T5b,246,-4,15,11,4,T5b,True,,,
720575940624781607,left,T5d,577,5,-14,-12,-2,T5d,True,,,
720575940624784165,left,T4d,556,0,10,5,5,T4d,True,,,
720575940624788798,right,T4b,35,1,-24,-13,-11,T4b,True,,,
720575940624796908,right,T5c,497,6,1,-6,7,T5c,True,,,
720575940624801063,left,T4a,417,-6,-10,1,-11,T4a,True,,,
720575940624801511,right,T5b,394,-7,-8,3,-11,T5b,True,,,
720575940624804178,right,T4d,168,-1,17,9,8,T4d,True,,,
720575940624804861,right,T5b,330,3,3,-2,5,T5b,True,,,
720575940624805128,left,T4d,370,-3,21,13,8,T4d,True,,,
720575940624810424,left,T5c,664,1,-27,-15,-12,T5c,True,,,
720575940624811708,left,T5b,491,7,-1,-8,7,T5b,True,,,
720575940624812519,left,T5c,29,-1,-3,-1,-2,T5c,True,,,
720575940624815079,right,T4b,579,-3,-10,-2,-8,T4b,True,,,
720575940624817191,right,T5c,480,3,-19,-13,-6,T5c,True,,,
720575940624817726,left,T5d,544,3,-13,-10,-3,T5d,True,,,
720575940624822503,right,T4c,547,-1,21,11,10,T4c,True,,,
720575940624822771,right,T5b,733,-5,-17,-4,-13,T5b,True,,,
720575940624823283,right,T5b,367,-6,-15,-2,-13,T5b,True,,,
720575940624823700,right,T5b,243,-1,-21,-10,-11,T5b,True,,,
720575940624825579,left,T4c,49,4,-4,-6,2,T4c,True,,,
720575940624826174,left,T4b,94,5,18,4,14,T4b,True,,,
720575940624829927,left,T5a,766,2,-4,-4,0,T5a,True,,,
720575940624829989,right,T5b,686,5,-22,-16,-6,T5b,True,,,
720575940624832841,left,T5d,211,-7,-1,6,-7,T5d,True,,,
720575940624834539,left,T5b,772,1,12,5,7,T5b,True,,,
720575940624846823,right,T4b,224,0,5,2,3,T4b,True,,,
720575940624847034,right,T5a,594,7,-16,-15,-1,T5a,True,,,
720575940624858126,right,T4d,500,7,-8,-11,3,T4d,True,,,
720575940624865575,left,T4d,656,0,-11,-6,-5,T4d,True,,,
720575940624867571,right,T5d,363,7,-4,-9,5,T5d,True,,,
720575940624869355,left,T5a,82,-7,7,10,-3,T5a,True,,,
720575940624871176,left,T5a,380,-1,29,15,14,T5a,True,,,
720575940624875239,left,T4a,56,1,-13,-8,-5,T4a,True,,,
720575940624876730,left,T5b,328,5,-9,-10,1,T5b,True,,,
720575940624883495,right,T4d,446,2,-14,-9,-5,T4d,True,,,
720575940624885429,right,T5b,660,2,28,12,16,T5b,True,,,
720575940624885543,right,T5b,588,1,4,1,3,T5b,True,,,
720575940624887271,left,T4c,125,5,9,-1,10,T4c,True,,,
720575940624887335,left,T5d,114,2,-13,-9,-4,T5d,True,,,
720575940624891687,left,T5a,136,0,3,1,2,T5a,True,,,
720575940624893479,left,T4c,89,1,-19,-11,-8,T4c,True,,,
720575940624896491,left,T4b,11,7,-14,-14,0,T4b,True,,,
720575940624898110,left,T4c,670,5,5,-3,8,T4c,True,,,
720575940624905616,right,T5d,500,7,-8,-11,3,T5d,True,,,
720575940624909319,left,T5c,46,-5,15,12,3,T5c,True,,,
720575940624909811,right,T5a,10,5,-15,-13,-2,T5a,True,,,
720575940624913592,right,T5b,557,6,-10,-11,1,T5b,True,,,
720575940624917847,right,T5d,412,-6,21,16,5,T5d,True,,,
720575940624918334,left,T5a,90,-4,5,6,-1,T5a,True,,,
720575940624920980,left,T5c,535,8,-4,-10,6,T5c,True,,,
720575940624921274,right,T5d,548,1,-16,-9,-7,T5d,True,,,
720575940624922552,right,T5c,165,4,16,4,12,T5c,True,,,
720575940624924516,left,T5b,590,1,9,3,6,T5b,True,,,
720575940624924680,left,T4d,105,3,22,8,14,T4d,True,,,
720575940624928333,right,T4a,60,-8,8,12,-4,T4a,True,,,
720575940624931260,left,T5d,571,0,-14,-7,-7,T5d,True,,,
720575940624934328,left,T5c,765,-3,9,7,2,T5c,True,,,
720575940624936171,left,T5d,144,7,-11,-13,2,T5d,True,,,
720575940624938172,left,T5b,608,1,10,4,6,T5b,True,,,
720575940624938739,left,T5d,591,3,-3,-5,2,T5d,True,,,
720575940624938940,right,T4a,471,3,-26,-16,-10,T4a,True,,,
720575940624939708,left,T5d,105,3,22,8,14,T5d,True,,,
720575940624939865,right,T4b,50,-2,21,12,9,T4b,True,,,
720575940624940132,left,T5d,378,-3,18,12,6,T5d,True,,,
720575940624941924,right,T4c,97,-5,2,6,-4,T4c,True,,,
720575940624945456,right,T4d,651,-4,-5,1,-6,T4d,True,,,
720575940624947955,left,T5a,405,3,10,2,8,T5a,True,,,
720575940624948775,left,T5c,508,-5,11,10,1,T5c,True,,,
720575940624952307,left,T5a,470,4,-9,-9,0,T5a,True,,,
720575940624953271,left,T4a,328,5,-9,-10,1,T4a,True,,,
720575940624953784,right,T5d,545,5,11,0,11,T5d,True,,,
720575940624960776,left,T4d,780,-2,-27,-12,-15,T4d,True,,,
720575940624961328,right,T5b,166,0,18,9,9,T5b,True,,,
720575940624962062,left,T4b,127,0,15,7,8,T4b,True,,,
720575940624971341,right,T5c,26,1,-3,-3,0,T5c,True,,,
720575940624975288,left,T5c,248,-6,0,6,-6,T5c,True,,,
720575940624978931,left,T4a,487,1,-1,-2,1,T4a,True,,,
720575940624985095,right,T4c,706,-7,-12,1,-13,T4c,True,,,
720575940624989076,left,T5d,651,-4,-5,1,-6,T5d,True,,,
720575940624993836,right,T5b,261,-1,13,7,6,T5b,True,,,
720575940624993975,left,T4d,698,6,-7,-10,3,T4d,True,,,
720575940625000376,left,T4d,374,2,13,4,9,T4d,True,,,
720575940625004780,left,T4c,154,-8,0,8,-8,T4c,True,,,
720575940625009131,right,T4a,367,-6,-15,-2,-13,T4a,True,,,
720575940625013948,right,T5b,332,4,-26,-17,-9,T5b,True,,,
720575940625013996,left,T4c,110,-7,0,7,-7,T4c,True,,,
720575940625017358,left,T4c,66,2,15,5,10,T4c,True,,,
720575940625020820,right,T4d,408,-6,-4,4,-8,T4d,True,,,
720575940625021427,left,T5a,749,-2,1,2,-1,T5a,True,,,
720575940625021960,left,T5d,417,-6,-10,1,-11,T5d,True,,,
720575940625022734,left,T4d,141,5,-23,-17,-6,T4d,True,,,
720575940625023536,right,T5d,296,1,-18,-10,-8,T5d,True,,,
720575940625025353,left,T4c,357,4,17,4,13,T4c,True,,,
720575940625026637,left,T5a,271,4,6,-1,7,T5a,True,,,
720575940625027260,left,T5a,88,7,4,-5,9,T5a,True,,,
720575940625039335,left,T4c,210,-6,8,10,-2,T4c,True,,,
720575940625043021,left,T4a,166,0,18,9,9,T4a,True,,,
720575940625044068,right,T5d,467,-2,-20,-8,-12,T5d,True,,,
720575940625044715,left,T5b,253,5,16,3,13,T5b,True,,,
720575940625047559,left,T4d,325,5,1,-5,6,T4d,True,,,
720575940625048653,right,T5d,299,-4,12,10,2,T5d,True,,,
720575940625052233,right,T4b,267,-6,2,7,-5,T4b,True,,,
720575940625052659,right,T4c,27,0,-25,-13,-12,T4c,True,,,
720575940625052956,left,T4b,356,0,22,11,11,T4b,True,,,
720575940625054460,left,T5b,638,-1,7,4,3,T5b,True,,,
720575940625057829,left,T4a,37,1,5,1,4,T4a,True,,,
720575940625057940,left,T5c,140,3,8,1,7,T5c,True,,,
720575940625060339,left,T4a,382,3,-6,-6,0,T4a,True,,,
720575940625061611,left,T4a,238,-8,-3,6,-9,T4a,True,,,
720575940625063923,left,T5d,420,6,-3,-8,5,T5d,True,,,
720575940625066483,right,T4d,81,6,-2,-7,5,T4d,True,,,
720575940625069058,left,T5c,325,5,1,-5,6,T5c,True,,,
720575940625071292,left,T5a,139,1,-14,-8,-6,T5a,True,,,
720575940625075749,right,T4d,550,-2,3,3,0,T4d,True,,,
720575940625076880,right,T5a,181,1,-4,-3,-1,T5a,True,,,
720575940625079484,left,T4a,548,1,-16,-9,-7,T4a,True,,,
720575940625085671,right,T4b,618,-1,24,13,11,T4b,True,,,
720575940625092878,left,T5b,126,3,11,2,9,T5b,True,,,
720575940625093157,left,T5b,427,5,-18,-14,-4,T5b,True,,,
720575940625095205,left,T4d,332,4,-26,-17,-9,T4d,True,,,
720575940625095403,left,T4b,195,-3,-1,2,-3,T4b,True,,,
720575940625095828,left,T5d,237,-2,27,15,12,T5d,True,,,
720575940625099597,left,T5a,726,2,-28,-16,-12,T5a,True,,,
720575940625113580,left,T4d,552,4,-1,-5,4,T4d,True,,,
720575940625113597,right,T4a,716,4,-6,-7,1,T4a,True,,,
720575940625114109,right,T4a,516,7,-18,-16,-2,T4a,True,,,
720575940625115721,left,T5b,424,-3,-2,2,-4,T5b,True,,,
720575940625119053,right,T4c,46,-5,15,12,3,T4c,True,,,
720575940625119723,left,T5a,279,-4,8,8,0,T5a,True,,,
720575940625120444,left,T5a,755,4,19,5,14,T5a,True,,,
720575940625123877,left,T4a,387,-1,-15,-7,-8,T4a,True,,,
720575940625123879,right,T4d,49,4,-4,-6,2,T4d,True,,,
720575940625124360,right,T5a,341,6,-17,-15,-2,T5a,True,,,
720575940625125117,left,T4b,328,5,-9,-10,1,T4b,True,,,
720575940625125373,left,T4c,328,5,-9,-10,1,T4c,True,,,
720575940625126635,right,T4c,100,2,-10,-7,-3,T4c,True,,,
720575940625133287,left,T5a,541,-4,14,11,3,T5a,True,,,
720575940625133543,left,T5d,232,-4,13,10,3,T5d,True,,,
720575940625137934,right,T4d,722,6,-15,-14,-1,T4d,True,,,
720575940625148199,left,T4d,655,6,-1,-7,6,T4d,True,,,
720575940625154864,left,T4b,215,6,7,-3,10,T4b,True,,,
720575940625155080,left,T5a,412,-6,21,16,5,T5a,True,,,
720575940625164583,left,T5d,59,-2,2,3,-1,T5d,True,,,
720575940625171431,left,T5d,493,-3,23,14,9,T5d,True,,,
720575940625171533,right,T4b,279,-4,8,8,0,T4b,True,,,
720575940625174605,right,T5c,644,-6,18,15,3,T5c,True,,,
720575940625176764,left,T5d,421,-1,12,7,5,T5d,True,,,
720575940625178919,left,T4d,474,-3,-17,-6,-11,T4d,True,,,
720575940625181031,left,T4a,772,1,12,5,7,T4a,True,,,
720575940625182666,left,T4c,91,-1,6,4,2,T4c,True,,,
720575940625191100,right,T5a,635,6,-6,-9,3,T5a,True,,,
720575940625202190,left,T4a,510,-2,11,7,4,T4a,True,,,
720575940625203699,left,T4c,744,-4,25,16,9,T4c,True,,,
720575940625204226,right,T5b,628,0,0,0,0,T5b,True,,,
720575940625210130,right,T5b,698,6,-7,-10,3,T5b,True,,,
720575940625213628,left,T5a,248,-6,0,6,-6,T5a,True,,,
720575940625217661,right,T5b,315,-3,-6,0,-6,T5b,True,,,
720575940625223667,left,T5b,21,-2,19,11,8,T5b,True,,,
720575940625227708,right,T5d,352,-2,28,16,12,T5d,True,,,
720575940625231036,left,T4b,308,-5,8,9,-1,T4b,True,,,
720575940625232906,left,T5c,162,-4,-2,3,-5,T5c,True,,,
720575940625233552,right,T4b,183,-5,-15,-3,-12,T4b,True,,,
720575940625235239,left,T5b,562,-5,-2,4,-6,T5b,True,,,
720575940625235331,right,T4d,282,0,26,13,13,T4d,True,,,
720575940625236234,left,T5b,522,-4,0,4,-4,T5b,True,,,
720575940625238861,left,T4a,443,-6,4,8,-4,T4a,True,,,
720575940625253257,left,T5d,699,-5,0,5,-5,T5d,True,,,
720575940625253619,left,T5b,660,2,28,12,16,T5b,True,,,
720575940625253694,left,T5b,477,-3,2,4,-2,T5b,True,,,
720575940625257805,right,T5d,776,5,21,5,16,T5d,True,,,
720575940625260839,left,T5d,372,1,-2,-2,0,T5d,True,,,
720575940625263091,left,T4d,568,-6,-8,2,-10,T4d,True,,,
720575940625263177,left,T4d,422,-7,-4,5,-9,T4d,True,,,
720575940625264713,left,T5d,431,-2,-10,-3,-7,T5d,True,,,
720575940625267431,left,T4c,425,3,20,7,13,T4c,True,,,
720575940625270286,left,T4d,460,-3,-20,-7,-13,T4d,True,,,
720575940625270932,left,T4d,574,-6,5,8,-3,T4d,True,,,
720575940625272551,left,T5b,656,0,-11,-6,-5,T5b,True,,,
720575940625272909,right,T5a,64,4,-23,-16,-7,T5a,True,,,
720575940625276140,left,T5c,519,-5,-5,2,-7,T5c,True,,,
720575940625276990,right,T4c,749,-2,1,2,-1,T4c,True,,,
720575940625277740,right,T4d,783,-4,28,18,10,T4d,True,,,
720575940625279731,left,T5b,505,6,-22,-17,-5,T5b,True,,,
720575940625282748,left,T4a,380,-1,29,15,14,T4a,True,,,
720575940625284396,right,T4d,202,-1,27,14,13,T4d,True,,,
720575940625285052,left,T4b,352,-2,28,16,12,T4b,True,,,
720575940625293820,left,T5c,734,2,0,-2,2,T5c,True,,,
720575940625297916,left,T5b,501,1,2,0,2,T5b,True,,,
720575940625306812,left,T4d,616,-3,15,10,5,T4d,True,,,
720575940625310029,right,T4d,108,-3,-12,-3,-9,T4d,True,,,
720575940625315120,right,T4b,485,-3,-3,1,-4,T4b,True,,,
720575940625319811,left,T4d,578,4,-11,-10,-1,T4d,True,,,
720575940625324163,left,T5a,536,3,4,-1,5,T5a,True,,,
720575940625324675,left,T4a,391,4,-3,-6,3,T4a,True,,,
720575940625326119,left,T4b,699,-5,0,5,-5,T4b,True,,,
720575940625331132,right,T4c,612,-3,-26,-10,-16,T4c,True,,,
720575940625337381,right,T4c,272,3,-2,-4,2,T4c,True,,,
720575940625343821,left,T5a,70,-4,21,14,7,T5a,True,,,
720575940625344014,right,T5d,622,-5,20,15,5,T5d,True,,,
720575940625347661,right,T4a,568,-6,-8,2,-10,T4a,True,,,
720575940625347879,left,T4b,149,6,-14,-13,-1,T4b,True,,,
720575940625356109,left,T4a,543,-1,-4,-1,-3,T4a,True,,,
720575940625357299,left,T5a,447,-1,2,2,0,T5a,True,,,
720575940625359036,left,T5a,311,-7,15,14,1,T5a,True,,,
720575940625363202,left,T4b,52,-1,-22,-10,-12,T4b,True,,,
720575940625364557,right,T4b,635,6,-6,-9,3,T4b,True,,,
720575940625366503,left,T5b,429,-2,14,9,5,T5b,True,,,
720575940625371024,right,T5b,7,-6,-6,3,-9,T5b,True,,,
720575940625371280,right,T4a,527,-4,-8,0,-8,T4a,True,,,
720575940625372174,left,T5d,515,-8,-7,4,-11,T5d,True,,,
720575940625374541,right,T4c,664,1,-27,-15,-12,T4c,True,,,
720575940625386317,right,T5d,596,-4,-16,-4,-12,T5d,True,,,
720575940625389955,left,T4d,174,4,-15,-12,-3,T4d,True,,,
720575940625390844,left,T5a,489,-3,10,8,2,T5a,True,,,
720575940625393456,right,T5d,131,-6,20,16,4,T5d,True,,,
720575940625396238,right,T4d,395,0,-22,-11,-11,T4d,True,,,
720575940625400078,left,T4d,484,3,-9,-8,-1,T4d,True,,,
720575940625407632,right,T4a,215,6,7,-3,10,T4a,True,,,
720575940625407690,right,T4a,739,-7,2,8,-6,T4a,True,,,
720575940625412414,left,T4d,420,6,-3,-8,5,T4d,True,,,
720575940625414448,right,T4a,322,2,26,11,15,T4a,True,,,
720575940625417037,right,T5c,184,-6,-5,3,-8,T5c,True,,,
720575940625419312,right,T4b,242,-4,6,7,-1,T4b,True,,,
720575940625423548,left,T5a,584,4,23,7,16,T5a,True,,,
720575940625423705,left,T4c,304,6,5,-4,9,T4c,True,,,
720575940625426190,left,T5d,607,1,18,8,10,T5d,True,,,
720575940625426832,right,T5d,493,-3,23,14,9,T5d,True,,,
720575940625429227,left,T4a,244,-4,-12,-2,-10,T4a,True,,,
720575940625439560,right,T4d,501,1,2,0,2,T4d,True,,,
720575940625442830,left,T5c,766,2,-4,-4,0,T5c,True,,,
720575940625444140,right,T5a,322,2,26,11,15,T5a,True,,,
720575940625449624,left,T4d,92,0,9,4,5,T4d,True,,,
720575940625453645,left,T4d,3,6,-12,-12,0,T4d,True,,,
720575940625460099,right,T4c,525,-1,-20,-9,-11,T4c,True,,,
720575940625465608,left,T5a,707,-2,25,14,11,T5a,True,,,
720575940625467011,right,T4a,62,0,-29,-15,-14,T4a,True,,,
720575940625468967,left,T5c,134,-5,-18,-4,-14,T5c,True,,,
720575940625471053,left,T4c,224,0,5,2,3,T4c,True,,,
720575940625472002,right,T4a,218,2,10,3,7,T4a,True,,,
720575940625472952,left,T4d,44,5,-10,-10,0,T4d,True,,,
720575940625474435,right,T5c,79,2,1,-2,3,T5c,True,,,
720575940625476878,left,T4c,560,-7,14,14,0,T4c,True,,,
720575940625485299,left,T4d,411,-5,-19,-5,-14,T4d,True,,,
720575940625489445,left,T5c,770,5,4,-3,7,T5c,True,,,
720575940625490234,right,T5a,390,-6,-9,1,-10,T5a,True,,,
720575940625492007,left,T5b,223,-2,26,15,11,T5b,True,,,
720575940625501116,left,T4c,232,-4,13,10,3,T4c,True,,,
720575940625504601,right,T5b,252,3,23,8,15,T5b,True,,,
720575940625506343,left,T4d,522,-4,0,4,-4,T4d,True,,,
720575940625507161,right,T5a,63,4,12,2,10,T5a,True,,,
720575940625512848,right,T5a,403,-2,-12,-4,-8,T5a,True,,,
720575940625522320,right,T4a,375,-6,7,9,-2,T4a,True,,,
720575940625522509,left,T5d,726,2,-28,-16,-12,T5d,True,,,
720575940625523436,left,T4c,201,-8,9,12,-3,T4c,True,,,
720575940625523545,right,T4b,442,-5,25,17,8,T4b,True,,,
720575940625524508,left,T5a,287,-5,13,11,2,T5a,True,,,
720575940625526044,left,T5c,387,-1,-15,-7,-8,T5c,True,,,
720575940625526873,left,T5b,405,3,10,2,8,T5b,True,,,
720575940625529362,right,T4d,600,3,-10,-8,-2,T4d,True,,,
720575940625540185,right,T4c,217,6,15,1,14,T4c,True,,,
720575940625547708,left,T5b,380,-1,29,15,14,T5b,True,,,
720575940625549716,right,T5d,138,0,27,13,14,T5d,True,,,
720575940625558160,right,T5d,724,4,2,-3,5,T5d,True,,,
720575940625565529,right,T4c,645,-4,27,17,10,T4c,True,,,
720575940625567124,left,T4a,375,-6,7,9,-2,T4a,True,,,
720575940625567762,right,T5b,382,3,-6,-6,0,T5b,True,,,
720575940625571465,right,T5a,188,-5,17,13,4,T5a,True,,,
720575940625571858,right,T5a,716,4,-6,-7,1,T5a,True,,,
720575940625571868,right,T5c,385,-3,-18,-6,-12,T5c,True,,,
720575940625575667,left,T4b,664,1,-27,-15,-12,T4b,True,,,
720575940625576084,left,T5b,469,-7,13,13,0,T5b,True,,,
720575940625576691,left,T4d,320,-2,-5,-1,-4,T4d,True,,,
720575940625581548,left,T5a,650,-3,-25,-10,-15,T5a,True,,,
720575940625584933,right,T4a,646,6,17,2,15,T4a,True,,,
720575940625612848,right,T4d,252,3,23,8,15,T4d,True,,,
720575940625619493,right,T5a,345,3,-12,-9,-3,T5a,True,,,
720575940625625392,left,T4a,680,-1,25,13,12,T4a,True,,,
720575940625626638,left,T5c,743,6,-19,-16,-3,T5c,True,,,
720575940625627320,left,T4a,170,-5,1,5,-4,T4a,True,,,
720575940625628772,right,T4a,267,-6,2,7,-5,T4a,True,,,
720575940625629198,right,T5c,560,-7,14,14,0,T5c,True,,,
720575940625634968,left,T5b,420,6,-3,-8,5,T5b,True,,,
720575940625641418,right,T5b,156,-9,1,9,-8,T5b,True,,,
720575940625645242,right,T5a,76,-3,-4,1,-5,T5a,True,,,
720575940625649594,right,T5d,522,-4,0,4,-4,T5d,True,,,
720575940625653228,right,T4c,320,-2,-5,-1,-4,T4c,True,,,
720575940625653543,right,T4c,789,-3,-27,-11,-16,T4c,True,,,
720575940625654003,right,T5d,289,-1,11,6,5,T5d,True,,,
720575940625654759,right,T5a,284,0,25,12,13,T5a,True,,,
720575940625655192,left,T5d,330,3,3,-2,5,T5d,True,,,
720575940625655271,right,T5c,172,1,22,10,12,T5c,True,,,
720575940625655754,right,T5c,162,-4,-2,3,-5,T5c,True,,,
720575940625659066,right,T5a,61,-4,-4,2,-6,T5a,True,,,
720575940625663280,right,T5b,512,6,0,-6,6,T5b,True,,,
720575940625666200,left,T5a,174,4,-15,-12,-3,T5a,True,,,
720575940625668878,right,T4d,536,3,4,-1,5,T4d,True,,,
720575940625672496,right,T4b,751,1,6,2,4,T4b,True,,,
720575940625674533,right,T5d,392,-4,7,7,0,T5d,True,,,
720575940625675645,left,T4b,301,-5,16,13,3,T4b,True,,,
720575940625675790,left,T5c,469,-7,13,13,0,T5c,True,,,
720575940625678606,right,T4a,339,6,11,-1,12,T4a,True,,,
720575940625678862,right,T4a,728,7,12,-1,13,T4a,True,,,
720575940625686200,left,T5c,228,-7,1,7,-6,T5c,True,,,
720575940625686801,right,T5b,747,0,2,1,1,T5b,True,,,
720575940625693488,left,T5c,624,1,-17,-10,-7,T5c,True,,,
720575940625696333,left,T5d,664,1,-27,-15,-12,T5d,True,,,
720575940625700964,left,T4b,377,0,7,3,4,T4b,True,,,
720575940625703975,right,T4b,498,6,10,-1,11,T4b,True,,,
720575940625718986,left,T4a,140,3,8,1,7,T4a,True,,,
720575940625725479,left,T4c,736,-8,1,8,-7,T4c,True,,,
720575940625728186,left,T4c,218,2,10,3,7,T4c,True,,,
720575940625731002,right,T4c,509,-4,10,9,1,T4c,True,,,
720575940625737162,right,T5c,477,-3,2,4,-2,T5c,True,,,
720575940625746920,left,T4a,540,-2,-9,-3,-6,T4a,True,,,
720575940625748426,right,T5c,210,-6,8,10,-2,T5c,True,,,
720575940625751677,right,T5c,594,7,-16,-15,-1,T5c,True,,,
720575940625754942,right,T5d,430,-3,-7,-1,-6,T5d,True,,,
720575940625757735,left,T4a,539,-6,15,13,2,T4a,True,,,
720575940625759525,right,T4b,240,-4,-3,2,-5,T4b,True,,,
720575940625761917,right,T4a,241,2,-17,-11,-6,T4a,True,,,
720575940625766346,right,T5a,571,0,-14,-7,-7,T5a,True,,,
720575940625770073,right,T5d,157,-1,-7,-3,-4,T5d,True,,,
720575940625773972,left,T5a,673,2,5,0,5,T5a,True,,,
720575940625774205,right,T4b,430,-3,-7,-1,-6,T4b,True,,,
720575940625774948,right,T5c,501,1,2,0,2,T5c,True,,,
720575940625779146,right,T5c,111,2,-24,-14,-10,T5c,True,,,
720575940625779386,right,T5c,12,-7,9,11,-2,T5c,True,,,
720575940625779898,right,T5a,193,-5,4,7,-3,T5a,True,,,
720575940625782116,right,T5a,257,2,21,8,13,T5a,True,,,
720575940625790748,right,T4b,668,1,19,8,11,T4b,True,,,
720575940625796282,right,T5c,246,-4,15,11,4,T5c,True,,,
720575940625798147,left,T5a,742,-4,11,9,2,T5a,True,,,
720575940625799426,right,T5d,175,-6,-7,2,-9,T5d,True,,,
720575940625808954,left,T4a,514,-4,-10,-1,-9,T4a,True,,,
720575940625809182,right,T4c,138,0,27,13,14,T4c,True,,,
720575940625810253,left,T5a,500,7,-8,-11,3,T5a,True,,,
720575940625811518,right,T5d,677,0,11,5,6,T5d,True,,,
720575940625814116,left,T4c,293,4,-17,-13,-4,T4c,True,,,
720575940625815070,right,T4b,320,-2,-5,-1,-4,T4b,True,,,
720575940625816894,left,T4c,231,4,-12,-10,-2,T4c,True,,,
720575940625821982,left,T4d,462,-1,18,10,8,T4d,True,,,
720575940625823376,right,T5b,566,5,-8,-9,1,T5b,True,,,
720575940625824899,right,T4b,609,-2,0,2,-2,T4b,True,,,
720575940625825424,right,T5c,576,0,28,14,14,T5c,True,,,
720575940625831667,left,T5d,171,6,-20,-16,-4,T5d,True,,,
720575940625832804,right,T5c,468,-3,11,8,3,T5c,True,,,
720575940625836121,left,T5a,413,-2,-7,-2,-5,T5a,True,,,
720575940625837118,left,T5a,183,-5,-15,-3,-12,T5a,True,,,
720575940625837460,left,T5d,386,-6,19,15,4,T5d,True,,,
720575940625844666,right,T5a,677,0,11,5,6,T5a,True,,,
720575940625844810,left,T5d,746,-3,3,4,-1,T5d,True,,,
720575940625847498,left,T4a,753,-3,24,15,9,T4a,True,,,
720575940625851536,left,T5d,562,-5,-2,4,-6,T5d,True,,,
720575940625856039,right,T4d,8,-4,26,17,9,T4d,True,,,
720575940625859879,right,T4c,781,-5,26,18,8,T4c,True,,,
720575940625859940,right,T5c,244,-4,-12,-2,-10,T5c,True,,,
720575940625865360,left,T4d,377,0,7,3,4,T4d,True,,,
720575940625867466,left,T5d,327,5,3,-4,7,T5d,True,,,
720575940625876226,right,T5b,6,-2,-4,0,-4,T5b,True,,,
720575940625877552,right,T4a,17,1,-5,-4,-1,T4a,True,,,
720575940625883454,right,T4b,171,6,-20,-16,-4,T4b,True,,,
720575940625886695,left,T4d,745,0,13,6,7,T4d,True,,,
720575940625888954,left,T4b,590,1,9,3,6,T4b,True,,,
720575940625890878,right,T4d,300,4,-18,-13,-5,T4d,True,,,
720575940625903335,left,T5a,519,-5,-5,2,-7,T5a,True,,,
720575940625905678,left,T4a,149,6,-14,-13,-1,T4a,True,,,
720575940625909541,left,T5d,253,5,16,3,13,T5d,True,,,
720575940625910576,right,T4a,10,5,-15,-13,-2,T4a,True,,,
720575940625915064,left,T5b,716,4,-6,-7,1,T5b,True,,,
720575940625916444,left,T4c,553,-3,16,11,5,T4c,True,,,
720575940625917228,right,T4b,263,-3,4,5,-1,T4b,True,,,
720575940625919162,left,T4d,178,2,11,3,8,T4d,True,,,
720575940625920805,left,T4c,258,-4,-17,-5,-12,T4c,True,,,
720575940625923203,right,T4d,177,-2,-1,1,-2,T4d,True,,,
720575940625923770,right,T4a,68,3,16,5,11,T4a,True,,,
720575940625924144,right,T4a,425,3,20,7,13,T4a,True,,,
720575940625926448,right,T4d,249,2,-12,-8,-4,T4d,True,,,
720575940625928585,left,T5b,560,-7,14,14,0,T5b,True,,,
720575940625929609,right,T4b,611,-1,-18,-8,-10,T4b,True,,,
720575940625929872,right,T4b,696,-2,16,10,6,T4b,True,,,
720575940625932837,left,T5a,676,-3,-21,-8,-13,T5a,True,,,
720575940625934375,left,T4a,339,6,11,-1,12,T4a,True,,,
720575940625936165,left,T5a,52,-1,-22,-10,-12,T5a,True,,,
720575940625936740,right,T5b,245,-5,-3,3,-6,T5b,True,,,
720575940625939749,right,T5b,585,-1,-23,-11,-12,T5b,True,,,
720575940625941797,left,T4b,407,-5,-10,0,-10,T4b,True,,,
720575940625942078,right,T5d,206,-3,5,5,0,T5d,True,,,
720575940625943340,right,T4a,90,-4,5,6,-1,T4a,True,,,
720575940625944252,left,T5c,59,-2,2,3,-1,T5c,True,,,
720575940625947692,right,T4d,206,-3,5,5,0,T4d,True,,,
720575940625952258,right,T4d,477,-3,2,4,-2,T4d,True,,,
720575940625952589,right,T4b,673,2,5,0,5,T4b,True,,,
720575940625953598,right,T5d,434,-3,7,6,1,T5d,True,,,
720575940625954341,left,T5a,99,4,15,3,12,T5a,True,,,
720575940625956140,right,T4d,479,-2,10,7,3,T4d,True,,,
720575940625956396,right,T5d,196,-1,8,5,3,T5d,True,,,
720575940625956652,right,T4d,468,-3,11,8,3,T4d,True,,,
720575940625958444,right,T4b,91,-1,6,4,2,T4b,True,,,
720575940625959780,right,T5d,468,-3,11,8,3,T5d,True,,,
720575940625961516,right,T5b,649,-1,5,3,2,T5b,True,,,
720575940625967374,left,T5b,47,-9,-1,8,-9,T5b,True,,,
720575940625968176,left,T4a,668,1,19,8,11,T4a,True,,,
720575940625968228,right,T5b,102,3,13,3,10,T5b,True,,,
720575940625970509,left,T5b,487,1,-1,-2,1,T5b,True,,,
720575940625974572,right,T4b,115,-4,2,5,-3,T4b,True,,,
720575940625975795,left,T5b,540,-2,-9,-3,-6,T5b,True,,,
720575940625976760,left,T4d,14,0,-27,-14,-13,T4d,True,,,
720575940625977639,left,T5b,550,-2,3,3,0,T5b,True,,,
720575940625978296,left,T5b,117,-8,-2,7,-9,T5b,True,,,
720575940625983038,left,T5d,174,4,-15,-12,-3,T5d,True,,,
720575940625986441,right,T4d,337,-5,-6,2,-8,T4d,True,,,
720575940625989907,right,T4b,188,-5,17,13,4,T4b,True,,,
720575940625991994,left,T4d,563,5,-13,-12,-1,T4d,True,,,
720575940625993776,left,T5c,299,-4,12,10,2,T5c,True,,,
720575940625994506,right,T4a,160,-2,20,12,8,T4a,True,,,
720575940625995274,right,T4d,466,1,14,6,8,T4d,True,,,
720575940625996592,left,T5c,540,-2,-9,-3,-6,T5c,True,,,
720575940625997258,right,T4b,133,-3,20,13,7,T4b,True,,,
720575940625997872,left,T4b,593,3,-14,-10,-4,T4b,True,,,
720575940625998594,right,T5c,572,-8,3,9,-6,T5c,True,,,
720575940626003258,left,T5b,587,4,22,7,15,T5b,True,,,
720575940626004170,right,T5a,613,-8,-4,6,-10,T5a,True,,,
720575940626011706,right,T4d,513,-4,-13,-3,-10,T4d,True,,,
720575940626011952,left,T4d,94,5,18,4,14,T4d,True,,,
720575940626012930,right,T5b,540,-2,-9,-3,-6,T5b,True,,,
720575940626019465,right,T4d,407,-5,-10,0,-10,T4d,True,,,
720575940626025658,left,T4a,709,-2,-24,-10,-14,T4a,True,,,
720575940626028336,left,T4b,561,5,7,-2,9,T4b,True,,,
720575940626034435,left,T5d,178,2,11,3,8,T5d,True,,,
720575940626037434,left,T4c,334,1,-26,-14,-12,T4c,True,,,
720575940626039068,right,T5a,73,2,2,-1,3,T5a,True,,,
720575940626043440,left,T4a,277,7,-3,-9,6,T4a,True,,,
720575940626043696,left,T4d,419,-3,-11,-3,-8,T4d,True,,,
720575940626044734,right,T5a,644,-6,18,15,3,T5a,True,,,
720575940626046000,left,T5d,96,1,-10,-6,-4,T5d,True,,,
720575940626046723,left,T5c,178,2,11,3,8,T5c,True,,,
720575940626047492,right,T4a,620,7,1,-7,8,T4a,True,,,
720575940626049881,right,T5c,566,5,-8,-9,1,T5c,True,,,
720575940626050490,right,T4b,323,-7,-13,0,-13,T4b,True,,,
720575940626053732,left,T5b,467,-2,-20,-8,-12,T5b,True,,,
720575940626053936,right,T4d,416,3,-8,-7,-1,T4d,True,,,
720575940626057998,left,T4c,190,-3,-5,0,-5,T4c,True,,,
720575940626061756,right,T5d,208,5,-21,-16,-5,T5d,True,,,
720575940626062268,left,T5c,626,-5,-8,1,-9,T5c,True,,,
720575940626063292,right,T5d,653,-6,-12,0,-12,T5d,True,,,
720575940626065753,right,T5b,599,-1,9,5,4,T5b,True,,,
720575940626067258,left,T4a,554,-3,-27,-11,-16,T4a,True,,,
720575940626070714,right,T4c,366,-5,-20,-5,-15,T4c,True,,,
720575940626071738,right,T5a,149,6,-14,-13,-1,T5a,True,,,
720575940626072250,left,T5b,342,2,-15,-10,-5,T5b,True,,,
720575940626080356,right,T4d,150,-8,5,10,-5,T4d,True,,,
720575940626083770,left,T4a,610,2,-23,-14,-9,T4a,True,,,
720575940626091706,right,T4a,40,-2,-6,-1,-5,T4a,True,,,
720575940626091962,left,T4d,751,1,6,2,4,T4d,True,,,
720575940626092218,right,T4a,538,-4,1,4,-3,T4a,True,,,
720575940626092290,right,T5c,411,-5,-19,-5,-14,T5c,True,,,
720575940626093616,left,T4c,193,-5,4,7,-3,T4c,True,,,
720575940626094794,right,T4b,619,-4,-19,-6,-13,T4b,True,,,
720575940626097189,right,T4a,296,1,-18,-10,-8,T4a,True,,,
720575940626098238,left,T4a,782,-1,-28,-13,-15,T4a,True,,,
720575940626099970,right,T5a,387,-1,-15,-7,-8,T5a,True,,,
720575940626101788,right,T5b,745,0,13,6,7,T5b,True,,,
720575940626104457,right,T4c,208,5,-21,-16,-5,T4c,True,,,
720575940626113854,left,T4c,170,-5,1,5,-4,T4c,True,,,
720575940626115386,left,T4c,166,0,18,9,9,T4c,True,,,
720575940626119472,left,T5d,402,3,26,10,16,T5d,True,,,
720575940626119998,left,T5b,257,2,21,8,13,T5b,True,,,
720575940626120138,left,T5d,128,3,-22,-14,-8,T5d,True,,,
720575940626121418,left,T4a,477,-3,2,4,-2,T4a,True,,,
720575940626122780,right,T5d,379,3,-17,-12,-5,T5d,True,,,
720575940626123194,left,T5a,235,4,11,1,10,T5a,True,,,
720575940626125189,left,T4c,133,-3,20,13,7,T4c,True,,,
720575940626134026,left,T5d,289,-1,11,6,5,T5d,True,,,
720575940626143946,left,T4d,229,5,2,-4,6,T4d,True,,,
720575940626150402,right,T5a,553,-3,16,11,5,T5a,True,,,
720575940626151461,left,T5c,215,6,7,-3,10,T5c,True,,,
720575940626152592,left,T5a,41,-3,28,17,11,T5a,True,,,
720575940626155466,left,T4a,740,2,-8,-6,-2,T4a,True,,,
720575940626156325,left,T5c,521,6,-9,-11,2,T5c,True,,,
720575940626157578,left,T4c,135,-3,-22,-8,-14,T4c,True,,,
720575940626158384,left,T5d,653,-6,-12,0,-12,T5d,True,,,
720575940626160414,left,T4b,23,-3,-16,-5,-11,T4b,True,,,
720575940626161712,left,T5b,569,6,6,-3,9,T5b,True,,,
720575940626161922,right,T5b,314,-9,5,11,-6,T5b,True,,,
720575940626174210,right,T4c,301,-5,16,13,3,T4c,True,,,
720575940626177072,left,T5a,75,-6,14,13,1,T5a,True,,,
720575940626177176,right,T4b,314,-9,5,11,-6,T4b,True,,,
720575940626177482,left,T4b,124,1,-7,-5,-2,T4b,True,,,
720575940626179216,left,T5d,660,2,28,12,16,T5d,True,,,
720575940626179428,left,T4c,456,0,21,10,11,T4c,True,,,
720575940626191664,left,T4a,158,3,-5,-6,1,T4a,True,,,
720575940626193283,right,T5b,362,2,-20,-12,-8,T5b,True,,,
720575940626193296,left,T4b,557,6,-10,-11,1,T4b,True,,,
720575940626196410,right,T4c,470,4,-9,-9,0,T4c,True,,,
720575940626206352,right,T4d,184,-6,-5,3,-8,T4d,True,,,
720575940626208850,right,T5d,449,6,-16,-14,-2,T5d,True,,,
720575940626210844,right,T5b,539,-6,15,13,2,T5b,True,,,
720575940626210860,right,T4c,680,-1,25,13,12,T4c,True,,,
720575940626211884,right,T4a,65,-1,28,15,13,T4a,True,,,
720575940626215568,left,T5b,653,-6,-12,0,-12,T5b,True,,,
720575940626216581,left,T5d,13,-1,-26,-12,-14,T5d,True,,,
720575940626217085,right,T4a,168,-1,17,9,8,T4a,True,,,
720575940626217093,right,T5a,347,-5,-13,-2,-11,T5a,True,,,
720575940626217516,right,T4a,494,0,29,14,15,T4a,True,,,
720575940626217756,left,T5d,546,3,6,0,6,T5d,True,,,
720575940626218877,right,T4a,136,0,3,1,2,T4a,True,,,
720575940626219564,right,T4d,660,2,28,12,16,T4d,True,,,
720575940626219620,left,T5c,548,1,-16,-9,-7,T5c,True,,,
720575940626220588,right,T4b,352,-2,28,16,12,T4b,True,,,
720575940626221100,right,T5d,207,1,29,13,16,T5d,True,,,
720575940626223166,left,T5a,624,1,-17,-10,-7,T5a,True,,,
720575940626227006,left,T5a,213,3,-4,-5,1,T5a,True,,,
720575940626235180,right,T4d,438,2,27,11,16,T4d,True,,,
720575940626236293,left,T5c,336,0,23,11,12,T5c,True,,,
720575940626239020,right,T4b,282,0,26,13,13,T4b,True,,,
720575940626240514,right,T5b,537,0,-23,-12,-11,T5b,True,,,
720575940626241555,right,T5d,612,-3,-26,-10,-16,T5d,True,,,
720575940626241580,right,T4b,295,-2,29,16,13,T4b,True,,,
720575940626242746,left,T5a,409,0,-3,-2,-1,T5a,True,,,
720575940626245016,right,T4a,495,4,5,-2,7,T4a,True,,,
720575940626245890,right,T5b,219,6,-4,-8,4,T5b,True,,,
720575940626249930,left,T5c,54,-4,3,5,-2,T5c,True,,,
720575940626251308,right,T4b,343,-3,27,16,11,T4b,True,,,
720575940626251909,right,T5b,584,4,23,7,16,T5b,True,,,
720575940626253605,left,T4d,356,0,22,11,11,T4d,True,,,
720575940626256421,right,T4c,666,7,-13,-14,1,T4c,True,,,
720575940626256740,left,T5d,116,-1,-8,-3,-5,T5d,True,,,
720575940626260738,left,T4b,715,4,10,1,9,T4b,True,,,
720575940626260780,right,T5b,295,-2,29,16,13,T5b,True,,,
720575940626263634,right,T5a,308,-5,8,9,-1,T5a,True,,,
720575940626265170,left,T4a,765,-3,9,7,2,T4a,True,,,
720575940626269028,right,T5d,173,2,-25,-15,-10,T5d,True,,,
720575940626272002,left,T4a,285,6,-18,-15,-3,T4a,True,,,
720575940626277434,right,T4d,555,-4,9,8,1,T4d,True,,,
720575940626282371,right,T5a,532,-8,7,11,-4,T5a,True,,,
720575940626283108,left,T5c,416,3,-8,-7,-1,T5c,True,,,
720575940626290276,right,T4b,681,-2,-21,-9,-12,T4b,True,,,
720575940626293379,left,T4d,666,7,-13,-14,1,T4d,True,,,
720575940626293808,left,T5d,43,-5,18,14,4,T5d,True,,,
720575940626294565,left,T4b,739,-7,2,8,-6,T4b,True,,,
720575940626298243,right,T4b,229,5,2,-4,6,T4b,True,,,
720575940626301028,left,T4a,181,1,-4,-3,-1,T4a,True,,,
720575940626302138,right,T4b,778,4,25,8,17,T4b,True,,,
720575940626303418,right,T5d,41,-3,28,17,11,T5d,True,,,
720575940626305554,right,T4d,233,4,-13,-11,-2,T4d,True,,,
720575940626305892,right,T5a,755,4,19,5,14,T5a,True,,,
720575940626307459,left,T4d,161,4,-14,-11,-3,T4d,True,,,
720575940626308496,left,T5a,334,1,-26,-14,-12,T5a,True,,,
720575940626309164,right,T5d,21,-2,19,11,8,T5d,True,,,
720575940626311461,left,T4d,620,7,1,-7,8,T4d,True,,,
720575940626312997,right,T4a,438,2,27,11,16,T4a,True,,,
720575940626315397,right,T4b,119,-2,6,5,1,T4b,True,,,
720575940626322988,right,T5a,39,0,20,10,10,T5a,True,,,
720575940626333954,right,T5d,397,-3,-19,-7,-12,T5d,True,,,
720575940626337342,left,T5c,680,-1,25,13,12,T5c,True,,,
720575940626338622,left,T4d,662,2,-1,-3,2,T4d,True,,,
720575940626338844,left,T5b,5,-1,16,9,7,T5b,True,,,
720575940626340144,left,T5a,133,-3,20,13,7,T5a,True,,,
720575940626340892,left,T5c,14,0,-27,-14,-13,T5c,True,,,
720575940626344741,right,T5d,611,-1,-18,-8,-10,T5d,True,,,
720575940626345490,right,T5d,3,6,-12,-12,0,T5d,True,,,
720575940626347466,left,T5b,7,-6,-6,3,-9,T5b,True,,,
720575940626349242,right,T4c,355,-7,-6,4,-10,T4c,True,,,
720575940626350010,left,T5c,553,-3,16,11,5,T5c,True,,,
720575940626358361,right,T4d,110,-7,0,7,-7,T4d,True,,,
720575940626358617,right,T4d,2,-8,2,9,-7,T4d,True,,,
720575940626359427,left,T5c,55,-4,-11,-2,-9,T5c,True,,,
720575940626360869,right,T5c,709,-2,-24,-10,-14,T5c,True,,,
720575940626362755,right,T5c,606,-1,-19,-9,-10,T5c,True,,,
720575940626364734,left,T5a,253,5,16,3,13,T5a,True,,,
720575940626365005,right,T5a,336,0,23,11,12,T5a,True,,,
720575940626370691,right,T4c,199,0,-12,-6,-6,T4c,True,,,
720575940626370947,right,T4a,413,-2,-7,-2,-5,T4a,True,,,
720575940626373016,right,T5c,711,-1,19,10,9,T5c,True,,,
720575940626373182,left,T5b,19,-7,17,15,2,T5b,True,,,
720575940626376394,left,T4d,355,-7,-6,4,-10,T4d,True,,,
720575940626381002,left,T5d,21,-2,19,11,8,T5d,True,,,
720575940626381356,right,T4b,661,-3,14,10,4,T4b,True,,,
720575940626383460,left,T5d,209,-3,-8,-1,-7,T5d,True,,,
720575940626393677,left,T5b,774,-8,6,11,-5,T5b,True,,,
720575940626397733,left,T4d,262,1,-11,-7,-4,T4d,True,,,
720575940626397778,right,T4b,588,1,4,1,3,T4b,True,,,
720575940626400770,right,T5a,776,5,21,5,16,T5a,True,,,
720575940626401573,left,T5d,102,3,13,3,10,T5d,True,,,
720575940626402597,left,T5a,467,-2,-20,-8,-12,T5a,True,,,
720575940626402712,right,T4c,485,-3,-3,1,-4,T4c,True,,,
720575940626403274,left,T4a,688,-7,10,12,-2,T4a,True,,,
720575940626403715,right,T5b,476,-1,15,8,7,T5b,True,,,
720575940626407426,left,T4a,422,-7,-4,5,-9,T4a,True,,,
720575940626408650,left,T5d,287,-5,13,11,2,T5d,True,,,
720575940626419477,left,T4c,580,-2,-23,-10,-13,T4c,True,,,
720575940626419986,right,T5c,10,5,-15,-13,-2,T5c,True,,,
720575940626420030,left,T5c,408,-6,-4,4,-8,T5c,True,,,
720575940626422805,right,T4a,699,-5,0,5,-5,T4a,True,,,
720575940626423493,right,T5c,714,5,12,1,11,T5c,True,,,
720575940626424005,right,T5c,63,4,12,2,10,T5c,True,,,
720575940626425541,right,T5d,63,4,12,2,10,T5d,True,,,
720575940626427544,right,T5c,51,0,-19,-10,-9,T5c,True,,,
720575940626427589,right,T4a,623,1,13,5,8,T4a,True,,,
720575940626429637,right,T4d,623,1,13,5,8,T4d,True,,,
720575940626430922,left,T5a,562,-5,-2,4,-6,T5a,True,,,
720575940626435459,right,T5b,260,-3,19,12,7,T5b,True,,,
720575940626439866,left,T4a,646,6,-24,-18,-6,T4a,True,,,
720575940626440025,right,T5a,479,-2,10,7,3,T5a,True,,,
720575940626441561,right,T5b,504,-2,9,6,3,T5b,True,,,
720575940626444157,left,T4c,359,2,23,9,14,T4c,True,,,
720575940626444741,right,T4a,608,1,10,4,6,T4a,True,,,
720575940626446789,right,T4b,590,1,9,3,6,T4b,True,,,
720575940626446869,right,T4a,745,0,13,6,7,T4a,True,,,
720575940626447813,right,T5a,498,6,10,-1,11,T5a,True,,,
720575940626449098,right,T4d,693,-3,25,15,10,T4d,True,,,
720575940626452421,right,T4b,648,1,7,2,5,T4b,True,,,
720575940626452880,right,T4a,594,7,-16,-15,-1,T4a,True,,,
720575940626457034,left,T4d,147,1,21,9,12,T4d,True,,,
720575940626457150,left,T5b,76,-3,-4,1,-5,T5b,True,,,
720575940626457475,left,T4c,38,0,-2,-1,-1,T4c,True,,,
720575940626458412,right,T4b,742,-4,11,9,2,T4b,True,,,
720575940626460674,left,T4d,56,1,-13,-8,-5,T4d,True,,,
720575940626461186,right,T4b,32,0,12,6,6,T4b,True,,,
720575940626462768,right,T4a,175,-6,-7,2,-9,T4a,True,,,
720575940626463550,left,T5c,284,0,25,12,13,T5c,True,,,
720575940626465594,left,T5d,599,-1,9,5,4,T5d,True,,,
720575940626465667,left,T5a,435,5,-17,-14,-3,T5a,True,,,
720575940626474498,left,T5b,754,-1,-13,-6,-7,T5b,True,,,
720575940626475029,left,T4b,462,-1,18,10,8,T4b,True,,,
720575940626477852,left,T4b,475,-4,-1,3,-4,T4b,True,,,
720575940626481964,right,T4b,479,-2,10,7,3,T4b,True,,,
720575940626482840,right,T4a,565,0,-26,-13,-13,T4a,True,,,
720575940626483600,right,T4c,104,-1,-27,-13,-14,T4c,True,,,
720575940626484361,right,T5a,22,-1,3,2,1,T5a,True,,,
720575940626486168,left,T5b,271,4,6,-1,7,T5b,True,,,
720575940626487226,left,T5d,157,-1,-7,-3,-4,T5d,True,,,
720575940626489644,right,T4a,510,-2,11,7,4,T4a,True,,,
720575940626497284,right,T5d,737,0,19,9,10,T5d,True,,,
720575940626501378,left,T5d,302,2,17,6,11,T5d,True,,,
720575940626501676,right,T5c,732,-3,6,6,0,T5c,True,,,
720575940626502660,left,T5d,564,3,-23,-15,-8,T5d,True,,,
720575940626502756,right,T5b,4,-5,-21,-6,-15,T5b,True,,,
720575940626502970,left,T5c,366,2,-29,-17,-12,T5c,True,,,
720575940626505226,right,T4d,358,-3,17,11,6,T4d,True,,,
720575940626506716,right,T5d,183,-5,-15,-3,-12,T5d,True,,,
720575940626507036,right,T4d,404,-1,20,11,9,T4d,True,,,
720575940626510232,right,T4b,108,-3,-12,-3,-9,T4b,True,,,
720575940626510789,right,T4b,608,1,10,4,6,T4b,True,,,
720575940626510812,right,T5d,347,-5,-13,-2,-11,T5d,True,,,
720575940626510937,right,T4a,285,6,-18,-15,-3,T4a,True,,,
720575940626511047,left,T4d,299,-4,12,10,2,T4d,True,,,
720575940626511557,right,T4b,92,0,9,4,5,T4b,True,,,
720575940626512581,right,T4b,69,1,8,3,5,T4b,True,,,
720575940626512729,left,T4b,579,-3,-10,-2,-8,T4b,True,,,
720575940626512837,right,T4b,218,2,10,3,7,T4b,True,,,
720575940626514576,left,T4a,727,7,6,-4,10,T4a,True,,,
720575940626515528,left,T4b,761,-4,-18,-5,-13,T4b,True,,,
720575940626516757,right,T5a,372,1,-2,-2,0,T5a,True,,,
720575940626520540,right,T5a,733,-5,-17,-4,-13,T5a,True,,,
720575940626521981,left,T4c,113,-2,4,4,0,T4c,True,,,
720575940626528442,left,T4b,574,-6,5,8,-3,T4b,True,,,
720575940626530216,left,T4d,757,0,-6,-3,-3,T4d,True,,,
720575940626534858,right,T4a,93,-6,3,7,-4,T4a,True,,,
720575940626534914,right,T4c,518,-4,22,15,7,T4c,True,,,
720575940626539010,left,T5d,623,1,13,5,8,T5d,True,,,
720575940626543893,left,T4d,84,-2,12,8,4,T4d,True,,,
720575940626548368,right,T4a,365,4,7,-1,8,T4a,True,,,
720575940626551994,left,T4d,733,-5,-17,-4,-13,T4d,True,,,
720575940626553177,right,T5a,392,-4,7,7,0,T5a,True,,,
720575940626554713,right,T4d,261,-1,13,7,6,T4d,True,,,
720575940626555589,right,T4c,348,3,14,4,10,T4c,True,,,
720575940626557839,right,T5d,591,3,-3,-5,2,T5d,True,,,
720575940626561380,left,T4c,753,-3,24,15,9,T4c,True,,,
720575940626561679,left,T5c,226,5,19,4,15,T5c,True,,,
720575940626563844,left,T4d,242,-4,6,7,-1,T4d,True,,,
720575940626565178,right,T4d,260,-3,19,12,7,T4d,True,,,
720575940626565182,left,T5a,344,-2,-15,-6,-9,T5a,True,,,
720575940626565852,right,T5b,596,-4,-16,-4,-12,T5b,True,,,
720575940626569060,left,T4c,126,3,11,2,9,T4c,True,,,
720575940626571045,left,T4d,721,5,13,1,12,T4d,True,,,
720575940626571484,right,T5a,761,-4,-18,-5,-13,T5a,True,,,
720575940626571778,left,T4c,345,3,-12,-9,-3,T4c,True,,,
720575940626577154,left,T4a,270,1,-8,-5,-3,T4a,True,,,
720575940626578045,right,T5c,240,-4,-3,2,-5,T5c,True,,,
720575940626579784,right,T4c,584,4,23,7,16,T4c,True,,,
720575940626580879,right,T4d,79,2,1,-2,3,T4d,True,,,
720575940626581672,right,T4d,703,-3,1,3,-2,T4d,True,,,
720575940626586370,right,T5a,521,6,-9,-11,2,T5a,True,,,
720575940626586626,right,T5c,328,5,-9,-10,1,T5c,True,,,
720575940626587011,left,T5a,596,-4,-16,-4,-12,T5a,True,,,
720575940626589468,left,T5a,563,5,-13,-12,-1,T5a,True,,,
720575940626589768,right,T5a,105,3,22,8,14,T5a,True,,,
720575940626592284,left,T5a,395,0,-22,-11,-11,T5a,True,,,
720575940626592664,right,T4d,311,-7,15,14,1,T4d,True,,,
720575940626597251,left,T4a,638,-1,7,4,3,T4a,True,,,
720575940626597263,left,T4c,392,-4,7,7,0,T4c,True,,,
720575940626603151,right,T5d,66,2,15,5,10,T5d,True,,,
720575940626609277,right,T5d,218,2,10,3,7,T5d,True,,,
720575940626615171,left,T5b,766,2,-4,-4,0,T5b,True,,,
720575940626615829,left,T4a,208,5,-21,-16,-5,T4a,True,,,
720575940626617213,left,T5d,291,7,2,-6,8,T5d,True,,,
720575940626623516,right,T4a,64,4,-23,-16,-7,T4a,True,,,
720575940626624186,left,T5b,337,-5,-6,2,-8,T5b,True,,,
720575940626627076,right,T5b,331,1,-15,-9,-6,T5b,True,,,
720575940626627612,left,T4a,657,-2,-25,-11,-14,T4a,True,,,
720575940626632450,left,T5d,581,3,9,1,8,T5d,True,,,
720575940626632848,left,T4a,200,-5,12,11,1,T4a,True,,,
720575940626633615,right,T4c,673,2,5,0,5,T4c,True,,,
720575940626633880,left,T5b,690,-7,-3,5,-8,T5b,True,,,
720575940626637699,left,T5b,523,2,14,5,9,T5b,True,,,
720575940626637826,left,T5a,557,6,-10,-11,1,T5a,True,,,
720575940626638110,right,T5b,501,1,2,0,2,T5b,True,,,
720575940626638384,right,T5b,329,0,24,12,12,T5b,True,,,
720575940626640296,left,T4d,623,1,13,5,8,T4d,True,,,
720575940626642584,right,T5c,657,-2,-25,-11,-14,T5c,True,,,
720575940626642618,left,T4d,511,5,-11,-11,0,T4d,True,,,
720575940626642698,right,T5a,38,0,-2,-1,-1,T5a,True,,,
720575940626647464,right,T4a,664,1,-27,-15,-12,T4a,True,,,
720575940626654864,right,T4a,48,-4,-22,-7,-15,T4a,True,,,
720575940626662174,right,T5a,605,3,15,4,11,T5a,True,,,
720575940626662686,right,T4d,502,5,8,-1,9,T4d,True,,,
720575940626665128,right,T4b,417,-6,-10,1,-11,T4b,True,,,
720575940626665859,left,T5b,710,4,-25,-17,-8,T5b,True,,,
720575940626666877,right,T4a,345,3,-12,-9,-3,T4a,True,,,
720575940626667778,left,T5c,121,-8,4,10,-6,T5c,True,,,
720575940626667928,right,T5a,355,-7,-6,4,-10,T5a,True,,,
720575940626676057,right,T4d,169,0,-18,-9,-9,T4d,True,,,
720575940626680337,left,T5d,388,3,19,6,13,T5d,True,,,
720575940626680506,right,T4d,278,-5,10,10,0,T4d,True,,,
720575940626680665,right,T4a,86,-5,-7,1,-8,T4a,True,,,
720575940626683338,left,T5d,510,-2,11,7,4,T5d,True,,,
720575940626684797,left,T5b,397,-3,-19,-7,-12,T5b,True,,,
720575940626684956,left,T4a,481,4,-8,-8,0,T4a,True,,,
720575940626689917,right,T5d,384,-6,-2,5,-7,T5d,True,,,
720575940626690960,left,T4a,239,-6,6,9,-3,T4a,True,,,
720575940626692389,left,T4c,705,1,1,-1,2,T4c,True,,,
720575940626693465,right,T5d,294,1,-20,-11,-9,T5d,True,,,
720575940626693507,left,T4b,337,-5,-6,2,-8,T4b,True,,,
720575940626693694,left,T5b,303,-5,22,16,6,T5b,True,,,
720575940626694599,right,T4d,611,-1,-18,-8,-10,T4d,True,,,
720575940626694808,left,T5d,403,-2,-12,-4,-8,T5d,True,,,
720575940626695811,left,T5c,426,-3,0,3,-3,T5c,True,,,
720575940626696548,left,T5a,442,-5,25,17,8,T5a,True,,,
720575940626697091,left,T4b,345,3,-12,-9,-3,T4b,True,,,
720575940626697758,left,T5c,28,5,6,-2,8,T5c,True,,,
720575940626702026,right,T4c,448,0,30,15,15,T4c,True,,,
720575940626706344,left,T4c,389,4,-28,-18,-10,T4c,True,,,
720575940626707996,left,T4a,544,3,-13,-10,-3,T4a,True,,,
720575940626711941,right,T5a,517,6,3,-5,8,T5a,True,,,
720575940626714114,left,T5a,223,-2,26,15,11,T5a,True,,,
720575940626716958,right,T5a,566,5,-8,-9,1,T5a,True,,,
720575940626719262,right,T5b,379,3,-17,-12,-5,T5b,True,,,
720575940626721688,right,T4c,378,-3,18,12,6,T4c,True,,,
720575940626723091,right,T5a,663,0,8,4,4,T5a,True,,,
720575940626723459,left,T5c,745,0,13,6,7,T5c,True,,,
720575940626723870,right,T4a,731,-6,9,10,-1,T4a,True,,,
720575940626724400,left,T5b,313,7,3,-6,9,T5b,True,,,
720575940626724414,left,T4d,183,-5,-15,-3,-12,T4d,True,,,
720575940626727293,left,T4b,245,-5,-3,3,-6,T4b,True,,,
720575940626727592,right,T5d,32,0,12,6,6,T5d,True,,,
720575940626727710,left,T4a,747,0,2,1,1,T4a,True,,,
720575940626727848,right,T4b,408,-6,-4,4,-8,T4b,True,,,
720575940626727966,right,T5a,413,-2,-7,-2,-5,T5a,True,,,
720575940626736446,left,T4c,245,-5,-3,3,-6,T4c,True,,,
720575940626736536,left,T5d,341,6,-17,-15,-2,T5d,True,,,
720575940626736808,right,T4b,647,-4,-7,0,-7,T4b,True,,,
720575940626737722,right,T5c,701,0,-4,-2,-2,T5c,True,,,
720575940626740404,right,T5b,71,-2,-3,0,-3,T5b,True,,,
720575940626755074,left,T5b,365,4,7,-1,8,T5b,True,,,
720575940626755330,left,T4c,60,-8,8,12,-4,T4c,True,,,
720575940626757520,left,T4d,328,5,-9,-10,1,T4d,True,,,
720575940626758343,left,T4b,289,-1,11,6,5,T4b,True,,,
720575940626760211,right,T4b,572,-8,3,9,-6,T4b,True,,,
720575940626767618,right,T4b,30,6,16,2,14,T4b,True,,,
720575940626769560,left,T5b,509,-4,10,9,1,T5b,True,,,
720575940626771528,right,T4d,392,-4,7,7,0,T4d,True,,,
720575940626777496,right,T4a,473,-4,23,15,8,T4a,True,,,
720575940626778311,right,T5b,145,0,4,2,2,T5b,True,,,
720575940626781028,left,T5c,343,-3,27,16,11,T5c,True,,,
720575940626782151,right,T4b,53,5,14,2,12,T4b,True,,,
720575940626783740,right,T5c,684,-6,17,14,3,T5c,True,,,
720575940626783943,left,T5b,752,-2,7,5,2,T5b,True,,,
720575940626785538,left,T5d,80,4,13,2,11,T5d,True,,,
720575940626786179,left,T4c,250,-1,1,1,0,T4c,True,,,
720575940626787614,right,T4b,678,3,-7,-7,0,T4b,True,,,
720575940626791293,right,T4b,298,-5,5,7,-2,T4b,True,,,
720575940626791468,right,T4b,303,-5,22,16,6,T4b,True,,,
720575940626794250,right,T4d,121,-8,4,10,-6,T4d,True,,,
720575940626796388,left,T5d,315,-3,-6,0,-6,T5d,True,,,
720575940626797913,left,T5b,703,-3,1,3,-2,T5b,True,,,
720575940626798778,right,T5d,186,-1,26,14,12,T5d,True,,,
720575940626799356,left,T4a,472,1,25,11,14,T4a,True,,,
720575940626800124,left,T4d,225,2,-26,-15,-11,T4d,True,,,
720575940626800403,right,T4c,162,-4,-2,3,-5,T4c,True,,,
720575940626801753,left,T5b,476,-1,15,8,7,T5b,True,,,
720575940626803970,left,T4d,613,6,-23,-18,-5,T4d,True,,,
720575940626804120,left,T5d,95,4,-21,-15,-6,T5d,True,,,
720575940626804617,right,T5d,61,-4,-4,2,-6,T5d,True,,,
720575940626805129,right,T5a,221,-7,3,8,-5,T5a,True,,,
720575940626806610,right,T4c,227,-7,5,9,-4,T4c,True,,,
720575940626812553,right,T4b,459,5,-3,-7,4,T4b,True,,,
720575940626813577,right,T5a,203,3,-1,-4,3,T5a,True,,,
720575940626815004,left,T4a,242,-4,6,7,-1,T4a,True,,,
720575940626818332,left,T5b,411,-5,-19,-5,-14,T5b,True,,,
720575940626819356,left,T4c,558,-4,-21,-7,-14,T4c,True,,,
720575940626820227,left,T5c,307,5,-25,-18,-7,T5c,True,,,
720575940626820538,right,T5a,329,0,24,12,12,T5a,True,,,
720575940626820636,left,T5a,340,-4,17,12,5,T5a,True,,,
720575940626822140,left,T4d,164,-1,-2,0,-2,T4d,True,,,
720575940626831166,left,T4a,674,-4,-14,-3,-11,T4a,True,,,
720575940626834584,left,T5a,403,-2,-12,-4,-8,T5a,True,,,
720575940626835545,right,T5b,34,6,18,3,15,T5b,True,,,
720575940626835801,right,T5b,646,6,17,2,15,T5b,True,,,
720575940626838147,left,T4d,569,6,6,-3,9,T4d,True,,,
720575940626840775,right,T4c,705,1,1,-1,2,T4c,True,,,
720575940626843420,left,T4a,267,-6,2,7,-5,T4a,True,,,
720575940626852373,right,T4c,772,1,12,5,7,T4c,True,,,
720575940626852584,left,T4b,401,-2,-19,-8,-11,T4b,True,,,
720575940626857260,right,T4c,412,-6,21,16,5,T4c,True,,,
720575940626857704,right,T5c,545,5,11,0,11,T5c,True,,,
720575940626858748,right,T5a,760,0,17,8,9,T5a,True,,,
720575940626859804,right,T4c,184,-6,-5,3,-8,T4c,True,,,
720575940626865948,left,T4d,668,1,19,8,11,T4d,True,,,
720575940626869804,right,T4d,494,0,29,14,15,T4d,True,,,
720575940626871396,left,T4d,329,0,24,12,12,T4d,True,,,
720575940626872201,right,T5b,139,1,-14,-8,-6,T5b,True,,,
720575940626873340,left,T4a,338,-1,0,1,-1,T4a,True,,,
720575940626876291,right,T4c,343,-3,27,16,11,T4c,True,,,
720575940626881673,right,T4b,55,-4,-11,-2,-9,T4b,True,,,
720575940626887938,left,T5b,160,-2,20,12,8,T5b,True,,,
720575940626899561,left,T4a,42,-1,14,8,6,T4a,True,,,
720575940626903298,left,T5d,693,-3,25,15,10,T5d,True,,,
720575940626906686,left,T5c,175,-6,-7,2,-9,T5c,True,,,
720575940626908446,left,T5a,315,-3,-6,0,-6,T5a,True,,,
720575940626911875,left,T4d,264,-1,-6,-2,-4,T4d,True,,,
720575940626912275,right,T5a,265,-6,-1,5,-6,T5a,True,,,
720575940626913223,left,T5d,65,-1,28,15,13,T5d,True,,,
720575940626914759,left,T4a,759,7,14,0,14,T4a,True,,,
720575940626915109,left,T4d,149,6,-14,-13,-1,T4d,True,,,
720575940626921502,left,T5b,456,0,21,10,11,T5b,True,,,
720575940626922754,right,T5d,40,-2,-6,-1,-5,T5d,True,,,
720575940626923530,right,T5c,76,-3,-4,1,-5,T5c,True,,,
720575940626924681,right,T5c,765,-3,9,7,2,T5c,True,,,
720575940626926991,right,T4c,550,-2,3,3,0,T4c,True,,,
720575940626942508,right,T5c,39,0,20,10,10,T5c,True,,,
720575940626943577,left,T5b,721,5,13,1,12,T5b,True,,,
720575940626944286,right,T5a,595,7,-12,-13,1,T5a,True,,,
720575940626944893,left,T4b,772,1,12,5,7,T4b,True,,,
720575940626946300,right,T4b,397,-3,-19,-7,-12,T4b,True,,,
720575940626947271,right,T4a,665,7,-2,-8,6,T4a,True,,,
720575940626947736,left,T5c,109,4,-5,-7,2,T5c,True,,,
720575940626949907,left,T4a,219,6,-4,-8,4,T4a,True,,,
720575940626951468,right,T5a,353,2,24,10,14,T5a,True,,,
720575940626951549,right,T4a,460,-3,-20,-7,-13,T4a,True,,,
720575940626951555,left,T5a,782,-1,-28,-13,-15,T5a,True,,,
720575940626951811,left,T4d,260,-3,19,12,7,T4d,True,,,
720575940626951877,right,T4a,130,2,12,4,8,T4a,True,,,
720575940626953274,right,T5a,704,-7,8,11,-3,T5a,True,,,
720575940626953597,left,T5a,29,-1,-3,-1,-2,T5a,True,,,
720575940626954392,left,T4d,418,-2,15,9,6,T4d,True,,,
720575940626955160,left,T4a,591,3,-3,-5,2,T4a,True,,,
720575940626955274,right,T4b,745,0,13,6,7,T4b,True,,,
720575940626962746,right,T4a,211,-7,-1,6,-7,T4a,True,,,
720575940626965562,right,T4c,603,-3,-23,-9,-14,T4c,True,,,
720575940626965778,right,T5a,455,7,-7,-11,4,T5a,True,,,
720575940626967055,right,T4b,419,-3,-11,-3,-8,T4b,True,,,
720575940626967311,right,T4a,530,-3,-13,-4,-9,T4a,True,,,
720575940626967641,left,T4a,173,2,-25,-15,-10,T4a,True,,,
720575940626968066,left,T5c,11,7,-14,-14,0,T5c,True,,,
720575940626972106,left,T4d,267,-6,2,7,-5,T4d,True,,,
720575940626976180,right,T4c,420,6,-3,-8,5,T4c,True,,,
720575940626978137,right,T5a,637,3,-21,-14,-7,T5a,True,,,
720575940626979252,right,T5d,497,6,1,-6,7,T5d,True,,,
720575940626979461,right,T5b,611,-1,-18,-8,-10,T5b,True,,,
720575940626981406,left,T4b,254,3,-24,-15,-9,T4b,True,,,
720575940626982090,left,T4c,593,3,-14,-10,-4,T4c,True,,,
720575940626982858,right,T5d,686,5,-22,-16,-6,T5d,True,,,
720575940626984073,left,T5c,440,1,23,10,13,T5c,True,,,
720575940626987522,left,T5c,380,-1,29,15,14,T5c,True,,,
720575940626993171,right,T5d,257,2,21,8,13,T5d,True,,,
720575940626993427,right,T5a,34,6,18,3,15,T5a,True,,,
720575940626993470,right,T5d,416,3,-8,-7,-1,T5d,True,,,
720575940626995987,left,T5c,224,0,5,2,3,T5c,True,,,
720575940626995998,right,T5a,787,3,28,11,17,T5a,True,,,
720575940626999689,right,T5b,452,1,-9,-6,-3,T5b,True,,,
720575940627002626,right,T4c,209,-3,-8,-1,-7,T4c,True,,,
720575940627004682,right,T5a,717,2,-22,-13,-9,T5a,True,,,
720575940627005573,left,T4b,663,0,8,4,4,T4b,True,,,
720575940627005698,left,T4c,613,6,-23,-18,-5,T4c,True,,,
720575940627006750,right,T4b,280,-6,-14,-1,-13,T4b,True,,,
720575940627009157,left,T4c,464,4,0,-4,4,T4c,True,,,
720575940627010685,right,T4b,663,0,8,4,4,T4b,True,,,
720575940627014474,right,T5c,636,0,6,3,3,T5c,True,,,
720575940627021612,right,T4b,201,-8,9,12,-3,T4b,True,,,
720575940627023047,right,T4d,299,-4,12,10,2,T4d,True,,,
720575940627023229,left,T4c,605,3,15,4,11,T4c,True,,,
720575940627024069,right,T4d,630,4,8,0,8,T4d,True,,,
720575940627024698,right,T5c,23,-3,-16,-5,-11,T5c,True,,,
720575940627025930,left,T4c,606,-1,-19,-9,-10,T4c,True,,,
720575940627027731,right,T4b,577,5,-14,-12,-2,T4b,True,,,
720575940627027733,right,T4c,558,-4,-21,-7,-14,T4c,True,,,
720575940627032197,right,T5a,106,-7,11,12,-1,T5a,True,,,
720575940627032842,left,T5c,617,-2,-17,-7,-10,T5c,True,,,
720575940627033354,left,T4d,269,2,-19,-12,-7,T4d,True,,,
720575940627034882,left,T4b,497,6,1,-6,7,T4b,True,,,
720575940627036170,left,T5b,272,3,-2,-4,2,T5b,True,,,
720575940627036426,left,T5b,74,-1,-9,-4,-5,T5b,True,,,
720575940627038010,right,T5d,413,-2,-7,-2,-5,T5d,True,,,
720575940627039242,right,T5a,305,-7,4,9,-5,T5a,True,,,
720575940627040266,left,T4b,419,-3,-11,-3,-8,T4b,True,,,
720575940627042314,left,T4c,424,-3,-2,2,-4,T4c,True,,,
720575940627043736,right,T5a,130,2,12,4,8,T5a,True,,,
720575940627043859,right,T5b,738,-3,13,9,4,T5b,True,,,
720575940627049624,left,T5d,18,5,-16,-13,-3,T5d,True,,,
720575940627056113,left,T5c,165,4,16,4,12,T5c,True,,,
720575940627056202,left,T4c,690,-7,-3,5,-8,T4c,True,,,
720575940627058186,right,T5b,100,2,-10,-7,-3,T5b,True,,,
720575940627061002,left,T4b,247,-4,-15,-4,-11,T4b,True,,,
720575940627062274,right,T5d,544,3,-13,-10,-3,T5d,True,,,
720575940627062291,right,T5b,644,-6,18,15,3,T5b,True,,,
720575940627063326,right,T5b,398,-3,22,14,8,T5b,True,,,
720575940627066364,right,T4a,57,6,-11,-12,1,T4a,True,,,
720575940627068568,left,T5c,731,-6,9,10,-1,T5c,True,,,
720575940627070308,left,T5d,710,4,-25,-17,-8,T5d,True,,,
720575940627072586,left,T5a,146,1,-6,-4,-2,T5a,True,,,
720575940627074429,left,T5a,149,6,-14,-13,-1,T5a,True,,,
720575940627075721,right,T5a,173,2,-25,-15,-10,T5a,True,,,
720575940627078489,left,T5a,644,-6,18,15,3,T5a,True,,,
720575940627078730,left,T5d,724,4,2,-3,5,T5d,True,,,
720575940627079257,left,T4d,694,4,3,-3,6,T4d,True,,,
720575940627082633,right,T4c,651,-4,-5,1,-6,T4c,True,,,
720575940627086681,right,T5d,787,3,28,11,17,T5d,True,,,
720575940627087418,left,T5d,296,1,-18,-10,-8,T5d,True,,,
720575940627087930,right,T5b,258,-4,-17,-5,-12,T5b,True,,,
720575940627090002,right,T5b,758,5,-1,-6,5,T5b,True,,,
720575940627091593,right,T5c,144,7,-11,-13,2,T5c,True,,,
720575940627093050,left,T5c,773,5,-19,-15,-4,T5c,True,,,
720575940627094346,right,T4d,1,-6,13,12,1,T4d,True,,,
720575940627097118,right,T5d,521,6,-9,-11,2,T5d,True,,,
720575940627098634,left,T5b,563,5,-13,-12,-1,T5b,True,,,
720575940627100170,right,T5d,476,-1,15,8,7,T5d,True,,,
720575940627100362,left,T4d,646,6,-24,-18,-6,T4d,True,,,
720575940627100618,right,T4c,48,-4,-22,-7,-15,T4c,True,,,
720575940627102802,right,T4c,12,-7,9,11,-2,T4c,True,,,
720575940627103588,right,T4b,667,1,-28,-15,-13,T4b,True,,,
720575940627107134,right,T5d,300,4,-18,-13,-5,T5d,True,,,
720575940627108874,right,T5d,235,4,11,1,10,T5d,True,,,
720575940627110226,right,T4c,283,-4,4,6,-2,T4c,True,,,
720575940627110385,right,T4c,744,-4,25,16,9,T4c,True,,,
720575940627110531,left,T5b,414,4,21,6,15,T5b,True,,,
720575940627111250,right,T4d,314,-9,5,11,-6,T4d,True,,,
720575940627113994,right,T4c,90,-4,5,6,-1,T4c,True,,,
720575940627114904,left,T4d,247,-4,-15,-4,-11,T4d,True,,,
720575940627115038,right,T4c,565,0,-26,-13,-13,T4c,True,,,
720575940627115858,right,T5c,479,-2,10,7,3,T5c,True,,,
720575940627116042,right,T4d,143,-4,16,12,4,T4d,True,,,
720575940627119237,left,T5d,225,2,-26,-15,-11,T5d,True,,,
720575940627119390,left,T4c,599,-1,9,5,4,T4c,True,,,
720575940627122718,right,T5c,537,0,-23,-12,-11,T5c,True,,,
720575940627124746,right,T5b,22,-1,3,2,1,T5b,True,,,
720575940627130442,right,T4c,178,2,11,3,8,T4c,True,,,
720575940627131910,right,T4c,391,4,-3,-6,3,T4c,True,,,
720575940627133457,right,T5a,543,-1,-4,-1,-3,T5a,True,,,
720575940627134010,right,T5b,742,-4,11,9,2,T5b,True,,,
720575940627135625,right,T5d,652,-6,-11,0,-11,T5d,True,,,
720575940627138137,left,T5d,130,2,12,4,8,T5d,True,,,
720575940627139410,right,T5b,150,-8,5,10,-5,T5b,True,,,
720575940627141306,left,T5d,470,4,-9,-9,0,T5d,True,,,
720575940627141946,right,T5b,386,-6,19,15,4,T5b,True,,,
720575940627145861,left,T5c,580,-2,-23,-10,-13,T5c,True,,,
720575940627147052,right,T4a,468,-3,11,8,3,T4a,True,,,
720575940627147308,right,T4b,232,-4,13,10,3,T4b,True,,,
720575940627149322,right,T5d,644,-6,18,15,3,T5d,True,,,
720575940627149834,right,T4a,492,-7,-2,6,-8,T4a,True,,,
720575940627150650,right,T5b,19,-7,17,15,2,T5b,True,,,
720575940627150985,right,T4b,138,0,27,13,14,T4b,True,,,
720575940627152442,right,T5d,311,-7,15,14,1,T5d,True,,,
720575940627153939,right,T5a,711,-1,19,10,9,T5a,True,,,
720575940627154313,right,T4b,519,-5,-5,2,-7,T4b,True,,,
720575940627155953,left,T4b,288,-1,30,16,14,T4b,True,,,
720575940627157745,right,T4d,131,-6,20,16,4,T4d,True,,,
720575940627158289,right,T5d,214,-5,3,6,-3,T5d,True,,,
720575940627159070,left,T5d,349,-5,-14,-2,-12,T5d,True,,,
720575940627159429,right,T5a,484,3,-9,-8,-1,T5a,True,,,
720575940627159685,right,T5a,185,2,-11,-8,-3,T5a,True,,,
720575940627160709,right,T4a,176,-2,13,8,5,T4a,True,,,
720575940627161884,left,T5a,370,-3,21,13,8,T5a,True,,,
720575940627166024,left,T4a,232,-4,13,10,3,T4a,True,,,
720575940627166730,right,T5a,535,8,-4,-10,6,T5a,True,,,
720575940627170250,right,T5c,668,1,19,8,11,T5c,True,,,
720575940627170437,right,T4a,598,2,-18,-11,-7,T4a,True,,,
720575940627173263,right,T5c,362,2,-20,-12,-8,T5c,True,,,
720575940627175623,left,T4c,495,4,5,-2,7,T4c,True,,,
720575940627175754,left,T4a,65,-1,28,15,13,T4a,True,,,
720575940627177605,left,T5c,104,-1,-27,-13,-14,T5c,True,,,
720575940627179401,right,T4c,400,1,-29,-16,-13,T4c,True,,,
720575940627179539,right,T4c,570,2,25,10,15,T4c,True,,,
720575940627179913,left,T5d,266,-1,-25,-12,-13,T5d,True,,,
720575940627184394,left,T5b,112,-6,1,6,-5,T5b,True,,,
720575940627186569,left,T5b,570,2,25,10,15,T5b,True,,,
720575940627187475,left,T5a,186,-1,26,14,12,T5a,True,,,
720575940627188241,right,T4d,724,4,2,-3,5,T4d,True,,,
720575940627191171,left,T5a,304,6,5,-4,9,T5a,True,,,
720575940627192842,left,T5a,417,-6,-10,1,-11,T5a,True,,,
720575940627193406,left,T4a,205,5,-6,-8,2,T4a,True,,,
720575940627193481,right,T4c,698,6,-7,-10,3,T4c,True,,,
720575940627200812,right,T4a,437,-3,12,9,3,T4a,True,,,
720575940627201929,right,T4a,219,6,-4,-8,4,T4a,True,,,
720575940627203977,right,T5a,26,1,-3,-3,0,T5a,True,,,
720575940627208647,left,T5d,199,0,-12,-6,-6,T5d,True,,,
720575940627211353,right,T4d,742,-4,11,9,2,T4d,True,,,
720575940627211786,left,T5c,388,3,19,6,13,T5c,True,,,
720575940627212388,left,T4d,554,-3,-27,-11,-16,T4d,True,,,
720575940627212618,right,T5b,292,-4,18,13,5,T5b,True,,,
720575940627214504,right,T4a,569,6,6,-3,9,T4a,True,,,
720575940627214666,left,T4b,548,1,-16,-9,-7,T4b,True,,,
720575940627215377,right,T5c,74,-1,-9,-4,-5,T5c,True,,,
720575940627215449,left,T5c,397,-3,-19,-7,-12,T5c,True,,,
720575940627216259,right,T4c,650,-3,-25,-10,-15,T4c,True,,,
720575940627217832,left,T4a,47,-9,-1,8,-9,T4a,True,,,
720575940627218963,left,T4b,187,3,21,7,14,T4b,True,,,
720575940627223634,right,T4c,84,-2,12,8,4,T4c,True,,,
720575940627228754,left,T4b,705,1,1,-1,2,T4b,True,,,
720575940627229059,left,T4c,628,0,0,0,0,T4c,True,,,
720575940627230750,right,T4d,478,-7,16,15,1,T4d,True,,,
720575940627231006,right,T5d,781,-5,26,18,8,T5d,True,,,
720575940627231262,right,T5c,295,-2,29,16,13,T5c,True,,,
720575940627231498,right,T5a,565,0,-26,-13,-13,T5a,True,,,
720575940627231896,left,T4c,168,-1,17,9,8,T4c,True,,,
720575940627232286,right,T4b,448,0,30,15,15,T4b,True,,,
720575940627238430,left,T5d,392,-4,7,7,0,T5d,True,,,
720575940627245075,left,T5a,492,-7,-2,6,-8,T5a,True,,,
720575940627245693,left,T4c,779,8,6,-5,11,T4c,True,,,
720575940627247620,right,T4b,309,-6,12,12,0,T4b,True,,,
720575940627248280,left,T5d,659,-4,-6,1,-7,T5d,True,,,
720575940627250436,right,T5a,220,2,-6,-5,-1,T5a,True,,,
720575940627251864,left,T5c,223,-2,26,15,11,T5c,True,,,
720575940627254020,right,T5d,486,0,1,0,1,T5d,True,,,
720575940627254532,right,T5b,538,-4,1,4,-3,T5b,True,,,
720575940627254842,right,T5b,702,-5,23,16,7,T5b,True,,,
720575940627254873,left,T5d,434,-3,7,6,1,T5d,True,,,
720575940627255818,right,T5c,542,6,-13,-13,0,T5c,True,,,
720575940627256634,right,T5c,44,5,-10,-10,0,T5c,True,,,
720575940627259155,right,T4c,500,7,-8,-11,3,T4c,True,,,
720575940627259525,left,T4b,582,-1,23,12,11,T4b,True,,,
720575940627259665,left,T5a,668,1,19,8,11,T5a,True,,,
720575940627262089,left,T5a,122,-5,9,9,0,T5a,True,,,
720575940627262440,right,T5b,734,2,0,-2,2,T5b,True,,,
720575940627262739,left,T5c,230,2,9,2,7,T5c,True,,,
720575940627263400,right,T4d,409,0,-3,-2,-1,T4d,True,,,
720575940627263763,left,T5c,269,2,-19,-12,-7,T5c,True,,,
720575940627264168,right,T5c,199,0,-12,-6,-6,T5c,True,,,
720575940627266054,right,T4a,763,-5,14,12,2,T4a,True,,,
720575940627266566,right,T5d,415,6,12,0,12,T5d,True,,,
720575940627266822,right,T4b,130,2,12,4,8,T4b,True,,,
720575940627268113,left,T5a,482,1,17,7,10,T5a,True,,,
720575940627274345,right,T5d,256,5,-20,-15,-5,T5d,True,,,
720575940627277587,left,T5c,567,-2,22,13,9,T5c,True,,,
720575940627277854,left,T4d,63,4,12,2,10,T4d,True,,,
720575940627285381,left,T5c,606,-1,-19,-9,-10,T5c,True,,,
720575940627286012,left,T5d,509,-4,10,9,1,T5d,True,,,
720575940627286153,right,T4a,583,3,-25,-16,-9,T4a,True,,,
720575940627288580,right,T4c,264,-1,-6,-2,-4,T4c,True,,,
720575940627288851,left,T4b,732,-3,6,6,0,T4b,True,,,
720575940627289109,right,T5a,110,-7,0,7,-7,T5a,True,,,
720575940627291962,left,T5a,234,1,3,0,3,T5a,True,,,
720575940627295242,left,T5b,537,0,-23,-12,-11,T5b,True,,,
720575940627295896,right,T5c,13,-1,-26,-12,-14,T5c,True,,,
720575940627296168,left,T4b,317,-5,-4,3,-7,T4b,True,,,
720575940627297106,left,T5d,187,3,21,7,14,T5d,True,,,
720575940627301209,left,T4d,375,-6,7,9,-2,T4d,True,,,
720575940627302745,left,T4a,463,5,17,3,14,T4a,True,,,
720575940627304573,left,T4a,189,6,13,0,13,T4a,True,,,
720575940627304762,left,T4d,243,-1,-21,-10,-11,T4d,True,,,
720575940627306261,right,T4c,274,6,4,-4,8,T4c,True,,,
720575940627309929,left,T4b,181,1,-4,-3,-1,T4b,True,,,
720575940627310425,left,T4a,198,6,2,-5,7,T4a,True,,,
720575940627312456,right,T5b,519,-5,-5,2,-7,T5b,True,,,
720575940627312536,left,T4b,70,-4,21,14,7,T4b,True,,,
720575940627312650,left,T4c,434,-3,7,6,1,T4c,True,,,
720575940627314234,left,T5b,37,1,5,1,4,T5b,True,,,
720575940627314238,left,T5d,415,6,12,0,12,T5d,True,,,
720575940627316026,left,T5a,664,1,-27,-15,-12,T5a,True,,,
720575940627317097,left,T4a,603,-3,-23,-9,-14,T4a,True,,,
720575940627319562,left,T4a,464,4,0,-4,4,T4a,True,,,
720575940627322128,left,T5c,86,-5,-7,1,-8,T5c,True,,,
720575940627323157,right,T5b,746,-3,3,4,-1,T5b,True,,,
720575940627326825,right,T4a,600,3,-10,-8,-2,T4a,True,,,
720575940627327034,right,T4c,755,4,19,5,14,T4c,True,,,
720575940627328873,left,T5b,534,3,2,-2,4,T5b,True,,,
720575940627329149,left,T4b,584,4,23,7,16,T4b,True,,,
720575940627329385,left,T4c,603,-3,-23,-9,-14,T4c,True,,,
720575940627330063,right,T5a,542,6,-13,-13,0,T5a,True,,,
720575940627330319,right,T5c,521,6,-9,-11,2,T5c,True,,,
720575940627331856,right,T5a,438,2,27,11,16,T5a,True,,,
720575940627332233,left,T5b,274,6,4,-4,8,T5b,True,,,
720575940627332457,left,T4c,469,-7,13,13,0,T4c,True,,,
720575940627333139,left,T4b,104,-1,-27,-13,-14,T4b,True,,,
720575940627333202,left,T4a,399,-2,-28,-12,-16,T4a,True,,,
720575940627334500,right,T4d,613,-8,-4,6,-10,T4d,True,,,
720575940627335576,left,T5b,131,-6,20,16,4,T5b,True,,,
720575940627339285,left,T4b,606,-1,-19,-9,-10,T4b,True,,,
720575940627343997,right,T4d,725,-3,-24,-9,-15,T4d,True,,,
720575940627344729,left,T5d,767,1,28,13,15,T5d,True,,,
720575940627346186,right,T4a,709,-2,-24,-10,-14,T4a,True,,,
720575940627348841,right,T5b,773,5,-19,-15,-4,T5b,True,,,
720575940627348861,left,T4d,587,4,22,7,15,T4d,True,,,
720575940627350661,left,T4b,114,2,-13,-9,-4,T4b,True,,,
720575940627351897,left,T5b,65,-1,28,15,13,T5b,True,,,
720575940627354374,left,T4b,84,-2,12,8,4,T4b,True,,,
720575940627357080,left,T5b,542,6,-13,-13,0,T5b,True,,,
720575940627364623,right,T5a,297,7,-9,-12,3,T5a,True,,,
720575940627369237,right,T5d,111,2,-24,-14,-10,T5d,True,,,
720575940627370664,right,T5a,88,7,4,-5,9,T5a,True,,,
720575940627372565,right,T5b,270,1,-8,-5,-3,T5b,True,,,
720575940627375106,right,T4a,133,-3,20,13,7,T4a,True,,,
720575940627378965,right,T5b,93,-6,3,7,-4,T5b,True,,,
720575940627379219,left,T4d,206,-3,5,5,0,T4d,True,,,
720575940627384582,left,T4b,306,3,7,0,7,T4b,True,,,
720575940627385877,right,T4a,507,-5,-12,-1,-11,T4a,True,,,
720575940627386874,left,T5a,548,1,-16,-9,-7,T5a,True,,,
720575940627387273,left,T5c,221,-7,3,8,-5,T5c,True,,,
720575940627390227,left,T4b,416,3,-8,-7,-1,T4b,True,,,
720575940627393129,right,T5c,66,2,15,5,10,T5c,True,,,
720575940627395868,left,T4b,727,7,6,-4,10,T4b,True,,,
720575940627396881,right,T4d,54,-4,3,5,-2,T4d,True,,,
720575940627397507,right,T5d,719,1,27,12,15,T5d,True,,,
720575940627397662,left,T4a,637,3,-21,-14,-7,T4a,True,,,
720575940627398675,right,T4b,342,2,-15,-10,-5,T4b,True,,,
720575940627399445,right,T4d,174,4,-15,-12,-3,T4d,True,,,
720575940627404554,left,T4d,567,-2,22,13,9,T4d,True,,,
720575940627404810,left,T5b,763,-5,14,12,2,T5b,True,,,
720575940627405322,left,T5b,287,-5,13,11,2,T5b,True,,,
720575940627407125,right,T5d,471,3,-26,-16,-10,T5d,True,,,
720575940627407229,left,T4d,270,1,-8,-5,-3,T4d,True,,,
720575940627407887,right,T4b,249,2,-12,-8,-4,T4b,True,,,
720575940627408773,left,T4d,570,2,25,10,15,T4d,True,,,
720575940627409490,right,T5d,286,0,-24,-12,-12,T5d,True,,,
720575940627409680,left,T5a,593,3,-14,-10,-4,T5a,True,,,
720575940627411593,left,T5a,691,6,-21,-17,-4,T5a,True,,,
720575940627414184,right,T4d,238,-8,-3,6,-9,T4d,True,,,
720575940627415976,right,T5b,475,-4,-1,3,-4,T5b,True,,,
720575940627418133,right,T5c,749,-2,1,2,-1,T5c,True,,,
720575940627418184,right,T5d,383,-6,11,11,0,T5d,True,,,
720575940627420162,right,T4d,78,2,20,8,12,T4d,True,,,
720575940627420181,right,T5c,22,-1,3,2,1,T5c,True,,,
720575940627420303,right,T5a,384,-6,-2,5,-7,T5a,True,,,
720575940627423621,left,T5c,650,-3,-25,-10,-15,T5c,True,,,
720575940627423759,right,T4d,656,0,-11,-6,-5,T4d,True,,,
720575940627424424,right,T5d,6,-2,-4,0,-4,T5d,True,,,
720575940627424531,left,T5a,583,3,-25,-16,-9,T5a,True,,,
720575940627426362,right,T5b,520,-2,-22,-9,-13,T5b,True,,,
720575940627427600,left,T4d,33,3,18,6,12,T4d,True,,,
720575940627428248,left,T4a,184,-6,-5,3,-8,T4a,True,,,
720575940627431940,right,T5b,88,7,4,-5,9,T5b,True,,,
720575940627435786,left,T4c,33,3,18,6,12,T4c,True,,,
720575940627435791,right,T4d,74,-1,-9,-4,-5,T4d,True,,,
720575940627437075,left,T4b,464,4,0,-4,4,T4b,True,,,
720575940627437765,right,T5c,759,7,14,0,14,T5c,True,,,
720575940627438086,left,T5a,546,3,6,0,6,T5a,True,,,
720575940627438346,left,T4b,549,0,-9,-5,-4,T4b,True,,,
720575940627442831,right,T4c,364,4,4,-2,6,T4c,True,,,
720575940627443728,right,T4d,759,7,14,0,14,T4d,True,,,
720575940627446549,right,T4c,630,4,8,0,8,T4c,True,,,
720575940627448122,right,T4b,258,-4,-17,-5,-12,T4b,True,,,
720575940627448904,right,T5d,287,-5,13,11,2,T5d,True,,,
720575940627449340,right,T5a,556,0,10,5,5,T5a,True,,,
720575940627453692,right,T5d,164,-1,-2,0,-2,T5d,True,,,
720575940627453995,right,T4c,75,-6,14,13,1,T4c,True,,,
720575940627454407,right,T4c,195,-3,-1,2,-3,T4c,True,,,
720575940627455560,right,T5c,476,-1,15,8,7,T5c,True,,,
720575940627456529,right,T5d,519,-5,-5,2,-7,T5d,True,,,
720575940627456811,right,T4b,251,-1,-14,-6,-8,T4b,True,,,
720575940627461905,right,T5c,407,-5,-10,0,-10,T5c,True,,,
720575940627464220,right,T5a,138,0,27,13,14,T5a,True,,,
720575940627466748,right,T5d,526,0,-10,-5,-5,T5d,True,,,
720575940627467516,right,T5a,551,-4,-9,-1,-8,T5a,True,,,
720575940627469564,right,T4b,305,-7,4,9,-5,T4b,True,,,
720575940627470760,left,T4d,610,2,-23,-14,-9,T4d,True,,,
720575940627470867,right,T5d,459,5,-3,-7,4,T5d,True,,,
720575940627471016,left,T5a,153,8,0,-8,8,T5a,True,,,
720575940627471356,right,T5d,638,-1,7,4,3,T5d,True,,,
720575940627471379,left,T5b,369,5,-5,-8,3,T5b,True,,,
720575940627471503,right,T5a,476,-1,15,8,7,T5a,True,,,
720575940627471633,right,T4d,432,-5,7,8,-1,T4d,True,,,
720575940627473683,right,T4d,187,3,21,7,14,T4d,True,,,
720575940627476742,right,T4d,705,1,1,-1,2,T4d,True,,,
720575940627478147,right,T4c,764,-8,-6,5,-11,T4c,True,,,
720575940627478760,right,T5a,214,-5,3,6,-3,T5a,True,,,
720575940627479016,right,T4b,248,-6,0,6,-6,T4b,True,,,
720575940627479326,right,T4d,343,-3,27,16,11,T4d,True,,,
720575940627479825,right,T5a,33,3,18,6,12,T5a,True,,,
720575940627480472,left,T4d,621,1,24,11,13,T4d,True,,,
720575940627480842,left,T5c,562,-5,-2,4,-6,T5c,True,,,
720575940627483335,right,T5a,250,-1,1,1,0,T5a,True,,,
720575940627484041,right,T5b,604,-6,-17,-3,-14,T5b,True,,,
720575940627485242,left,T4c,283,-4,4,6,-2,T4c,True,,,
720575940627486601,left,T5b,370,-3,21,13,8,T5b,True,,,
720575940627488893,left,T4d,327,5,3,-4,7,T4d,True,,,
720575940627490703,left,T4c,81,6,-2,-7,5,T4c,True,,,
720575940627504456,left,T5d,406,1,-25,-14,-11,T5d,True,,,
720575940627504536,left,T4d,529,2,-2,-3,1,T4d,True,,,
720575940627504698,left,T5a,85,4,-22,-15,-7,T5a,True,,,
720575940627505277,right,T4a,720,-5,21,15,6,T4a,True,,,
720575940627510544,left,T4c,562,-5,-2,4,-6,T4c,True,,,
720575940627510866,left,T4b,436,0,-15,-8,-7,T4b,True,,,
720575940627511528,right,T4d,265,-6,-1,5,-6,T4d,True,,,
720575940627511568,right,T5d,447,-1,2,2,0,T5d,True,,,
720575940627513107,left,T5b,640,-1,-16,-7,-9,T5b,True,,,
720575940627518269,right,T5d,784,-4,29,18,11,T5d,True,,,
720575940627518468,right,T4b,436,0,-15,-8,-7,T4b,True,,,
720575940627521597,right,T5b,784,-4,29,18,11,T5b,True,,,
720575940627521679,right,T5d,532,-8,7,11,-4,T5d,True,,,
720575940627523527,right,T5b,589,-1,-5,-2,-3,T5b,True,,,
720575940627525181,right,T5a,41,-3,28,17,11,T5a,True,,,
720575940627528689,left,T4d,770,5,4,-3,7,T4d,True,,,
720575940627530045,right,T5b,41,-3,28,17,11,T5b,True,,,
720575940627530756,left,T5d,723,-2,-11,-4,-7,T5d,True,,,
720575940627530834,left,T4a,537,0,-23,-12,-11,T4a,True,,,
720575940627531651,left,T5b,23,-3,-16,-5,-11,T5b,True,,,
720575940627534211,left,T5c,259,-7,-5,4,-9,T5c,True,,,
720575940627534613,right,T4a,611,-1,-18,-8,-10,T4a,True,,,
720575940627535047,right,T5a,467,-2,-20,-8,-12,T5a,True,,,
720575940627537064,right,T5d,301,-5,16,13,3,T5d,True,,,
720575940627538600,right,T5c,311,-7,15,14,1,T5c,True,,,
720575940627539204,left,T5a,561,5,7,-2,9,T5a,True,,,
720575940627541400,right,T4d,650,-3,-25,-10,-15,T4d,True,,,
720575940627541480,right,T4a,519,-5,-5,2,-7,T4a,True,,,
720575940627541736,right,T4b,562,-5,-2,4,-6,T4b,True,,,
720575940627547667,left,T4d,476,-1,15,8,7,T4d,True,,,
720575940627550120,right,T5b,158,3,-5,-6,1,T5b,True,,,
720575940627551621,left,T4a,506,1,-12,-7,-5,T4a,True,,,
720575940627554953,left,T5c,329,0,24,12,12,T5c,True,,,
720575940627556651,left,T5b,536,3,4,-1,5,T5b,True,,,
720575940627558537,left,T4d,562,-5,-2,4,-6,T4d,True,,,
720575940627561290,right,T4a,120,-1,-1,0,-1,T4a,True,,,
720575940627561605,left,T5d,358,-3,17,11,6,T5d,True,,,
720575940627562250,right,T4c,213,3,-4,-5,1,T4c,True,,,
720575940627562920,right,T5a,573,4,14,3,11,T5a,True,,,
720575940627563087,left,T5d,256,5,-20,-15,-5,T5d,True,,,
720575940627566930,left,T5a,262,1,-11,-7,-4,T5a,True,,,
720575940627568259,left,T5c,254,3,-24,-15,-9,T5c,True,,,
720575940627571773,right,T5d,785,-3,30,18,12,T5d,True,,,
720575940627572815,left,T4a,144,7,-11,-13,2,T4a,True,,,
720575940627573035,right,T5a,28,5,6,-2,8,T5a,True,,,
720575940627576125,right,T5a,343,-3,27,16,11,T5a,True,,,
720575940627576381,right,T5c,343,-3,27,16,11,T5c,True,,,
720575940627578938,left,T4b,18,5,-16,-13,-3,T4b,True,,,
720575940627579934,right,T5d,456,0,21,10,11,T5d,True,,,
720575940627582525,right,T4d,780,-6,25,18,7,T4d,True,,,
720575940627584787,right,T5b,290,5,-24,-17,-7,T5b,True,,,
720575940627588178,left,T4c,364,4,4,-2,6,T4c,True,,,
720575940627589288,right,T5c,350,1,15,6,9,T5c,True,,,
720575940627592088,left,T4b,223,-2,26,15,11,T4b,True,,,
720575940627595012,right,T4d,193,-5,4,7,-3,T4d,True,,,
720575940627598852,right,T4a,369,5,-5,-8,3,T4a,True,,,
720575940627607829,left,T5c,549,0,-9,-5,-4,T5c,True,,,
720575940627611208,left,T5a,255,-6,-13,-1,-12,T5a,True,,,
720575940627612824,left,T4b,594,7,-16,-15,-1,T4b,True,,,
720575940627616277,left,T4b,508,-5,11,10,1,T4b,True,,,
720575940627621395,left,T5a,469,-7,13,13,0,T5a,True,,,
720575940627621909,right,T5a,179,-5,-16,-3,-13,T5a,True,,,
720575940627622673,left,T5b,758,5,-1,-6,5,T5b,True,,,
720575940627624977,left,T4d,466,1,14,6,8,T4d,True,,,
720575940627627657,left,T4d,736,-8,1,8,-7,T4d,True,,,
720575940627629585,left,T5c,708,-4,-25,-9,-16,T5c,True,,,
720575940627632138,left,T5a,222,-3,26,16,10,T5a,True,,,
720575940627633736,left,T4d,649,-1,5,3,2,T4d,True,,,
720575940627633992,left,T5c,741,-2,-14,-5,-9,T5c,True,,,
720575940627635972,right,T5b,60,-8,8,12,-4,T5b,True,,,
720575940627636296,left,T5d,743,6,-19,-16,-3,T5d,True,,,
720575940627638917,left,T4d,507,-5,-12,-1,-11,T4d,True,,,
720575940627641416,left,T5d,711,-1,19,10,9,T5d,True,,,
720575940627642645,right,T4b,167,0,-17,-9,-8,T4b,True,,,
720575940627642757,left,T4d,126,3,11,2,9,T4d,True,,,
720575940627644693,left,T5d,145,0,4,2,2,T5d,True,,,
720575940627645461,left,T4b,151,-3,-14,-4,-10,T4b,True,,,
720575940627645973,right,T4a,787,3,28,11,17,T4a,True,,,
720575940627648847,right,T5a,1,-6,13,12,1,T5a,True,,,
720575940627651093,left,T5c,216,2,19,7,12,T5c,True,,,
720575940627652629,left,T4c,266,-1,-25,-12,-13,T4c,True,,,
720575940627657749,right,T4c,757,0,-6,-3,-3,T4c,True,,,
720575940627657853,left,T4d,572,-8,3,9,-6,T4d,True,,,
720575940627657969,left,T4c,302,2,17,6,11,T4c,True,,,
720575940627658795,left,T5a,706,5,-27,-19,-8,T5a,True,,,
720575940627661640,right,T5b,286,0,-24,-12,-12,T5b,True,,,
720575940627664719,left,T5c,60,-8,8,12,-4,T5c,True,,,
720575940627664773,left,T4c,698,6,-7,-10,3,T4c,True,,,
720575940627665304,left,T5c,669,4,-16,-12,-4,T5c,True,,,
720575940627666709,left,T5a,33,3,18,6,12,T5a,True,,,
720575940627668245,left,T5a,86,-5,-7,1,-8,T5a,True,,,
720575940627671061,right,T4d,230,2,9,2,7,T4d,True,,,
720575940627671122,left,T4b,472,1,25,11,14,T4b,True,,,
720575940627672074,left,T4b,412,-6,21,16,5,T4b,True,,,
720575940627674255,left,T5a,414,4,21,6,15,T5a,True,,,
720575940627676934,right,T5a,91,-1,6,4,2,T5a,True,,,
720575940627676945,left,T4a,241,2,-17,-11,-6,T4a,True,,,
720575940627681103,right,T5c,531,1,0,-1,1,T5c,True,,,
720575940627682069,left,T4b,433,0,-8,-4,-4,T4b,True,,,
720575940627682556,right,T5c,736,-8,1,8,-7,T5c,True,,,
720575940627682577,right,T5d,501,1,2,0,2,T5d,True,,,
720575940627683727,left,T5d,132,2,4,0,4,T5d,True,,,
720575940627685419,right,T5c,525,-1,-20,-9,-11,T5c,True,,,
720575940627693114,left,T4d,643,6,14,1,13,T4d,True,,,
720575940627694595,left,T4b,109,4,-5,-7,2,T4b,True,,,
720575940627696978,left,T5d,140,3,8,1,7,T5d,True,,,
720575940627698947,right,T4d,489,-3,10,8,2,T4d,True,,,
720575940627700818,left,T5c,721,5,13,1,12,T5c,True,,,
720575940627702012,right,T4d,569,6,6,-3,9,T4d,True,,,
720575940627702534,right,T4c,428,-2,23,13,10,T4c,True,,,
720575940627704197,left,T4c,208,5,-21,-16,-5,T4c,True,,,
720575940627704719,left,T5a,168,-1,17,9,8,T5a,True,,,
720575940627705426,left,T5a,389,4,-28,-18,-10,T5a,True,,,
720575940627705603,right,T5a,619,-4,-19,-6,-13,T5a,True,,,
720575940627705621,right,T5c,161,4,-14,-11,-3,T5c,True,,,
720575940627705875,left,T5b,597,4,1,-4,5,T5b,True,,,
720575940627706122,left,T5c,719,1,27,12,15,T5c,True,,,
720575940627708744,left,T4a,743,6,-19,-16,-3,T4a,True,,,
720575940627709672,right,T4d,40,-2,-6,-1,-5,T4d,True,,,
720575940627712584,left,T4d,723,-2,-11,-4,-7,T4d,True,,,
720575940627714570,left,T5b,123,-8,10,13,-3,T5b,True,,,
720575940627715717,left,T5a,91,-1,6,4,2,T5a,True,,,
720575940627715973,left,T5c,169,0,-18,-9,-9,T5c,True,,,
720575940627717288,right,T4d,172,1,22,10,12,T4d,True,,,
720575940627718984,left,T5a,404,-1,20,11,9,T5a,True,,,
720575940627719496,left,T5d,22,-1,3,2,1,T5d,True,,,
720575940627719752,left,T5c,742,-4,11,9,2,T5c,True,,,
720575940627722568,left,T4c,527,-4,-8,0,-8,T4c,True,,,
720575940627723645,left,T5b,783,-4,28,18,10,T5b,True,,,
720575940627724456,right,T4c,55,-4,-11,-2,-9,T4c,True,,,
720575940627724968,left,T5a,458,5,0,-5,5,T5a,True,,,
720575940627725224,left,T5a,119,-2,6,5,1,T5a,True,,,
720575940627726312,left,T4b,636,0,6,3,3,T4b,True,,,
720575940627727016,right,T5b,603,-3,-23,-9,-14,T5b,True,,,
720575940627727134,right,T4a,276,2,3,-1,4,T4a,True,,,
720575940627730793,right,T4a,109,4,-5,-7,2,T4a,True,,,
720575940627731112,right,T4b,194,0,-5,-3,-2,T4b,True,,,
720575940627732904,right,T4c,723,-2,-11,-4,-7,T4c,True,,,
720575940627733125,left,T5d,143,-4,16,12,4,T5d,True,,,
720575940627736326,right,T4b,328,5,-9,-10,1,T4b,True,,,
720575940627741754,left,T5b,358,-3,17,11,6,T5b,True,,,
720575940627743144,left,T4b,507,-5,-12,-1,-11,T4b,True,,,
720575940627745385,left,T4c,222,-3,26,16,10,T4c,True,,,
720575940627746069,right,T4c,16,-2,-16,-6,-10,T4c,True,,,
720575940627747144,right,T4d,587,4,22,7,15,T4d,True,,,
720575940627749116,left,T5d,602,4,-2,-5,3,T5d,True,,,
720575940627749531,left,T4d,740,2,-8,-6,-2,T4d,True,,,
720575940627750472,left,T5a,484,3,-9,-8,-1,T5a,True,,,
720575940627750555,left,T5c,294,1,-20,-11,-9,T5c,True,,,
720575940627752616,left,T4c,86,-5,-7,1,-8,T4c,True,,,
720575940627753128,left,T5a,30,6,16,2,14,T5a,True,,,
720575940627753810,right,T4c,471,3,-26,-16,-10,T4c,True,,,
720575940627756968,right,T4d,376,-7,-10,2,-12,T4d,True,,,
720575940627757800,right,T5b,418,-2,15,9,6,T5b,True,,,
720575940627758340,left,T4d,726,2,-28,-16,-12,T4d,True,,,
720575940627758858,left,T4a,288,-1,30,16,14,T4a,True,,,
720575940627760015,left,T5d,6,-2,-4,0,-4,T5d,True,,,
720575940627760394,left,T4d,76,-3,-4,1,-5,T4d,True,,,
720575940627760906,left,T4a,298,-5,5,7,-2,T4a,True,,,
720575940627762179,right,T4b,433,0,-8,-4,-4,T4b,True,,,
720575940627763855,right,T5d,657,-2,-25,-11,-14,T5d,True,,,
720575940627766268,right,T4d,516,7,-18,-16,-2,T4d,True,,,
720575940627768775,right,T5a,320,-2,-5,-1,-4,T5a,True,,,
720575940627770344,right,T5d,457,-2,17,10,7,T5d,True,,,
720575940627772815,right,T4c,753,-3,24,15,9,T4c,True,,,
720575940627773071,left,T5b,609,-2,0,2,-2,T5b,True,,,
720575940627773416,right,T5b,508,-5,11,10,1,T5b,True,,,
720575940627776143,right,T4d,306,3,7,0,7,T4d,True,,,
720575940627777129,left,T4c,284,0,25,12,13,T4c,True,,,
720575940627778300,right,T5c,508,-5,11,10,1,T5c,True,,,
720575940627778703,left,T5d,113,-2,4,4,0,T5d,True,,,
720575940627780629,left,T4a,649,-1,5,3,2,T4a,True,,,
720575940627781690,left,T4d,449,6,-16,-14,-2,T4d,True,,,
720575940627786517,left,T5b,284,0,25,12,13,T5b,True,,,
720575940627790076,right,T5b,105,3,22,8,14,T5b,True,,,
720575940627792327,left,T4c,5,-1,16,9,7,T4c,True,,,
720575940627793064,left,T5a,663,0,8,4,4,T5a,True,,,
720575940627797992,right,T5c,561,5,7,-2,9,T5c,True,,,
720575940627798037,right,T5c,128,3,-22,-14,-8,T5c,True,,,
720575940627798184,left,T4a,317,-5,-4,3,-7,T4a,True,,,
720575940627798570,left,T5a,730,7,0,-7,7,T5a,True,,,
720575940627798805,left,T4b,526,0,-10,-5,-5,T4b,True,,,
720575940627799317,left,T5a,734,2,0,-2,2,T5a,True,,,
720575940627800007,left,T4d,401,-2,-19,-8,-11,T4d,True,,,
720575940627801928,left,T4b,358,-3,17,11,6,T4b,True,,,
720575940627806480,right,T4a,302,2,17,6,11,T4a,True,,,
720575940627810386,left,T4c,217,6,15,1,14,T4c,True,,,
720575940627810759,right,T5c,638,-1,7,4,3,T5c,True,,,
720575940627811132,right,T4a,273,-6,23,17,6,T4a,True,,,
720575940627814410,right,T5b,14,0,-27,-14,-13,T5b,True,,,
720575940627817948,right,T5c,585,-1,-23,-11,-12,T5c,True,,,
720575940627818121,left,T4a,302,2,17,6,11,T4a,True,,,
720575940627819931,right,T5d,549,0,-9,-5,-4,T5d,True,,,
720575940627820443,right,T5c,455,7,-7,-11,4,T5c,True,,,
720575940627821060,left,T4b,589,-1,-5,-2,-3,T4b,True,,,
720575940627821255,right,T5c,436,0,-15,-8,-7,T5c,True,,,
720575940627823753,right,T5c,345,3,-12,-9,-3,T5c,True,,,
720575940627828241,right,T4d,293,4,-17,-13,-4,T4d,True,,,
720575940627834088,right,T5a,60,-8,8,12,-4,T5a,True,,,
720575940627834511,right,T5d,561,5,7,-2,9,T5d,True,,,
720575940627837256,left,T4a,721,5,13,1,12,T4a,True,,,
720575940627839656,right,T4a,118,3,1,-3,4,T4a,True,,,
720575940627842792,right,T5b,461,7,-5,-10,5,T5b,True,,,
720575940627844117,left,T5a,249,2,-12,-8,-4,T5a,True,,,
720575940627847428,right,T4b,598,2,-18,-11,-7,T4b,True,,,
720575940627850855,left,T5b,775,5,22,6,16,T5b,True,,,
720575940627851336,left,T4a,373,1,-21,-12,-9,T4a,True,,,
720575940627852360,left,T4a,372,1,-2,-2,0,T4a,True,,,
720575940627853882,left,T4d,346,-7,-9,2,-11,T4d,True,,,
720575940627859655,right,T5b,164,-1,-2,0,-2,T5b,True,,,
720575940627861521,right,T5a,783,-4,28,18,10,T5a,True,,,
720575940627862415,right,T5d,52,-1,-22,-10,-12,T5d,True,,,
720575940627862545,right,T5a,645,-4,27,17,10,T5a,True,,,
720575940627864337,right,T4b,222,-3,26,16,10,T4b,True,,,
720575940627866129,right,T4c,707,-2,25,14,11,T4c,True,,,
720575940627866643,left,T5d,519,-5,-5,2,-7,T5d,True,,,
720575940627868840,left,T5a,203,3,-1,-4,3,T5a,True,,,
720575940627870151,right,T4a,38,0,-2,-1,-1,T4a,True,,,
720575940627871079,left,T4b,427,5,-18,-14,-4,T4b,True,,,
720575940627873448,right,T4a,678,3,-7,-7,0,T4a,True,,,
720575940627878824,left,T4b,158,3,-5,-6,1,T4b,True,,,
720575940627887356,right,T4b,455,7,-7,-11,4,T4b,True,,,
720575940627889095,right,T5a,25,-9,3,10,-7,T5a,True,,,
720575940627896326,right,T5a,424,-3,-2,2,-4,T5a,True,,,
720575940627901258,right,T5c,270,1,-8,-5,-3,T5c,True,,,
720575940627902632,left,T5b,528,2,7,1,6,T5b,True,,,
720575940627903144,left,T5d,673,2,5,0,5,T5d,True,,,
720575940627903262,left,T5c,412,-6,21,16,5,T5c,True,,,
720575940627906429,left,T5d,661,-3,14,10,4,T5d,True,,,
720575940627907197,left,T5a,774,-8,6,11,-5,T5a,True,,,
720575940627907736,left,T4b,333,0,-21,-11,-10,T4b,True,,,
720575940627908455,left,T5d,698,6,-7,-10,3,T5d,True,,,
720575940627909361,right,T5d,597,4,1,-4,5,T5d,True,,,
720575940627909519,left,T4c,784,-4,29,18,11,T4c,True,,,
720575940627913220,left,T5a,459,5,-3,-7,4,T5a,True,,,
720575940627916487,right,T5d,690,-7,-3,5,-8,T5d,True,,,
720575940627916616,left,T5c,405,3,10,2,8,T5c,True,,,
720575940627917834,left,T4c,566,5,-8,-9,1,T4c,True,,,
720575940627922180,right,T4a,591,3,-3,-5,2,T4a,True,,,
720575940627923185,right,T4b,495,4,5,-2,7,T4b,True,,,
720575940627930011,right,T4d,599,-1,9,5,4,T4d,True,,,
720575940627932232,right,T4d,270,1,-8,-5,-3,T4d,True,,,
720575940627933639,right,T5d,308,-5,8,9,-1,T5d,True,,,
720575940627943172,left,T5a,724,4,2,-3,5,T5a,True,,,
720575940627945724,right,T5d,353,2,24,10,14,T5d,True,,,
720575940627946250,right,T5a,686,5,-22,-16,-6,T5a,True,,,
720575940627948051,left,T5c,268,7,-6,-10,4,T5c,True,,,
720575940627951815,right,T5a,102,3,13,3,10,T5a,True,,,
720575940627953158,right,T5c,434,-3,7,6,1,T5c,True,,,
720575940627953295,left,T5a,301,-5,16,13,3,T5a,True,,,
720575940627958471,right,T4b,3,6,-12,-12,0,T4b,True,,,
720575940627958534,left,T5a,359,2,23,9,14,T5a,True,,,
720575940627958546,right,T4b,614,-2,-8,-2,-6,T4b,True,,,
720575940627960060,right,T5a,11,7,-14,-14,0,T5a,True,,,
720575940627963525,right,T4c,785,-3,30,18,12,T4c,True,,,
720575940627965031,left,T5c,203,3,-1,-4,3,T5c,True,,,
720575940627971068,left,T4b,686,5,-22,-16,-6,T4b,True,,,
720575940627974421,left,T4b,720,-5,21,15,6,T4b,True,,,
720575940627976018,right,T5c,222,-3,26,16,10,T5c,True,,,
720575940627977415,right,T5c,466,1,14,6,8,T5c,True,,,
720575940627978183,right,T4c,87,1,11,4,7,T4c,True,,,
720575940627979496,left,T4b,387,-1,-15,-7,-8,T4b,True,,,
720575940627980905,right,T5d,740,2,-8,-6,-2,T5d,True,,,
720575940627985905,right,T5d,683,2,6,1,5,T5d,True,,,
720575940627985978,left,T5b,190,-3,-5,0,-5,T5b,True,,,
720575940627987026,left,T4b,59,-2,2,3,-1,T4b,True,,,
720575940627987733,left,T5c,758,5,-1,-6,5,T5c,True,,,
720575940627988123,right,T4d,434,-3,7,6,1,T4d,True,,,
720575940627992519,right,T5c,204,5,-2,-6,4,T5c,True,,,
720575940627994865,right,T5d,651,-4,-5,1,-6,T5d,True,,,
720575940627997425,right,T5d,227,-7,5,9,-4,T5d,True,,,
720575940627998632,left,T5a,461,7,-5,-10,5,T5a,True,,,
720575940627999640,left,T4a,226,5,19,4,15,T4a,True,,,
720575940628000399,left,T4d,771,3,-27,-17,-10,T4d,True,,,
720575940628004113,left,T4d,661,-3,14,10,4,T4d,True,,,
720575940628006897,right,T5d,245,-5,-3,3,-6,T5d,True,,,
720575940628007015,right,T5a,55,-4,-11,-2,-9,T5a,True,,,
720575940628008041,right,T5a,15,2,-3,-4,1,T5a,True,,,
720575940628011066,left,T5c,278,-5,10,10,0,T5c,True,,,
720575940628011645,left,T5d,36,6,8,-2,10,T5d,True,,,
720575940628013809,right,T5c,465,3,0,-3,3,T5c,True,,,
720575940628016970,right,T5a,364,4,4,-2,6,T5a,True,,,
720575940628017482,right,T4d,488,7,5,-5,10,T4d,True,,,
720575940628019985,right,T4b,72,0,-28,-14,-14,T4b,True,,,
720575940628026641,right,T4a,744,-4,25,16,9,T4a,True,,,
720575940628027665,right,T4a,772,1,12,5,7,T4a,True,,,
720575940628027800,left,T4c,134,-5,-18,-4,-14,T4c,True,,,
720575940628028474,left,T4c,743,6,-19,-16,-3,T4c,True,,,
720575940628029202,right,T5c,483,2,-7,-6,-1,T5c,True,,,
720575940628029306,right,T5b,514,-4,-10,-1,-9,T5b,True,,,
720575940628030738,right,T4b,181,1,-4,-3,-1,T4b,True,,,
720575940628030863,left,T5c,141,5,-23,-17,-6,T5c,True,,,
720575940628031816,left,T4a,327,5,3,-4,7,T4a,True,,,
720575940628033042,right,T4a,766,2,-4,-4,0,T4a,True,,,
720575940628033788,right,T4d,642,-5,-11,-1,-10,T4d,True,,,
720575940628035402,right,T5c,127,0,15,7,8,T5c,True,,,
720575940628035605,left,T4d,21,-2,19,11,8,T4d,True,,,
720575940628037397,left,T5a,11,7,-14,-14,0,T5a,True,,,
720575940628043014,left,T4d,294,1,-20,-11,-9,T4d,True,,,
720575940628046086,right,T5c,283,-4,4,6,-2,T5c,True,,,
720575940628046824,right,T4c,349,-5,-14,-2,-12,T4c,True,,,
720575940628047592,right,T5d,285,6,-18,-15,-3,T5d,True,,,
720575940628052282,left,T4b,237,-2,27,15,12,T4b,True,,,
720575940628056392,left,T4d,609,-2,0,2,-2,T4d,True,,,
720575940628057064,left,T4a,447,-1,2,2,0,T4a,True,,,
720575940628060136,left,T4d,308,-5,8,9,-1,T4d,True,,,
720575940628061321,right,T5a,631,1,26,12,14,T5a,True,,,
720575940628063019,right,T5c,500,7,-8,-11,3,T5c,True,,,
720575940628071592,left,T5b,192,7,10,-2,12,T5b,True,,,
720575940628074056,left,T5c,101,-7,6,10,-4,T5c,True,,,
720575940628076288,right,T5a,300,4,-18,-13,-5,T5a,True,,,
720575940628077511,right,T4b,172,1,22,10,12,T4b,True,,,
720575940628078152,left,T4c,329,0,24,12,12,T4c,True,,,
720575940628080970,left,T4c,272,3,-2,-4,2,T4c,True,,,
720575940628081226,right,T4a,99,4,15,3,12,T4a,True,,,
720575940628081482,right,T5b,573,4,14,3,11,T5b,True,,,
720575940628081660,left,T5d,151,-3,-14,-4,-10,T5d,True,,,
720575940628081797,left,T5c,516,7,-18,-16,-2,T5c,True,,,
720575940628082025,right,T4d,25,-9,3,10,-7,T4d,True,,,
720575940628083530,right,T5b,678,3,-7,-7,0,T5b,True,,,
720575940628088582,right,T4b,691,-9,4,11,-7,T4b,True,,,
720575940628090353,right,T5b,169,0,-18,-9,-9,T5b,True,,,
720575940628095484,right,T5a,197,0,-20,-10,-10,T5a,True,,,
720575940628097768,right,T4c,441,3,-16,-11,-5,T4c,True,,,
720575940628099130,right,T4c,215,6,7,-3,10,T4c,True,,,
720575940628099836,left,T5a,236,-1,4,3,1,T5a,True,,,
720575940628104710,right,T5c,239,-6,6,9,-3,T5c,True,,,
720575940628105488,right,T4c,313,7,3,-6,9,T4c,True,,,
720575940628105544,left,T5a,207,1,29,13,16,T5a,True,,,
720575940628105800,left,T4b,138,0,27,13,14,T4b,True,,,
720575940628107536,right,T5a,528,2,7,1,6,T5a,True,,,
720575940628110332,right,T4d,20,3,-11,-9,-2,T4d,True,,,
720575940628110854,right,T4a,394,-7,-8,3,-11,T4a,True,,,
720575940628112456,right,T4c,402,3,26,10,16,T4c,True,,,
720575940628118524,left,T5d,600,3,-10,-8,-2,T5d,True,,,
720575940628121874,right,T4d,167,0,-17,-9,-8,T4d,True,,,
720575940628122186,right,T4c,415,6,12,0,12,T4c,True,,,
720575940628126024,left,T4b,68,3,16,5,11,T4b,True,,,
720575940628126449,right,T4d,53,5,14,2,12,T4d,True,,,
720575940628128842,right,T4c,253,5,16,3,13,T4c,True,,,
720575940628133379,left,T4b,71,-2,-3,0,-3,T4b,True,,,
720575940628135698,right,T4d,331,1,-15,-9,-6,T4d,True,,,
720575940628137489,left,T4d,217,6,15,1,14,T4d,True,,,
720575940628142086,right,T4d,700,5,15,2,13,T4d,True,,,
720575940628144714,left,T5c,495,4,5,-2,7,T5c,True,,,
720575940628152648,left,T4a,273,-6,23,17,6,T4a,True,,,
720575940628153477,left,T4b,258,-4,-17,-5,-12,T4b,True,,,
720575940628169115,right,T4b,68,3,16,5,11,T4b,True,,,
720575940628169371,right,T4a,616,-3,15,10,5,T4a,True,,,
720575940628170408,left,T5d,108,-3,-12,-3,-9,T5d,True,,,
720575940628175381,left,T4b,560,-7,14,14,0,T4b,True,,,
720575940628177736,left,T4b,512,6,0,-6,6,T4b,True,,,
720575940628178417,left,T4d,20,3,-11,-9,-2,T4d,True,,,
720575940628180617,right,T4c,406,1,-25,-14,-11,T4c,True,,,
720575940628180935,right,T5d,722,6,-15,-14,-1,T5d,True,,,
720575940628182276,left,T4d,366,2,-29,-17,-12,T4d,True,,,
720575940628182661,left,T4a,131,-6,20,16,4,T4a,True,,,
720575940628187978,right,T5b,170,-5,1,5,-4,T5b,True,,,
720575940628189833,right,T4a,592,3,-28,-17,-11,T4a,True,,,
720575940628195527,right,T4c,334,1,-26,-14,-12,T4c,True,,,
720575940628198673,left,T4d,580,-2,-23,-10,-13,T4d,True,,,
720575940628198855,left,T4b,617,-2,-17,-7,-10,T4b,True,,,
720575940628200721,right,T4c,141,5,-23,-17,-6,T4c,True,,,
720575940628202001,left,T4c,653,-6,-12,0,-12,T4c,True,,,
720575940628205705,left,T5d,662,2,-1,-3,2,T5d,True,,,
720575940628210451,left,T4a,143,-4,16,12,4,T4a,True,,,
720575940628211219,left,T4c,271,4,6,-1,7,T4c,True,,,
720575940628213160,left,T4b,607,1,18,8,10,T4b,True,,,
720575940628213224,left,T4d,337,-5,-6,2,-8,T4d,True,,,
720575940628216263,left,T4b,69,1,8,3,5,T4b,True,,,
720575940628216775,left,T4a,177,-2,-1,1,-2,T4a,True,,,
720575940628220041,left,T4c,413,-2,-7,-2,-5,T4c,True,,,
720575940628223431,left,T5d,555,-4,9,8,1,T5d,True,,,
720575940628223570,right,T4c,251,-1,-14,-6,-8,T4c,True,,,
720575940628227465,left,T4a,584,4,23,7,16,T4a,True,,,
720575940628233744,right,T4c,465,3,0,-3,3,T4c,True,,,
720575940628234312,left,T5d,343,-3,27,16,11,T5d,True,,,
720575940628235761,left,T5d,395,0,-22,-11,-11,T5d,True,,,
720575940628236999,right,T4d,323,-7,-13,0,-13,T4d,True,,,
720575940628237041,right,T5b,25,-9,3,10,-7,T5b,True,,,
720575940628241226,right,T5c,471,3,-26,-16,-10,T5c,True,,,
720575940628241619,left,T5a,591,3,-3,-5,2,T5a,True,,,
720575940628243368,left,T4a,532,-8,7,11,-4,T4a,True,,,
720575940628253287,left,T5d,241,2,-17,-11,-6,T5d,True,,,
720575940628258289,right,T4b,370,-3,21,13,8,T4b,True,,,
720575940628259594,right,T4a,500,7,-8,-11,3,T4a,True,,,
720575940628259689,right,T5c,191,-1,-11,-5,-6,T5c,True,,,
720575940628260096,left,T4d,110,-7,0,7,-7,T4d,True,,,
720575940628261519,left,T4c,314,-9,5,11,-6,T4c,True,,,
720575940628262120,left,T4a,451,4,20,6,14,T4a,True,,,
720575940628263686,left,T5b,373,1,-21,-12,-9,T5b,True,,,
720575940628265732,left,T5b,280,-6,-14,-1,-13,T5b,True,,,
720575940628266225,left,T4a,39,0,20,10,10,T4a,True,,,
720575940628266373,right,T5d,342,2,-15,-10,-5,T5d,True,,,
720575940628268821,left,T5c,400,1,-29,-16,-13,T5c,True,,,
720575940628270083,right,T5b,140,3,8,1,7,T5b,True,,,
720575940628275817,right,T5c,268,7,-6,-10,4,T5c,True,,,
720575940628277353,left,T5d,300,4,-18,-13,-5,T5d,True,,,
720575940628278012,left,T5b,527,-4,-8,0,-8,T5b,True,,,
720575940628282170,right,T5a,207,1,29,13,16,T5a,True,,,
720575940628291349,left,T4c,574,-6,5,8,-3,T4c,True,,,
720575940628294931,left,T4b,353,2,24,10,14,T4b,True,,,
720575940628295119,left,T5b,468,-3,11,8,3,T5b,True,,,
720575940628296454,left,T4c,674,-4,-14,-3,-11,T4c,True,,,
720575940628299563,right,T5a,740,2,-8,-6,-2,T5a,True,,,
720575940628299581,right,T5d,222,-3,26,16,10,T5d,True,,,
720575940628301161,left,T5a,429,-2,14,9,5,T5a,True,,,
720575940628303089,left,T5c,667,1,-28,-15,-13,T5c,True,,,
720575940628303857,right,T4c,658,1,20,9,11,T4c,True,,,
720575940628304124,left,T5a,622,-5,20,15,5,T5a,True,,,
720575940628304643,right,T5b,125,5,9,-1,10,T5b,True,,,
720575940628310546,right,T4d,89,1,-19,-11,-8,T4d,True,,,
720575940628312658,left,T4a,366,2,-29,-17,-12,T4a,True,,,
720575940628315197,right,T5a,780,-6,25,18,7,T5a,True,,,
720575940628319484,left,T5c,629,4,24,8,16,T5c,True,,,
720575940628320762,left,T4a,371,6,-5,-9,4,T4a,True,,,
720575940628323710,left,T4a,107,8,-2,-9,7,T4a,True,,,
720575940628323945,left,T4c,127,0,15,7,8,T4c,True,,,
720575940628324346,right,T5c,231,4,-12,-10,-2,T5c,True,,,
720575940628327367,left,T5c,588,1,4,1,3,T5c,True,,,
720575940628330250,left,T4c,63,4,12,2,10,T4c,True,,,
720575940628334922,left,T5a,61,-4,-4,2,-6,T5a,True,,,
720575940628337137,left,T5a,588,1,4,1,3,T5a,True,,,
720575940628339912,left,T5d,364,4,4,-2,6,T5d,True,,,
720575940628340757,left,T5c,312,4,-7,-8,1,T5c,True,,,
720575940628349778,left,T4b,73,2,2,-1,3,T4b,True,,,
720575940628351226,left,T5d,272,3,-2,-4,2,T5d,True,,,
720575940628351546,right,T5c,308,-5,8,9,-1,T5c,True,,,
720575940628351631,left,T5a,654,-3,8,7,1,T5a,True,,,
720575940628354801,left,T4b,225,2,-26,-15,-11,T4b,True,,,
720575940628357575,left,T5a,316,5,-4,-7,3,T5a,True,,,
720575940628358068,right,T4b,153,8,0,-8,8,T4b,True,,,
720575940628361034,left,T5a,525,-1,-20,-9,-11,T5a,True,,,
720575940628362813,right,T5b,343,-3,27,16,11,T5b,True,,,
720575940628363090,left,T5d,329,0,24,12,12,T5d,True,,,
720575940628364550,left,T4c,766,2,-4,-4,0,T4c,True,,,
720575940628364806,right,T4c,474,-3,-17,-6,-11,T4c,True,,,
720575940628369418,right,T4c,486,0,1,0,1,T4c,True,,,
720575940628376085,right,T5a,729,-3,29,17,12,T5a,True,,,
720575940628376679,right,T5b,436,0,-15,-8,-7,T5b,True,,,
720575940628377618,right,T4d,77,2,-5,-5,0,T4d,True,,,
720575940628381640,left,T5a,534,3,2,-2,4,T5a,True,,,
720575940628382961,left,T5d,27,0,-25,-13,-12,T5d,True,,,
720575940628385542,left,T4d,588,1,4,1,3,T4d,True,,,
720575940628398588,left,T4d,485,-3,-3,1,-4,T4d,True,,,
720575940628402682,right,T4b,509,-4,10,9,1,T4b,True,,,
720575940628403194,right,T5a,462,-1,18,10,8,T5a,True,,,
720575940628403274,left,T5a,449,6,-16,-14,-2,T5a,True,,,
720575940628405064,right,T4c,700,5,15,2,13,T4c,True,,,
720575940628406983,left,T5a,89,1,-19,-11,-8,T5a,True,,,
720575940628407368,left,T4d,451,4,20,6,14,T4d,True,,,
720575940628409674,right,T4b,238,-8,-3,6,-9,T4b,True,,,
720575940628415050,right,T5c,743,6,-19,-16,-3,T5c,True,,,
720575940628418639,right,T4c,578,4,-11,-10,-1,T4c,True,,,
720575940628420551,right,T4a,146,1,-6,-4,-2,T4a,True,,,
720575940628420552,left,T5a,132,2,4,0,4,T5a,True,,,
720575940628421105,right,T5b,137,5,-7,-9,2,T5b,True,,,
720575940628426183,left,T4d,219,6,-4,-8,4,T4d,True,,,
720575940628426366,right,T4a,609,-2,0,2,-2,T4a,True,,,
720575940628430598,left,T4a,322,2,26,11,15,T4a,True,,,
720575940628431632,right,T5b,40,-2,-6,-1,-5,T5b,True,,,
720575940628433278,left,T4c,244,-4,-12,-2,-10,T4c,True,,,
720575940628434950,left,T5c,322,2,26,11,15,T5c,True,,,
720575940628439414,left,T4a,717,2,-22,-13,-9,T4a,True,,,
720575940628443654,left,T4a,275,-8,-1,7,-8,T4a,True,,,
720575940628445327,right,T5a,282,0,26,13,13,T5a,True,,,
720575940628449615,right,T4c,211,-7,-1,6,-7,T4c,True,,,
720575940628452986,left,T4c,260,-3,19,12,7,T4c,True,,,
720575940628453455,left,T4c,502,5,8,-1,9,T4c,True,,,
720575940628453787,right,T4b,383,-6,11,11,0,T4b,True,,,
720575940628455038,right,T4b,486,0,1,0,1,T4b,True,,,
720575940628456091,right,T4b,386,-6,19,15,4,T4b,True,,,
720575940628456976,right,T4c,126,3,11,2,9,T4c,True,,,
720575940628459526,right,T4a,131,-6,20,16,4,T4a,True,,,
720575940628459536,right,T5b,510,-2,11,7,4,T5b,True,,,
720575940628463100,left,T4c,145,0,4,2,2,T4c,True,,,
720575940628463977,right,T4c,582,-1,23,12,11,T4c,True,,,
720575940628467243,right,T5d,768,3,5,-1,6,T5d,True,,,
720575940628467708,left,T4c,604,-1,-29,-14,-15,T4c,True,,,
720575940628468552,right,T4b,501,1,2,0,2,T4b,True,,,
720575940628477801,left,T4c,568,-6,-8,2,-10,T4c,True,,,
720575940628482447,right,T5b,680,-1,25,13,12,T5b,True,,,
720575940628483332,left,T4b,576,0,28,14,14,T4b,True,,,
720575940628484907,left,T5a,613,6,-23,-18,-5,T5a,True,,,
720575940628488811,right,T4c,192,7,10,-2,12,T4c,True,,,
720575940628489990,left,T5c,557,6,-10,-11,1,T5c,True,,,
720575940628490244,left,T4d,384,-6,-2,5,-7,T4d,True,,,
720575940628491268,left,T5d,419,-3,-11,-3,-8,T5d,True,,,
720575940628494588,right,T5b,390,-6,-9,1,-10,T5b,True,,,
720575940628499394,left,T4a,661,-3,14,10,4,T4a,True,,,
720575940628502858,left,T5b,507,-5,-12,-1,-11,T5b,True,,,
720575940628505084,left,T4d,571,0,-14,-7,-7,T4d,True,,,
720575940628505132,left,T5a,582,-1,23,12,11,T5a,True,,,
720575940628513479,left,T4b,348,3,14,4,10,T4b,True,,,
720575940628513796,right,T5a,618,-1,24,13,11,T5a,True,,,
720575940628514289,left,T4b,287,-5,13,11,2,T4b,True,,,
720575940628514545,left,T5b,470,4,-9,-9,0,T5b,True,,,
720575940628515332,right,T5d,172,1,22,10,12,T5d,True,,,
720575940628516081,left,T4d,233,4,-13,-11,-2,T4d,True,,,
720575940628516355,left,T4c,639,-4,19,13,6,T4c,True,,,
720575940628516867,left,T5c,290,5,-24,-17,-7,T5c,True,,,
720575940628519592,left,T4c,652,-6,-11,0,-11,T4c,True,,,
720575940628523207,right,T4d,537,0,-23,-12,-11,T4d,True,,,
720575940628525073,right,T4d,374,2,13,4,9,T4d,True,,,
720575940628525673,left,T4d,448,0,30,15,15,T4d,True,,,
720575940628532267,right,T5b,112,-6,1,6,-5,T5b,True,,,
720575940628533703,left,T5d,239,-6,6,9,-3,T5d,True,,,
720575940628538118,left,T4d,658,1,20,9,11,T4d,True,,,
720575940628539907,right,T5d,752,-2,7,5,2,T5d,True,,,
720575940628541456,right,T5a,720,-5,21,15,6,T5a,True,,,
720575940628545067,left,T4d,224,0,5,2,3,T4d,True,,,
720575940628546682,right,T4c,174,4,-15,-12,-3,T4c,True,,,
720575940628548943,right,T5c,275,-8,-1,7,-8,T5c,True,,,
720575940628549653,right,T5b,472,1,25,11,14,T5b,True,,,
720575940628549754,right,T4d,382,3,-6,-6,0,T4d,True,,,
720575940628550087,left,T4d,291,7,2,-6,8,T4d,True,,,
720575940628552556,right,T4a,508,-5,11,10,1,T4a,True,,,
720575940628555270,left,T4d,714,5,12,1,11,T4d,True,,,
720575940628558671,right,T5c,315,-3,-6,0,-6,T5c,True,,,
720575940628561090,left,T4a,98,-1,-12,-5,-7,T4a,True,,,
720575940628561608,left,T5a,73,2,2,-1,3,T5a,True,,,
720575940628563305,left,T5b,245,-5,-3,3,-6,T5b,True,,,
720575940628564739,right,T5c,608,1,10,4,6,T5c,True,,,
720575940628568514,left,T5b,617,-2,-17,-7,-10,T5b,True,,,
720575940628569538,right,T5a,169,0,-18,-9,-9,T5a,True,,,
720575940628573545,right,T5c,297,7,-9,-12,3,T5c,True,,,
720575940628574658,right,T4c,96,1,-10,-6,-4,T4c,True,,,
720575940628576450,right,T5b,737,0,19,9,10,T5b,True,,,
720575940628576768,left,T4a,172,1,22,10,12,T4a,True,,,
720575940628577167,left,T5d,306,3,7,0,7,T5d,True,,,
720575940628584386,right,T4a,332,4,-26,-17,-9,T4a,True,,,
720575940628585728,left,T4c,445,-2,8,6,2,T4c,True,,,
720575940628585987,right,T4b,622,-5,20,15,5,T4b,True,,,
720575940628588135,right,T5b,236,-1,4,3,1,T5b,True,,,
720575940628591619,right,T4c,457,-2,17,10,7,T4c,True,,,
720575940628593664,right,T5c,745,0,13,6,7,T5c,True,,,
720575940628594683,left,T4d,190,-3,-5,0,-5,T4d,True,,,
720575940628599237,right,T5d,339,6,11,-1,12,T5d,True,,,
720575940628604688,right,T5d,39,0,20,10,10,T5d,True,,,
720575940628605702,left,T4a,235,4,11,1,10,T4a,True,,,
720575940628608003,right,T5a,131,-6,20,16,4,T5a,True,,,
720575940628609788,left,T4d,323,-4,-27,-10,-17,T4d,True,,,
720575940628610289,left,T4d,265,-6,-1,5,-6,T4d,True,,,
720575940628613775,right,T4c,136,0,3,1,2,T4c,True,,,
720575940628614144,left,T4a,566,5,-8,-9,1,T4a,True,,,
720575940628617103,left,T4a,22,-1,3,2,1,T4a,True,,,
720575940628618106,right,T5b,578,4,-11,-10,-1,T5b,True,,,
720575940628620535,right,T4d,179,-5,-16,-3,-13,T4d,True,,,
720575940628620547,right,T4c,201,-8,9,12,-3,T4c,True,,,
720575940628621047,right,T4d,580,-2,-23,-10,-13,T4d,True,,,
720575940628623721,left,T5d,578,4,-11,-10,-1,T5d,True,,,
720575940628624683,right,T5d,427,5,-18,-14,-4,T5d,True,,,
720575940628630889,right,T4d,590,1,9,3,6,T4d,True,,,
720575940628632080,right,T4a,755,4,19,5,14,T4a,True,,,
720575940628637519,right,T4a,704,-7,8,11,-3,T4a,True,,,
720575940628640774,right,T4b,27,0,-25,-13,-12,T4b,True,,,
720575940628643575,left,T5a,770,5,4,-3,7,T5a,True,,,
720575940628646031,left,T5c,560,-7,14,14,0,T5c,True,,,
720575940628649468,left,T4b,449,6,-16,-14,-2,T4b,True,,,
720575940628649922,left,T5b,237,-2,27,15,12,T5b,True,,,
720575940628651014,right,T4b,492,-7,-2,6,-8,T4b,True,,,
720575940628651516,left,T5d,385,-3,-18,-6,-12,T5d,True,,,
720575940628653415,right,T5a,211,-7,-1,6,-7,T5a,True,,,
720575940628656683,right,T5d,221,-7,3,8,-5,T5d,True,,,
720575940628657451,right,T5b,205,5,-6,-8,2,T5b,True,,,
720575940628657914,right,T4c,371,6,-5,-9,4,T4c,True,,,
720575940628659912,left,T5d,734,2,0,-2,2,T5d,True,,,
720575940628663296,left,T5d,646,6,-24,-18,-6,T5d,True,,,
720575940628668559,right,T4d,334,1,-26,-14,-12,T4d,True,,,
720575940628675846,right,T4a,779,5,24,7,17,T4a,True,,,
720575940628676651,right,T4d,648,1,7,2,5,T4d,True,,,
720575940628679912,left,T4d,472,1,25,11,14,T4d,True,,,
720575940628681232,left,T4c,648,1,7,2,5,T4c,True,,,
720575940628681259,right,T5d,601,1,16,7,9,T5d,True,,,
720575940628685062,left,T5b,394,-7,-8,3,-11,T5b,True,,,
720575940628688745,right,T4b,289,-1,11,6,5,T4b,True,,,
720575940628692329,right,T4b,638,-1,7,4,3,T4b,True,,,
720575940628694121,right,T4c,338,-1,0,1,-1,T4c,True,,,
720575940628710928,left,T5b,71,-2,-3,0,-3,T5b,True,,,
720575940628712448,right,T4b,473,-4,23,15,8,T4b,True,,,
720575940628716791,left,T5d,198,6,2,-5,7,T5d,True,,,
720575940628717062,left,T5d,629,4,24,8,16,T5d,True,,,
720575940628721863,left,T4b,509,-4,10,9,1,T4b,True,,,
720575940628722167,left,T4c,332,4,-26,-17,-9,T4c,True,,,
720575940628725760,left,T4c,362,2,-20,-12,-8,T4c,True,,,
720575940628735217,left,T4d,579,-3,-10,-2,-8,T4d,True,,,
720575940628737323,right,T5a,526,0,-10,-5,-5,T5a,True,,,
720575940628737735,left,T4a,672,-8,11,13,-2,T4a,True,,,
720575940628742148,right,T5d,107,8,-2,-9,7,T5d,True,,,
720575940628750342,left,T5a,108,-3,-12,-3,-9,T5a,True,,,
720575940628757576,left,T4b,267,-6,2,7,-5,T4b,True,,,
720575940628761423,right,T5c,712,-7,12,13,-1,T5c,True,,,
720575940628764203,right,T4b,273,-6,23,17,6,T4b,True,,,
720575940628767175,left,T4a,660,2,28,12,16,T4a,True,,,
720575940628771605,left,T5b,10,5,-15,-13,-2,T5b,True,,,
720575940628774782,right,T4a,564,3,-23,-15,-8,T4a,True,,,
720575940628777463,right,T4a,531,1,0,-1,1,T4a,True,,,
720575940628781211,left,T5d,409,0,-3,-2,-1,T5d,True,,,
720575940628781315,right,T5c,524,4,-20,-14,-6,T5c,True,,,
720575940628783355,right,T4b,494,0,29,14,15,T4b,True,,,
720575940628787867,right,T5c,424,-3,-2,2,-4,T5c,True,,,
720575940628787944,left,T4a,549,0,-9,-5,-4,T4a,True,,,
720575940628788585,left,T4d,403,-2,-12,-4,-8,T4d,True,,,
720575940628789548,left,T4a,558,-4,-21,-7,-14,T4a,True,,,
720575940628789832,left,T4c,415,6,12,0,12,T4c,True,,,
720575940628791114,left,T4a,666,7,-13,-14,1,T4a,True,,,
720575940628793243,right,T4b,368,-4,-20,-6,-14,T4b,True,,,
720575940628794615,right,T4a,138,0,27,13,14,T4a,True,,,
720575940628795925,left,T4c,438,2,27,11,16,T4c,True,,,
720575940628796521,left,T5a,704,-7,8,11,-3,T5a,True,,,
720575940628797190,right,T4c,160,-2,20,12,8,T4c,True,,,
720575940628800006,right,T5b,95,4,-21,-15,-6,T5b,True,,,
720575940628800784,left,T5c,250,-1,1,1,0,T5c,True,,,
720575940628802320,right,T4d,617,-2,-17,-7,-10,T4d,True,,,
720575940628803687,left,T5d,79,2,1,-2,3,T5d,True,,,
720575940628805019,right,T5b,545,5,11,0,11,T5b,True,,,
720575940628806782,right,T4c,154,-8,0,8,-8,T4c,True,,,
720575940628807683,left,T5d,164,-1,-2,0,-2,T5d,True,,,
720575940628810570,left,T5d,468,-3,11,8,3,T5d,True,,,
720575940628811523,right,T4a,153,8,0,-8,8,T4a,True,,,
720575940628812670,left,T5c,315,-3,-6,0,-6,T5c,True,,,
720575940628816683,right,T4d,390,-6,-9,1,-10,T4d,True,,,
720575940628819399,left,T4d,144,7,-11,-13,2,T4d,True,,,
720575940628823239,left,T4c,517,6,3,-5,8,T4c,True,,,
720575940628823312,left,T4c,114,2,-13,-9,-4,T4c,True,,,
720575940628823811,left,T5a,298,-5,5,7,-2,T5a,True,,,
720575940628824363,left,T5d,293,4,-17,-13,-4,T5d,True,,,
720575940628825091,left,T4a,305,-7,4,9,-5,T4a,True,,,
720575940628827179,right,T5c,393,-1,22,12,10,T5c,True,,,
720575940628831531,left,T5c,189,6,13,0,13,T5c,True,,,
720575940628834921,left,T4d,693,-3,25,15,10,T4d,True,,,
720575940628835015,right,T4d,309,-6,12,12,0,T4d,True,,,
720575940628842651,right,T5d,674,-4,-14,-3,-11,T5d,True,,,
720575940628846635,left,T4a,663,0,8,4,4,T4a,True,,,
720575940628852891,right,T5a,80,4,13,2,11,T5a,True,,,
720575940628856572,left,T5b,94,5,18,4,14,T5b,True,,,
720575940628856836,right,T5b,174,4,-15,-12,-3,T5b,True,,,
720575940628861244,right,T4c,618,-1,24,13,11,T4c,True,,,
720575940628861435,right,T4b,182,7,-10,-12,2,T4b,True,,,
720575940628863276,right,T5b,562,-5,-2,4,-6,T5b,True,,,
720575940628864247,right,T4d,289,-1,11,6,5,T4d,True,,,
720575940628866860,left,T4a,299,-4,12,10,2,T4a,True,,,
720575940628867627,left,T5a,59,-2,2,3,-1,T5a,True,,,
720575940628869431,right,T5d,693,-3,25,15,10,T5d,True,,,
720575940628873219,left,T4c,141,5,-23,-17,-6,T4c,True,,,
720575940628873987,left,T4b,349,-5,-14,-2,-12,T4b,True,,,
720575940628874039,left,T5b,421,-1,12,7,5,T5b,True,,,
720575940628876076,right,T4b,757,0,-6,-3,-3,T4b,True,,,
720575940628876647,right,T4c,306,3,7,0,7,T4c,True,,,
720575940628879632,left,T4b,188,-5,17,13,4,T4b,True,,,
720575940628880131,left,T5c,35,1,-24,-13,-11,T5c,True,,,
720575940628880912,left,T4c,285,6,-18,-15,-3,T4c,True,,,
720575940628881660,right,T5d,402,3,26,10,16,T5d,True,,,
720575940628885763,left,T5c,108,-3,-12,-3,-9,T5c,True,,,
720575940628887375,right,T5d,371,6,-5,-9,4,T5d,True,,,
720575940628887930,left,T4d,686,5,-22,-16,-6,T4d,True,,,
720575940628889935,right,T5c,664,1,-27,-15,-12,T5c,True,,,
720575940628894402,right,T4b,236,-1,4,3,1,T4b,True,,,
720575940628895217,left,T4d,245,-5,-3,3,-6,T4d,True,,,
720575940628898860,right,T5a,408,-6,-4,4,-8,T5a,True,,,
720575940628905732,left,T4c,233,4,-13,-11,-2,T4c,True,,,
720575940628906747,right,T4b,357,4,17,4,13,T4b,True,,,
720575940628911108,left,T5c,434,-3,7,6,1,T5c,True,,,
720575940628913769,left,T5b,561,5,7,-2,9,T5b,True,,,
720575940628917147,right,T4c,52,-1,-22,-10,-12,T4c,True,,,
720575940628918827,left,T4b,581,3,9,1,8,T4b,True,,,
720575940628920219,right,T5b,12,-7,9,11,-2,T5b,True,,,
720575940628921162,right,T4b,415,6,12,0,12,T4b,True,,,
720575940628924648,left,T4b,34,6,18,3,15,T4d,False,,,
720575940628924944,left,T4b,373,1,-21,-12,-9,T4b,True,,,
720575940628926467,right,T4a,377,0,7,3,4,T4a,True,,,
720575940628927491,left,T4a,190,-3,-5,0,-5,T4a,True,,,
720575940628927492,left,T5c,30,6,16,2,14,T5c,True,,,
720575940628929079,right,T4d,757,0,-6,-3,-3,T4d,True,,,
720575940628930364,left,T4a,28,5,6,-2,8,T4a,True,,,
720575940628933675,left,T5c,48,-4,-22,-7,-15,T5c,True,,,
720575940628933873,right,T5b,673,2,5,0,5,T5b,True,,,
720575940628937222,left,T5d,401,-2,-19,-8,-11,T5d,True,,,
720575940628942183,right,T4d,596,-4,-16,-4,-12,T4d,True,,,
720575940628943810,right,T4d,628,0,0,0,0,T4d,True,,,
720575940628947459,right,T4a,9,4,9,0,9,T4a,True,,,
720575940628950588,right,T5c,272,3,-2,-4,2,T5c,True,,,
720575940628951811,left,T4a,55,-4,-11,-2,-9,T4a,True,,,
720575940628951814,right,T4c,140,3,8,1,7,T4c,True,,,
720575940628954088,left,T5c,574,-6,5,8,-3,T5c,True,,,
720575940628954883,right,T4a,488,7,5,-5,10,T4a,True,,,
720575940628957543,left,T5c,142,-2,-18,-7,-11,T5c,True,,,
720575940628967527,left,T4a,218,2,10,3,7,T4a,True,,,
720575940628977018,right,T5a,178,2,11,3,8,T5a,True,,,
720575940628979023,left,T4b,529,2,-2,-3,1,T4b,True,,,
720575940628979892,right,T4a,170,-5,1,5,-4,T4a,True,,,
720575940628981047,left,T4b,17,1,-5,-4,-1,T4b,True,,,
720575940628988007,left,T5c,435,5,-17,-14,-3,T5c,True,,,
720575940628992330,right,T5d,360,-5,19,14,5,T5d,True,,,
720575940628997531,right,T4d,450,2,-9,-7,-2,T4d,True,,,
720575940628997812,right,T5c,461,7,-5,-10,5,T5c,True,,,
720575940629002601,left,T4d,316,5,-4,-7,3,T4d,True,,,
720575940629004294,left,T4d,441,3,-16,-11,-5,T4d,True,,,
720575940629004806,left,T4c,24,-1,-10,-4,-6,T4c,True,,,
720575940629008207,left,T5a,84,-2,12,8,4,T5a,True,,,
720575940629010432,right,T4b,662,2,-1,-3,2,T4b,True,,,
720575940629011279,left,T5b,423,3,-18,-12,-6,T5b,True,,,
720575940629011535,left,T5b,93,-6,3,7,-4,T5b,True,,,
720575940629012839,right,T5c,170,-5,1,5,-4,T5c,True,,,
720575940629014001,left,T5d,319,-2,5,4,1,T5d,True,,,
720575940629023494,right,T4c,394,-7,-8,3,-11,T4c,True,,,
720575940629028687,left,T4d,600,3,-10,-8,-2,T4d,True,,,
720575940629029199,left,T4d,392,-4,7,7,0,T4d,True,,,
720575940629033295,left,T5b,206,-3,5,5,0,T5b,True,,,
720575940629038908,left,T4b,203,3,-1,-4,3,T4b,True,,,
720575940629039003,left,T5c,457,-2,17,10,7,T5c,True,,,
720575940629042182,left,T5a,621,1,24,11,13,T5a,True,,,
720575940629047814,left,T5b,422,-7,-4,5,-9,T5b,True,,,
720575940629047882,right,T5c,356,0,22,11,11,T5c,True,,,
720575940629048394,right,T5d,50,-2,21,12,9,T5d,True,,,
720575940629049862,left,T4a,396,-1,10,6,4,T4a,True,,,
720575940629050630,left,T5d,103,7,9,-3,12,T5d,True,,,
720575940629055055,left,T5b,39,0,20,10,10,T5b,True,,,
720575940629060170,right,T5a,276,2,3,-1,4,T5a,True,,,
720575940629063106,right,T4c,649,-1,5,3,2,T4c,True,,,
720575940629072134,left,T5c,415,6,12,0,12,T5c,True,,,
720575940629075279,right,T4b,100,2,-10,-7,-3,T4b,True,,,
720575940629075655,left,T4a,102,3,13,3,10,T4a,True,,,
720575940629076679,left,T4a,81,6,-2,-7,5,T4a,True,,,
720575940629078215,left,T4a,353,2,24,10,14,T4a,True,,,
720575940629082684,right,T5b,509,-4,10,9,1,T5b,True,,,
720575940629088508,right,T4a,642,-5,-11,-1,-10,T4a,True,,,
720575940629090320,left,T4b,773,5,-19,-15,-4,T4b,True,,,
720575940629099343,left,T5a,179,-5,-16,-3,-13,T5a,True,,,
720575940629099779,left,T5d,97,-5,2,6,-4,T5d,True,,,
720575940629105879,left,T4c,223,-2,26,15,11,T4c,True,,,
720575940629107984,right,T5a,168,-1,17,9,8,T5a,True,,,
720575940629111555,left,T4a,69,1,8,3,5,T4a,True,,,
720575940629116401,right,T5a,144,7,-11,-13,2,T5a,True,,,
720575940629118149,left,T4d,699,-5,0,5,-5,T4d,True,,,
720575940629119787,left,T5b,375,-6,7,9,-2,T5b,True,,,
720575940629119985,left,T5d,86,-5,-7,1,-8,T5d,True,,,
720575940629120732,right,T4a,712,-7,12,13,-1,T4a,True,,,
720575940629123175,right,T4a,174,4,-15,-12,-3,T4a,True,,,
720575940629124355,left,T5d,169,0,-18,-9,-9,T5d,True,,,
720575940629126503,right,T5c,347,-5,-13,-2,-11,T5c,True,,,
720575940629127759,left,T4a,262,1,-11,-7,-4,T4a,True,,,
720575940629128444,left,T4a,378,-3,18,12,6,T4a,True,,,
720575940629130343,left,T5c,23,-3,-16,-5,-11,T5c,True,,,
720575940629130539,left,T4b,232,-4,13,10,3,T4b,True,,,
720575940629134844,right,T5a,394,-7,-8,3,-11,T5a,True,,,
720575940629137001,left,T4d,452,1,-9,-6,-3,T4d,True,,,
720575940629138025,left,T5c,96,1,-10,-6,-4,T5c,True,,,
720575940629138587,left,T4d,36,6,8,-2,10,T4d,True,,,
720575940629148944,left,T4d,755,4,19,5,14,T4d,True,,,
720575940629151488,right,T5c,616,-3,15,10,5,T5c,True,,,
720575940629152505,left,T4c,659,-4,-6,1,-7,T4c,True,,,
720575940629152617,left,T5a,303,-5,22,16,6,T5a,True,,,
720575940629153641,left,T5d,542,6,-13,-13,0,T5d,True,,,
720575940629154780,left,T4b,342,2,-15,-10,-5,T4b,True,,,
720575940629156938,right,T5b,202,-1,27,14,13,T5b,True,,,
720575940629157275,left,T4a,113,-2,4,4,0,T4a,True,,,
720575940629159785,left,T5c,596,-4,-16,-4,-12,T5c,True,,,
720575940629163536,right,T4d,223,-2,26,15,11,T4d,True,,,
720575940629166635,left,T4a,720,-5,21,15,6,T4a,True,,,
720575940629169257,left,T4c,594,7,-16,-15,-1,T4c,True,,,
720575940629169680,left,T4c,307,5,-25,-18,-7,T4c,True,,,
720575940629170519,right,T4a,605,3,15,4,11,T4a,True,,,
720575940629176775,left,T4a,749,-2,1,2,-1,T4a,True,,,
720575940629178923,right,T4a,34,6,18,3,15,T4a,True,,,
720575940629180725,left,T4c,771,3,-27,-17,-10,T4c,True,,,
720575940629181712,left,T5a,46,-5,15,12,3,T5a,True,,,
720575940629181739,left,T4a,313,7,3,-6,9,T4a,True,,,
720575940629186921,left,T5d,778,7,-15,-15,0,T5d,True,,,
720575940629197723,left,T5b,586,2,18,7,11,T5b,True,,,
720575940629198439,left,T5b,651,-4,-5,1,-6,T5b,True,,,
720575940629198833,left,T4a,599,-1,9,5,4,T4a,True,,,
720575940629204523,left,T4b,46,-5,15,12,3,T4b,True,,,
720575940629205035,left,T4c,712,-7,12,13,-1,T4c,True,,,
720575940629205264,left,T5d,292,-4,18,13,5,T5d,True,,,
720575940629205291,left,T5b,707,-2,25,14,11,T5b,True,,,
720575940629205698,right,T5c,120,-1,-1,0,-1,T5c,True,,,
720575940629206910,left,T5a,233,4,-13,-11,-2,T5a,True,,,
720575940629207056,left,T4b,204,5,-2,-6,4,T4b,True,,,
720575940629208058,right,T5b,602,4,-2,-5,3,T5b,True,,,
720575940629209287,right,T4b,762,0,14,7,7,T4b,True,,,
720575940629210292,right,T4a,426,-3,0,3,-3,T4a,True,,,
720575940629211756,right,T4a,228,-7,1,7,-6,T4a,True,,,
720575940629214825,right,T5a,792,8,2,-7,9,T5a,True,,,
720575940629215452,left,T5d,9,4,9,0,9,T5d,True,,,
720575940629222915,right,T4b,237,-2,27,15,12,T4b,True,,,
720575940629223038,right,T5c,277,7,-3,-9,6,T5c,True,,,
720575940629223111,left,T5c,177,-2,-1,1,-2,T5c,True,,,
720575940629228816,right,T4a,222,-3,26,16,10,T4a,True,,,
720575940629228905,left,T5b,221,-7,3,8,-5,T5b,True,,,
720575940629229059,left,T4a,2,-8,2,9,-7,T4a,True,,,
720575940629231363,left,T4b,456,0,21,10,11,T4b,True,,,
720575940629231888,left,T5c,503,3,17,5,12,T5c,True,,,
720575940629239772,right,T4a,308,-5,8,9,-1,T4a,True,,,
720575940629243191,right,T5d,609,-2,0,2,-2,T5d,True,,,
720575940629245292,left,T4b,384,-6,-2,5,-7,T4b,True,,,
720575940629246456,left,T5a,737,0,19,9,10,T5a,True,,,
720575940629247224,left,T5d,658,1,20,9,11,T5d,True,,,
720575940629247480,left,T5b,166,0,18,9,9,T5b,True,,,
720575940629247736,left,T5d,737,0,19,9,10,T5d,True,,,
720575940629247992,left,T5a,760,0,17,8,9,T5a,True,,,
720575940629248248,left,T5a,166,0,18,9,9,T5a,True,,,
720575940629254594,right,T4d,235,4,11,1,10,T4d,True,,,
720575940629260035,right,T5b,273,-6,23,17,6,T5b,True,,,
720575940629260803,right,T5d,783,-4,28,18,10,T5d,True,,,
720575940629263098,right,T4c,617,-2,-17,-7,-10,T4c,True,,,
720575940629263610,right,T5b,183,-5,-15,-3,-12,T5b,True,,,
720575940629266179,right,T4b,783,-4,28,18,10,T4b,True,,,
720575940629267564,left,T5b,686,5,-22,-16,-6,T5b,True,,,
720575940629269607,left,T4c,209,-3,-8,-1,-7,T4c,True,,,
720575940629271046,left,T4b,767,1,28,13,15,T4b,True,,,
720575940629280586,right,T5c,364,4,4,-2,6,T5c,True,,,
720575940629286659,left,T4c,408,-6,-4,4,-8,T4c,True,,,
720575940629286991,left,T5b,700,5,15,2,13,T5b,True,,,
720575940629289466,left,T4c,374,2,13,4,9,T4c,True,,,
720575940629299355,right,T5a,496,7,8,-3,11,T5a,True,,,
720575940629304139,left,T5b,61,-4,-4,2,-6,T5b,True,,,
720575940629305347,right,T4a,98,-1,-12,-5,-7,T4a,True,,,
720575940629312330,left,T5d,58,3,12,3,9,T5d,True,,,
720575940629315995,right,T4d,540,-2,-9,-3,-6,T4d,True,,,
720575940629318351,right,T5b,493,-3,23,14,9,T5b,True,,,
720575940629318659,left,T5b,738,-3,13,9,4,T5b,True,,,
720575940629322395,right,T4c,223,-2,26,15,11,T4c,True,,,
720575940629324026,right,T5d,340,-4,17,12,5,T5d,True,,,
720575940629329516,left,T5b,72,0,-28,-14,-14,T5b,True,,,
720575940629331984,left,T4c,358,-3,17,11,6,T4c,True,,,
720575940629334427,right,T4d,766,2,-4,-4,0,T4d,True,,,
720575940629337243,left,T5c,607,1,18,8,10,T5c,True,,,
720575940629338011,right,T4a,734,2,0,-2,2,T4a,True,,,
720575940629339751,left,T5d,598,2,-18,-11,-7,T5d,True,,,
720575940629340012,right,T5c,634,-3,-15,-5,-10,T5c,True,,,
720575940629345383,left,T5a,679,4,18,5,13,T5a,True,,,
720575940629365612,right,T5a,23,-3,-16,-5,-11,T5a,True,,,
720575940629365776,right,T4b,472,1,25,11,14,T4b,True,,,
720575940629366631,right,T4a,252,3,23,8,15,T4a,True,,,
720575940629367043,right,T5c,62,0,-29,-15,-14,T5c,True,,,
720575940629369191,left,T5b,593,3,-14,-10,-4,T5b,True,,,
720575940629369722,right,T5a,132,2,4,0,4,T5a,True,,,
720575940629372775,right,T5a,304,6,5,-4,9,T5a,True,,,
720575940629375567,right,T5b,134,-5,-18,-4,-14,T5b,True,,,
720575940629375747,left,T4d,402,3,26,10,16,T4d,True,,,
720575940629379194,right,T5b,214,-5,3,6,-3,T5b,True,,,
720575940629380222,right,T4d,681,-2,-21,-9,-12,T4d,True,,,
720575940629383184,left,T5b,453,3,25,9,16,T5b,True,,,
720575940629385342,left,T5c,338,-1,0,1,-1,T5c,True,,,
720575940629388785,right,T5b,336,0,23,11,12,T5b,True,,,
720575940629391363,left,T4b,748,-4,20,14,6,T4b,True,,,
720575940629397915,left,T5c,74,-1,-9,-4,-5,T5c,True,,,
720575940629400619,left,T4a,684,-6,17,14,3,T4a,True,,,
720575940629413194,right,T4a,701,0,-4,-2,-2,T4a,True,,,
720575940629414479,left,T5b,717,2,-22,-13,-9,T5b,True,,,
720575940629414928,left,T4a,293,4,-17,-13,-4,T4a,True,,,
720575940629418690,left,T5c,466,1,14,6,8,T5c,True,,,
720575940629419386,right,T5c,395,0,-22,-11,-11,T5c,True,,,
720575940629421182,right,T5c,20,3,-11,-9,-2,T5c,True,,,
720575940629421304,left,T5c,202,-1,27,14,13,T5c,True,,,
720575940629424758,right,T5a,75,-6,14,13,1,T5a,True,,,
720575940629425602,right,T5a,338,-1,0,1,-1,T5a,True,,,
720575940629426046,right,T5c,152,3,-15,-11,-4,T5c,True,,,
720575940629428350,right,T4c,712,-7,12,13,-1,T4c,True,,,
720575940629433705,left,T5c,668,1,19,8,11,T5c,True,,,
720575940629434630,right,T5b,282,0,26,13,13,T5b,True,,,
720575940629435130,right,T4c,427,5,-18,-14,-4,T4c,True,,,
720575940629435497,right,T4d,610,2,-23,-14,-9,T4d,True,,,
720575940629436030,right,T5a,431,-2,-10,-3,-7,T5a,True,,,
720575940629442678,left,T4b,326,2,16,6,10,T4b,True,,,
720575940629445498,right,T4b,388,3,19,6,13,T4b,True,,,
720575940629452443,left,T5d,621,1,24,11,13,T5d,True,,,
720575940629453467,left,T5a,553,-3,16,11,5,T5a,True,,,
720575940629457786,right,T4d,37,1,5,1,4,T4d,True,,,
720575940629458694,left,T5b,225,2,-26,-15,-11,T5b,True,,,
720575940629461097,right,T5b,288,-1,30,16,14,T5b,True,,,
720575940629462646,left,T5c,545,5,11,0,11,T5c,True,,,
720575940629466679,right,T5d,29,-1,-3,-1,-2,T5d,True,,,
720575940629467262,right,T5a,12,-7,9,11,-2,T5a,True,,,
720575940629470107,left,T4d,622,-5,20,15,5,T4d,True,,,
720575940629472382,right,T5c,543,-1,-4,-1,-3,T5c,True,,,
720575940629472638,right,T5b,751,1,6,2,4,T5b,True,,,
720575940629473324,right,T5b,542,6,-13,-13,0,T5b,True,,,
720575940629474686,right,T5d,283,-4,4,6,-2,T5d,True,,,
720575940629476857,left,T4d,358,-3,17,11,6,T4d,True,,,
720575940629476986,left,T4a,752,-2,7,5,2,T4a,True,,,
720575940629477627,left,T5d,351,-1,-17,-8,-9,T5d,True,,,
720575940629477883,left,T5d,115,-4,2,5,-3,T5d,True,,,
720575940629480433,right,T4a,135,-3,-22,-8,-14,T4a,True,,,
720575940629481371,left,T5a,394,-7,-8,3,-11,T5a,True,,,
720575940629481467,left,T4c,739,-7,2,8,-6,T4c,True,,,
720575940629481515,left,T5c,598,2,-18,-11,-7,T5c,True,,,
720575940629485765,left,T5c,760,0,17,8,9,T5c,True,,,
720575940629486891,right,T4c,339,6,11,-1,12,T4c,True,,,
720575940629486927,left,T4c,680,-1,25,13,12,T4c,True,,,
720575940629491355,left,T5b,78,2,20,8,12,T5b,True,,,
720575940629491611,left,T5b,661,-3,14,10,4,T5b,True,,,
720575940629493251,left,T4d,690,-7,-3,5,-8,T4d,True,,,
720575940629493626,right,T5b,28,5,6,-2,8,T5b,True,,,
720575940629493863,left,T5c,615,-7,-7,3,-10,T5c,True,,,
720575940629494210,left,T4b,43,-5,18,14,4,T4b,True,,,
720575940629495887,left,T4c,756,5,20,5,15,T4c,True,,,
720575940629503319,right,T4b,6,-2,-4,0,-4,T4b,True,,,
720575940629519486,right,T5a,21,-2,19,11,8,T5a,True,,,
720575940629524730,right,T4a,567,-2,22,13,9,T4a,True,,,
720575940629525548,right,T5d,178,2,11,3,8,T5d,True,,,
720575940629525804,right,T5c,374,2,13,4,9,T5c,True,,,
720575940629526777,left,T4b,249,2,-12,-8,-4,T4b,True,,,
720575940629528080,right,T4c,660,2,28,12,16,T4c,True,,,
720575940629529295,left,T4c,195,-3,-1,2,-3,T4c,True,,,
720575940629530818,left,T5a,112,-6,1,6,-5,T5a,True,,,
720575940629532657,right,T4a,205,5,-6,-8,2,T4a,True,,,
720575940629534012,right,T5a,487,1,-1,-2,1,T5a,True,,,
720575940629538307,left,T5a,718,-5,24,17,7,T5a,True,,,
720575940629542930,right,T5a,608,1,10,4,6,T5a,True,,,
720575940629542955,left,T4b,227,-7,5,9,-4,T4b,True,,,
720575940629546959,right,T5c,581,3,9,1,8,T5c,True,,,
720575940629553487,left,T5b,255,-6,-13,-1,-12,T5b,True,,,
720575940629557803,right,T4c,93,-6,3,7,-4,T4c,True,,,
720575940629558906,right,T4c,527,-4,-8,0,-8,T4c,True,,,
720575940629559802,left,T4a,119,-2,6,5,1,T4a,True,,,
720575940629564432,left,T4b,435,5,-17,-14,-3,T4b,True,,,
720575940629564666,left,T4a,334,1,-26,-14,-12,T4a,True,,,
720575940629565690,left,T5b,382,3,-6,-6,0,T5b,True,,,
720575940629566334,left,T5d,606,-1,-19,-9,-10,T5d,True,,,
720575940629567358,right,T5a,572,-8,3,9,-6,T5a,True,,,
720575940629567729,left,T4a,308,-5,8,9,-1,T4a,True,,,
720575940629569218,right,T5a,473,-4,23,15,8,T5a,True,,,
720575940629570819,left,T4b,645,-4,27,17,10,T4b,True,,,
720575940629575921,right,T4b,275,-8,-1,7,-8,T4b,True,,,
720575940629578481,left,T4b,380,-1,29,15,14,T4b,True,,,
720575940629580158,left,T4b,411,-5,-19,-5,-14,T4b,True,,,
720575940629580414,right,T4c,703,-3,1,3,-2,T4c,True,,,
720575940629581946,left,T4c,673,2,5,0,5,T4c,True,,,
720575940629585116,left,T5b,459,5,-3,-7,4,T5b,True,,,
720575940629585146,right,T5d,495,4,5,-2,7,T5d,True,,,
720575940629591299,left,T4d,720,-5,21,15,6,T4d,True,,,
720575940629598658,right,T5a,451,4,20,6,14,T5a,True,,,
720575940629598846,right,T4d,737,0,19,9,10,T4d,True,,,
720575940629599350,left,T5a,114,2,-13,-9,-4,T5a,True,,,
720575940629599899,left,T4c,451,4,20,6,14,T4c,True,,,
720575940629600359,right,T4b,693,-3,25,15,10,T4b,True,,,
720575940629600506,left,T5b,552,4,-1,-5,4,T5b,True,,,
720575940629600812,right,T4d,443,-6,4,8,-4,T4d,True,,,
720575940629601786,left,T5c,176,-2,13,8,5,T5c,True,,,
720575940629602298,left,T4b,555,-4,9,8,1,T4b,True,,,
720575940629606394,left,T5b,128,3,-22,-14,-8,T5b,True,,,
720575940629609283,left,T5a,699,-5,0,5,-5,T5a,True,,,
720575940629609883,left,T5c,424,-3,-2,2,-4,T5c,True,,,
720575940629612226,left,T5d,142,-2,-18,-7,-11,T5d,True,,,
720575940629614065,left,T5c,572,-8,3,9,-6,T5c,True,,,
720575940629614577,left,T5d,736,-8,1,8,-7,T5d,True,,,
720575940629618170,left,T5a,372,1,-2,-2,0,T5a,True,,,
720575940629622910,right,T5d,470,4,-9,-9,0,T5d,True,,,
720575940629623004,right,T5c,365,4,7,-1,8,T5c,True,,,
720575940629624058,right,T4b,269,2,-19,-12,-7,T4b,True,,,
720575940629624407,right,T4d,652,-6,-11,0,-11,T4d,True,,,
720575940629627547,left,T5c,75,-6,14,13,1,T5c,True,,,
720575940629631735,right,T5a,405,3,10,2,8,T5a,True,,,
720575940629633015,right,T5d,510,-2,11,7,4,T5d,True,,,
720575940629636478,left,T5b,445,-2,8,6,2,T5b,True,,,
720575940629639223,right,T5c,387,-1,-15,-7,-8,T5c,True,,,
720575940629640695,left,T5c,601,1,16,7,9,T5c,True,,,
720575940629647554,left,T4b,528,2,7,1,6,T4b,True,,,
720575940629648999,left,T4b,742,-4,11,9,2,T4b,True,,,
720575940629652602,left,T4b,361,0,-7,-4,-3,T4b,True,,,
720575940629657210,right,T5a,633,-1,-24,-11,-13,T5a,True,,,
720575940629660239,right,T4a,632,3,-20,-13,-7,T4a,True,,,
720575940629660919,right,T4b,36,6,8,-2,10,T4b,True,,,
720575940629663938,right,T4a,428,-2,23,13,10,T4a,True,,,
720575940629665918,left,T4a,690,-7,-3,5,-8,T4a,True,,,
720575940629666938,left,T4a,384,-6,-2,5,-7,T4a,True,,,
720575940629671294,right,T4d,717,2,-22,-13,-9,T4d,True,,,
720575940629676599,left,T5a,633,-1,-24,-11,-13,T5a,True,,,
720575940629676666,left,T5b,195,-3,-1,2,-3,T5b,True,,,
720575940629682895,left,T4b,599,-1,9,5,4,T4b,True,,,
720575940629687143,left,T4c,592,3,-28,-17,-11,T4c,True,,,
720575940629690883,left,T4b,552,4,-1,-5,4,T4b,True,,,
720575940629693050,left,T5a,511,5,-11,-11,0,T5a,True,,,
720575940629696727,right,T4b,481,4,-8,-8,0,T4b,True,,,
720575940629699063,right,T5b,425,3,20,7,13,T5b,True,,,
720575940629699415,left,T5b,510,-2,11,7,4,T5b,True,,,
720575940629701246,left,T5a,326,2,16,6,10,T5a,True,,,
720575940629703503,left,T4d,165,4,16,4,12,T4d,True,,,
720575940629704058,right,T5c,615,-7,-7,3,-10,T5c,True,,,
720575940629707484,left,T5d,146,1,-6,-4,-2,T5d,True,,,
720575940629707628,right,T4d,644,-6,18,15,3,T4d,True,,,
720575940629707740,left,T5b,38,0,-2,-1,-1,T5b,True,,,
720575940629713719,right,T5c,64,4,-23,-16,-7,T5c,True,,,
720575940629713769,left,T5b,637,3,-21,-14,-7,T5b,True,,,
720575940629720311,right,T5d,174,4,-15,-12,-3,T5d,True,,,
720575940629723639,right,T4a,92,0,9,4,5,T4a,True,,,
720575940629730268,right,T5d,272,3,-2,-4,2,T5d,True,,,
720575940629730754,left,T5b,361,0,-7,-4,-3,T5b,True,,,
720575940629734147,left,T5b,746,-3,3,4,-1,T5b,True,,,
720575940629734487,left,T5b,55,-4,-11,-2,-9,T5b,True,,,
720575940629735294,left,T5a,277,7,-3,-9,6,T5a,True,,,
720575940629743927,left,T5d,152,3,-15,-11,-4,T5d,True,,,
720575940629753856,left,T4b,344,-2,-15,-6,-9,T4b,True,,,
720575940629754234,left,T4c,229,5,2,-4,6,T4c,True,,,
720575940629755947,right,T5b,310,2,22,9,13,T5b,True,,,
720575940629758330,right,T5d,62,0,-29,-15,-14,T5d,True,,,
720575940629759788,right,T5a,216,2,19,7,12,T5a,True,,,
720575940629760871,left,T4d,675,-7,19,16,3,T4d,True,,,
720575940629761146,right,T4a,115,-4,2,5,-3,T4a,True,,,
720575940629762426,right,T4b,203,3,-1,-4,3,T4b,True,,,
720575940629766247,right,T4c,284,0,25,12,13,T4c,True,,,
720575940629766759,right,T4d,677,0,11,5,6,T4d,True,,,
720575940629767015,right,T4c,50,-2,21,12,9,T4c,True,,,
720575940629771308,right,T5c,533,0,-16,-8,-8,T5c,True,,,
720575940629774071,left,T4c,475,-4,-1,3,-4,T4c,True,,,
720575940629775311,right,T4d,654,-3,8,7,1,T4d,True,,,
720575940629781698,left,T5d,506,1,-12,-7,-5,T5d,True,,,
720575940629782469,right,T4b,7,-6,-6,3,-9,T4b,True,,,
720575940629784108,right,T4a,524,4,-20,-14,-6,T4a,True,,,
720575940629785982,left,T4b,553,-3,16,11,5,T4b,True,,,
720575940629786490,left,T4a,204,5,-2,-6,4,T4a,True,,,
720575940629788098,left,T4c,598,2,-18,-11,-7,T4c,True,,,
720575940629788542,right,T5b,268,7,-6,-10,4,T5b,True,,,
720575940629789543,left,T5b,163,4,26,9,17,T5b,True,,,
720575940629791232,right,T5d,669,4,-16,-12,-4,T5d,True,,,
720575940629791311,left,T4d,763,-5,14,12,2,T4d,True,,,
720575940629794295,right,T4a,518,-4,22,15,7,T4a,True,,,
720575940629797180,right,T5c,518,-4,22,15,7,T5c,True,,,
720575940629801413,left,T4c,544,3,-13,-10,-3,T4c,True,,,
720575940629804087,right,T5c,95,4,-21,-15,-6,T5c,True,,,
720575940629807354,right,T5c,612,-3,-26,-10,-16,T5c,True,,,
720575940629808940,right,T4c,574,-6,5,8,-3,T4c,True,,,
720575940629814071,right,T4c,125,5,9,-1,10,T4c,True,,,
720575940629815490,right,T5c,192,7,10,-2,12,T5c,True,,,
720575940629819586,left,T4d,652,-6,-11,0,-11,T4d,True,,,
720575940629820790,right,T5c,391,4,-3,-6,3,T5c,True,,,
720575940629820972,right,T5c,261,-1,13,7,6,T5c,True,,,
720575940629821483,right,T5d,404,-1,20,11,9,T5d,True,,,
720575940629821696,right,T5c,511,5,-11,-11,0,T5c,True,,,
720575940629824965,left,T5a,58,3,12,3,9,T5a,True,,,
720575940629826007,right,T4d,688,-7,10,12,-2,T4d,True,,,
720575940629828990,left,T5a,481,4,-8,-8,0,T5a,True,,,
720575940629829687,right,T5a,165,4,16,4,12,T5a,True,,,
720575940629833472,right,T5a,71,-2,-3,0,-3,T5a,True,,,
720575940629835255,left,T5b,306,3,7,0,7,T5b,True,,,
720575940629835390,left,T4d,634,-3,-15,-5,-10,T4d,True,,,
720575940629836396,right,T5d,338,-1,0,1,-1,T5d,True,,,
720575940629837100,left,T4b,544,3,-13,-10,-3,T4b,True,,,
720575940629837868,right,T4a,490,-5,6,8,-2,T4a,True,,,
720575940629838080,right,T5a,116,-1,-8,-3,-5,T5a,True,,,
720575940629842719,left,T5a,106,-7,11,12,-1,T5a,True,,,
720575940629845352,left,T5c,151,-3,-14,-4,-10,T5c,True,,,
720575940629847808,right,T5b,299,-4,12,10,2,T5b,True,,,
720575940629851436,left,T4d,526,0,-10,-5,-5,T4d,True,,,
720575940629856194,left,T4a,5,-1,16,9,7,T4a,True,,,
720575940629856556,right,T4b,61,-4,-4,2,-6,T4b,True,,,
720575940629859663,right,T5a,440,1,23,10,13,T5a,True,,,
720575940629860608,right,T5a,319,-2,5,4,1,T5a,True,,,
720575940629860858,left,T5a,188,-5,17,13,4,T5a,True,,,
720575940629860967,left,T4d,438,2,27,11,16,T4d,True,,,
720575940629863680,right,T5d,663,0,8,4,4,T5d,True,,,
720575940629869253,left,T4c,378,-3,18,12,6,T4c,True,,,
720575940629871207,left,T5c,245,-5,-3,3,-6,T5c,True,,,
720575940629871226,left,T4a,423,3,-18,-12,-6,T4a,True,,,
720575940629872172,right,T4b,749,-2,1,2,-1,T4b,True,,,
720575940629873402,left,T4a,141,5,-23,-17,-6,T4a,True,,,
720575940629874492,left,T4d,747,0,2,1,1,T4d,True,,,
720575940629875415,left,T5c,264,-1,-6,-2,-4,T5c,True,,,
720575940629875906,right,T4a,574,-6,5,8,-3,T4a,True,,,
720575940629877248,left,T5a,115,-4,2,5,-3,T5a,True,,,
720575940629880108,right,T4b,476,-1,15,8,7,T4b,True,,,
720575940629880832,left,T5d,276,2,3,-1,4,T5d,True,,,
720575940629885696,right,T4d,457,-2,17,10,7,T4d,True,,,
720575940629886268,left,T4c,3,6,-12,-12,0,T4c,True,,,
720575940629886524,right,T5a,469,-7,13,13,0,T5a,True,,,
720575940629886992,left,T4b,60,-8,8,12,-4,T4b,True,,,
720575940629887173,right,T4c,435,5,-17,-14,-3,T4c,True,,,
720575940629890364,right,T4a,197,0,-20,-10,-10,T4a,True,,,
720575940629904399,left,T4d,198,6,2,-5,7,T4d,True,,,
720575940629905255,right,T4b,217,6,15,1,14,T4b,True,,,
720575940629908418,right,T4b,158,3,-5,-6,1,T4b,True,,,
720575940629909607,left,T5d,551,-4,-9,-1,-8,T5d,True,,,
720575940629913655,right,T4b,601,1,16,7,9,T4b,True,,,
720575940629918661,left,T4c,515,-8,-7,4,-11,T4c,True,,,
720575940629919788,left,T4d,611,-1,-18,-8,-10,T4d,True,,,
720575940629921730,left,T4d,135,-3,-22,-8,-14,T4d,True,,,
720575940629924919,left,T5a,10,5,-15,-13,-2,T5a,True,,,
720575940629924924,right,T5a,358,-3,17,11,6,T5a,True,,,
720575940629926615,left,T5a,531,1,0,-1,1,T5a,True,,,
720575940629929925,right,T4a,562,-5,-2,4,-6,T4a,True,,,
720575940629930284,left,T5a,564,3,-23,-15,-8,T5a,True,,,
720575940629930539,left,T4c,402,3,26,10,16,T4c,True,,,
720575940629933047,left,T5b,362,2,-20,-12,-8,T5b,True,,,
720575940629933561,right,T4d,148,-7,-11,1,-12,T4d,True,,,
720575940629933586,left,T4b,269,2,-19,-12,-7,T4b,True,,,
720575940629933762,right,T4b,585,-1,-23,-11,-12,T4b,True,,,
720575940629934095,left,T4b,304,6,5,-4,9,T4b,True,,,
720575940629936375,left,T4a,694,4,3,-3,6,T4a,True,,,
720575940629939447,left,T4b,614,-2,-8,-2,-6,T4b,True,,,
720575940629940791,right,T5a,245,-5,-3,3,-6,T5a,True,,,
720575940629941975,left,T4c,369,5,-5,-8,3,T4c,True,,,
720575940629942827,right,T4c,81,6,-2,-7,5,T4c,True,,,
720575940629944594,left,T4b,575,6,9,-2,11,T4b,True,,,
720575940629947383,right,T5c,558,-4,-21,-7,-14,T5c,True,,,
720575940629950482,right,T5a,334,1,-26,-14,-12,T5a,True,,,
720575940629954064,left,T4b,221,-7,3,8,-5,T4b,True,,,
720575940629955778,right,T5c,180,2,-27,-16,-11,T5c,True,,,
720575940629955884,left,T4d,772,1,12,5,7,T4d,True,,,
720575940629961175,right,T5b,188,-5,17,13,4,T5b,True,,,
720575940629962300,right,T5a,661,-3,14,10,4,T5a,True,,,
720575940629969936,right,T4c,638,-1,7,4,3,T4c,True,,,
720575940629970647,right,T4b,152,3,-15,-11,-4,T4b,True,,,
720575940629971834,left,T4a,535,8,-4,-10,6,T4a,True,,,
720575940629973292,left,T4b,27,0,-25,-13,-12,T4b,True,,,
720575940629977303,left,T4d,406,1,-25,-14,-11,T4d,True,,,
720575940629977959,right,T5c,323,-7,-13,0,-13,T5c,True,,,
720575940629984220,right,T5d,275,-8,-1,7,-8,T5d,True,,,
720575940629987575,right,T5d,733,-5,-17,-4,-13,T5d,True,,,
720575940629991162,left,T5d,414,4,21,6,15,T5d,True,,,
720575940629999575,left,T4b,250,-1,1,1,0,T4b,True,,,
720575940629999831,left,T4a,457,-2,17,10,7,T4a,True,,,
720575940630002507,left,T4a,609,-2,0,2,-2,T4a,True,,,
720575940630003983,right,T5b,433,0,-8,-4,-4,T5b,True,,,
720575940630006910,left,T4d,724,4,2,-3,5,T4d,True,,,
720575940630007115,left,T5c,420,6,-3,-8,5,T5c,True,,,
720575940630009047,right,T5a,432,-5,7,8,-1,T5a,True,,,
720575940630010955,left,T5c,313,7,3,-6,9,T5c,True,,,
720575940630011434,left,T5a,516,7,-18,-16,-2,T5a,True,,,
720575940630015098,left,T4a,567,-2,22,13,9,T4a,True,,,
720575940630017295,left,T5b,265,-6,-1,5,-6,T5b,True,,,
720575940630020171,right,T4d,491,7,-1,-8,7,T4d,True,,,
720575940630021963,left,T4b,639,-4,19,13,6,T4b,True,,,
720575940630024779,right,T5b,68,3,16,5,11,T5b,True,,,
720575940630024826,left,T5c,693,-3,25,15,10,T5c,True,,,
720575940630026039,right,T5c,131,-6,20,16,4,T5c,True,,,
720575940630028154,left,T5c,367,-6,-15,-2,-13,T5c,True,,,
720575940630029131,right,T4d,273,-6,23,17,6,T4d,True,,,
720575940630029612,right,T5b,597,4,1,-4,5,T5b,True,,,
720575940630033483,left,T4c,75,-6,14,13,1,T4c,True,,,
720575940630039180,left,T5d,162,-4,-2,3,-5,T5d,True,,,
720575940630042076,left,T4c,602,4,-2,-5,3,T4c,True,,,
720575940630043727,right,T4c,361,0,-7,-4,-3,T4c,True,,,
720575940630044775,left,T4a,767,1,28,13,15,T4a,True,,,
720575940630046976,left,T4a,133,-3,20,13,7,T4a,True,,,
720575940630049836,left,T5c,383,-6,11,11,0,T5c,True,,,
720575940630050686,left,T5d,82,-7,7,10,-3,T5d,True,,,
720575940630052396,left,T5a,477,-3,2,4,-2,T5a,True,,,
720575940630053314,left,T5c,239,-6,6,9,-3,T5c,True,,,
720575940630054219,right,T4b,346,-7,-9,2,-11,T4b,True,,,
720575940630055806,left,T4d,513,-4,-13,-3,-10,T4d,True,,,
720575940630058571,left,T4d,604,-1,-29,-14,-15,T4d,True,,,
720575940630066218,left,T4d,546,3,6,0,6,T4d,True,,,
720575940630066908,right,T4c,750,4,-24,-16,-8,T4c,True,,,
720575940630067164,right,T4c,168,-1,17,9,8,T4c,True,,,
720575940630067676,right,T5b,241,2,-17,-11,-6,T5b,True,,,
720575940630070007,right,T4d,476,-1,15,8,7,T4d,True,,,
720575940630081280,left,T5c,737,0,19,9,10,T5c,True,,,
720575940630083706,right,T5a,450,2,-9,-7,-2,T5a,True,,,
720575940630084060,right,T4a,270,1,-8,-5,-3,T4a,True,,,
720575940630084316,right,T5a,262,1,-11,-7,-4,T5a,True,,,
720575940630086138,right,T4a,777,6,20,4,16,T4a,True,,,
720575940630086394,right,T4c,226,5,19,4,15,T4c,True,,,
720575940630086455,left,T5d,149,6,-14,-13,-1,T5d,True,,,
720575940630086876,right,T4c,640,-1,-16,-7,-9,T4c,True,,,
720575940630086906,right,T4d,34,6,18,3,15,T4d,True,,,
720575940630087294,left,T5d,61,-4,-4,2,-6,T5d,True,,,
720575940630089271,left,T4a,710,4,-25,-17,-8,T4a,True,,,
720575940630092288,right,T5c,85,4,-22,-15,-7,T5c,True,,,
720575940630096375,left,T5b,132,2,4,0,4,T5b,True,,,
720575940630100471,right,T4a,71,-2,-3,0,-3,T4a,True,,,
720575940630105106,right,T4b,226,5,19,4,15,T4b,True,,,
720575940630108204,right,T4d,405,3,10,2,8,T4d,True,,,
720575940630109660,left,T5c,127,0,15,7,8,T5c,True,,,
720575940630113218,left,T5d,553,-3,16,11,5,T5d,True,,,
720575940630114938,right,T5d,48,-4,-22,-7,-15,T5d,True,,,
720575940630117570,left,T5d,17,1,-5,-4,-1,T5d,True,,,
720575940630118338,right,T5a,784,-4,29,18,11,T5a,True,,,
720575940630118871,right,T5b,416,3,-8,-7,-1,T5b,True,,,
720575940630126391,right,T4c,479,-2,10,7,3,T4c,True,,,
720575940630127742,left,T5b,740,2,-8,-6,-2,T5b,True,,,
720575940630140491,right,T5d,90,-4,5,6,-1,T5d,True,,,
720575940630141050,right,T5c,753,-3,24,15,9,T5c,True,,,
720575940630142521,right,T5c,458,5,0,-5,5,T5c,True,,,
720575940630145500,right,T5a,177,-2,-1,1,-2,T5a,True,,,
720575940630145536,left,T5a,151,-3,-14,-4,-10,T5a,True,,,
720575940630147781,right,T4a,785,-3,30,18,12,T4a,True,,,
720575940630151996,right,T4b,653,-6,-12,0,-12,T4b,True,,,
720575940630153324,right,T4b,708,-4,-25,-9,-16,T4b,True,,,
720575940630155202,left,T4b,631,1,26,12,14,T4b,True,,,
720575940630163260,left,T4b,184,-6,-5,3,-8,T4b,True,,,
720575940630173655,left,T4d,657,-2,-25,-11,-14,T4d,True,,,
720575940630175488,right,T4a,269,2,-19,-12,-7,T4a,True,,,
720575940630176567,left,T5d,33,3,18,6,12,T5d,True,,,
720575940630180222,left,T4b,390,-6,-9,1,-10,T4b,True,,,
720575940630182364,right,T4c,369,5,-5,-8,3,T4c,True,,,
720575940630184826,left,T4d,432,-5,7,8,-1,T4d,True,,,
720575940630185342,right,T4d,592,3,-28,-17,-11,T4d,True,,,
720575940630192439,left,T4a,588,1,4,1,3,T4a,True,,,
720575940630192640,right,T4b,556,0,10,5,5,T4b,True,,,
720575940630195326,left,T5c,413,-2,-7,-2,-5,T5c,True,,,
720575940630201593,left,T4a,600,3,-10,-8,-2,T4a,True,,,
720575940630204202,left,T4d,119,-2,6,5,1,T4d,True,,,
720575940630204476,left,T5c,21,-2,19,11,8,T5c,True,,,
720575940630204636,right,T5b,163,-9,7,12,-5,T5b,True,,,
720575940630206508,left,T5d,528,2,7,1,6,T5d,True,,,
720575940630210103,right,T5d,542,6,-13,-13,0,T5d,True,,,
720575940630210602,left,T4a,696,-2,16,10,6,T4a,True,,,
720575940630211628,left,T4d,558,-4,-21,-7,-14,T4d,True,,,
720575940630219479,right,T4c,440,1,23,10,13,T4c,True,,,
720575940630219580,left,T4c,407,-5,-10,0,-10,T4c,True,,,
720575940630221980,right,T5b,697,1,-22,-12,-10,T5b,True,,,
720575940630222391,left,T4b,319,-2,5,4,1,T4b,True,,,
720575940630229719,left,T4c,663,0,8,4,4,T4c,True,,,
720575940630230376,right,T4a,526,0,-10,-5,-5,T4a,True,,,
720575940630231607,left,T4c,241,2,-17,-11,-6,T4c,True,,,
720575940630243739,left,T4b,653,-6,-12,0,-12,T4b,True,,,
720575940630245431,left,T4c,689,-2,18,11,7,T4c,True,,,
720575940630246555,right,T5b,524,4,-20,-14,-6,T5b,True,,,
720575940630250092,right,T5a,112,-6,1,6,-5,T5a,True,,,
720575940630250490,left,T5b,12,-7,9,11,-2,T5b,True,,,
720575940630251884,right,T4c,353,2,24,10,14,T4c,True,,,
720575940630252604,left,T4a,74,-1,-9,-4,-5,T4a,True,,,
720575940630258135,right,T4b,547,-1,21,11,10,T4b,True,,,
720575940630258903,right,T5d,328,5,-9,-10,1,T5d,True,,,
720575940630260188,right,T4b,340,-4,17,12,5,T4b,True,,,
720575940630262735,right,T5a,59,-2,2,3,-1,T5a,True,,,
720575940630264320,left,T5a,479,-2,10,7,3,T5a,True,,,
720575940630264919,right,T5b,294,1,-20,-11,-9,T5b,True,,,
720575940630265339,right,T4d,423,3,-18,-12,-6,T4d,True,,,
720575940630266746,left,T4b,768,3,5,-1,6,T4b,True,,,
720575940630267447,left,T5a,137,5,-7,-9,2,T5a,True,,,
720575940630268780,right,T4c,365,4,7,-1,8,T4c,True,,,
720575940630269500,right,T4d,398,-3,22,14,8,T4d,True,,,
720575940630272411,left,T4a,719,1,27,12,15,T4a,True,,,
720575940630273150,left,T5a,777,6,20,4,16,T5a,True,,,
720575940630280508,right,T4a,741,-2,-14,-5,-9,T4a,True,,,
720575940630285527,left,T5b,481,4,-8,-8,0,T5b,True,,,
720575940630298615,right,T4d,582,-1,23,12,11,T4d,True,,,
720575940630299127,right,T5b,727,7,6,-4,10,T5b,True,,,
720575940630299434,left,T5a,701,0,-4,-2,-2,T5a,True,,,
720575940630304894,right,T4c,759,7,14,0,14,T4c,True,,,
720575940630305271,right,T5c,104,-1,-27,-13,-14,T5c,True,,,
720575940630305756,right,T5a,788,3,27,10,17,T5a,True,,,
720575940630306007,right,T5b,351,-1,-17,-8,-9,T5b,True,,,
720575940630306174,left,T5c,327,5,3,-4,7,T5c,True,,,
720575940630306767,right,T5a,288,-1,30,16,14,T5a,True,,,
720575940630308060,left,T4b,278,-5,10,10,0,T4b,True,,,
720575940630310191,left,T4b,375,-6,7,9,-2,T4b,True,,,
720575940630315052,right,T4c,411,-5,-19,-5,-14,T4c,True,,,
720575940630320087,right,T5c,670,5,5,-3,8,T5c,True,,,
720575940630321401,right,T5b,113,-2,4,4,0,T5b,True,,,
720575940630322688,right,T5a,153,8,0,-8,8,T5a,True,,,
720575940630324035,right,T5c,586,2,18,7,11,T5c,True,,,
720575940630325591,right,T4a,154,-8,0,8,-8,T4a,True,,,
720575940630329591,left,T4d,310,2,22,9,13,T4d,True,,,
720575940630331095,right,T4d,141,5,-23,-17,-6,T4d,True,,,
720575940630334459,right,T4b,148,-7,-11,1,-12,T4b,True,,,
720575940630334787,left,T5a,313,7,3,-6,9,T5a,True,,,
720575940630334940,left,T5c,261,-1,13,7,6,T5c,True,,,
720575940630335737,left,T5a,310,2,22,9,13,T5a,True,,,
720575940630341371,right,T5b,319,-2,5,4,1,T5b,True,,,
720575940630342615,left,T5c,570,2,25,10,15,T5c,True,,,
720575940630342907,right,T5c,212,2,-16,-10,-6,T5c,True,,,
720575940630343030,right,T4d,152,3,-15,-11,-4,T4d,True,,,
720575940630351068,right,T5d,35,1,-24,-13,-11,T5d,True,,,
720575940630356844,right,T5d,309,-6,12,12,0,T5d,True,,,
720575940630357243,left,T5b,136,0,3,1,2,T5b,True,,,
720575940630359296,left,T4c,490,-5,6,8,-2,T4c,True,,,
720575940630359545,right,T5d,242,-4,6,7,-1,T5d,True,,,
720575940630359875,left,T5d,570,2,25,10,15,T5d,True,,,
720575940630360119,left,T5a,577,5,-14,-12,-2,T5a,True,,,
720575940630363387,right,T5a,213,3,-4,-5,1,T5a,True,,,
720575940630364012,right,T5c,569,6,6,-3,9,T5c,True,,,
720575940630364160,right,T5b,62,0,-29,-15,-14,T5b,True,,,
720575940630364983,right,T5b,551,-4,-9,-1,-8,T5b,True,,,
720575940630365689,right,T4b,753,-3,24,15,9,T4b,True,,,
720575940630368343,right,T4d,156,-9,1,9,-8,T4d,True,,,
720575940630368732,right,T4a,55,-4,-11,-2,-9,T4a,True,,,
720575940630372603,left,T4d,52,-1,-22,-10,-12,T4d,True,,,
720575940630375419,left,T5c,90,-4,5,6,-1,T5c,True,,,
720575940630375542,right,T5b,190,-3,-5,0,-5,T5b,True,,,
720575940630376443,left,T4c,548,1,-16,-9,-7,T4c,True,,,
720575940630377975,left,T5d,205,5,-6,-8,2,T5d,True,,,
720575940630377984,left,T5c,81,6,-2,-7,5,T5c,True,,,
720575940630378583,right,T4b,699,-5,0,5,-5,T4b,True,,,
720575940630381007,right,T4c,426,-3,0,3,-3,T4c,True,,,
720575940630382966,right,T5b,97,-5,2,6,-4,T5b,True,,,
720575940630383159,left,T5b,508,-5,11,10,1,T5b,True,,,
720575940630383836,left,T4c,262,1,-11,-7,-4,T4c,True,,,
720575940630385014,right,T5d,43,-5,18,14,4,T5d,True,,,
720575940630387318,right,T5a,232,-4,13,10,3,T5a,True,,,
720575940630388086,right,T5d,278,-5,10,10,0,T5d,True,,,
720575940630389445,right,T5b,487,1,-1,-2,1,T5b,True,,,
720575940630390236,left,T4c,672,-8,11,13,-2,T4c,True,,,
720575940630391596,left,T4d,127,0,15,7,8,T4d,True,,,
720575940630400374,right,T4b,193,-5,4,7,-3,T4b,True,,,
720575940630401910,right,T5d,92,0,9,4,5,T5d,True,,,
720575940630405676,left,T4c,303,-5,22,16,6,T4c,True,,,
720575940630405930,left,T5d,129,0,-13,-7,-6,T5d,True,,,
720575940630414647,left,T4a,300,4,-18,-13,-5,T4a,True,,,
720575940630418263,right,T4b,687,-6,-3,4,-7,T4b,True,,,
720575940630420284,left,T4b,162,-4,-2,3,-5,T4b,True,,,
720575940630420444,right,T4b,625,-2,24,14,10,T4b,True,,,
720575940630420730,right,T4b,371,6,-5,-9,4,T4b,True,,,
720575940630423596,left,T5b,696,-2,16,10,6,T5b,True,,,
720575940630426947,right,T4c,194,0,-5,-3,-2,T4c,True,,,
720575940630427496,left,T4b,259,-7,-5,4,-9,T4b,True,,,
720575940630427510,right,T4d,308,-5,8,9,-1,T4d,True,,,
720575940630428892,right,T4c,14,0,-27,-14,-13,T4c,True,,,
720575940630434297,right,T5c,185,2,-11,-8,-3,T5c,True,,,
720575940630437228,right,T4b,19,-7,17,15,2,T4b,True,,,
720575940630441082,left,T5d,121,-8,4,10,-6,T5d,True,,,
720575940630444396,right,T4d,31,0,16,8,8,T4d,True,,,
720575940630444652,right,T4d,5,-1,16,9,7,T4d,True,,,
720575940630449628,right,T5a,766,2,-4,-4,0,T5a,True,,,
720575940630451415,left,T4a,488,7,5,-5,10,T4a,True,,,
720575940630451543,right,T5a,275,-8,-1,7,-8,T5a,True,,,
720575940630452183,left,T5a,103,7,9,-3,12,T5a,True,,,
720575940630452731,left,T5b,13,-1,-26,-12,-14,T5b,True,,,
720575940630453239,left,T4c,783,-4,28,18,10,T4c,True,,,
720575940630454263,right,T4d,189,6,13,0,13,T4d,True,,,
720575940630456151,right,T5c,175,-6,-7,2,-9,T5c,True,,,
720575940630457335,right,T4a,759,7,14,0,14,T4a,True,,,
720575940630462524,left,T4c,160,-2,20,12,8,T4c,True,,,
720575940630463232,left,T4a,291,7,2,-6,8,T4a,True,,,
720575940630463804,left,T4b,378,-3,18,12,6,T4b,True,,,
720575940630465910,right,T4d,39,0,20,10,10,T4d,True,,,
720575940630467269,right,T5a,591,3,-3,-5,2,T5a,True,,,
720575940630469699,right,T4d,490,-5,6,8,-2,T4d,True,,,
720575940630469881,right,T4d,687,-6,-3,4,-7,T4d,True,,,
720575940630469944,left,T4c,561,5,7,-2,9,T4c,True,,,
720575940630470999,right,T5d,45,-5,-1,4,-5,T5d,True,,,
720575940630472156,left,T5d,556,0,10,5,5,T5d,True,,,
720575940630475996,left,T4a,685,-5,-9,0,-9,T4a,True,,,
720575940630484141,left,T4d,194,0,-5,-3,-2,T4d,True,,,
720575940630484311,right,T4a,336,0,23,11,12,T4a,True,,,
720575940630491756,left,T5b,685,-5,-9,0,-9,T5b,True,,,
720575940630495804,left,T4c,496,7,8,-3,11,T4c,True,,,
720575940630498268,left,T5a,15,2,-3,-4,1,T5a,True,,,
720575940630507095,left,T5d,334,1,-26,-14,-12,T5d,True,,,
720575940630507116,right,T4b,2,-8,2,9,-7,T4b,True,,,
720575940630507740,left,T5d,561,5,7,-2,9,T5d,True,,,
720575940630509116,left,T5d,641,-8,-5,5,-10,T5d,True,,,
720575940630511557,right,T4d,248,-6,0,6,-6,T4d,True,,,
720575940630512758,left,T5a,242,-4,6,7,-1,T5a,True,,,
720575940630516854,left,T4b,572,-8,3,9,-6,T4b,True,,,
720575940630518071,right,T5c,707,-2,25,14,11,T5c,True,,,
720575940630520407,right,T4a,278,-5,10,10,0,T4a,True,,,
720575940630520919,left,T4a,742,-4,11,9,2,T4a,True,,,
720575940630521923,right,T4b,310,2,22,9,13,T4b,True,,,
720575940630524631,right,T4a,20,3,-11,-9,-2,T4a,True,,,
720575940630526009,right,T4d,277,7,-3,-9,6,T4d,True,,,
720575940630526039,left,T4b,604,-1,-29,-14,-15,T4b,True,,,
720575940630532183,right,T4b,630,4,8,0,8,T4b,True,,,
720575940630533176,right,T5c,378,-3,18,12,6,T5c,True,,,
720575940630541519,right,T5d,136,0,3,1,2,T5d,True,,,
720575940630543055,right,T5d,637,3,-21,-14,-7,T5d,True,,,
720575940630545239,left,T4b,662,2,-1,-3,2,T4b,True,,,
720575940630545871,left,T4c,395,0,-22,-11,-11,T4c,True,,,
720575940630546231,left,T4d,383,-6,11,11,0,T4d,True,,,
720575940630548055,right,T4a,356,0,22,11,11,T4a,True,,,
720575940630549575,left,T4c,550,-2,3,3,0,T4c,True,,,
720575940630549831,left,T4c,396,-1,10,6,4,T4c,True,,,
720575940630555436,left,T4c,731,-6,9,10,-1,T4c,True,,,
720575940630559991,right,T5c,230,2,9,2,7,T5c,True,,,
720575940630560763,right,T5b,796,4,26,9,17,T5b,True,,,
720575940630564716,left,T4b,527,-4,-8,0,-8,T4b,True,,,
720575940630566113,right,T4d,510,-2,11,7,4,T4d,True,,,
720575940630568310,left,T5b,591,3,-3,-5,2,T5b,True,,,
720575940630570812,left,T4d,285,6,-18,-15,-3,T4d,True,,,
720575940630572092,left,T5d,447,-1,2,2,0,T5d,True,,,
720575940630574966,left,T5b,771,3,-27,-17,-10,T5b,True,,,
720575940630575148,left,T4a,692,-4,24,16,8,T4a,True,,,
720575940630578294,right,T5a,266,-1,-25,-12,-13,T5a,True,,,
720575940630582523,right,T5c,187,3,21,7,14,T5c,True,,,
720575940630582779,right,T5d,425,3,20,7,13,T5d,True,,,
720575940630587855,right,T4c,165,4,16,4,12,T4c,True,,,
720575940630588111,right,T4d,348,3,14,4,10,T4d,True,,,
720575940630588367,right,T5b,659,-4,-6,1,-7,T5b,True,,,
720575940630589177,left,T5b,748,-4,20,14,6,T5b,True,,,
720575940630590590,right,T5d,288,-1,30,16,14,T5d,True,,,
720575940630591358,right,T5c,207,1,29,13,16,T5c,True,,,
720575940630591606,left,T4a,389,4,-28,-18,-10,T4a,True,,,
720575940630594135,right,T5c,101,-7,6,10,-4,T5c,True,,,
720575940630596345,left,T4d,758,5,-1,-6,5,T4d,True,,,
720575940630597719,left,T5b,385,-3,-18,-6,-12,T5b,True,,,
720575940630599468,left,T4b,677,0,11,5,6,T4b,True,,,
720575940630604047,right,T5b,16,-2,-16,-6,-10,T5b,True,,,
720575940630605932,right,T4b,209,-3,-8,-1,-7,T4b,True,,,
720575940630606137,left,T5a,710,4,-25,-17,-8,T5a,True,,,
720575940630610046,right,T4c,778,4,25,8,17,T4c,True,,,
720575940630614981,right,T5b,687,-6,-3,4,-7,T5b,True,,,
720575940630617285,right,T5c,647,-4,-7,0,-7,T5c,True,,,
720575940630617337,left,T5c,677,0,11,5,6,T5c,True,,,
720575940630619510,right,T4b,596,-4,-16,-4,-12,T4b,True,,,
720575940630619599,right,T5b,220,2,-6,-5,-1,T5b,True,,,
720575940630620154,right,T5c,289,-1,11,6,5,T5c,True,,,
720575940630620985,left,T5c,646,6,-24,-18,-6,T5c,True,,,
720575940630623819,left,T5c,620,7,1,-7,8,T5c,True,,,
720575940630625654,right,T4c,585,-1,-23,-11,-12,T4c,True,,,
720575940630627897,left,T5c,738,-3,13,9,4,T5c,True,,,
720575940630628726,left,T4b,468,-3,11,8,3,T4b,True,,,
720575940630634636,left,T4a,707,-2,25,14,11,T4a,True,,,
720575940630638841,left,T4c,581,3,9,1,8,T4c,True,,,
720575940630640604,left,T4b,420,6,-3,-8,5,T4b,True,,,
720575940630643164,left,T4d,504,-2,9,6,3,T4d,True,,,
720575940630645356,right,T4d,161,4,-14,-11,-3,T4d,True,,,
720575940630645729,right,T5c,504,-2,9,6,3,T5c,True,,,
720575940630649196,left,T5c,331,1,-15,-9,-6,T5c,True,,,
720575940630650220,left,T5d,752,-2,7,5,2,T5d,True,,,
720575940630651991,right,T5a,122,-5,9,9,0,T5a,True,,,
720575940630652665,left,T5d,285,6,-18,-15,-3,T5d,True,,,
720575940630653515,right,T5a,120,-1,-1,0,-1,T5a,True,,,
720575940630654459,left,T5b,720,-5,21,15,6,T5b,True,,,
720575940630654927,right,T5d,672,-8,11,13,-2,T5d,True,,,
720575940630658041,right,T4b,322,2,26,11,15,T4b,True,,,
720575940630667576,right,T4c,119,-2,6,5,1,T4c,True,,,
720575940630668492,left,T4a,750,4,-24,-16,-8,T4a,True,,,
720575940630669672,right,T5c,682,6,-8,-10,2,T5c,True,,,
720575940630673623,left,T4b,279,-4,8,8,0,T4b,True,,,
720575940630674647,left,T4a,631,1,26,12,14,T4a,True,,,
720575940630675415,right,T4c,568,-6,-8,2,-10,T4c,True,,,
720575940630675705,left,T5a,54,-4,3,5,-2,T5a,True,,,
720575940630675756,right,T4c,515,-8,-7,4,-11,T4c,True,,,
720575940630676217,left,T5b,278,-5,10,10,0,T5b,True,,,
720575940630677100,left,T4d,746,-3,3,4,-1,T4d,True,,,
720575940630682220,left,T5c,174,4,-15,-12,-3,T5c,True,,,
720575940630683692,right,T5d,518,-4,22,15,7,T5d,True,,,
720575940630687350,left,T4b,276,2,3,-1,4,T4b,True,,,
720575940630688207,right,T5a,639,-4,19,13,6,T5a,True,,,
720575940630697334,left,T5b,649,-1,5,3,2,T5b,True,,,
720575940630698496,left,T4d,386,-6,19,15,4,T4d,True,,,
720575940630700684,right,T4b,734,2,0,-2,2,T4b,True,,,
720575940630701430,left,T5d,379,3,-17,-12,-5,T5d,True,,,
720575940630703865,left,T4b,174,4,-15,-12,-3,T4b,True,,,
720575940630705995,right,T4a,96,1,-10,-6,-4,T4a,True,,,
720575940630706169,right,T4c,740,2,-8,-6,-2,T4c,True,,,
720575940630706302,right,T5a,268,7,-6,-10,4,T5a,True,,,
720575940630706683,right,T4b,429,-2,14,9,5,T4b,True,,,
720575940630707193,left,T5a,438,2,27,11,16,T5a,True,,,
720575940630710521,left,T4b,374,2,13,4,9,T4b,True,,,
720575940630711127,left,T5c,446,2,-14,-9,-5,T5c,True,,,
720575940630713081,right,T4d,666,7,-13,-14,1,T4d,True,,,
720575940630715129,left,T5b,75,-6,14,13,1,T5b,True,,,
720575940630719340,right,T4a,427,5,-18,-14,-4,T4a,True,,,
720575940630723671,right,T4c,335,2,8,2,6,T4c,True,,,
720575940630723685,right,T5a,444,4,-10,-9,-1,T5a,True,,,
720575940630723948,left,T4b,56,1,-13,-8,-5,T4b,True,,,
720575940630725162,left,T5d,120,-1,-1,0,-1,T5d,True,,,
720575940630725340,left,T4b,285,6,-18,-15,-3,T4b,True,,,
720575940630727276,left,T4a,315,-3,-6,0,-6,T4a,True,,,
720575940630729180,left,T4d,171,6,-20,-16,-4,T4d,True,,,
720575940630729320,right,T5b,635,6,-6,-9,3,T5b,True,,,
720575940630729580,left,T5d,255,-6,-13,-1,-12,T5d,True,,,
720575940630735447,right,T4a,497,6,1,-6,7,T4a,True,,,
720575940630738775,right,T4d,57,6,-11,-12,1,T4d,True,,,
720575940630739705,right,T4c,270,1,-8,-5,-3,T4c,True,,,
720575940630740421,left,T5c,147,1,21,9,12,T5c,True,,,
720575940630740439,left,T4d,743,6,-19,-16,-3,T4d,True,,,
720575940630745196,left,T5a,126,3,11,2,9,T5a,True,,,
720575940630747356,left,T4d,311,-7,15,14,1,T4d,True,,,
720575940630749647,left,T5b,388,3,19,6,13,T5b,True,,,
720575940630754635,right,T4b,739,-7,2,8,-6,T4b,True,,,
720575940630754942,left,T4d,2,-8,2,9,-7,T4d,True,,,
720575940630755269,right,T5d,199,0,-12,-6,-6,T5d,True,,,
720575940630756712,right,T5a,777,6,20,4,16,T5a,True,,,
720575940630757371,right,T5a,524,4,-20,-14,-6,T5a,True,,,
720575940630759223,left,T5b,576,0,28,14,14,T5b,True,,,
720575940630764793,right,T4b,20,3,-11,-9,-2,T4b,True,,,
720575940630766610,right,T4b,538,-4,1,4,-3,T4b,True,,,
720575940630766647,right,T4b,363,7,-4,-9,5,T4b,True,,,
720575940630768146,right,T4d,45,-5,-1,4,-5,T4d,True,,,
720575940630769399,left,T4c,642,-5,-11,-1,-10,T4c,True,,,
720575940630771707,left,T5a,520,-2,-22,-9,-13,T5a,True,,,
720575940630774376,right,T4d,437,-3,12,9,3,T4d,True,,,
720575940630775545,left,T4a,318,4,-19,-14,-5,T4a,True,,,
720575940630778981,right,T4d,754,-1,-13,-6,-7,T4d,True,,,
720575940630784599,right,T5a,316,5,-4,-7,3,T5a,True,,,
720575940630791798,left,T4a,583,3,-25,-16,-9,T4a,True,,,
720575940630793943,right,T4c,222,-3,26,16,10,T4c,True,,,
720575940630798039,left,T4c,472,1,25,11,14,T4c,True,,,
720575940630800747,right,T4b,326,2,16,6,10,T4b,True,,,
720575940630800762,right,T4a,794,5,-26,-18,-8,T4a,True,,,
720575940630801605,right,T4c,456,0,21,10,11,T4c,True,,,
720575940630802373,right,T5d,398,-3,22,14,8,T5d,True,,,
720575940630805096,right,T5a,62,0,-29,-15,-14,T5a,True,,,
720575940630809400,right,T4d,154,-8,0,8,-8,T4d,True,,,
720575940630809448,right,T4c,241,2,-17,-11,-6,T4c,True,,,
720575940630810050,left,T4c,629,4,24,8,16,T4c,True,,,
720575940630812022,right,T5d,64,4,-23,-16,-7,T5d,True,,,
720575940630812111,left,T5d,709,-2,-24,-10,-14,T5d,True,,,
720575940630812231,right,T4a,12,-7,9,11,-2,T4a,True,,,
720575940630813433,left,T5b,158,3,-5,-6,1,T5b,True,,,
720575940630817068,left,T4c,4,-5,-21,-6,-15,T4c,True,,,
720575940630818135,right,T4b,336,0,23,11,12,T4b,True,,,
720575940630820396,left,T5b,718,-5,24,17,7,T5b,True,,,
720575940630822522,left,T4c,675,-7,19,16,3,T4c,True,,,
720575940630825338,right,T4a,685,-5,-9,0,-9,T4a,True,,,
720575940630829419,right,T4c,147,1,21,9,12,T4c,True,,,
720575940630834042,left,T4c,18,5,-16,-13,-3,T4c,True,,,
720575940630834191,right,T5d,699,-5,0,5,-5,T5d,True,,,
720575940630834316,right,T4a,659,-4,-6,1,-7,T4a,True,,,
720575940630834647,left,T4d,42,-1,14,8,6,T4d,True,,,
720575940630845435,left,T4c,186,-1,26,14,12,T4c,True,,,
720575940630851900,left,T4b,718,-5,24,17,7,T4b,True,,,
720575940630852623,right,T4c,36,6,8,-2,10,T4c,True,,,
720575940630852663,left,T4d,99,4,15,3,12,T4d,True,,,
720575940630856668,left,T4c,235,4,11,1,10,T4c,True,,,
720575940630866316,left,T4b,517,6,3,-5,8,T4b,True,,,
720575940630868165,right,T4c,775,5,22,6,16,T4c,True,,,
720575940630876111,right,T5c,580,-2,-23,-10,-13,T5c,True,,,
720575940630878316,left,T4c,65,-1,28,15,13,T4c,True,,,
720575940630884203,right,T5b,605,3,15,4,11,T5b,True,,,
720575940630886487,left,T5c,536,3,4,-1,5,T5c,True,,,
720575940630887442,left,T5b,51,0,-19,-10,-9,T5b,True,,,
720575940630889490,left,T4d,465,3,0,-3,3,T4d,True,,,
720575940630891883,right,T4b,679,4,18,5,13,T4b,True,,,
720575940630894799,right,T5c,665,7,-2,-8,6,T5c,True,,,
720575940630895119,left,T4a,630,4,8,0,8,T4a,True,,,
720575940630896758,left,T5c,489,-3,10,8,2,T5c,True,,,
720575940630897260,left,T4c,650,-3,-25,-10,-15,T4c,True,,,
720575940630902828,left,T5a,386,-6,19,15,4,T5a,True,,,
720575940630903948,right,T5d,711,-1,19,10,9,T5d,True,,,
720575940630904057,left,T5b,419,-3,-11,-3,-8,T5b,True,,,
720575940630905039,left,T5d,230,2,9,2,7,T5d,True,,,
720575940630905228,right,T5d,181,1,-4,-3,-1,T5d,True,,,
720575940630905415,right,T5d,729,-3,29,17,12,T5d,True,,,
720575940630905807,right,T4b,134,-5,-18,-4,-14,T4b,True,,,
720575940630906130,right,T5c,167,0,-17,-9,-8,T5c,True,,,
720575940630911596,right,T4d,615,-7,-7,3,-10,T4d,True,,,
720575940630924625,left,T4b,474,-3,-17,-6,-11,T4b,True,,,
720575940630925775,left,T4a,50,-2,21,12,9,T4a,True,,,
720575940630925942,right,T4c,186,-1,26,14,12,T4c,True,,,
720575940630926423,left,T5b,485,-3,-3,1,-4,T5b,True,,,
720575940630926807,left,T4a,424,-3,-2,2,-4,T4a,True,,,
720575940630929194,right,T5c,740,2,-8,-6,-2,T5c,True,,,
720575940630931671,left,T5a,171,6,-20,-16,-4,T5a,True,,,
720575940630936284,right,T4d,605,3,15,4,11,T4d,True,,,
720575940630936527,left,T4b,205,5,-6,-8,2,T4b,True,,,
720575940630939439,left,T4c,492,-7,-2,6,-8,T4c,True,,,
720575940630940463,left,T4b,397,-3,-19,-7,-12,T4b,True,,,
720575940630941714,right,T5b,490,-5,6,8,-2,T5b,True,,,
720575940630942671,left,T4c,700,5,15,2,13,T4c,True,,,
720575940630943668,right,T5d,184,-6,-5,3,-8,T5d,True,,,
720575940630945551,right,T4c,318,4,-19,-14,-5,T4c,True,,,
720575940630946647,left,T5c,614,-2,-8,-2,-6,T5c,True,,,
720575940630947799,left,T4c,281,-9,2,10,-8,T5c,False,,,
720575940630949071,left,T5c,610,2,-23,-14,-9,T5c,True,,,
720575940630949647,right,T4b,37,1,5,1,4,T4b,True,,,
720575940630955068,left,T5c,304,6,5,-4,9,T5c,True,,,
720575940630955700,right,T5b,184,-6,-5,3,-8,T5b,True,,,
720575940630957007,right,T5c,517,6,3,-5,8,T5c,True,,,
720575940630957775,left,T5b,632,3,-20,-13,-7,T5b,True,,,
720575940630962396,left,T4a,744,-4,25,16,9,T4a,True,,,
720575940630964561,right,T5b,192,7,10,-2,12,T5b,True,,,
720575940630965366,left,T4c,242,-4,6,7,-1,T4c,True,,,
720575940630968773,right,T4d,377,0,7,3,4,T4d,True,,,
720575940630970053,left,T4c,699,-5,0,5,-5,T4c,True,,,
720575940630971136,right,T5d,621,1,24,11,13,T5d,True,,,
720575940630971589,left,T4d,560,-7,14,14,0,T4d,True,,,
720575940630971599,right,T5d,316,5,-4,-7,3,T5d,True,,,
720575940630972178,right,T5b,672,-8,11,13,-2,T5b,True,,,
720575940630974423,left,T4d,122,-5,9,9,0,T4d,True,,,
720575940630975279,left,T5b,324,3,24,9,15,T5b,True,,,
720575940630978391,right,T4c,722,6,-15,-14,-1,T4c,True,,,
720575940630981484,left,T5b,63,4,12,2,10,T5b,True,,,
720575940630982796,left,T4c,488,7,5,-5,10,T4c,True,,,
720575940630983183,left,T5a,247,-4,-15,-4,-11,T5a,True,,,
720575940630987727,left,T4c,440,1,23,10,13,T4c,True,,,
720575940630988113,right,T4b,215,6,7,-3,10,T4b,True,,,
720575940630988375,left,T5c,316,5,-4,-7,3,T5c,True,,,
720575940630988625,right,T4c,760,0,17,8,9,T4c,True,,,
720575940630989519,left,T5b,668,1,19,8,11,T5b,True,,,
720575940630989899,right,T4c,561,5,7,-2,9,T4c,True,,,
720575940630990155,left,T4a,655,6,-1,-7,6,T4a,True,,,
720575940630990287,left,T4a,13,-1,-26,-12,-14,T4a,True,,,
720575940630992384,left,T4a,738,-3,13,9,4,T4a,True,,,
720575940630992896,left,T4a,780,-2,-27,-12,-15,T4a,True,,,
720575940630993423,right,T5c,267,-6,2,7,-5,T5c,True,,,
720575940630993768,left,T5c,662,2,-1,-3,2,T5c,True,,,
720575940630995983,right,T5c,490,-5,6,8,-2,T5c,True,,,
720575940630996754,right,T4b,301,-5,16,13,3,T4b,True,,,
720575940630996951,left,T5d,560,-7,14,14,0,T5d,True,,,
720575940630996956,left,T5c,120,-1,-1,0,-1,T5c,True,,,
720575940631000940,left,T5c,625,-2,24,14,10,T5c,True,,,
720575940631001903,left,T4a,193,-5,4,7,-3,T4a,True,,,
720575940631002199,left,T4a,256,5,-20,-15,-5,T4a,True,,,
720575940631003192,right,T5d,780,-6,25,18,7,T5d,True,,,
720575940631003643,left,T4b,13,-1,-26,-12,-14,T4b,True,,,
720575940631004278,left,T4a,438,2,27,11,16,T4a,True,,,
720575940631006012,right,T5b,186,-1,26,14,12,T5b,True,,,
720575940631007051,right,T5d,681,-2,-21,-9,-12,T5d,True,,,
720575940631009810,right,T4c,616,-3,15,10,5,T4c,True,,,
720575940631010095,left,T4c,533,0,-16,-8,-8,T4c,True,,,
720575940631010578,right,T4d,482,1,17,7,10,T4d,True,,,
720575940631012370,right,T4d,684,-6,17,14,3,T4d,True,,,
720575940631015891,left,T5b,413,-2,-7,-2,-5,T5b,True,,,
720575940631018071,left,T4c,15,2,-3,-4,1,T4c,True,,,
720575940631020027,left,T5c,756,5,20,5,15,T5c,True,,,
720575940631023435,left,T4c,762,0,14,7,7,T4c,True,,,
720575940631024209,right,T5b,215,6,7,-3,10,T5b,True,,,
720575940631024687,left,T5d,98,-1,-12,-5,-7,T5d,True,,,
720575940631024837,left,T5b,259,-7,-5,4,-9,T5b,True,,,
720575940631025995,right,T5c,169,0,-18,-9,-9,T5c,True,,,
720575940631027275,right,T4a,472,1,25,11,14,T4a,True,,,
720575940631027397,right,T4d,529,2,-2,-3,1,T4d,True,,,
720575940631028219,left,T5d,196,-1,8,5,3,T5d,True,,,
720575940631029199,left,T5b,674,-4,-14,-3,-11,T5b,True,,,
720575940631030603,right,T4c,180,2,-27,-16,-11,T4c,True,,,
720575940631031855,right,T4d,104,-1,-27,-13,-14,T4d,True,,,
720575940631034443,left,T4a,61,-4,-4,2,-6,T4a,True,,,
720575940631034455,right,T5c,729,-3,29,17,12,T5c,True,,,
720575940631037015,left,T5c,676,-3,-21,-8,-13,T5c,True,,,
720575940631039183,left,T5a,187,3,21,7,14,T5a,True,,,
720575940631046999,right,T4b,405,3,10,2,8,T4b,True,,,
720575940631048279,right,T5c,325,5,1,-5,6,T5c,True,,,
720575940631051771,left,T4d,667,1,-28,-15,-13,T4d,True,,,
720575940631054649,right,T4c,303,-5,22,16,6,T4c,True,,,
720575940631058895,left,T5b,99,4,15,3,12,T5b,True,,,
720575940631058937,left,T4b,692,-4,24,16,8,T4b,True,,,
720575940631060987,left,T4b,106,-7,11,12,-1,T4b,True,,,
720575940631063363,left,T4b,281,-9,2,10,-8,T4b,True,,,
720575940631066107,left,T4a,654,-3,8,7,1,T4a,True,,,
720575940631068227,right,T5c,588,1,4,1,3,T5c,True,,,
720575940631072527,right,T4b,713,-6,16,14,2,T4b,True,,,
720575940631074255,left,T4a,95,4,-21,-15,-6,T4a,True,,,
720575940631077750,left,T4b,500,7,-8,-11,3,T4b,True,,,
720575940631083727,left,T5c,233,4,-13,-11,-2,T5c,True,,,
720575940631086135,left,T5b,483,2,-7,-6,-1,T5b,True,,,
720575940631088591,right,T4b,544,3,-13,-10,-3,T4b,True,,,
720575940631090743,left,T4a,87,1,11,4,7,T4a,True,,,
720575940631091397,left,T4a,52,-1,-22,-10,-12,T4a,True,,,
720575940631091730,right,T5a,713,-6,16,14,2,T5a,True,,,
720575940631092291,right,T5c,609,-2,0,2,-2,T5c,True,,,
720575940631093560,right,T5d,264,-1,-6,-2,-4,T5d,True,,,
720575940631101215,right,T5a,728,7,12,-1,13,T5a,True,,,
720575940631101999,right,T4b,118,3,1,-3,4,T4b,True,,,
720575940631102223,left,T4b,316,5,-4,-7,3,T4b,True,,,
720575940631103094,left,T5d,7,-6,-6,3,-9,T5d,True,,,
720575940631105105,left,T4b,583,3,-25,-16,-9,T4b,True,,,
720575940631106364,left,T4c,516,7,-18,-16,-2,T4c,True,,,
720575940631107359,right,T4d,80,4,13,2,11,T4d,True,,,
720575940631108805,right,T5d,588,1,4,1,3,T5d,True,,,
720575940631110252,left,T5d,228,-7,1,7,-6,T5d,True,,,
720575940631110475,right,T4b,639,-4,19,13,6,T4b,True,,,
720575940631110853,left,T5b,634,-3,-15,-5,-10,T5b,True,,,
720575940631111936,right,T5d,18,5,-16,-13,-3,T5d,True,,,
720575940631112668,right,T4b,47,-9,-1,8,-9,T4b,True,,,
720575940631115771,left,T4a,643,6,14,1,13,T4a,True,,,
720575940631116847,right,T5c,324,3,24,9,15,T5c,True,,,
720575940631117174,left,T4c,384,-6,-2,5,-7,T4c,True,,,
720575940631125156,left,T4c,500,7,-8,-11,3,T4c,True,,,
720575940631125455,left,T5a,465,3,0,-3,3,T5a,True,,,
720575940631128364,left,T4b,698,6,-7,-10,3,T4b,True,,,
720575940631130399,left,T5a,182,7,-10,-12,2,T5a,True,,,
720575940631130655,right,T5a,655,6,-1,-7,6,T5a,True,,,
720575940631138322,right,T4b,292,-4,18,13,5,T4b,True,,,
720575940631139072,right,T5a,604,-6,-17,-3,-14,T5a,True,,,
720575940631144310,left,T4c,518,-4,22,15,7,T4c,True,,,
720575940631144479,left,T4b,146,1,-6,-4,-2,T4b,True,,,
720575940631144868,left,T5a,289,-1,11,6,5,T5a,True,,,
720575940631145803,left,T4b,140,3,8,1,7,T4b,True,,,
720575940631163904,right,T5a,54,-4,3,5,-2,T5a,True,,,
720575940631164316,right,T4b,537,0,-23,-12,-11,T4b,True,,,
720575940631166208,right,T5d,252,3,23,8,15,T5d,True,,,
720575940631167140,left,T4c,22,-1,3,2,1,T4c,True,,,
720575940631167535,right,T4b,468,-3,11,8,3,T4b,True,,,
720575940631169017,left,T4c,612,-3,-26,-10,-16,T4c,True,,,
720575940631170041,left,T4c,554,-3,-27,-11,-16,T4c,True,,,
720575940631171143,left,T4c,486,0,1,0,1,T4c,True,,,
720575940631172665,right,T5c,132,2,4,0,4,T5c,True,,,
720575940631173906,left,T5b,290,5,-24,-17,-7,T5b,True,,,
720575940631175030,left,T4b,545,5,11,0,11,T4b,True,,,
720575940631182892,left,T5a,118,3,1,-3,4,T5a,True,,,
720575940631183012,right,T5d,255,-6,-13,-1,-12,T5d,True,,,
720575940631184633,left,T5d,462,-1,18,10,8,T5d,True,,,
720575940631185452,left,T5d,370,-3,21,13,8,T5d,True,,,
720575940631186596,right,T5b,527,-4,-8,0,-8,T5b,True,,,
720575940631188524,right,T5b,149,6,-14,-13,-1,T5b,True,,,
720575940631189622,left,T5a,478,-7,16,15,1,T5a,True,,,
720575940631192620,right,T5b,3,6,-12,-12,0,T5b,True,,,
720575940631195154,left,T4c,549,0,-9,-5,-4,T4c,True,,,
720575940631198457,left,T5c,635,6,-6,-9,3,T5c,True,,,
720575940631200786,left,T4b,6,-2,-4,0,-4,T4b,True,,,
720575940631204623,left,T4b,206,-3,5,5,0,T4b,True,,,
720575940631210808,left,T4c,444,4,-10,-9,-1,T4c,True,,,
720575940631215353,right,T4d,776,5,21,5,16,T4d,True,,,
720575940631215609,right,T4b,463,5,17,3,14,T4b,True,,,
720575940631217751,left,T4d,39,0,20,10,10,T4d,True,,,
720575940631217915,left,T4b,134,-5,-18,-4,-14,T4b,True,,,
720575940631219318,left,T5c,621,1,24,11,13,T5c,True,,,
720575940631219364,right,T5c,632,3,-20,-13,-7,T5c,True,,,
720575940631219500,right,T4d,136,0,3,1,2,T4d,True,,,
720575940631222031,right,T4c,6,-2,-4,0,-4,T4c,True,,,
720575940631227434,right,T5a,546,3,6,0,6,T5a,True,,,
720575940631227641,left,T5d,3,6,-12,-12,0,T5d,True,,,
720575940631235343,right,T5b,312,4,-7,-8,1,T5b,True,,,
720575940631236772,right,T4a,253,5,16,3,13,T4a,True,,,
720575940631237135,left,T4d,486,0,1,0,1,T4d,True,,,
720575940631241002,right,T4b,23,-3,-16,-5,-11,T4b,True,,,
720575940631244306,right,T4d,465,3,0,-3,3,T4d,True,,,
720575940631246380,left,T4a,461,7,-5,-10,5,T4a,True,,,
720575940631248079,right,T4a,124,1,-7,-5,-2,T4a,True,,,
720575940631251543,right,T4d,431,-2,-10,-3,-7,T4d,True,,,
720575940631251743,right,T5d,474,-3,-17,-6,-11,T5d,True,,,
720575940631251919,right,T4a,316,5,-4,-7,3,T4a,True,,,
720575940631254347,left,T5c,98,-1,-12,-5,-7,T5c,True,,,
720575940631256338,right,T5b,66,2,15,5,10,T5b,True,,,
720575940631259154,left,T5c,345,3,-12,-9,-3,T5c,True,,,
720575940631259679,left,T5b,242,-4,6,7,-1,T5b,True,,,
720575940631260175,right,T5c,717,2,-22,-13,-9,T5c,True,,,
720575940631264042,left,T4d,705,1,1,-1,2,T4d,True,,,
720575940631264587,left,T4b,31,0,16,8,8,T4b,True,,,
720575940631268252,right,T4b,197,0,-20,-10,-10,T4b,True,,,
720575940631270556,right,T4c,243,-1,-21,-10,-11,T4c,True,,,
720575940631275863,right,T5a,668,1,19,8,11,T5a,True,,,
720575940631277866,right,T5c,150,-8,5,10,-5,T5c,True,,,
720575940631280292,left,T5d,137,5,-7,-9,2,T5d,True,,,
720575940631281706,right,T5b,763,-5,14,12,2,T5b,True,,,
720575940631284439,right,T4b,169,0,-18,-9,-9,T4b,True,,,
720575940631285110,left,T4c,2,-8,2,9,-7,T4c,True,,,
720575940631286343,right,T4c,372,1,-2,-2,0,T4c,True,,,
720575940631290410,right,T5d,377,0,7,3,4,T5d,True,,,
720575940631295483,right,T5b,365,4,7,-1,8,T5b,True,,,
720575940631297999,left,T5c,68,3,16,5,11,T5c,True,,,
720575940631299013,left,T5c,561,5,7,-2,9,T5c,True,,,
720575940631306255,left,T5d,563,5,-13,-12,-1,T5d,True,,,
720575940631306538,right,T5b,348,3,14,4,10,T5b,True,,,
720575940631306552,right,T5a,601,1,16,7,9,T5a,True,,,
720575940631307212,right,T4c,541,-4,14,11,3,T4c,True,,,
720575940631308027,left,T5c,776,5,21,5,16,T5c,True,,,
720575940631310351,right,T5b,52,-1,-22,-10,-12,T5b,True,,,
720575940631310799,left,T5c,532,-8,7,11,-4,T5c,True,,,
720575940631312891,left,T4b,36,6,8,-2,10,T4b,True,,,
720575940631313423,left,T4b,762,0,14,7,7,T4b,True,,,
720575940631317967,left,T5b,473,-4,23,15,8,T5b,True,,,
720575940631317985,left,T4d,208,5,-21,-16,-5,T4d,True,,,
720575940631318735,left,T4c,214,-5,3,6,-3,T4c,True,,,
720575940631321797,right,T4b,402,3,26,10,16,T4b,True,,,
720575940631330263,right,T5b,11,7,-14,-14,0,T5b,True,,,
720575940631330484,right,T5c,591,3,-3,-5,2,T5c,True,,,
720575940631335978,right,T5c,405,3,10,2,8,T5c,True,,,
720575940631336187,left,T4d,463,5,17,3,14,T4d,True,,,
720575940631339700,right,T4c,164,-1,-2,0,-2,T4c,True,,,
720575940631341519,left,T5a,463,5,17,3,14,T5a,True,,,
720575940631345450,right,T4c,143,-4,16,12,4,T4c,True,,,
720575940631346892,right,T5c,83,2,-21,-13,-8,T5c,True,,,
720575940631347218,right,T5d,567,-2,22,13,9,T5d,True,,,
720575940631348299,left,T4b,302,2,17,6,11,T4b,True,,,
720575940631350287,left,T5c,425,3,20,7,13,T5c,True,,,
720575940631355919,left,T4b,131,-6,20,16,4,T4b,True,,,
720575940631357967,left,T4b,564,3,-23,-15,-8,T4b,True,,,
720575940631358735,left,T5d,425,3,20,7,13,T5d,True,,,
720575940631361477,left,T4c,103,7,9,-3,12,T4c,True,,,
720575940631368259,right,T5b,715,4,10,1,9,T5b,True,,,
720575940631369925,right,T4c,685,-5,-9,0,-9,T4c,True,,,
720575940631370932,right,T4b,272,3,-2,-4,2,T4b,True,,,
720575940631372406,left,T4d,102,3,13,3,10,T4d,True,,,
720575940631376658,left,T4a,16,-2,-16,-6,-10,T4a,True,,,
720575940631378755,right,T4a,457,-2,17,10,7,T4a,True,,,
720575940631378986,right,T4b,90,-4,5,6,-1,T4b,True,,,
720575940631380751,left,T5a,197,0,-20,-10,-10,T5a,True,,,
720575940631382851,right,T4a,324,3,24,9,15,T4a,True,,,
720575940631386937,left,T4b,360,-5,19,14,5,T4b,True,,,
720575940631394129,left,T4a,622,-5,20,15,5,T4a,True,,,
720575940631394883,left,T5c,409,0,-3,-2,-1,T5c,True,,,
720575940631401064,right,T5d,372,1,-2,-2,0,T5d,True,,,
720575940631406587,right,T4c,259,-7,-5,4,-9,T4c,True,,,
720575940631408203,right,T5b,716,4,-6,-7,1,T5b,True,,,
720575940631410060,right,T4a,319,-2,5,4,1,T4a,True,,,
720575940631412280,left,T4b,79,2,1,-2,3,T4b,True,,,
720575940631414120,right,T5c,528,2,7,1,6,T5c,True,,,
720575940631423274,left,T5a,392,-4,7,7,0,T5a,True,,,
720575940631427788,left,T5c,276,2,3,-1,4,T5c,True,,,
720575940631429955,left,T4c,611,-1,-18,-8,-10,T4c,True,,,
720575940631438696,right,T4c,248,-6,0,6,-6,T4c,True,,,
720575940631440235,right,T5d,99,4,15,3,12,T5d,True,,,
720575940631444299,right,T4d,514,-4,-10,-1,-9,T4d,True,,,
720575940631446570,right,T5d,401,-2,-19,-8,-11,T5d,True,,,
720575940631448716,right,T4c,118,3,1,-3,4,T4c,True,,,
720575940631454250,left,T5c,379,3,-17,-12,-5,T5c,True,,,
720575940631459114,left,T4a,592,3,-28,-17,-11,T4a,True,,,
720575940631459370,left,T5a,44,5,-10,-10,0,T5a,True,,,
720575940631464811,right,T5c,30,6,16,2,14,T5c,True,,,
720575940631469931,right,T5a,463,5,17,3,14,T5a,True,,,
720575940631480919,left,T4d,28,5,6,-2,8,T4d,True,,,
720575940631481012,right,T4d,734,2,0,-2,2,T4d,True,,,
720575940631481593,right,T5a,289,-1,11,6,5,T5a,True,,,
720575940631481849,left,T5a,540,-2,-9,-3,-6,T5a,True,,,
720575940631484411,left,T4d,317,-5,-4,3,-7,T4d,True,,,
720575940631485814,left,T4d,583,3,-25,-16,-9,T4d,True,,,
720575940631492153,left,T5b,565,0,-26,-13,-13,T5b,True,,,
720575940631493739,right,T5c,463,5,17,3,14,T5c,True,,,
720575940631495348,right,T5a,602,4,-2,-5,3,T5a,True,,,
720575940631498307,right,T5a,616,-3,15,10,5,T5a,True,,,
720575940631501123,right,T5b,639,-4,19,13,6,T5b,True,,,
720575940631507287,right,T4a,200,-5,12,11,1,T4a,True,,,
720575940631507531,left,T4b,37,1,5,1,4,T4b,True,,,
720575940631508175,left,T5a,150,-8,5,10,-5,T5a,True,,,
720575940631508793,left,T5a,558,-4,-21,-7,-14,T5a,True,,,
720575940631508803,right,T4a,756,5,20,5,15,T4a,True,,,
720575940631512517,left,T5d,413,-2,-7,-2,-5,T5d,True,,,
720575940631514179,right,T4c,298,-5,5,7,-2,T4c,True,,,
720575940631514699,left,T5d,732,-3,6,6,0,T5d,True,,,
720575940631516852,right,T4b,602,4,-2,-5,3,T4b,True,,,
720575940631519018,left,T4b,75,-6,14,13,1,T4b,True,,,
720575940631520056,right,T5a,359,2,23,9,14,T5a,True,,,
720575940631521484,right,T4c,732,-3,6,6,0,T4c,True,,,
720575940631525839,right,T5b,399,-4,-24,-8,-16,T5b,True,,,
720575940631527480,right,T5b,450,2,-9,-7,-2,T5b,True,,,
720575940631527588,left,T4b,563,5,-13,-12,-1,T4b,True,,,
720575940631529514,left,T5b,252,3,23,8,15,T5b,True,,,
720575940631536455,right,T5d,152,3,-15,-11,-4,T5d,True,,,
720575940631538499,left,T4d,196,-1,8,5,3,T4d,True,,,
720575940631539019,left,T5d,45,-5,-1,4,-5,T5d,True,,,
720575940631545931,left,T5c,432,-5,7,8,-1,T5c,True,,,
720575940631547211,left,T5a,508,-5,11,10,1,T5a,True,,,
720575940631548714,right,T5b,9,4,9,0,9,T5b,True,,,
720575940631550250,right,T5a,125,5,9,-1,10,T5a,True,,,
720575940631550520,right,T5d,525,-1,-20,-9,-11,T5d,True,,,
720575940631550715,left,T4c,476,-1,15,8,7,T4c,True,,,
720575940631550735,left,T4d,197,0,-20,-10,-10,T4d,True,,,
720575940631555535,left,T5c,661,-3,14,10,4,T5c,True,,,
720575940631557699,right,T4c,605,3,15,4,11,T4c,True,,,
720575940631557839,left,T4a,94,5,18,4,14,T4a,True,,,
720575940631558995,right,T5c,332,4,-26,-17,-9,T5c,True,,,
720575940631560504,right,T5b,624,1,-17,-10,-7,T5b,True,,,
720575940631561272,right,T5a,423,3,-18,-12,-6,T5a,True,,,
720575940631561784,right,T4d,178,2,11,3,8,T4d,True,,,
720575940631563091,right,T5c,710,4,-25,-17,-8,T5c,True,,,
720575940631563205,right,T5d,585,-1,-23,-11,-12,T5d,True,,,
720575940631567687,right,T4b,135,-3,-22,-8,-14,T4b,True,,,
720575940631569256,right,T5a,568,-6,-8,2,-10,T5a,True,,,
720575940631570733,right,T5c,627,0,-1,-1,0,T5c,True,,,
720575940631575096,right,T5c,258,-4,-17,-5,-12,T5c,True,,,
720575940631575503,left,T5a,641,-8,-5,5,-10,T5a,True,,,
720575940631598863,right,T4c,276,2,3,-1,4,T4c,True,,,
720575940631601227,right,T4b,366,-5,-20,-5,-15,T4b,True,,,
720575940631610472,right,T4c,277,7,-3,-9,6,T4c,True,,,
720575940631615993,right,T4c,450,2,-9,-7,-2,T4c,True,,,
720575940631619667,left,T4a,489,-3,10,8,2,T4a,True,,,
720575940631620089,right,T4a,83,2,-21,-13,-8,T4a,True,,,
720575940631622712,right,T4b,523,2,14,5,9,T4b,True,,,
720575940631623466,left,T4c,87,1,11,4,7,T4c,True,,,
720575940631624248,right,T4a,677,0,11,5,6,T4a,True,,,
720575940631624504,left,T5a,257,2,21,8,13,T5a,True,,,
720575940631624760,right,T5d,403,-2,-12,-4,-8,T5d,True,,,
720575940631626552,left,T4a,32,0,12,6,6,T4a,True,,,
720575940631628345,right,T5b,468,-3,11,8,3,T5b,True,,,
720575940631629625,right,T5d,232,-4,13,10,3,T5d,True,,,
720575940631629899,left,T4c,709,-2,-24,-10,-14,T4c,True,,,
720575940631632440,right,T5a,286,0,-24,-12,-12,T5a,True,,,
720575940631633208,right,T4b,216,2,19,7,12,T4b,True,,,
720575940631633489,right,T5c,598,2,-18,-11,-7,T5c,True,,,
720575940631637048,right,T4b,617,-2,-17,-7,-10,T4b,True,,,
720575940631637304,left,T5a,208,5,-21,-16,-5,T5a,True,,,
720575940631649554,right,T5d,135,-3,-22,-8,-14,T5d,True,,,
720575940631649807,left,T4d,601,1,16,7,9,T4d,True,,,
720575940631650335,left,T4d,541,-4,14,11,3,T4d,True,,,
720575940631650664,right,T5a,710,4,-25,-17,-8,T5a,True,,,
720575940631651641,right,T5a,378,-3,18,12,6,T5a,True,,,
720575940631652427,left,T4a,138,0,27,13,14,T4a,True,,,
720575940631653463,left,T4c,556,0,10,5,5,T4c,True,,,
720575940631656877,right,T4d,591,3,-3,-5,2,T4d,True,,,
720575940631661586,left,T5b,36,6,8,-2,10,T5b,True,,,
720575940631668072,right,T4b,409,0,-3,-2,-1,T4b,True,,,
720575940631671400,right,T5a,51,0,-19,-10,-9,T5a,True,,,
720575940631671889,right,T4c,613,-8,-4,6,-10,T4c,True,,,
720575940631679080,left,T4d,351,-1,-17,-8,-9,T4d,True,,,
720575940631680312,right,T4d,236,-1,4,3,1,T4d,True,,,
720575940631680843,left,T5c,390,-6,-9,1,-10,T5c,True,,,
720575940631685480,right,T4b,270,1,-8,-5,-3,T4b,True,,,
720575940631687471,right,T4d,215,6,7,-3,10,T4d,True,,,
720575940631691587,left,T5b,330,3,3,-2,5,T5b,True,,,
720575940631694127,right,T5c,330,3,3,-2,5,T5c,True,,,
720575940631696441,right,T5c,683,2,6,1,5,T5c,True,,,
720575940631696697,left,T4c,480,3,-19,-13,-6,T4c,True,,,
720575940631697000,right,T5c,770,5,4,-3,7,T5c,True,,,
720575940631701608,right,T5d,715,4,10,1,9,T5d,True,,,
720575940631703341,right,T5b,263,-3,4,5,-1,T5b,True,,,
720575940631705807,right,T5a,222,-3,26,16,10,T5a,True,,,
720575940631708238,left,T4c,30,6,16,2,14,T4c,True,,,
720575940631711951,left,T4c,595,7,-12,-13,1,T4c,True,,,
720575940631716781,right,T5c,157,-1,-7,-3,-4,T5c,True,,,
720575940631721413,left,T5d,713,-6,16,14,2,T5d,True,,,
720575940631723050,left,T4d,259,-7,-5,4,-9,T4d,True,,,
720575940631724611,left,T4a,574,-6,5,8,-3,T4a,True,,,
720575940631725452,right,T4b,15,2,-3,-4,1,T4b,True,,,
720575940631725880,right,T4c,521,6,-9,-11,2,T4c,True,,,
720575940631729548,right,T4b,125,5,9,-1,10,T4b,True,,,
720575940631729967,right,T5a,550,-2,3,3,0,T5a,True,,,
720575940631731523,left,T5d,73,2,2,-1,3,T5d,True,,,
720575940631732536,right,T4d,633,-1,-24,-11,-13,T4d,True,,,
720575940631733263,left,T5a,440,1,23,10,13,T5a,True,,,
720575940631735826,left,T5a,713,-6,16,14,2,T5a,True,,,
720575940631736680,right,T4c,358,-3,17,11,6,T4c,True,,,
720575940631738415,right,T5c,734,2,0,-2,2,T5c,True,,,
720575940631739309,left,T4c,523,2,14,5,9,T4c,True,,,
720575940631739641,left,T5d,640,-1,-16,-7,-9,T5d,True,,,
720575940631740970,right,T5c,286,0,-24,-12,-12,T5c,True,,,
720575940631742604,right,T5d,130,2,12,4,8,T5d,True,,,
720575940631748152,right,T5d,10,5,-15,-13,-2,T5d,True,,,
720575940631748653,left,T4a,160,-2,20,12,8,T4a,True,,,
720575940631750671,right,T5a,352,-2,28,16,12,T5a,True,,,
720575940631752249,left,T4c,534,3,2,-2,4,T4c,True,,,
720575940631752515,left,T5c,575,6,9,-2,11,T5c,True,,,
720575940631752877,right,T4b,250,-1,1,1,0,T4b,True,,,
720575940631754819,left,T4b,76,-3,-4,1,-5,T4b,True,,,
720575940631755075,left,T5a,696,-2,16,10,6,T5a,True,,,
720575940631755746,right,T4b,628,0,0,0,0,T4b,True,,,
720575940631758411,left,T5b,567,-2,22,13,9,T5b,True,,,
720575940631758562,right,T4b,714,5,12,1,11,T4b,True,,,
720575940631762233,right,T4b,211,-7,-1,6,-7,T4b,True,,,
720575940631763596,left,T5a,125,5,9,-1,10,T5a,True,,,
720575940631764108,left,T4a,72,0,-28,-14,-14,T4a,True,,,
720575940631767436,right,T4a,723,-2,-11,-4,-7,T4a,True,,,
720575940631773226,left,T5c,62,-2,-29,-13,-16,T5c,True,,,
720575940631775815,right,T5d,305,-7,4,9,-5,T5d,True,,,
720575940631778090,left,T4d,482,1,17,7,10,T4d,True,,,
720575940631779395,right,T5c,406,1,-25,-14,-11,T5c,True,,,
720575940631780419,left,T5b,578,4,-11,-10,-1,T5b,True,,,
720575940631781443,left,T4b,15,2,-3,-4,1,T4b,True,,,
720575940631781736,right,T5a,231,4,-12,-10,-2,T5a,True,,,
720575940631784808,right,T4c,185,2,-11,-8,-3,T4c,True,,,
720575940631789583,left,T5b,398,-3,22,14,8,T5b,True,,,
720575940631789880,left,T4b,240,-4,-3,2,-5,T4b,True,,,
720575940631794730,left,T5b,226,5,19,4,15,T5b,True,,,
720575940631802565,left,T4c,545,5,11,0,11,T4c,True,,,
720575940631802937,right,T5c,260,-3,19,12,7,T5c,True,,,
720575940631804333,left,T5c,507,-5,-12,-1,-11,T5c,True,,,
720575940631809091,right,T5a,491,7,-1,-8,7,T5a,True,,,
720575940631813391,right,T5b,72,0,-28,-14,-14,T5b,True,,,
720575940631814248,right,T5a,773,5,-19,-15,-4,T5a,True,,,
720575940631816143,right,T5b,456,0,21,10,11,T5b,True,,,
720575940631817868,left,T4d,501,1,2,0,2,T4d,True,,,
720575940631821672,left,T4c,421,-1,12,7,5,T4c,True,,,
720575940631824938,left,T5b,665,7,-2,-8,6,T5b,True,,,
720575940631827523,left,T5d,320,-2,-5,-1,-4,T5d,True,,,
720575940631829644,right,T5b,239,-6,6,9,-3,T5b,True,,,
720575940631830083,right,T4d,512,6,0,-6,6,T4d,True,,,
720575940631832121,right,T5c,557,6,-10,-11,1,T5c,True,,,
720575940631844939,left,T5a,415,6,12,0,12,T5a,True,,,
720575940631846324,right,T4d,497,6,1,-6,7,T4d,True,,,
720575940631855687,right,T4a,140,3,8,1,7,T4a,True,,,
720575940631856451,right,T5b,455,7,-7,-11,4,T5b,True,,,
720575940631857208,left,T4a,248,-6,0,6,-6,T4a,True,,,
720575940631861048,right,T4b,57,6,-11,-12,1,T4b,True,,,
720575940631863864,left,T5d,501,1,2,0,2,T5d,True,,,
720575940631867715,left,T4d,199,0,-12,-6,-6,T4d,True,,,
720575940631872569,right,T4b,266,-1,-25,-12,-13,T4b,True,,,
720575940631876153,left,T5a,225,2,-26,-15,-11,T5a,True,,,
720575940631879225,right,T4a,657,-2,-25,-11,-14,T4a,True,,,
720575940631879480,right,T4d,315,-3,-6,0,-6,T4d,True,,,
720575940631881784,left,T4a,346,-7,-9,2,-11,T4a,True,,,
720575940631883320,right,T5a,14,0,-27,-14,-13,T5a,True,,,
720575940631883883,right,T4c,776,5,21,5,16,T4c,True,,,
720575940631884369,right,T5c,298,-5,5,7,-2,T5c,True,,,
720575940631885964,right,T4c,383,-6,11,11,0,T4c,True,,,
720575940631887464,right,T4d,503,3,17,5,12,T4d,True,,,
720575940631888524,right,T4b,532,-8,7,11,-4,T4b,True,,,
720575940631894238,right,T4b,744,-4,25,16,9,T4b,True,,,
720575940631895144,left,T5d,569,6,6,-3,9,T5d,True,,,
720575940631895352,left,T4c,320,-2,-5,-1,-4,T4c,True,,,
720575940631897362,right,T4d,473,-4,23,15,8,T4d,True,,,
720575940631900044,right,T5a,279,-4,8,8,0,T5a,True,,,
720575940631900728,left,T5c,335,2,8,2,6,T5c,True,,,
720575940631901267,right,T5a,700,5,15,2,13,T5a,True,,,
720575940631906360,left,T4c,286,0,-24,-12,-12,T4c,True,,,
720575940631909037,right,T4a,279,-4,8,8,0,T4a,True,,,
720575940631911235,right,T5a,291,7,2,-6,8,T5a,True,,,
720575940631912495,right,T5c,599,-1,9,5,4,T5c,True,,,
720575940631913041,right,T5b,515,-8,-7,4,-11,T5b,True,,,
720575940631913234,left,T4c,354,-2,-26,-11,-15,T4c,True,,,
720575940631915083,left,T4c,97,-5,2,6,-4,T4c,True,,,
720575940631920983,left,T5c,748,-4,20,14,6,T5c,True,,,
720575940631925305,left,T4b,670,5,5,-3,8,T4b,True,,,
720575940631927855,right,T5c,519,-5,-5,2,-7,T5c,True,,,
720575940631927865,left,T5c,77,2,-5,-5,0,T5c,True,,,
720575940631928376,right,T5a,611,-1,-18,-8,-10,T5a,True,,,
720575940631929431,right,T4a,202,-1,27,14,13,T4a,True,,,
720575940631929647,right,T5a,475,-4,-1,3,-4,T5a,True,,,
720575940631935116,right,T4c,695,-6,10,11,-1,T4c,True,,,
720575940631937460,right,T4d,204,5,-2,-6,4,T4d,True,,,
720575940631938575,left,T4c,455,7,-7,-11,4,T4c,True,,,
720575940631944775,right,T4c,571,0,-14,-7,-7,T4c,True,,,
720575940631945002,left,T5b,541,-4,14,11,3,T5b,True,,,
720575940631946287,left,T5b,81,6,-2,-7,5,T5b,True,,,
720575940631947079,right,T5a,249,2,-12,-8,-4,T5a,True,,,
720575940631951756,right,T4a,359,2,23,9,14,T4a,True,,,
720575940631953479,left,T5b,558,-4,-21,-7,-14,T5b,True,,,
720575940631957049,left,T4a,568,-6,-8,2,-10,T4a,True,,,
720575940631958073,left,T4b,422,-7,-4,5,-9,T4b,True,,,
720575940631958097,right,T5b,108,-3,-12,-3,-9,T5b,True,,,
720575940631961144,left,T5a,384,-6,-2,5,-7,T5a,True,,,
720575940631961657,right,T4c,389,-6,-16,-2,-14,T4c,True,,,
720575940631964985,left,T5a,209,-3,-8,-1,-7,T5a,True,,,
720575940631966009,right,T4b,361,0,-7,-4,-3,T4b,True,,,
720575940631972559,left,T4a,304,6,5,-4,9,T4a,True,,,
720575940631973903,left,T4d,306,3,7,0,7,T4d,True,,,
720575940631974504,left,T4a,254,3,-24,-15,-9,T4a,True,,,
720575940631974712,left,T5c,161,4,-14,-11,-3,T5c,True,,,
720575940631975505,right,T4a,277,7,-3,-9,6,T4a,True,,,
720575940631980136,left,T5b,433,0,-8,-4,-4,T5b,True,,,
720575940631980172,left,T5c,27,0,-25,-13,-12,T5c,True,,,
720575940631981624,left,T5d,495,4,5,-2,7,T5d,True,,,
720575940631991476,right,T5c,730,7,0,-7,7,T5c,True,,,
720575940631991749,left,T4c,219,6,-4,-8,4,T4c,True,,,
720575940631992623,left,T5a,722,6,-15,-14,-1,T5a,True,,,
720575940631994193,right,T5c,317,-5,-4,3,-7,T5c,True,,,
720575940631994680,left,T5d,257,2,21,8,13,T5d,True,,,
720575940631999951,right,T4a,341,6,-17,-15,-2,T4a,True,,,
720575940632003907,left,T4b,682,6,-8,-10,2,T4b,True,,,
720575940632007224,left,T5c,715,4,10,1,9,T5c,True,,,
720575940632007860,right,T4c,458,5,0,-5,5,T4c,True,,,
720575940632008007,right,T4a,561,5,7,-2,9,T4a,True,,,
720575940632008978,left,T4a,3,6,-12,-12,0,T4a,True,,,
720575940632009007,right,T4d,345,3,-12,-9,-3,T4d,True,,,
720575940632009908,right,T4d,458,5,0,-5,5,T4d,True,,,
720575940632015427,left,T4c,412,-6,21,16,5,T4c,True,,,
720575940632025036,right,T4c,89,1,-19,-11,-8,T4c,True,,,
720575940632027729,left,T5b,348,3,14,4,10,T5b,True,,,
720575940632032360,right,T4c,493,-3,23,14,9,T4c,True,,,
720575940632033298,right,T5a,349,-5,-14,-2,-12,T5a,True,,,
720575940632033996,right,T5c,473,-4,23,15,8,T5c,True,,,
720575940632042031,left,T4a,582,-1,23,12,11,T4a,True,,,
720575940632043215,left,T5d,568,-6,-8,2,-10,T5d,True,,,
720575940632046393,left,T5d,246,-4,15,11,4,T5d,True,,,
720575940632048780,left,T4a,596,-4,-16,-4,-12,T4a,True,,,
720575940632049804,right,T4d,668,1,19,8,11,T4d,True,,,
720575940632057425,right,T4d,106,-7,11,12,-1,T4d,True,,,
720575940632062372,right,T5d,154,-8,0,8,-8,T5d,True,,,
720575940632063043,right,T5c,417,-6,-10,1,-11,T5c,True,,,
720575940632066408,left,T5b,316,5,-4,-7,3,T5b,True,,,
720575940632066664,left,T5a,49,4,-4,-6,2,T5a,True,,,
720575940632067665,right,T4a,303,-5,22,16,6,T4a,True,,,
720575940632068623,right,T5b,782,-5,27,18,9,T5b,True,,,
720575940632070284,right,T4a,13,-1,-26,-12,-14,T4a,True,,,
720575940632070820,right,T5d,193,-5,4,7,-3,T5d,True,,,
720575940632072722,right,T4d,48,-4,-22,-7,-15,T4d,True,,,
720575940632074669,right,T4c,236,-1,4,3,1,T4c,True,,,
720575940632078220,left,T4a,626,-5,-8,1,-9,T4a,True,,,
720575940632079431,left,T4c,132,2,4,0,4,T4c,True,,,
720575940632079540,right,T4b,491,7,-1,-8,7,T4b,True,,,
720575940632081316,right,T5b,410,-2,-2,1,-3,T5b,True,,,
720575940632085048,left,T5d,139,1,-14,-8,-6,T5d,True,,,
720575940632086343,left,T4d,593,3,-14,-10,-4,T4d,True,,,
720575940632087948,left,T4a,673,2,5,0,5,T4a,True,,,
720575940632091203,left,T4d,689,-2,18,11,7,T4d,True,,,
720575940632091812,right,T5d,364,4,4,-2,6,T5d,True,,,
720575940632093068,left,T5b,524,4,-20,-14,-6,T5b,True,,,
720575940632095313,right,T5d,697,1,-22,-12,-10,T5d,True,,,
720575940632103711,left,T5a,161,4,-14,-11,-3,T5a,True,,,
720575940632104519,left,T4c,577,5,-14,-12,-2,T4c,True,,,
720575940632109855,right,T5a,488,7,5,-5,10,T5a,True,,,
720575940632110543,left,T4a,505,6,-22,-17,-5,T4a,True,,,
720575940632111311,right,T5d,44,5,-10,-10,0,T5d,True,,,
720575940632112211,right,T5d,89,1,-19,-11,-8,T5d,True,,,
720575940632114191,right,T4d,484,3,-9,-8,-1,T4d,True,,,
720575940632116388,right,T4b,274,6,4,-4,8,T4b,True,,,
720575940632116807,left,T5a,406,1,-25,-14,-11,T5a,True,,,
720575940632120632,left,T4b,749,-2,1,2,-1,T4b,True,,,
720575940632123020,left,T4a,518,-4,22,15,7,T4a,True,,,
720575940632124975,right,T5a,150,-8,5,10,-5,T5a,True,,,
720575940632125521,left,T4a,644,-6,18,15,3,T4a,True,,,
720575940632133992,left,T4d,227,-7,5,9,-4,T4d,True,,,
720575940632148051,right,T5c,486,0,1,0,1,T5c,True,,,
720575940632150412,left,T5b,326,2,16,6,10,T5b,True,,,
720575940632153415,right,T5c,457,-2,17,10,7,T5c,True,,,
720575940632158767,left,T4c,460,-3,-20,-7,-13,T4c,True,,,
720575940632161361,left,T5c,546,3,6,0,6,T5c,True,,,
720575940632161863,left,T4c,316,5,-4,-7,3,T4c,True,,,
720575940632163655,left,T5a,472,1,25,11,14,T5a,True,,,
720575940632168356,left,T4c,745,0,13,6,7,T4c,True,,,
720575940632168612,right,T4c,436,0,-15,-8,-7,T4c,True,,,
720575940632169356,right,T4c,708,-4,-25,-9,-16,T4c,True,,,
720575940632179983,right,T5b,618,-1,24,13,11,T5b,True,,,
720575940632183948,left,T5d,617,-2,-17,-7,-10,T5d,True,,,
720575940632190092,right,T4c,528,2,7,1,6,T4c,True,,,
720575940632191652,right,T5c,221,-7,3,8,-5,T5c,True,,,
720575940632197407,right,T5a,433,0,-8,-4,-4,T5a,True,,,
720575940632200076,left,T5c,656,0,-11,-6,-5,T5c,True,,,
720575940632201007,left,T4a,446,2,-14,-9,-5,T4a,True,,,
720575940632201543,left,T4b,602,4,-2,-5,3,T4b,True,,,
720575940632206244,right,T5c,509,-4,10,9,1,T5c,True,,,
720575940632206500,right,T5d,201,-8,9,12,-3,T5d,True,,,
720575940632207890,left,T4a,770,5,4,-3,7,T4a,True,,,
720575940632208927,right,T4a,458,5,0,-5,5,T4a,True,,,
720575940632209199,left,T5a,462,-1,18,10,8,T5a,True,,,
720575940632211667,right,T5c,216,2,19,7,12,T5c,True,,,
720575940632211986,left,T4c,313,7,3,-6,9,T4c,True,,,
720575940632212024,left,T5b,437,-3,12,9,3,T5b,True,,,
720575940632213063,left,T4a,507,-5,-12,-1,-11,T4a,True,,,
720575940632213924,right,T5b,94,5,18,4,14,T5b,True,,,
720575940632216290,right,T5b,610,2,-23,-14,-9,T5b,True,,,
720575940632218193,left,T4a,393,-1,22,12,10,T4a,True,,,
720575940632218947,left,T4c,710,4,-25,-17,-8,T4c,True,,,
720575940632220719,right,T4d,218,2,10,3,7,T4d,True,,,
720575940632222381,right,T4d,250,-1,1,1,0,T4d,True,,,
720575940632224583,left,T5b,168,-1,17,9,8,T5b,True,,,
720575940632226700,left,T5c,401,-2,-19,-8,-11,T5c,True,,,
720575940632229540,right,T5a,503,3,17,5,12,T5a,True,,,
720575940632233287,right,T5c,722,6,-15,-14,-1,T5c,True,,,
720575940632235823,left,T4c,351,-1,-17,-8,-9,T4c,True,,,
720575940632237127,left,T5d,579,-3,-10,-2,-8,T5d,True,,,
720575940632237534,right,T5d,118,3,1,-3,4,T5d,True,,,
720575940632240465,right,T5c,655,6,-1,-7,6,T5c,True,,,
720575940632244281,left,T5d,277,7,-3,-9,6,T5d,True,,,
720575940632245575,left,T5d,543,-1,-4,-1,-3,T5d,True,,,
720575940632251729,right,T5a,515,-8,-7,4,-11,T5a,True,,,
720575940632258607,left,T4a,413,-2,-7,-2,-5,T4a,True,,,
720575940632259665,right,T5d,182,7,-10,-12,2,T5d,True,,,
720575940632264775,right,T5d,394,-7,-8,3,-11,T5d,True,,,
720575940632269267,right,T4c,15,2,-3,-4,1,T4c,True,,,
720575940632272782,right,T5c,236,-1,4,3,1,T5c,True,,,
720575940632275854,right,T5d,145,0,4,2,2,T5d,True,,,
720575940632276049,left,T5c,172,1,22,10,12,T5c,True,,,
720575940632280680,right,T4c,601,1,16,7,9,T4c,True,,,
720575940632280903,right,T4b,252,3,23,8,15,T4b,True,,,
720575940632284207,left,T5a,130,2,12,4,8,T5a,True,,,
720575940632289327,left,T5c,358,-3,17,11,6,T5c,True,,,
720575940632293580,right,T5a,306,3,7,0,7,T5a,True,,,
720575940632293823,left,T5a,320,-2,-5,-1,-4,T5a,True,,,
720575940632297901,right,T4a,640,-1,-16,-7,-9,T4a,True,,,
720575940632299212,right,T4d,620,7,1,-7,8,T4d,True,,,
720575940632299335,right,T4a,11,7,-14,-14,0,T4a,True,,,
720575940632300345,right,T4b,789,-3,-27,-11,-16,T4b,True,,,
720575940632300600,left,T4c,501,1,2,0,2,T4c,True,,,
720575940632301523,right,T4c,524,4,-20,-14,-6,T4c,True,,,
720575940632301538,left,T4d,98,-1,-12,-5,-7,T4d,True,,,
720575940632304780,left,T4b,364,4,4,-2,6,T4b,True,,,
720575940632305977,left,T4a,153,8,0,-8,8,T4a,True,,,
720575940632309156,right,T5d,753,-3,24,15,9,T5d,True,,,
720575940632309560,left,T5a,160,-2,20,12,8,T5a,True,,,
720575940632310328,right,T4c,175,-6,-7,2,-9,T4c,True,,,
720575940632313764,right,T4d,105,3,22,8,14,T4d,True,,,
720575940632321355,left,T5d,695,-6,10,11,-1,T5d,True,,,
720575940632328403,right,T4b,649,-1,5,3,2,T4b,True,,,
720575940632332333,right,T4c,519,-5,-5,2,-7,T4c,True,,,
720575940632335500,left,T4d,363,7,-4,-9,5,T4d,True,,,
720575940632336941,right,T4a,158,3,-5,-6,1,T4a,True,,,
720575940632347459,left,T5d,30,6,16,2,14,T5d,True,,,
720575940632349458,left,T4c,376,-7,-10,2,-12,T4c,True,,,
720575940632351007,left,T5b,633,-1,-24,-11,-13,T5b,True,,,
720575940632352298,left,T5b,573,4,14,3,11,T5b,True,,,
720575940632353453,right,T4d,221,-7,3,8,-5,T4d,True,,,
720575940632356370,left,T5b,777,6,20,4,16,T5c,False,,,
720575940632358930,left,T4a,778,7,-15,-15,0,T4a,True,,,
720575940632359566,right,T4b,478,-7,16,15,1,T4b,True,,,
720575940632361490,left,T5d,391,4,-3,-6,3,T5d,True,,,
720575940632361953,right,T5c,474,-3,-17,-6,-11,T5c,True,,,
720575940632364359,left,T4d,145,0,4,2,2,T4d,True,,,
720575940632368696,left,T4c,273,-6,23,17,6,T4c,True,,,
720575940632374867,right,T4b,374,2,13,4,9,T4b,True,,,
720575940632375379,right,T5a,81,6,-2,-7,5,T5a,True,,,
720575940632384810,right,T5c,621,1,24,11,13,T5c,True,,,
720575940632388675,left,T4d,112,-6,1,6,-5,T4d,True,,,
720575940632389201,right,T4c,346,-7,-9,2,-11,T4c,True,,,
720575940632393529,right,T4d,629,4,24,8,16,T4d,True,,,
720575940632394916,right,T4d,635,6,-6,-9,3,T4d,True,,,
720575940632395859,right,T5a,96,1,-10,-6,-4,T5a,True,,,
720575940632397393,left,T5b,555,-4,9,8,1,T5b,True,,,
720575940632397454,right,T5c,301,-5,16,13,3,T5c,True,,,
720575940632397599,right,T5b,136,0,3,1,2,T5b,True,,,
720575940632402892,right,T4d,378,-3,18,12,6,T4d,True,,,
720575940632403108,left,T5c,761,-4,-18,-5,-13,T5c,True,,,
720575940632403779,left,T5d,318,4,-19,-14,-5,T5d,True,,,
720575940632405668,left,T5b,513,-4,-13,-3,-10,T5b,True,,,
720575940632407144,left,T5a,566,5,-8,-9,1,T5a,True,,,
720575940632407265,left,T5c,163,4,26,9,17,T5c,True,,,
720575940632410451,left,T5a,762,0,14,7,7,T5a,True,,,
720575940632413544,right,T4d,183,-5,-15,-3,-12,T4d,True,,,
720575940632416398,right,T5b,43,-5,18,14,4,T5b,True,,,
720575940632417363,right,T4a,604,-6,-17,-3,-14,T4a,True,,,
720575940632426660,left,T5d,111,2,-24,-14,-10,T5d,True,,,
720575940632429369,left,T4d,453,3,25,9,16,T4d,True,,,
720575940632429416,right,T4d,415,6,12,0,12,T4d,True,,,
720575940632429794,right,T5a,600,3,-10,-8,-2,T5a,True,,,
720575940632430623,left,T5b,149,6,-14,-13,-1,T5b,True,,,
720575940632432195,left,T4d,40,-2,-6,-1,-5,T4d,True,,,
720575940632433000,right,T4b,339,6,11,-1,12,T4b,True,,,
720575940632435999,right,T5d,168,-1,17,9,8,T5d,True,,,
720575940632439400,right,T4c,380,-1,29,15,14,T4c,True,,,
720575940632441427,right,T4c,106,-7,11,12,-1,T4c,True,,,
720575940632442707,right,T5c,100,2,-10,-7,-3,T5c,True,,,
720575940632442828,right,T4d,412,-6,21,16,5,T4d,True,,,
720575940632444431,right,T4a,3,6,-12,-12,0,T4a,True,,,
720575940632452909,right,T5b,259,-7,-5,4,-9,T5b,True,,,
720575940632453162,left,T4b,82,-7,7,10,-3,T4b,True,,,
720575940632453459,right,T5d,391,4,-3,-6,3,T5d,True,,,
720575940632454957,right,T5b,281,-9,2,10,-8,T5b,True,,,
720575940632458577,left,T4b,679,4,18,5,13,T4b,True,,,
720575940632462244,right,T5a,525,-1,-20,-9,-11,T5a,True,,,
720575940632475192,left,T4d,777,6,20,4,16,T4d,True,,,
720575940632478048,left,T5d,170,-5,1,5,-4,T5d,True,,,
720575940632478816,left,T5a,45,-5,-1,4,-5,T5a,True,,,
720575940632479289,left,T5b,719,1,27,12,15,T5b,True,,,
720575940632482273,left,T4c,215,6,7,-3,10,T4c,True,,,
720575940632483532,right,T4b,21,-2,19,11,8,T4b,True,,,
720575940632484177,left,T4d,48,-4,-22,-7,-15,T4d,True,,,
720575940632485945,left,T5d,271,4,6,-1,7,T5d,True,,,
720575940632490527,right,T4a,19,-7,17,15,2,T4a,True,,,
720575940632502543,left,T4d,251,-1,-14,-6,-8,T4d,True,,,
720575940632503180,left,T4c,323,-4,-27,-10,-17,T4c,True,,,
720575940632504740,left,T5b,546,3,6,0,6,T5b,True,,,
720575940632504996,left,T5a,445,-2,8,6,2,T5a,True,,,
720575940632509552,right,T4b,354,-2,-26,-11,-15,T4b,True,,,
720575940632511201,left,T5b,26,1,-3,-3,0,T5b,True,,,
720575940632514616,left,T4d,630,4,8,0,8,T4d,True,,,
720575940632520495,left,T5c,671,-4,-23,-8,-15,T5c,True,,,
720575940632521273,left,T5d,628,0,0,0,0,T5d,True,,,
720575940632531148,left,T5b,200,-5,12,11,1,T5b,True,,,
720575940632532792,left,T4b,721,5,13,1,12,T4b,True,,,
720575940632534355,left,T5c,475,-4,-1,3,-4,T5c,True,,,
720575940632534988,right,T5b,173,2,-25,-15,-10,T5b,True,,,
720575940632536289,left,T5d,697,1,-22,-12,-10,T5d,True,,,
720575940632536718,right,T5d,91,-1,6,4,2,T5d,True,,,
720575940632537508,left,T4b,382,3,-6,-6,0,T4b,True,,,
720575940632537764,left,T4b,77,2,-5,-5,0,T4b,True,,,
720575940632540620,right,T5c,484,3,-9,-8,-1,T5c,True,,,
720575940632540753,left,T5d,100,2,-10,-7,-3,T5d,True,,,
720575940632541838,right,T5c,206,-3,5,5,0,T5c,True,,,
720575940632542289,left,T5d,408,-6,-4,4,-8,T5d,True,,,
720575940632542433,left,T5c,89,1,-19,-11,-8,T5c,True,,,
720575940632544799,left,T5d,452,1,-9,-6,-3,T5d,True,,,
720575940632554029,left,T4c,683,2,6,1,5,T4c,True,,,
720575940632554700,left,T4c,474,-3,-17,-6,-11,T4c,True,,,
720575940632559919,left,T5b,749,-2,1,2,-1,T5b,True,,,
720575940632560865,left,T5d,200,-5,12,11,1,T5d,True,,,
720575940632564781,right,T5c,348,3,14,4,10,T5c,True,,,
720575940632567204,left,T4b,141,5,-23,-17,-6,T4b,True,,,
720575940632568863,left,T4a,450,2,-9,-7,-2,T4a,True,,,
720575940632572447,left,T5d,656,0,-11,-6,-5,T5d,True,,,
720575940632574433,left,T5c,571,0,-14,-7,-7,T5c,True,,,
720575940632576654,right,T4d,765,-3,9,7,2,T4d,True,,,
720575940632576910,right,T4c,654,-3,8,7,1,T4c,True,,,
720575940632577934,right,T5b,122,-5,9,9,0,T5b,True,,,
720575940632587724,left,T4d,664,1,-27,-15,-12,T4d,True,,,
720575940632588113,left,T4d,81,6,-2,-7,5,T4d,True,,,
720575940632588236,left,T5c,711,-1,19,10,9,T5c,True,,,
720575940632588430,right,T4c,504,-2,9,6,3,T4c,True,,,
720575940632588439,left,T5b,162,-4,-2,3,-5,T5b,True,,,
720575940632588831,left,T4b,431,-2,-10,-3,-7,T4b,True,,,
720575940632591268,left,T5b,489,-3,10,8,2,T5b,True,,,
720575940632591683,right,T4d,771,3,-27,-17,-10,T4d,True,,,
720575940632591897,right,T4c,522,-4,0,4,-4,T4c,True,,,
720575940632593735,right,T5c,271,4,6,-1,7,T5c,True,,,
720575940632593868,left,T5d,231,4,-12,-10,-2,T5d,True,,,
720575940632600680,right,T5a,258,-4,-17,-5,-12,T5a,True,,,
720575940632600740,left,T4d,209,-3,-8,-1,-7,T4d,True,,,
720575940632602439,left,T4c,442,-5,25,17,8,T4c,True,,,
720575940632605092,left,T4c,404,-1,20,11,9,T4c,True,,,
720575940632605357,left,T5c,212,2,-16,-10,-6,T5c,True,,,
720575940632606767,left,T4b,710,4,-25,-17,-8,T4b,True,,,
720575940632607569,left,T4b,393,-1,22,12,10,T4b,True,,,
720575940632609956,left,T4d,396,-1,10,6,4,T4d,True,,,
720575940632611409,left,T5d,34,6,18,3,15,T5d,True,,,
720575940632611615,right,T4a,56,1,-13,-8,-5,T4a,True,,,
720575940632613688,left,T5c,40,-2,-6,-1,-5,T5c,True,,,
720575940632619033,left,T4d,633,-1,-24,-11,-13,T4d,True,,,
720575940632619172,left,T5a,206,-3,5,5,0,T5a,True,,,
720575940632623943,right,T4d,740,2,-8,-6,-2,T4d,True,,,
720575940632626479,left,T4c,644,-6,18,15,3,T4c,True,,,
720575940632628684,right,T5a,285,6,-18,-15,-3,T5a,True,,,
720575940632629551,right,T4c,210,-6,8,10,-2,T4c,True,,,
720575940632630611,right,T5b,587,4,22,7,15,T5b,True,,,
720575940632632365,right,T5b,690,-7,-3,5,-8,T5b,True,,,
720575940632634707,left,T4c,85,4,-22,-15,-7,T4c,True,,,
720575940632638253,right,T5b,392,-4,7,7,0,T5b,True,,,
720575940632642847,left,T4d,236,-1,4,3,1,T4d,True,,,
720575940632643245,right,T4a,430,-3,-7,-1,-6,T4a,True,,,
720575940632643501,right,T5b,614,-2,-8,-2,-6,T5b,True,,,
720575940632651940,left,T5a,199,0,-12,-6,-6,T5a,True,,,
720575940632653112,left,T5d,675,-7,19,16,3,T5d,True,,,
720575940632655955,left,T5d,762,0,14,7,7,T5d,True,,,
720575940632661412,right,T4b,396,-1,10,6,4,T4b,True,,,
720575940632661452,right,T5a,335,2,8,2,6,T5a,True,,,
720575940632661587,left,T4a,519,-5,-5,2,-7,T4a,True,,,
720575940632665252,right,T4b,496,7,8,-3,11,T4b,True,,,
720575940632665548,left,T4a,350,1,15,6,9,T4a,True,,,
720575940632668753,left,T4a,282,0,26,13,13,T4a,True,,,
720575940632669922,left,T5d,549,0,-9,-5,-4,T5d,True,,,
720575940632672851,right,T4b,87,1,11,4,7,T4b,True,,,
720575940632675117,right,T4b,43,-5,18,14,4,T4b,True,,,
720575940632676895,left,T4b,765,-3,9,7,2,T4b,True,,,
720575940632678687,left,T4c,104,-1,-27,-13,-14,T4c,True,,,
720575940632680855,left,T5c,84,-2,12,8,4,T5c,True,,,
720575940632682067,right,T5b,316,5,-4,-7,3,T5b,True,,,
720575940632696012,left,T4a,639,-4,19,13,6,T4a,True,,,
720575940632700487,left,T5b,572,-8,3,9,-6,T5b,True,,,
720575940632709068,right,T5d,692,-4,24,16,8,T5d,True,,,
720575940632711332,left,T4b,157,-1,-7,-3,-4,T4b,True,,,
720575940632712275,right,T4c,467,-2,-20,-8,-12,T4c,True,,,
720575940632718623,right,T4a,271,4,6,-1,7,T4a,True,,,
720575940632720485,right,T4a,454,5,-12,-11,-1,T4a,True,,,
720575940632734637,right,T5b,82,-7,7,10,-3,T5b,True,,,
720575940632735140,left,T4a,598,2,-18,-11,-7,T4a,True,,,
720575940632736101,right,T4b,454,5,-12,-11,-1,T4b,True,,,
720575940632740269,right,T4c,434,-3,7,6,1,T4c,True,,,
720575940632740399,left,T4d,180,2,-27,-16,-11,T4d,True,,,
720575940632743751,left,T5c,112,-6,1,6,-5,T5c,True,,,
720575940632744621,right,T4a,566,5,-8,-9,1,T4a,True,,,
720575940632755225,left,T4b,340,-4,17,12,5,T4b,True,,,
720575940632757039,left,T4c,347,-5,-13,-2,-11,T4c,True,,,
720575940632757404,left,T4c,551,-4,-9,-1,-8,T4c,True,,,
720575940632760933,right,T4c,387,-1,-15,-7,-8,T4c,True,,,
720575940632767336,left,T5a,200,-5,12,11,1,T5a,True,,,
720575940632768799,left,T5b,627,0,-1,-1,0,T5b,True,,,
720575940632779603,left,T5c,456,0,21,10,11,T5c,True,,,
720575940632781139,left,T5b,366,2,-29,-17,-12,T5b,True,,,
720575940632787364,left,T4d,492,-7,-2,6,-8,T4d,True,,,
720575940632788900,left,T5c,600,3,-10,-8,-2,T5c,True,,,
720575940632799059,right,T4a,719,1,27,12,15,T4a,True,,,
720575940632803411,right,T4a,698,6,-7,-10,3,T4a,True,,,
720575940632803921,right,T4a,414,4,21,6,15,T4a,True,,,
720575940632804377,left,T5c,757,0,-6,-3,-3,T5c,True,,,
720575940632804383,left,T4d,362,2,-20,-12,-8,T4d,True,,,
720575940632807085,right,T5c,648,1,7,2,5,T5c,True,,,
720575940632807341,left,T5c,640,-1,-16,-7,-9,T5c,True,,,
720575940632808479,left,T4b,322,2,26,11,15,T4b,True,,,
720575940632810285,right,T4d,140,3,8,1,7,T4d,True,,,
720575940632813357,right,T4c,395,0,-22,-11,-11,T4c,True,,,
720575940632816813,right,T4d,492,-7,-2,6,-8,T4d,True,,,
720575940632817069,right,T4c,492,-7,-2,6,-8,T4c,True,,,
720575940632818910,right,T4d,680,-1,25,13,12,T4d,True,,,
720575940632823912,right,T5b,385,-3,-18,-6,-12,T5b,True,,,
720575940632825261,right,T4c,661,-3,14,10,4,T4c,True,,,
720575940632826797,right,T4b,260,-3,19,12,7,T4b,True,,,
720575940632827731,left,T4a,433,0,-8,-4,-4,T4a,True,,,
720575940632836435,left,T4d,78,2,20,8,12,T4d,True,,,
720575940632838995,left,T5c,185,2,-11,-8,-3,T5c,True,,,
720575940632841773,right,T4b,404,-1,20,11,9,T4b,True,,,
720575940632842148,right,T4c,72,0,-28,-14,-14,T4c,True,,,
720575940632845139,left,T4b,334,1,-26,-14,-12,T4b,True,,,
720575940632850340,left,T4d,761,-4,-18,-5,-13,T4d,True,,,
720575940632850643,right,T5d,678,3,-7,-7,0,T5d,True,,,
720575940632858707,right,T4b,42,-1,14,8,6,T4b,True,,,
720575940632860499,right,T4b,636,0,6,3,3,T4b,True,,,
720575940632861267,right,T4d,421,-1,12,7,5,T4d,True,,,
720575940632861779,right,T4c,487,1,-1,-2,1,T4c,True,,,
720575940632871469,left,T4a,63,4,12,2,10,T4a,True,,,
720575940632872670,right,T5d,380,-1,29,15,14,T5d,True,,,
720575940632874029,left,T4a,425,3,20,7,13,T4a,True,,,
720575940632878649,left,T5d,701,0,-4,-2,-2,T5d,True,,,
720575940632879673,left,T4b,586,2,18,7,11,T4b,True,,,
720575940632879699,left,T4a,678,3,-7,-7,0,T4a,True,,,
720575940632879841,right,T4a,627,0,-1,-1,0,T4a,True,,,
720575940632881235,left,T4c,153,8,0,-8,8,T4c,True,,,
720575940632887085,left,T5a,105,3,22,8,14,T5a,True,,,
720575940632889645,right,T4b,513,-4,-13,-3,-10,T4b,True,,,
720575940632894174,right,T4a,237,-2,27,15,12,T4a,True,,,
720575940632894803,left,T5d,747,0,2,1,1,T5d,True,,,
720575940632898444,left,T5a,131,-6,20,16,4,T5a,True,,,
720575940632899501,right,T5a,108,-3,-12,-3,-9,T5a,True,,,
720575940632903085,right,T4b,5,-1,16,9,7,T4b,True,,,
720575940632911456,left,T4a,475,-4,-1,3,-4,T4a,True,,,
720575940632918867,left,T5a,21,-2,19,11,8,T5a,True,,,
720575940632920030,right,T4d,237,-2,27,15,12,T4d,True,,,
720575940632922067,right,T4d,538,-4,1,4,-3,T4d,True,,,
720575940632922835,right,T4d,521,6,-9,-11,2,T4d,True,,,
720575940632931294,right,T4c,786,-2,30,17,13,T4c,True,,,
720575940632931764,right,T5d,204,5,-2,-6,4,T5d,True,,,
720575940632932397,left,T4b,740,2,-8,-6,-2,T4b,True,,,
720575940632940077,left,T5a,195,-3,-1,2,-3,T5a,True,,,
720575940632943780,left,T5d,270,1,-8,-5,-3,T5d,True,,,
720575940632946340,right,T4a,402,3,26,10,16,T4a,True,,,
720575940632950684,right,T4c,690,-7,-3,5,-8,T4c,True,,,
720575940632950948,left,T4d,341,6,-17,-15,-2,T4d,True,,,
720575940632953912,left,T4a,522,-4,0,4,-4,T4a,True,,,
720575940632959132,left,T4d,680,-1,25,13,12,T4d,True,,,
720575940632959396,left,T4a,613,6,-23,-18,-5,T4a,True,,,
720575940632967588,left,T4b,262,1,-11,-7,-4,T4b,True,,,
720575940632973357,right,T4b,758,5,-1,-6,5,T4b,True,,,
720575940632979100,right,T4a,350,1,15,6,9,T4a,True,,,
720575940632979364,left,T5b,352,-2,28,16,12,T5b,True,,,
720575940632980132,left,T5a,576,0,28,14,14,T5a,True,,,
720575940633004700,left,T4b,120,-1,-1,0,-1,T4b,True,,,
720575940633005212,right,T4a,463,5,17,3,14,T4a,True,,,
720575940633016019,right,T5b,485,-3,-3,1,-4,T5b,True,,,
720575940633017625,left,T4a,118,3,1,-3,4,T4a,True,,,
720575940633024869,right,T5c,635,6,-6,-9,3,T5c,True,,,
720575940633035693,right,T5d,417,-6,-10,1,-11,T5d,True,,,
720575940633038748,right,T5a,785,-3,30,18,12,T5a,True,,,
720575940633050705,left,T5c,732,-3,6,6,0,T5c,True,,,
720575940633054637,left,T4c,109,4,-5,-7,2,T4c,True,,,
720575940633058733,right,T4b,534,3,2,-2,4,T4b,True,,,
720575940633067219,left,T5c,374,2,13,4,9,T5c,True,,,
720575940633070673,left,T4a,495,4,5,-2,7,T4a,True,,,
720575940633071827,right,T4d,713,-6,16,14,2,T4d,True,,,
720575940633078829,right,T5b,171,6,-20,-16,-4,T5b,True,,,
720575940633078867,left,T5d,412,-6,21,16,5,T5d,True,,,
720575940633092819,left,T4b,703,-3,1,3,-2,T4b,True,,,
720575940633096659,right,T4a,326,2,16,6,10,T4a,True,,,
720575940633099932,left,T4c,325,5,1,-5,6,T4c,True,,,
720575940633103772,right,T4c,632,3,-20,-13,-7,T4c,True,,,
720575940633108141,left,T4c,757,0,-6,-3,-3,T4c,True,,,
720575940633121692,left,T4c,615,-7,-7,3,-10,T4c,True,,,
720575940633127597,left,T5d,444,4,-10,-9,-1,T5d,True,,,
720575940633128991,left,T4d,749,-2,1,2,-1,T4d,True,,,
720575940633142497,right,T5b,304,6,5,-4,9,T5b,True,,,
720575940633147556,left,T4d,478,-7,16,15,1,T4d,True,,,
720575940633159650,right,T5d,572,-8,3,9,-6,T5d,True,,,
720575940633160674,right,T5a,267,-6,2,7,-5,T5a,True,,,
720575940633163172,left,T4c,616,-3,15,10,5,T4c,True,,,
720575940633168083,left,T5c,236,-1,4,3,1,T5c,True,,,
720575940633168548,right,T5b,352,-2,28,16,12,T5b,True,,,
720575940633169060,left,T5d,690,-7,-3,5,-8,T5d,True,,,
720575940633170076,right,T4a,696,-2,16,10,6,T4a,True,,,
720575940633170207,right,T4d,729,-3,29,17,12,T4d,True,,,
720575940633177517,right,T4a,342,2,-15,-10,-5,T4a,True,,,
720575940633179949,right,T4c,743,6,-19,-16,-3,T4c,True,,,
720575940633181410,right,T4c,792,8,2,-7,9,T4c,True,,,
720575940633185363,right,T5d,446,2,-14,-9,-5,T5d,True,,,
720575940633192109,left,T5b,533,0,-16,-8,-8,T5b,True,,,
720575940633192930,left,T5a,299,-4,12,10,2,T5a,True,,,
720575940633196591,right,T4d,612,-3,-26,-10,-16,T4d,True,,,
720575940633202914,left,T5d,489,-3,10,8,2,T5d,True,,,
720575940633203620,left,T5c,61,-4,-4,2,-6,T5c,True,,,
720575940633207085,left,T5a,496,7,8,-3,11,T5a,True,,,
720575940633217607,left,T5c,749,-2,1,2,-1,T5c,True,,,
720575940633223348,left,T5a,157,-1,-7,-3,-4,T5a,True,,,
720575940633225427,left,T5a,763,-5,14,12,2,T5a,True,,,
720575940633234658,right,T5b,98,-1,-12,-5,-7,T5b,True,,,
720575940633235225,right,T5b,91,-1,6,4,2,T5b,True,,,
720575940633236132,left,T4b,194,0,-5,-3,-2,T4b,True,,,
720575940633241647,left,T4d,535,8,-4,-10,6,T4d,True,,,
720575940633241952,left,T5b,621,1,24,11,13,T5b,True,,,
720575940633242649,right,T5c,29,-1,-3,-1,-2,T5c,True,,,
720575940633245907,right,T4b,400,1,-29,-16,-13,T4b,True,,,
720575940633267501,left,T4b,367,-6,-15,-2,-13,T4b,True,,,
720575940633268525,right,T4a,788,3,27,10,17,T4a,True,,,
720575940633275874,left,T4a,9,4,9,0,9,T4a,True,,,
720575940633293599,right,T4d,560,-7,14,14,0,T4d,True,,,
720575940633295571,right,T4c,135,-3,-22,-8,-14,T4c,True,,,
720575940633297107,right,T5b,795,6,-21,-17,-4,T5b,True,,,
720575940633297377,right,T4c,311,-7,15,14,1,T4c,True,,,
720575940633299808,right,T5a,742,-4,11,9,2,T5a,True,,,
720575940633316633,right,T5a,226,5,19,4,15,T5a,True,,,
720575940633320343,right,T4c,644,-6,18,15,3,T4c,True,,,
720575940633321954,left,T4a,390,-6,-9,1,-10,T4a,True,,,
720575940633322956,left,T5c,19,-7,17,15,2,T5c,True,,,
720575940633327697,left,T5a,684,-6,17,14,3,T5a,True,,,
720575940633328209,left,T4a,700,5,15,2,13,T4a,True,,,
720575940633329886,right,T5a,747,0,2,1,1,T5a,True,,,
720575940633332505,right,T5c,38,0,-2,-1,-1,T5c,True,,,
720575940633334112,right,T4a,201,-8,9,12,-3,T4a,True,,,
720575940633338263,left,T4c,123,-8,10,13,-3,T4c,True,,,
720575940633352127,right,T5d,615,-7,-7,3,-10,T5d,True,,,
720575940633354321,right,T5a,738,-3,13,9,4,T5a,True,,,
720575940633355987,right,T5b,676,-3,-21,-8,-13,T5b,True,,,
720575940633364388,right,T4c,156,-9,1,9,-8,T4c,True,,,
720575940633365730,left,T4b,480,3,-19,-13,-6,T4b,True,,,
720575940633372129,right,T4b,489,-3,10,8,2,T4b,True,,,
720575940633372627,right,T4c,544,3,-13,-10,-3,T4c,True,,,
720575940633374116,left,T5d,433,0,-8,-4,-4,T5d,True,,,
720575940633375827,left,T5d,216,2,19,7,12,T5d,True,,,
720575940633376173,left,T5c,71,-2,-3,0,-3,T5c,True,,,
720575940633378274,right,T4a,226,5,19,4,15,T4a,True,,,
720575940633379991,left,T4c,237,-2,27,15,12,T4c,True,,,
720575940633380192,right,T4c,340,-4,17,12,5,T4c,True,,,
720575940633387233,right,T4c,254,3,-24,-15,-9,T4c,True,,,
720575940633392083,right,T4c,218,2,10,3,7,T4c,True,,,
720575940633395999,right,T5b,172,1,22,10,12,T5b,True,,,
720575940633400986,right,T5c,179,-5,-16,-3,-13,T5c,True,,,
720575940633401313,right,T4a,256,5,-20,-15,-5,T4a,True,,,
720575940633408869,right,T4b,139,1,-14,-8,-6,T4b,True,,,
720575940633410199,right,T5a,277,7,-3,-9,6,T5a,True,,,
720575940633415137,right,T5a,107,8,-2,-9,7,T5a,True,,,
720575940633423586,right,T4b,657,-2,-25,-11,-14,T4b,True,,,
720575940633424479,left,T4c,647,-4,-7,0,-7,T4c,True,,,
720575940633427155,left,T5c,196,-1,8,5,3,T5c,True,,,
720575940633429470,right,T4b,786,-2,30,17,13,T4b,True,,,
720575940633429726,right,T4b,202,-1,27,14,13,T4b,True,,,
720575940633432621,left,T5b,480,3,-19,-13,-6,T5b,True,,,
720575940633432798,right,T4b,576,0,28,14,14,T4b,True,,,
720575940633445663,left,T5a,272,3,-2,-4,2,T5a,True,,,
720575940633446175,left,T5c,465,3,0,-3,3,T5c,True,,,
720575940633454305,right,T4b,449,6,-16,-14,-2,T4b,True,,,
720575940633482777,right,T5a,119,-2,6,5,1,T5a,True,,,
720575940633483746,right,T5c,672,-8,11,13,-2,T5c,True,,,
720575940633486765,right,T5b,223,-2,26,15,11,T5b,True,,,
720575940633487059,left,T5a,246,-4,15,11,4,T5a,True,,,
720575940633489875,left,T5b,742,-4,11,9,2,T5b,True,,,
720575940633493971,left,T5d,541,-4,14,11,3,T5d,True,,,
720575940633496237,left,T4b,684,-6,17,14,3,T4b,True,,,
720575940633496545,right,T4a,35,1,-24,-13,-11,T4a,True,,,
720575940633497570,right,T4a,240,-4,-3,2,-5,T4a,True,,,
720575940633497826,right,T4b,245,-5,-3,3,-6,T4b,True,,,
720575940633499929,right,T5b,36,6,8,-2,10,T5b,True,,,
720575940633520927,right,T4a,773,5,-19,-15,-4,T4a,True,,,
720575940633529555,right,T4b,526,0,-10,-5,-5,T4b,True,,,
720575940633537235,left,T5b,521,6,-9,-11,2,T5b,True,,,
720575940633548499,right,T5b,761,-4,-18,-5,-13,T5b,True,,,
720575940633548510,right,T5b,37,1,5,1,4,T5b,True,,,
720575940633549599,left,T5a,486,0,1,0,1,T5a,True,,,
720575940633553886,right,T5c,751,1,6,2,4,T5c,True,,,
720575940633558047,right,T5c,312,4,-7,-8,1,T5c,True,,,
720575940633562078,right,T5d,37,1,5,1,4,T5d,True,,,
720575940633567679,left,T5c,339,6,11,-1,12,T5c,True,,,
720575940633575134,right,T5a,599,-1,9,5,4,T5a,True,,,
720575940633576161,left,T5c,308,-5,8,9,-1,T5c,True,,,
720575940633583187,right,T4c,713,-6,16,14,2,T4c,True,,,
720575940633588761,right,T5d,240,-4,-3,2,-5,T5d,True,,,
720575940633590117,right,T4d,139,1,-14,-8,-6,T4d,True,,,
720575940633590445,left,T4d,782,-1,-28,-13,-15,T4d,True,,,
720575940633591397,right,T4b,331,1,-15,-9,-6,T4b,True,,,
720575940633597285,right,T4c,212,2,-16,-10,-6,T4c,True,,,
720575940633605345,right,T4a,148,-7,-11,1,-12,T4a,True,,,
720575940633611987,left,T4c,763,-5,14,12,2,T4c,True,,,
720575940633615807,right,T5a,790,-2,-27,-12,-15,T5a,True,,,
720575940633616851,left,T4a,351,-1,-17,-8,-9,T4a,True,,,
720575940633618272,right,T4a,747,0,2,1,1,T4a,True,,,
720575940633620388,left,T4b,65,-1,28,15,13,T4b,True,,,
720575940633622553,left,T5a,140,3,8,1,7,T5a,True,,,
720575940633628256,left,T5b,86,-5,-7,1,-8,T5b,True,,,
720575940633637805,right,T5c,202,-1,27,14,13,T5c,True,,,
720575940633640929,left,T5c,392,-4,7,7,0,T5c,True,,,
720575940633641186,right,T5c,220,2,-6,-5,-1,T5c,True,,,
720575940633641442,right,T4c,483,2,-7,-6,-1,T4c,True,,,
720575940633641919,right,T4b,54,-4,3,5,-2,T4b,True,,,
720575940633643490,right,T4d,162,-4,-2,3,-5,T4d,True,,,
720575940633644174,right,T4d,782,-5,27,18,9,T4d,True,,,
720575940633645011,left,T5b,152,3,-15,-11,-4,T5b,True,,,
720575940633648153,right,T4b,439,-3,-9,-2,-7,T4b,True,,,
720575940633648526,right,T5b,787,3,28,11,17,T5b,True,,,
720575940633648782,right,T5a,660,2,28,12,16,T5a,True,,,
720575940633651737,right,T5c,256,5,-20,-15,-5,T5c,True,,,
720575940633655194,right,T5d,262,1,-11,-7,-4,T5d,True,,,
720575940633655694,right,T5a,796,4,26,9,17,T5a,True,,,
720575940633656345,right,T5a,248,-6,0,6,-6,T5a,True,,,
720575940633664281,right,T4b,560,-7,14,14,0,T4b,True,,,
720575940633665049,right,T4d,469,-7,13,13,0,T4d,True,,,
720575940633668322,left,T5d,610,2,-23,-14,-9,T5d,True,,,
720575940633670882,right,T5c,293,4,-17,-13,-4,T5c,True,,,
720575940633672078,right,T4a,576,0,28,14,14,T4a,True,,,
720575940633672162,right,T5c,313,7,3,-6,9,T5c,True,,,
720575940633675693,left,T5d,622,-5,20,15,5,T5d,True,,,
720575940633678478,right,T4c,729,-3,29,17,12,T4c,True,,,
720575940633678734,right,T4c,65,-1,28,15,13,T4c,True,,,
720575940633683086,right,T4d,295,-2,29,16,13,T4d,True,,,
720575940633683757,right,T5b,582,-1,23,12,11,T5b,True,,,
720575940633684446,right,T5c,234,1,3,0,3,T5c,True,,,
720575940633685146,right,T5a,415,6,12,0,12,T5a,True,,,
720575940633685982,right,T5c,224,0,5,2,3,T5c,True,,,
720575940633687972,right,T4a,254,3,-24,-15,-9,T4a,True,,,
720575940633695201,right,T4c,57,6,-11,-12,1,T4c,True,,,
720575940633695898,left,T4b,634,-3,-15,-5,-10,T4b,True,,,
720575940633696666,right,T4d,232,-4,13,10,3,T4d,True,,,
720575940633696723,left,T4c,70,-4,21,14,7,T4c,True,,,
720575940633697727,left,T4b,224,0,5,2,3,T4b,True,,,
720575940633697983,right,T5b,10,5,-15,-13,-2,T5b,True,,,
720575940633698515,left,T4b,226,5,19,4,15,T4b,True,,,
720575940633700065,left,T5d,405,3,10,2,8,T5d,True,,,
720575940633702370,left,T5c,283,-4,4,6,-2,T5c,True,,,
720575940633704217,right,T5d,1,-6,13,12,1,T5d,True,,,
720575940633705370,left,T5c,439,-3,-9,-2,-7,T5c,True,,,
720575940633710306,left,T5b,240,-4,-3,2,-5,T5b,True,,,
720575940633717855,right,T5a,672,-8,11,13,-2,T5a,True,,,
720575940633724767,right,T4b,380,-1,29,15,14,T4b,True,,,
720575940633726303,left,T5b,57,6,-11,-12,1,T5b,True,,,
720575940633731423,left,T5a,721,5,13,1,12,T5a,True,,,
720575940633734734,left,T5c,759,7,14,0,14,T5c,True,,,
720575940633746713,right,T5c,94,5,18,4,14,T5c,True,,,
720575940633748706,right,T5b,238,-8,-3,6,-9,T5b,True,,,
720575940633752159,left,T4c,20,3,-11,-9,-2,T4c,True,,,
720575940633760993,left,T5a,635,6,-6,-9,3,T5a,True,,,
720575940633762785,left,T4a,766,2,-4,-4,0,T4a,True,,,
720575940633764959,right,T5b,253,5,16,3,13,T5b,True,,,
720575940633770091,right,T4a,91,-1,6,4,2,T4a,True,,,
720575940633772001,left,T5a,387,-1,-15,-7,-8,T5a,True,,,
720575940633773025,left,T5c,12,-7,9,11,-2,T5c,True,,,
720575940633773919,right,T5b,55,-4,-11,-2,-9,T5b,True,,,
720575940633774562,left,T4a,757,0,-6,-3,-3,T4a,True,,,
720575940633774818,left,T4d,106,-7,11,12,-1,T4d,True,,,
720575940633777247,right,T5d,534,3,2,-2,4,T5d,True,,,
720575940633782170,left,T4a,8,-4,26,17,9,T4a,True,,,
720575940633784986,right,T5d,396,-1,10,6,4,T5d,True,,,
720575940633786975,right,T4a,580,-2,-23,-10,-13,T4a,True,,,
720575940633787327,right,T5d,179,-5,-16,-3,-13,T5d,True,,,
720575940633790745,right,T4c,39,0,20,10,10,T4c,True,,,
720575940633791513,right,T5c,601,1,16,7,9,T5c,True,,,
720575940633795795,left,T4b,414,4,21,6,15,T4b,True,,,
720575940633798335,left,T5d,283,-4,4,6,-2,T5d,True,,,
720575940633801573,right,T5a,137,5,-7,-9,2,T5a,True,,,
720575940633803877,right,T5d,205,5,-6,-8,2,T5d,True,,,
720575940633804389,right,T5d,312,4,-7,-8,1,T5d,True,,,
720575940633805267,right,T4d,578,4,-11,-10,-1,T4d,True,,,
720575940633815522,left,T5c,608,1,10,4,6,T5c,True,,,
720575940633822690,left,T5b,9,4,9,0,9,T5b,True,,,
720575940633836954,left,T5d,436,0,-15,-8,-7,T5d,True,,,
720575940633841325,left,T4a,586,2,18,7,11,T4a,True,,,
720575940633859482,right,T5c,758,5,-1,-6,5,T5c,True,,,
720575940633860703,right,T4b,506,1,-12,-7,-5,T4b,True,,,
720575940633875808,right,T4d,124,1,-7,-5,-2,T4d,True,,,
720575940633877087,right,T4a,366,-5,-20,-5,-15,T4a,True,,,
720575940633879853,right,T4a,563,5,-13,-12,-1,T4a,True,,,
720575940633894507,right,T5c,769,4,-27,-18,-9,T5c,True,,,
720575940633915031,left,T4c,117,-8,-2,7,-9,T4c,True,,,
720575940633915982,left,T4b,22,-1,3,2,1,T4b,True,,,
720575940633918489,left,T5d,359,2,23,9,14,T5d,True,,,
720575940633925472,left,T4a,702,-5,23,16,7,T4a,True,,,
720575940633925739,right,T4b,157,-1,-7,-3,-4,T4b,True,,,
720575940633925966,left,T4b,136,0,3,1,2,T4b,True,,,
720575940633943708,right,T4c,249,2,-12,-8,-4,T4c,True,,,
720575940633946731,right,T4b,747,0,2,1,1,T4b,True,,,
720575940633947161,left,T5b,151,-3,-14,-4,-10,T5b,True,,,
720575940633952869,right,T5a,17,1,-5,-4,-1,T5a,True,,,
720575940633957710,left,T4a,751,1,6,2,4,T4a,True,,,
720575940633962853,right,T5b,740,2,-8,-6,-2,T5b,True,,,
720575940633963181,right,T4a,714,5,12,1,11,T4a,True,,,
720575940633963949,right,T4a,110,-7,0,7,-7,T4a,True,,,
720575940633973529,right,T4d,244,-4,-12,-2,-10,T4d,True,,,
720575940633978649,right,T4c,333,0,-21,-11,-10,T4c,True,,,
720575940633980697,left,T5c,573,4,14,3,11,T5c,True,,,
720575940633981921,right,T4a,380,-1,29,15,14,T4a,True,,,
720575940633985436,left,T5d,529,2,-2,-3,1,T5d,True,,,
720575940633987179,left,T4c,631,1,26,12,14,T4c,True,,,
720575940633987228,left,T5d,81,6,-2,-7,5,T5d,True,,,
720575940633988889,left,T5c,717,2,-22,-13,-9,T5c,True,,,
720575940633992729,left,T5a,651,-4,-5,1,-6,T5a,True,,,
720575940634003790,left,T5d,670,5,5,-3,8,T5d,True,,,
720575940634004124,right,T5c,553,-3,16,11,5,T5c,True,,,
720575940634020833,left,T5a,753,-3,24,15,9,T5a,True,,,
720575940634027932,right,T4b,46,-5,15,12,3,T4b,True,,,
720575940634033308,right,T5a,603,-3,-23,-9,-14,T5a,True,,,
720575940634034457,right,T5b,592,3,-28,-17,-11,T5b,True,,,
720575940634056555,left,T4c,435,5,-17,-14,-3,T4c,True,,,
720575940634061419,right,T5a,480,3,-19,-13,-6,T5a,True,,,
720575940634065433,right,T5d,557,6,-10,-11,1,T5d,True,,,
720575940634067612,right,T4c,396,-1,10,6,4,T4c,True,,,
720575940634086295,right,T4b,1,-6,13,12,1,T4b,True,,,
720575940634087393,left,T4d,542,6,-13,-13,0,T4d,True,,,
720575940634089116,right,T4c,560,-7,14,14,0,T4c,True,,,
720575940634090080,right,T5d,317,-5,-4,3,-7,T5d,True,,,
720575940634092442,left,T4c,640,-1,-16,-7,-9,T4c,True,,,
720575940634093675,right,T4d,354,-2,-26,-11,-15,T4d,True,,,
720575940634096353,left,T4c,660,2,28,12,16,T4c,True,,,
720575940634103777,right,T5a,156,-9,1,9,-8,T5a,True,,,
720575940634105754,left,T4b,520,-2,-22,-9,-13,T4b,True,,,
720575940634106975,left,T5a,514,-4,-10,-1,-9,T5a,True,,,
720575940634111167,right,T4b,223,-2,26,15,11,T4b,True,,,
720575940634115952,right,T5a,580,-2,-23,-10,-13,T5a,True,,,
720575940634123219,right,T5c,322,2,26,11,15,T5c,True,,,
720575940634124057,right,T4a,439,-3,-9,-2,-7,T4a,True,,,
720575940634155033,left,T5a,610,2,-23,-14,-9,T5a,True,,,
720575940634164702,right,T5b,176,-2,13,8,5,T5b,True,,,
720575940634182355,right,T4d,138,0,27,13,14,T4d,True,,,
720575940634182937,right,T4c,403,-2,-12,-4,-8,T4c,True,,,
720575940634184800,right,T5c,279,-4,8,8,0,T5c,True,,,
720575940634185568,right,T5c,309,-6,12,12,0,T5c,True,,,
720575940634188770,left,T5c,164,-1,-2,0,-2,T5c,True,,,
720575940634189790,right,T5c,176,-2,13,8,5,T5c,True,,,
720575940634193008,right,T4c,399,-4,-24,-8,-16,T4c,True,,,
720575940634195819,right,T4d,508,-5,11,10,1,T4d,True,,,
720575940634195934,right,T5c,418,-2,15,9,6,T5c,True,,,
720575940634198112,left,T5a,290,5,-24,-17,-7,T5a,True,,,
720575940634198483,left,T4c,432,-5,7,8,-1,T4c,True,,,
720575940634198684,left,T4d,60,-8,8,12,-4,T4d,True,,,
720575940634202480,right,T5b,366,-5,-20,-5,-15,T5b,True,,,
720575940634206576,right,T5b,671,-4,-23,-8,-15,T5b,True,,,
720575940634207644,right,T4b,551,-4,-9,-1,-8,T4b,True,,,
720575940634207900,left,T5b,333,0,-21,-11,-10,T5b,True,,,
720575940634215836,right,T5b,580,-2,-23,-10,-13,T5b,True,,,
720575940634219616,right,T5d,124,1,-7,-5,-2,T5d,True,,,
720575940634222687,left,T5b,610,2,-23,-14,-9,T5b,True,,,
720575940634223968,left,T5b,310,2,22,9,13,T5b,True,,,
720575940634234524,left,T5b,24,-1,-10,-4,-6,T5b,True,,,
720575940634235488,left,T5b,619,-4,-19,-6,-13,T5b,True,,,
720575940634237375,left,T5a,229,5,2,-4,6,T5a,True,,,
720575940634237791,right,T4d,463,5,17,3,14,T4d,True,,,
720575940634242782,right,T5d,696,-2,16,10,6,T5d,True,,,
720575940634245857,left,T5b,323,-4,-27,-10,-17,T5b,True,,,
720575940634246611,left,T4a,165,4,16,4,12,T4a,True,,,
720575940634246881,right,T4b,186,-1,26,14,12,T4b,True,,,
720575940634254748,right,T4a,43,-5,18,14,4,T4a,True,,,
720575940634256279,right,T4a,475,-4,-1,3,-4,T4a,True,,,
720575940634256540,right,T5c,280,-6,-14,-1,-13,T5c,True,,,
720575940634257634,left,T5b,305,-7,4,9,-5,T5b,True,,,
720575940634264601,left,T5a,665,7,-2,-8,6,T5a,True,,,
720575940634272864,left,T4b,38,0,-2,-1,-1,T4b,True,,,
720575940634279160,right,T4d,657,-2,-25,-11,-14,T4d,True,,,
720575940634280092,left,T5a,773,5,-19,-15,-4,T5a,True,,,
720575940634284444,left,T4c,528,2,7,1,6,T4c,True,,,
720575940634284954,right,T4c,54,-4,3,5,-2,T4c,True,,,
720575940634285980,left,T4d,23,-3,-16,-5,-11,T4d,True,,,
720575940634293172,left,T5b,760,0,17,8,9,T5b,True,,,
720575940634300642,left,T5b,673,2,5,0,5,T5b,True,,,
720575940634302419,right,T4a,449,6,-16,-14,-2,T4a,True,,,
720575940634302560,right,T4c,678,3,-7,-7,0,T4c,True,,,
720575940634304692,left,T4c,267,-6,2,7,-5,T4c,True,,,
720575940634305016,left,T4b,343,-3,27,16,11,T4b,True,,,
720575940634305632,left,T4d,555,-4,9,8,1,T4d,True,,,
720575940634316439,right,T5c,198,6,2,-5,7,T5c,True,,,
720575940634321308,left,T4b,440,1,23,10,13,T4b,True,,,
720575940634322424,left,T4b,625,-2,24,14,10,T4b,True,,,
720575940634333852,right,T4c,752,-2,7,5,2,T4c,True,,,
720575940634345626,right,T5a,590,1,9,3,6,T5a,True,,,
720575940634346135,right,T4c,157,-1,-7,-3,-4,T4c,True,,,
720575940634346391,right,T4a,311,-7,15,14,1,T4a,True,,,
720575940634346592,right,T5b,619,-4,-19,-6,-13,T5b,True,,,
720575940634349304,left,T4c,179,-5,-16,-3,-13,T4c,True,,,
720575940634350584,left,T4d,442,-5,25,17,8,T4d,True,,,
720575940634355993,right,T4a,465,3,0,-3,3,T4a,True,,,
720575940634357343,right,T4d,207,1,29,13,16,T4d,True,,,
720575940634358196,right,T4d,523,2,14,5,9,T4d,True,,,
720575940634365852,left,T4d,727,7,6,-4,10,T4d,True,,,
720575940634369643,left,T5d,206,-3,5,5,0,T5d,True,,,
720575940634372600,left,T5d,261,-1,13,7,6,T5d,True,,,
720575940634382328,right,T5d,260,-3,19,12,7,T5d,True,,,
720575940634385945,right,T4c,159,7,7,-4,11,T4c,True,,,
720575940634388064,right,T4d,181,1,-4,-3,-1,T4d,True,,,
720575940634400959,right,T5b,511,5,-11,-11,0,T5b,True,,,
720575940634404322,right,T5a,295,-2,29,16,13,T5a,True,,,
720575940634411871,left,T4d,654,-3,8,7,1,T4d,True,,,
720575940634413920,left,T5c,658,1,20,9,11,T5c,True,,,
720575940634414783,right,T5c,92,0,9,4,5,T5c,True,,,
720575940634414999,right,T5c,403,-2,-12,-4,-8,T5c,True,,,
720575940634415385,left,T5d,625,-2,24,14,10,T5d,True,,,
720575940634416564,left,T5c,139,1,-14,-8,-6,T5c,True,,,
720575940634421099,right,T5b,167,0,-17,-9,-8,T5b,True,,,
720575940634427799,left,T5c,583,3,-25,-16,-9,T5c,True,,,
720575940634428255,right,T4b,294,1,-20,-11,-9,T4b,True,,,
720575940634429119,right,T5a,683,2,6,1,5,T5a,True,,,
720575940634429280,left,T4b,626,-5,-8,1,-9,T4b,True,,,
720575940634430048,right,T4b,287,-5,13,11,2,T4b,True,,,
720575940634437089,right,T5c,404,-1,20,11,9,T5c,True,,,
720575940634440473,left,T4b,244,-4,-12,-2,-10,T4b,True,,,
720575940634452080,right,T5c,735,1,-23,-13,-10,T5c,True,,,
720575940634467064,right,T5b,547,-1,21,11,10,T5b,True,,,
720575940634480023,right,T4d,669,4,-16,-12,-4,T4d,True,,,
720575940634482272,right,T5a,461,7,-5,-10,5,T5a,True,,,
720575940634487904,left,T5d,218,2,10,3,7,T5d,True,,,
720575940634499832,right,T4a,372,1,-2,-2,0,T4a,True,,,
720575940634510231,left,T5a,554,-3,-27,-11,-16,T5a,True,,,
720575940634515170,left,T4b,163,4,26,9,17,,,,,
720575940634520683,right,T4a,295,-2,29,16,13,T4a,True,,,
720575940634522208,left,T4a,310,2,22,9,13,T4a,True,,,
720575940634530786,left,T4b,32,0,12,6,6,T4b,True,,,
720575940634531042,left,T4a,466,1,14,6,8,T4a,True,,,
720575940634538135,right,T4d,137,5,-7,-9,2,T4d,True,,,
720575940634542191,right,T4d,366,-5,-20,-5,-15,T4d,True,,,
720575940634566625,left,T4c,514,-4,-10,-1,-9,T4c,True,,,
720575940634573408,right,T4d,367,-6,-15,-2,-13,T4d,True,,,
720575940634580331,right,T4a,286,0,-24,-12,-12,T4a,True,,,
720575940634591851,right,T4b,600,3,-10,-8,-2,T4b,True,,,
720575940634598039,left,T5a,390,-6,-9,1,-10,T5a,True,,,
720575940634600287,right,T5b,572,-8,3,9,-6,T5b,True,,,
720575940634600599,left,T4c,140,3,8,1,7,T4c,True,,,
720575940634603711,right,T5d,7,-6,-6,3,-9,T5d,True,,,
720575940634607712,left,T4b,623,1,13,5,8,T4b,True,,,
720575940634610844,left,T4d,414,4,21,6,15,T4d,True,,,
720575940634619929,left,T4b,35,1,-24,-13,-11,T4b,True,,,
720575940634622059,right,T5a,32,0,12,6,6,T5a,True,,,
720575940634622359,right,T4a,408,-6,-4,4,-8,T4a,True,,,
720575940634630752,left,T4b,298,-5,5,7,-2,T4b,True,,,
720575940634636001,left,T5c,347,-5,-13,-2,-11,T5c,True,,,
720575940634645088,left,T4c,175,-6,-7,2,-9,T4c,True,,,
720575940634658841,left,T5c,651,-4,-5,1,-6,T5c,True,,,
720575940634664162,left,T4b,609,-2,0,2,-2,T4b,True,,,
720575940634664895,right,T5c,654,-3,8,7,1,T5c,True,,,
720575940634667871,left,T4a,604,-1,-29,-14,-15,T4a,True,,,
720575940634672736,left,T5b,512,6,0,-6,6,T5b,True,,,
720575940634676122,right,T5d,212,2,-16,-10,-6,T5d,True,,,
720575940634688156,left,T5c,82,-7,7,10,-3,T5c,True,,,
720575940634690411,right,T5a,435,5,-17,-14,-3,T5a,True,,,
720575940634696161,right,T4a,733,-5,-17,-4,-13,T4a,True,,,
720575940634716058,right,T5d,361,0,-7,-4,-3,T5d,True,,,
720575940634716570,right,T4d,361,0,-7,-4,-3,T4d,True,,,
720575940634721983,left,T4d,602,4,-2,-5,3,T4d,True,,,
720575940634722239,right,T5b,634,-3,-15,-5,-10,T5b,True,,,
720575940634725567,left,T4a,482,1,17,7,10,T4a,True,,,
720575940634727359,left,T5b,745,0,13,6,7,T5b,True,,,
720575940634727834,right,T5d,345,3,-12,-9,-3,T5d,True,,,
720575940634732439,left,T4b,734,2,0,-2,2,T4b,True,,,
720575940634733722,right,T5a,174,4,-15,-12,-3,T5a,True,,,
720575940634735255,left,T5d,458,5,0,-5,5,T5d,True,,,
720575940634736535,right,T5a,694,4,3,-3,6,T5a,True,,,
720575940634743403,right,T5d,88,7,4,-5,9,T5d,True,,,
720575940634753983,right,T4b,81,6,-2,-7,5,T4b,True,,,
720575940634759066,right,T5a,242,-4,6,7,-1,T5a,True,,,
720575940634767711,right,T4c,336,0,23,11,12,T4c,True,,,
720575940634768063,left,T4a,761,-4,-18,-5,-13,T4a,True,,,
720575940634781082,right,T5d,437,-3,12,9,3,T5d,True,,,
720575940634784410,right,T5a,684,-6,17,14,3,T5a,True,,,
720575940634785431,left,T4b,207,1,29,13,16,T4b,True,,,
720575940634786972,left,T5d,727,7,6,-4,10,T5d,True,,,
720575940634788448,left,T4d,502,5,8,-1,9,T4d,True,,,
720575940634788703,right,T4d,234,1,3,0,3,T4d,True,,,
720575940634793407,left,T5b,335,2,8,2,6,T5b,True,,,
720575940634794894,left,T5a,400,1,-29,-16,-13,T5a,True,,,
720575940634812351,left,T4c,372,1,-2,-2,0,T4c,True,,,
720575940634825567,right,T4d,101,-7,6,10,-4,T4d,True,,,
720575940634830699,right,T4c,230,2,9,2,7,T4c,True,,,
720575940634834330,right,T5b,39,0,20,10,10,T5b,True,,,
720575940634835551,right,T5a,539,-6,15,13,2,T5a,True,,,
720575940634835610,right,T5a,586,2,18,7,11,T5a,True,,,
720575940634840683,right,T4a,147,1,21,9,12,T4a,True,,,
720575940634846815,right,T5a,482,1,17,7,10,T5a,True,,,
720575940634862490,right,T4d,622,-5,20,15,5,T4d,True,,,
720575940634863967,left,T5c,271,4,6,-1,7,T5c,True,,,
720575940634866799,right,T5b,208,5,-21,-16,-5,T5b,True,,,
720575940634874815,right,T5d,137,5,-7,-9,2,T5d,True,,,
720575940634874975,right,T4c,360,-5,19,14,5,T4c,True,,,
720575940634877547,right,T5c,4,-5,-21,-6,-15,T5c,True,,,
720575940634880412,left,T5c,692,-4,24,16,8,T5c,True,,,
720575940634881175,left,T4a,214,-5,3,6,-3,T4a,True,,,
720575940634881817,left,T4d,38,0,-2,-1,-1,T4d,True,,,
720575940634885015,left,T4b,452,1,-9,-6,-3,T4b,True,,,
720575940634890095,right,T5b,662,2,-1,-3,2,T5b,True,,,
720575940634893534,right,T4b,702,-5,23,16,7,T4b,True,,,
720575940634895002,right,T5b,774,-8,6,11,-5,T5b,True,,,
720575940634896535,left,T5a,480,3,-19,-13,-6,T5a,True,,,
720575940634902624,left,T4d,663,0,8,4,4,T4d,True,,,
720575940634914411,right,T4c,309,-6,12,12,0,T4c,True,,,
720575940634917999,left,T4c,666,7,-13,-14,1,T4c,True,,,
720575940634920043,left,T5b,249,2,-12,-8,-4,T5b,True,,,
720575940634922647,right,T4b,316,5,-4,-7,3,T4b,True,,,
720575940634922859,left,T5c,649,-1,5,3,2,T5c,True,,,
720575940634922906,right,T4b,285,6,-18,-15,-3,T4b,True,,,
720575940634935403,right,T4b,170,-5,1,5,-4,T4b,True,,,
720575940634935833,left,T4a,73,2,2,-1,3,T4a,True,,,
720575940634942143,right,T5b,27,0,-25,-13,-12,T5b,True,,,
720575940634945692,left,T4c,767,1,28,13,15,T4c,True,,,
720575940634947167,right,T4d,61,-4,-4,2,-6,T4d,True,,,
720575940634949995,right,T5c,690,-7,-3,5,-8,T5c,True,,,
720575940634951543,left,T4c,727,7,6,-4,10,T4c,True,,,
720575940634954009,right,T5a,502,5,8,-1,9,T5a,True,,,
720575940634954080,left,T4b,268,7,-6,-10,4,T4b,True,,,
720575940634954335,left,T4d,752,-2,7,5,2,T4d,True,,,
720575940634956700,left,T4a,236,-1,4,3,1,T4a,True,,,
720575940634957931,right,T4d,732,-3,6,6,0,T4d,True,,,
720575940634959200,left,T5a,19,-7,17,15,2,T5a,True,,,
720575940634970743,right,T5b,230,2,9,2,7,T5b,True,,,
720575940634974103,right,T5d,744,-4,25,16,9,T5d,True,,,
720575940634979735,left,T4a,374,2,13,4,9,T4a,True,,,
720575940634996505,left,T4b,115,-4,2,5,-3,T4b,True,,,
720575940634999231,right,T4b,406,1,-25,-14,-11,T4b,True,,,
720575940635000939,left,T4c,564,3,-23,-15,-8,T4c,True,,,
720575940635001445,left,T4c,183,-5,-15,-3,-12,T4c,True,,,
720575940635003799,right,T5a,259,-7,-5,4,-9,T5a,True,,,
720575940635010199,left,T4a,403,-2,-12,-4,-8,T4a,True,,,
720575940635013015,left,T5c,502,5,8,-1,9,T5c,True,,,
720575940635016639,left,T4a,91,-1,6,4,2,T4a,True,,,
720575940635018135,left,T5d,639,-4,19,13,6,T5d,True,,,
720575940635018431,left,T4a,175,-6,-7,2,-9,T4a,True,,,
720575940635021247,right,T4c,113,-2,4,4,0,T4c,True,,,
720575940635021486,left,T5a,92,0,9,4,5,T5a,True,,,
720575940635021759,right,T5b,480,3,-19,-13,-6,T5b,True,,,
720575940635031447,right,T4a,26,1,-3,-3,0,T4a,True,,,
720575940635031647,left,T4d,365,4,7,-1,8,T4d,True,,,
720575940635037082,left,T4a,246,-4,15,11,4,T4a,True,,,
720575940635046810,left,T4c,139,1,-14,-8,-6,T4c,True,,,
720575940635047319,left,T4b,704,-7,8,11,-3,T4b,True,,,
720575940635065719,left,T5c,337,-5,-6,2,-8,T5c,True,,,
720575940635070655,left,T4a,465,3,0,-3,3,T4a,True,,,
720575940635075007,left,T4c,669,4,-16,-12,-4,T4c,True,,,
720575940635075038,right,T4c,720,-5,21,15,6,T4c,True,,,
720575940635075263,left,T4b,213,3,-4,-5,1,T4b,True,,,
720575940635083162,left,T4c,136,0,3,1,2,T4c,True,,,
720575940635088480,left,T4c,651,-4,-5,1,-6,T4c,True,,,
720575940635089015,left,T4c,377,0,7,3,4,T4c,True,,,
720575940635091351,left,T4c,76,-3,-4,1,-5,T4c,True,,,
720575940635093785,right,T5c,31,0,16,8,8,T5c,True,,,
720575940635100572,right,T4a,765,-3,9,7,2,T4a,True,,,
720575940635105175,left,T5b,482,1,17,7,10,T5b,True,,,
720575940635109983,right,T5b,231,4,-12,-10,-2,T5b,True,,,
720575940635110751,left,T5b,331,1,-15,-9,-6,T5b,True,,,
720575940635113919,right,T4a,379,3,-17,-12,-5,T4a,True,,,
720575940635121818,right,T5a,497,6,1,-6,7,T5a,True,,,
720575940635125600,left,T5b,442,-5,25,17,8,T5b,True,,,
720575940635135327,left,T5d,557,6,-10,-11,1,T5d,True,,,
720575940635136410,left,T5c,317,-5,-4,3,-7,T5c,True,,,
720575940635144555,left,T5b,549,0,-9,-5,-4,T5b,True,,,
720575940635146091,left,T5c,113,-2,4,4,0,T5c,True,,,
720575940635149151,right,T4a,735,1,-23,-13,-10,T4a,True,,,
720575940635164011,right,T5d,655,6,-1,-7,6,T5d,True,,,
720575940635171695,right,T5b,123,-8,10,13,-3,T5b,True,,,
720575940635172203,left,T5a,629,4,24,8,16,T5a,True,,,
720575940635172960,left,T4d,88,7,4,-5,9,T4d,True,,,
720575940635172975,left,T5d,437,-3,12,9,3,T5d,True,,,
720575940635177370,left,T4c,535,8,-4,-10,6,T4c,True,,,
720575940635178091,right,T5c,369,5,-5,-8,3,T5c,True,,,
720575940635180695,right,T4d,767,1,28,13,15,T4d,True,,,
720575940635183028,right,T5d,76,-3,-4,1,-5,T5d,True,,,
720575940635186839,right,T4d,541,-4,14,11,3,T4d,True,,,
720575940635187557,right,T5b,568,-6,-8,2,-10,T5b,True,,,
720575940635192159,right,T5b,657,-2,-25,-11,-14,T5b,True,,,
720575940635192474,right,T4b,471,3,-26,-16,-10,T4b,True,,,
720575940635193195,right,T4d,603,-3,-23,-9,-14,T4d,True,,,
720575940635196528,right,T5c,56,1,-13,-8,-5,T5c,True,,,
720575940635198815,left,T4d,101,-7,6,10,-4,T4d,True,,,
720575940635204031,left,T5d,645,-4,27,17,10,T5d,True,,,
720575940635207580,left,T4d,297,7,-9,-12,3,T4d,True,,,
720575940635209367,left,T5c,376,-7,-10,2,-12,T5c,True,,,
720575940635213157,right,T4a,22,-1,3,2,1,T4a,True,,,
720575940635214181,right,T4d,360,-5,19,14,5,T4d,True,,,
720575940635214437,left,T5b,592,3,-28,-17,-11,T5b,True,,,
720575940635218327,right,T5a,596,-4,-16,-4,-12,T5a,True,,,
720575940635219903,right,T4c,782,-5,27,18,9,T4c,True,,,
720575940635220148,right,T4b,499,5,10,0,10,T4b,True,,,
720575940635223397,right,T4b,13,-1,-26,-12,-14,T4b,True,,,
720575940635232180,right,T4a,420,6,-3,-8,5,T4a,True,,,
720575940635234189,right,T4b,723,-2,-11,-4,-7,T4b,True,,,
720575940635234484,right,T5a,504,-2,9,6,3,T5a,True,,,
720575940635237044,right,T5b,654,-3,8,7,1,T5b,True,,,
720575940635240333,right,T4b,24,-1,-10,-4,-6,T4b,True,,,
720575940635242853,left,T5d,221,-7,3,8,-5,T5d,True,,,
720575940635244133,right,T5c,738,-3,13,9,4,T5c,True,,,
720575940635245492,right,T4a,431,-2,-10,-3,-7,T4a,True,,,
720575940635252109,right,T4d,24,-1,-10,-4,-6,T4d,True,,,
720575940635252877,right,T4d,98,-1,-12,-5,-7,T4d,True,,,
720575940635254520,right,T5d,150,-8,5,10,-5,T5d,True,,,
720575940635271019,left,T4c,213,3,-4,-5,1,T4c,True,,,
720575940635277468,left,T4a,736,-8,1,8,-7,T4a,True,,,
720575940635282332,right,T4a,529,2,-2,-3,1,T4a,True,,,
720575940635282868,right,T5a,200,-5,12,11,1,T5a,True,,,
720575940635286196,right,T5b,106,-7,11,12,-1,T5b,True,,,
720575940635287476,right,T5b,75,-6,14,13,1,T5b,True,,,
720575940635292351,left,T5b,89,1,-19,-11,-8,T5b,True,,,
720575940635302580,right,T5a,50,-2,21,12,9,T5a,True,,,
720575940635313562,right,T4c,438,2,27,11,16,T4c,True,,,
720575940635330484,right,T4c,477,-3,2,4,-2,T4c,True,,,
720575940635344052,right,T5d,579,-3,-10,-2,-8,T5d,True,,,
720575940635350520,right,T4c,741,-2,-14,-5,-9,T4c,True,,,
720575940635351452,left,T4a,508,-5,11,10,1,T4a,True,,,
720575940635353268,left,T5d,681,-2,-21,-9,-12,T5d,True,,,
720575940635371405,right,T4c,98,-1,-12,-5,-7,T4c,True,,,
720575940635373560,right,T5a,753,-3,24,15,9,T5a,True,,,
720575940635373919,right,T4d,690,-7,-3,5,-8,T4d,True,,,
720575940635379612,left,T4b,747,0,2,1,1,T4b,True,,,
720575940635381934,left,T4c,658,1,20,9,11,T4c,True,,,
720575940635386010,left,T5d,680,-1,25,13,12,T5d,True,,,
720575940635389303,left,T4a,249,2,-12,-8,-4,T4a,True,,,
720575940635389791,left,T4b,239,-6,6,9,-3,T4b,True,,,
720575940635400622,left,T4d,288,-1,30,16,14,T4d,True,,,
720575940635411307,left,T4c,379,3,-17,-12,-5,T4c,True,,,
720575940635411551,left,T5b,393,-1,22,12,10,T5b,True,,,
720575940635414708,right,T5d,484,3,-9,-8,-1,T5d,True,,,
720575940635430904,right,T4b,418,-2,15,9,6,T4b,True,,,
720575940635433407,left,T5b,756,5,20,5,15,T5b,True,,,
720575940635446264,right,T4c,302,2,17,6,11,T4c,True,,,
720575940635448312,right,T4b,378,-3,18,12,6,T4b,True,,,
720575940635448683,left,T4d,577,5,-14,-12,-2,T4d,True,,,
720575940635450104,left,T5a,574,-6,5,8,-3,T5a,True,,,
720575940635454315,left,T4c,256,5,-20,-15,-5,T4c,True,,,
720575940635454827,right,T4c,282,0,26,13,13,T4c,True,,,
720575940635458734,left,T4d,237,-2,27,15,12,T4d,True,,,
720575940635460971,left,T4c,227,-7,5,9,-4,T4c,True,,,
720575940635465407,right,T5a,705,1,1,-1,2,T5a,True,,,
720575940635487924,left,T5c,39,0,20,10,10,T5c,True,,,
720575940635491982,right,T4b,569,6,6,-3,9,T4b,True,,,
720575940635503758,right,T4b,149,6,-14,-13,-1,T4b,True,,,
720575940635510623,left,T5c,150,-8,5,10,-5,T5c,True,,,
720575940635516314,left,T4c,269,2,-19,-12,-7,T4c,True,,,
720575940635518093,right,T4a,423,3,-18,-12,-6,T4a,True,,,
720575940635522484,left,T5a,349,-5,-14,-2,-12,T5a,True,,,
720575940635522740,left,T4b,55,-4,-11,-2,-9,T4b,True,,,
720575940635523007,left,T4a,781,8,2,-7,9,T4a,True,,,
720575940635526904,left,T4d,191,-1,-11,-5,-6,T4d,True,,,
720575940635528440,right,T5a,693,-3,25,15,10,T5a,True,,,
720575940635534271,left,T5b,341,6,-17,-15,-2,T5b,True,,,
720575940635536814,left,T4b,467,-2,-20,-8,-12,T4b,True,,,
720575940635537037,right,T4d,85,4,-22,-15,-7,T4d,True,,,
720575940635544056,left,T4b,61,-4,-4,2,-6,T4b,True,,,
720575940635544973,right,T4b,318,4,-19,-14,-5,T4b,True,,,
720575940635551840,left,T5d,750,4,-24,-16,-8,T5d,True,,,
720575940635552436,left,T5b,235,4,11,1,10,T5b,True,,,
720575940635554740,left,T5c,522,-4,0,4,-4,T5c,True,,,
720575940635555246,left,T5a,638,-1,7,4,3,T5a,True,,,
720575940635556344,left,T5c,362,2,-20,-12,-8,T5c,True,,,
720575940635561663,right,T5a,508,-5,11,10,1,T5a,True,,,
720575940635562347,right,T4d,3,6,-12,-12,0,T4d,True,,,
720575940635565978,left,T5d,259,-7,-5,4,-9,T5d,True,,,
720575940635571808,left,T5a,571,0,-14,-7,-7,T5a,True,,,
720575940635589044,right,T4b,761,-4,-18,-5,-13,T4b,True,,,
720575940635592372,left,T5b,175,-6,-7,2,-9,T5b,True,,,
720575940635593208,left,T5c,481,4,-8,-8,0,T5c,True,,,
720575940635608756,left,T5a,521,6,-9,-11,2,T5a,True,,,
720575940635616154,left,T4d,517,6,3,-5,8,T4d,True,,,
720575940635622377,left,T5a,634,-3,-15,-5,-10,T5a,True,,,
720575940635630584,left,T5a,176,-2,13,8,5,T5a,True,,,
720575940635630989,right,T4b,524,4,-20,-14,-6,T4b,True,,,
720575940635633271,left,T4c,353,2,24,10,14,T4c,True,,,
720575940635633588,right,T4c,600,3,-10,-8,-2,T4c,True,,,
720575940635636404,left,T5d,322,2,26,11,15,T5d,True,,,
720575940635637428,right,T4a,683,2,6,1,5,T4a,True,,,
720575940635649690,left,T4c,385,-3,-18,-6,-12,T4c,True,,,
720575940635653880,left,T4a,319,-2,5,4,1,T4a,True,,,
720575940635663295,left,T4d,457,-2,17,10,7,T4d,True,,,
720575940635666031,right,T5d,480,3,-19,-13,-6,T5d,True,,,
720575940635669428,left,T4a,26,1,-3,-3,0,T4a,True,,,
720575940635675767,right,T5c,433,0,-8,-4,-4,T5c,True,,,
720575940635682159,right,T4a,247,-4,-15,-4,-11,T4a,True,,,
720575940635683695,right,T4c,290,5,-24,-17,-7,T4c,True,,,
720575940635686763,left,T4b,521,6,-9,-11,2,T4b,True,,,
720575940635690351,right,T5c,593,3,-14,-10,-4,T5c,True,,,
720575940635691000,left,T5a,128,3,-22,-14,-8,T5a,True,,,
720575940635693919,left,T5b,702,-5,23,16,7,T5b,True,,,
720575940635694328,right,T4a,416,3,-8,-7,-1,T4a,True,,,
720575940635698936,left,T5a,17,1,-5,-4,-1,T5a,True,,,
720575940635700335,right,T4c,375,-6,7,9,-2,T4c,True,,,
720575940635701103,right,T5c,579,-3,-10,-2,-8,T5c,True,,,
720575940635701496,left,T4d,533,0,-16,-8,-8,T4d,True,,,
720575940635702520,left,T4d,322,2,26,11,15,T4d,True,,,
720575940635716020,left,T5d,477,-3,2,4,-2,T5d,True,,,
720575940635718751,right,T4a,702,-5,23,16,7,T4a,True,,,
720575940635736687,right,T5d,22,-1,3,2,1,T5d,True,,,
720575940635736943,right,T5a,79,2,1,-2,3,T5a,True,,,
720575940635743156,left,T5d,83,2,-21,-13,-8,T5d,True,,,
720575940635745648,right,T4c,152,3,-15,-11,-4,T4c,True,,,
720575940635747064,left,T5b,374,2,13,4,9,T5b,True,,,
720575940635751103,right,T5a,767,1,28,13,15,T5a,True,,,
720575940635755956,left,T5c,584,4,23,7,16,T5c,True,,,
720575940635763610,left,T4c,80,4,13,2,11,T4c,True,,,
720575940635764728,left,T4d,412,-6,21,16,5,T4d,True,,,
720575940635772527,left,T5b,164,-1,-2,0,-2,T5b,True,,,
720575940635773023,left,T4a,36,6,8,-2,10,T4a,True,,,
720575940635781684,right,T4a,512,6,0,-6,6,T4a,True,,,
720575940635789620,right,T4d,325,5,1,-5,6,T4d,True,,,
720575940635790644,right,T4d,655,6,-1,-7,6,T4d,True,,,
720575940635795567,left,T5c,87,1,11,4,7,T5c,True,,,
720575940635797134,right,T5a,752,-2,7,5,2,T5a,True,,,
720575940635806772,right,T4a,517,6,3,-5,8,T4a,True,,,
720575940635824751,right,T4d,355,-7,-6,4,-10,T4d,True,,,
720575940635826356,left,T5d,688,-7,10,12,-2,T5d,True,,,
720575940635839668,left,T5b,625,-2,24,14,10,T5b,True,,,
720575940635849908,left,T4d,137,5,-7,-9,2,T4d,True,,,
720575940635868596,left,T5c,726,2,-28,-16,-12,T5c,True,,,
720575940635870576,right,T5d,642,-5,-11,-1,-10,T5d,True,,,
720575940635870772,right,T4b,517,6,3,-5,8,T4b,True,,,
720575940635882687,left,T5b,148,-7,-11,1,-12,T5b,True,,,
720575940635885163,left,T4c,473,-4,23,15,8,T4c,True,,,
720575940635888180,right,T4d,792,8,2,-7,9,T4d,True,,,
720575940635889844,left,T4d,380,-1,29,15,14,T4d,True,,,
720575940635896218,left,T4a,421,-1,12,7,5,T4a,True,,,
720575940635913071,right,T4d,95,4,-21,-15,-6,T4d,True,,,
720575940635913840,right,T4b,685,-5,-9,0,-9,T4b,True,,,
720575940635920820,right,T5c,596,-4,-16,-4,-12,T5c,True,,,
720575940635927151,right,T4c,754,-1,-13,-6,-7,T4c,True,,,
720575940635928176,right,T4a,543,-1,-4,-1,-3,T4a,True,,,
720575940635928939,left,T5a,783,-4,28,18,10,T5a,True,,,
720575940635930987,right,T4a,103,7,9,-3,12,T4a,True,,,
720575940635931243,right,T4d,646,6,17,2,15,T4d,True,,,
720575940635931755,right,T4a,575,6,9,-2,11,T4a,True,,,
720575940635947700,left,T5c,306,3,7,0,7,T5c,True,,,
720575940635948143,left,T5a,608,1,10,4,6,T5a,True,,,
720575940635951727,right,T4c,171,6,-20,-16,-4,T4c,True,,,
720575940635954100,left,T4b,28,5,6,-2,8,T4b,True,,,
720575940635969471,left,T4d,284,0,25,12,13,T4d,True,,,
720575940635980139,right,T4a,82,-7,7,10,-3,T4a,True,,,
720575940635981167,right,T5b,334,1,-26,-14,-12,T5b,True,,,
720575940635988984,left,T5d,498,6,10,-1,11,T5d,True,,,
720575940635993592,left,T5d,424,-3,-2,2,-4,T5d,True,,,
720575940635996015,left,T4c,64,4,-23,-16,-7,T4c,True,,,
720575940635997594,right,T4a,364,4,4,-2,6,T4a,True,,,
720575940635997850,right,T4a,250,-1,1,1,0,T4a,True,,,
720575940635998362,right,T4a,522,-4,0,4,-4,T4a,True,,,
720575940636003576,left,T5b,202,-1,27,14,13,T5b,True,,,
720575940636011127,right,T5b,318,4,-19,-14,-5,T5b,True,,,
720575940636017527,right,T4b,580,-2,-23,-10,-13,T4b,True,,,
720575940636018936,left,T5b,518,-4,22,15,7,T5b,True,,,
720575940636022903,right,T4d,472,1,25,11,14,T4d,True,,,
720575940636024183,right,T5b,714,5,12,1,11,T5b,True,,,
720575940636034296,left,T5c,702,-5,23,16,7,T5c,True,,,
720575940636042607,right,T4d,171,6,-20,-16,-4,T4d,True,,,
720575940636059503,right,T4c,376,-7,-10,2,-12,T4c,True,,,
720575940636067191,right,T5d,716,4,-6,-7,1,T5d,True,,,
720575940636073567,left,T4b,30,6,16,2,14,T4b,True,,,
720575940636074853,right,T5c,86,-5,-7,1,-8,T5c,True,,,
720575940636078199,right,T5d,75,-6,14,13,1,T5d,True,,,
720575940636087732,right,T5a,237,-2,27,15,12,T5a,True,,,
720575940636088462,right,T4b,185,2,-11,-8,-3,T4b,True,,,
720575940636090548,right,T5a,380,-1,29,15,14,T5a,True,,,
720575940636091822,right,T4d,747,0,2,1,1,T4d,True,,,
720575940636092272,left,T5c,349,-5,-14,-2,-12,T5c,True,,,
720575940636096879,left,T5c,241,2,-17,-11,-6,T5c,True,,,
720575940636104811,left,T4c,230,2,9,2,7,T4c,True,,,
720575940636105327,left,T5d,236,-1,4,3,1,T5d,True,,,
720575940636109675,left,T4c,150,-8,5,10,-5,T4c,True,,,
720575940636118895,right,T5b,148,-7,-11,1,-12,T5b,True,,,
720575940636121012,left,T4d,597,4,1,-4,5,T4d,True,,,
720575940636141943,right,T4d,302,2,17,6,11,T4d,True,,,
720575940636153486,right,T4d,572,-8,3,9,-6,T4d,True,,,
720575940636154480,left,T5d,677,0,11,5,6,T5d,True,,,
720575940636156046,right,T5a,739,-7,2,8,-6,T5a,True,,,
720575940636158831,left,T4b,159,7,7,-4,11,T4b,True,,,
720575940636161381,right,T5a,499,5,10,0,10,T5a,True,,,
720575940636167604,left,T5a,67,-2,-13,-5,-8,T5a,True,,,
720575940636172399,left,T4a,483,2,-7,-6,-1,T4a,True,,,
720575940636174959,left,T5a,53,5,14,2,12,T5a,True,,,
720575940636178868,left,T4b,214,-5,3,6,-3,T4b,True,,,
720575940636188261,right,T5b,383,-6,11,11,0,T5b,True,,,
720575940636189541,left,T5b,108,-3,-12,-3,-9,T5b,True,,,
720575940636191845,right,T5a,49,4,-4,-6,2,T5a,True,,,
720575940636214903,right,T5b,53,5,14,2,12,T5b,True,,,
720575940636221296,left,T4c,327,5,3,-4,7,T4c,True,,,
720575940636223343,left,T4d,481,4,-8,-8,0,T4d,True,,,
720575940636223992,left,T4c,19,-7,17,15,2,T4c,True,,,
720575940636224107,right,T5a,148,-7,-11,1,-12,T5a,True,,,
720575940636224363,right,T4a,374,2,13,4,9,T4a,True,,,
720575940636228782,right,T4c,193,-5,4,7,-3,T4c,True,,,
720575940636236686,left,T5c,33,3,18,6,12,T5c,True,,,
720575940636237198,right,T5d,444,4,-10,-9,-1,T5d,True,,,
720575940636240997,right,T5c,441,3,-16,-11,-5,T5c,True,,,
720575940636247141,left,T5c,130,2,12,4,8,T5c,True,,,
720575940636248056,left,T5a,194,0,-5,-3,-2,T5a,True,,,
720575940636249524,left,T5d,346,-7,-9,2,-11,T5d,True,,,
720575940636270181,right,T5b,437,-3,12,9,3,T5b,True,,,
720575940636270703,left,T5a,693,-3,25,15,10,T5a,True,,,
720575940636271758,right,T5b,247,-4,-15,-4,-11,T5b,True,,,
720575940636273294,right,T4c,108,-3,-12,-3,-9,T4c,True,,,
720575940636280183,left,T5b,671,-4,-23,-8,-15,T5b,True,,,
720575940636288357,right,T4b,788,3,27,10,17,T4b,True,,,
720575940636302191,left,T5c,235,4,11,1,10,T5c,True,,,
720575940636302990,right,T5b,197,0,-20,-10,-10,T5b,True,,,
720575940636307823,right,T4d,453,3,25,9,16,T4d,True,,,
720575940636315022,right,T4a,796,4,26,9,17,T4a,True,,,
720575940636324971,left,T4b,81,6,-2,-7,5,T4b,True,,,
720575940636327543,left,T4b,426,-3,0,3,-3,T4b,True,,,
720575940636338789,right,T4c,499,5,10,0,10,T4c,True,,,
720575940636345998,left,T4a,385,-3,-18,-6,-12,T4a,True,,,
720575940636349108,right,T4b,780,-6,25,18,7,T4b,True,,,
720575940636349303,left,T4d,703,-3,1,3,-2,T4d,True,,,
720575940636372087,left,T4a,526,0,-10,-5,-5,T4a,True,,,
720575940636372599,right,T5c,603,-3,-23,-9,-14,T5c,True,,,
720575940636375182,right,T5a,763,-5,14,12,2,T5a,True,,,
720575940636377207,right,T4b,591,3,-3,-5,2,T4b,True,,,
720575940636378999,right,T5b,333,0,-21,-11,-10,T5b,True,,,
720575940636382174,left,T4c,461,7,-5,-10,5,T4c,True,,,
720575940636384398,right,T5b,712,-7,12,13,-1,T5b,True,,,
720575940636384869,left,T4b,178,2,11,3,8,T4b,True,,,
720575940636384887,left,T4c,726,2,-28,-16,-12,T4c,True,,,
720575940636387502,right,T4a,70,-4,21,14,7,T4a,True,,,
720575940636388983,left,T4a,209,-3,-8,-1,-7,T4a,True,,,
720575940636392055,left,T4d,177,-2,-1,1,-2,T4d,True,,,
720575940636405349,right,T5a,657,-2,-25,-11,-14,T5a,True,,,
720575940636416119,left,T5d,336,0,23,11,12,T5d,True,,,
720575940636419502,right,T5b,305,-7,4,9,-5,T5b,True,,,
720575940636434424,right,T4a,400,1,-29,-16,-13,T4a,True,,,
720575940636439927,left,T4a,525,-1,-20,-9,-11,T4a,True,,,
720575940636449678,right,T4c,647,-4,-7,0,-7,T4c,True,,,
720575940636450935,right,T5c,122,-5,9,9,0,T5c,True,,,
720575940636459877,right,T4c,592,3,-28,-17,-11,T4c,True,,,
720575940636459887,left,T4d,783,-4,28,18,10,T4d,True,,,
720575940636462584,right,T4c,516,7,-18,-16,-2,T4c,True,,,
720575940636466032,right,T4a,221,-7,3,8,-5,T4a,True,,,
720575940636477108,left,T5a,382,3,-6,-6,0,T5a,True,,,
720575940636478063,right,T5a,44,5,-10,-10,0,T5a,True,,,
720575940636484453,left,T5c,705,1,1,-1,2,T5c,True,,,
720575940636485733,left,T4d,628,0,0,0,0,T4d,True,,,
720575940636497118,left,T4a,605,3,15,4,11,T4a,True,,,
720575940636499118,left,T5c,318,4,-19,-14,-5,T5c,True,,,
720575940636510053,right,T4b,511,5,-11,-11,0,T4b,True,,,
720575940636515429,right,T4a,595,7,-12,-13,1,T4a,True,,,
720575940636516526,right,T5a,471,3,-26,-16,-10,T5a,True,,,
720575940636529765,right,T5b,600,3,-10,-8,-2,T5b,True,,,
720575940636536238,right,T5c,90,-4,5,6,-1,T5c,True,,,
720575940636538286,right,T4c,163,-9,7,12,-5,T4c,True,,,
720575940636555877,right,T4a,280,-6,-14,-1,-13,T4a,True,,,
720575940636562574,left,T5c,740,2,-8,-6,-2,T5c,True,,,
720575940636563823,left,T4b,252,3,23,8,15,T4b,True,,,
720575940636574174,right,T4b,84,-2,12,8,4,T4b,True,,,
720575940636584372,left,T4d,388,3,19,6,13,T4d,True,,,
720575940636594021,right,T5c,584,4,23,7,16,T5c,True,,,
720575940636599032,left,T5c,117,-8,-2,7,-9,T5c,True,,,
720575940636601572,right,T5b,684,-6,17,14,3,T5b,True,,,
720575940636603640,right,T4d,577,5,-14,-12,-2,T4d,True,,,
720575940636610296,left,T5a,367,-6,-15,-2,-13,T5a,True,,,
720575940636612324,right,T4c,342,2,-15,-10,-5,T4c,True,,,
720575940636616164,left,T5c,427,5,-18,-14,-4,T5c,True,,,
720575940636619365,left,T5d,517,6,3,-5,8,T5d,True,,,
720575940636622734,right,T5d,51,0,-19,-10,-9,T5d,True,,,
720575940636622820,left,T5c,370,-3,21,13,8,T5c,True,,,
720575940636622959,left,T5d,295,-2,29,16,13,T5d,True,,,
720575940636623608,left,T5d,584,4,23,7,16,T5d,True,,,
720575940636625253,left,T5c,470,4,-9,-9,0,T5c,True,,,
720575940636636783,left,T5c,16,-2,-16,-6,-10,T5c,True,,,
720575940636648590,right,T4b,362,2,-20,-12,-8,T4b,True,,,
720575940636650382,right,T4d,73,2,2,-1,3,T4d,True,,,
720575940636678884,right,T4b,542,6,-13,-13,0,T4b,True,,,
720575940636685157,left,T4c,586,2,18,7,11,T4c,True,,,
720575940636686990,right,T4a,467,-2,-20,-8,-12,T4a,True,,,
720575940636687790,left,T5d,476,-1,15,8,7,T5d,True,,,
720575940636692855,left,T4c,589,-1,-5,-2,-3,T4c,True,,,
720575940636706958,left,T5a,124,1,-7,-5,-2,T5a,True,,,
720575940636718704,right,T5d,69,1,8,3,5,T5d,True,,,
720575940636728036,left,T5a,552,4,-1,-5,4,T5a,True,,,
720575940636733552,left,T4a,546,3,6,0,6,T4a,True,,,
720575940636733582,right,T5d,608,1,10,4,6,T5d,True,,,
720575940636736869,left,T5a,680,-1,25,13,12,T5a,True,,,
720575940636764078,right,T5b,49,4,-4,-6,2,T5b,True,,,
720575940636767662,left,T4c,697,1,-22,-12,-10,T4c,True,,,
720575940636768090,right,T4d,55,-4,-11,-2,-9,T4d,True,,,
720575940636770661,left,T5d,55,-4,-11,-2,-9,T5d,True,,,
720575940636775086,left,T5d,10,5,-15,-13,-2,T5d,True,,,
720575940636782704,right,T5a,309,-6,12,12,0,T5a,True,,,
720575940636784105,right,T4a,182,7,-10,-12,2,T4a,True,,,
720575940636786318,left,T5c,710,4,-25,-17,-8,T5c,True,,,
720575940636795760,left,T5b,286,0,-24,-12,-12,T5b,True,,,
720575940636797296,left,T5d,575,6,9,-2,11,T5d,True,,,
720575940636803418,right,T5c,394,-7,-8,3,-11,T5c,True,,,
720575940636803952,left,T5b,18,5,-16,-13,-3,T5b,True,,,
720575940636812430,left,T4c,174,4,-15,-12,-3,T4c,True,,,
720575940636812901,left,T4d,543,-1,-4,-1,-3,T4d,True,,,
720575940636817806,right,T4d,559,-6,22,17,5,T4d,True,,,
720575940636823950,left,T5d,735,1,-23,-13,-10,T5d,True,,,
720575940636824750,right,T5d,676,-3,-21,-8,-13,T5d,True,,,
720575940636827310,left,T5d,325,5,1,-5,6,T5d,True,,,
720575940636835703,left,T4c,349,-5,-14,-2,-12,T4c,True,,,
720575940636842670,left,T4d,410,-2,-2,1,-3,T4d,True,,,
720575940636843120,right,T4b,95,4,-21,-15,-6,T4b,True,,,
720575940636844901,left,T5a,50,-2,21,12,9,T5a,True,,,
720575940636849509,left,T5d,176,-2,13,8,5,T5d,True,,,
720575940636865904,right,T5d,445,-2,8,6,2,T5d,True,,,
720575940636867191,left,T4c,437,-3,12,9,3,T4c,True,,,
720575940636880240,right,T5d,574,-6,5,8,-3,T5d,True,,,
720575940636882032,right,T5c,445,-2,8,6,2,T5c,True,,,
720575940636884031,left,T4b,756,5,20,5,15,T4b,True,,,
720575940636885823,right,T5a,42,-1,14,8,6,T5a,True,,,
720575940636886702,left,T5a,391,4,-3,-6,3,T5a,True,,,
720575940636888127,left,T5b,614,-2,-8,-2,-6,T5b,True,,,
720575940636896319,left,T4b,329,0,24,12,12,T4b,True,,,
720575940636896909,right,T5c,233,4,-13,-11,-2,T5c,True,,,
720575940636902263,left,T5a,127,0,15,7,8,T5a,True,,,
720575940636903024,right,T4c,715,4,10,1,9,T4c,True,,,
720575940636904538,left,T5d,175,-6,-7,2,-9,T5d,True,,,
720575940636906893,right,T4c,231,4,-12,-10,-2,T4c,True,,,
720575940636907877,left,T5b,144,7,-11,-13,2,T5b,True,,,
720575940636918639,right,T5d,680,-1,25,13,12,T5d,True,,,
720575940636920297,left,T5a,338,-1,0,1,-1,T5a,True,,,
720575940636930190,left,T4c,728,7,12,-1,13,T4c,True,,,
720575940636931173,left,T4c,375,-6,7,9,-2,T4c,True,,,
720575940636932494,left,T5b,704,-7,8,11,-3,T5b,True,,,
720575940636935390,right,T5a,176,-2,13,8,5,T5a,True,,,
720575940636936282,right,T4d,439,-3,-9,-2,-7,T4d,True,,,
720575940636938586,right,T5a,52,-1,-22,-10,-12,T5a,True,,,
720575940636943081,left,T5d,451,4,20,6,14,T5d,True,,,
720575940636945264,right,T4d,718,-5,24,17,7,T4d,True,,,
720575940636955199,right,T4a,514,-4,-10,-1,-9,T4a,True,,,
720575940636964709,left,T5b,301,-5,16,13,3,T5b,True,,,
720575940636965221,left,T4d,113,-2,4,4,0,T4d,True,,,
720575940636972430,left,T4d,650,-3,-25,-10,-15,T4d,True,,,
720575940636973936,left,T4b,484,3,-9,-8,-1,T4b,True,,,
720575940636975216,right,T5c,713,-6,16,14,2,T5c,True,,,
720575940636990126,left,T4a,229,5,2,-4,6,T4a,True,,,
720575940637000590,right,T5d,603,-3,-23,-9,-14,T5d,True,,,
720575940637003365,right,T5c,653,-6,-12,0,-12,T5c,True,,,
720575940637005801,right,T5c,760,0,17,8,9,T5c,True,,,
720575940637031280,left,T5c,219,6,-4,-8,4,T5c,True,,,
720575940637062878,right,T5c,628,0,0,0,0,T5c,True,,,
720575940637082736,left,T5b,96,1,-10,-6,-4,T5b,True,,,
720575940637084991,right,T4c,287,-5,13,11,2,T4c,True,,,
720575940637090416,right,T4a,453,3,25,9,16,T4a,True,,,
720575940637094256,right,T5d,374,2,13,4,9,T5d,True,,,
720575940637095598,left,T4d,429,-2,14,9,5,T4d,True,,,
720575940637098871,left,T5a,685,-5,-9,0,-9,T5a,True,,,
720575940637099236,right,T4a,59,-2,2,3,-1,T4a,True,,,
720575940637104997,left,T4b,736,-8,1,8,-7,T4b,True,,,
720575940637129840,left,T4c,308,-5,8,9,-1,T4c,True,,,
720575940637143741,left,T5a,614,-2,-8,-2,-6,T5a,True,,,
720575940637145968,left,T5c,484,3,-9,-8,-1,T5c,True,,,
720575940637147504,left,T4c,84,-2,12,8,4,T4c,True,,,
720575940637148846,left,T4c,198,6,2,-5,7,T4c,True,,,
720575940637161818,left,T5b,317,-5,-4,3,-7,T5b,True,,,
720575940637163438,left,T4d,143,-4,16,12,4,T4d,True,,,
720575940637167205,left,T4a,11,7,-14,-14,0,T4a,True,,,
720575940637182309,right,T5a,588,1,4,1,3,T5a,True,,,
720575940637197936,left,T4b,600,3,-10,-8,-2,T4b,True,,,
720575940637204877,right,T4b,589,-1,-5,-2,-3,T4b,True,,,
720575940637205481,left,T5d,40,-2,-6,-1,-5,T5d,True,,,
720575940637214349,right,T5c,137,5,-7,-9,2,T5c,True,,,
720575940637227998,right,T5b,355,-7,-6,4,-10,T5b,True,,,
720575940637235261,left,T4b,29,-1,-3,-1,-2,T4b,True,,,
720575940637242286,right,T4b,65,-1,28,15,13,T4b,True,,,
720575940637247322,right,T4c,747,0,2,1,1,T4c,True,,,
720575940637247845,right,T4d,464,4,0,-4,4,T4d,True,,,
720575940637257869,right,T4d,220,2,-6,-5,-1,T4d,True,,,
720575940637262046,left,T4b,85,4,-22,-15,-7,T4b,True,,,
720575940637266288,left,T4c,348,3,14,4,10,T4c,True,,,
720575940637269476,left,T4c,641,-8,-5,5,-10,T4c,True,,,
720575940637274213,left,T4c,497,6,1,-6,7,T4c,True,,,
720575940637284493,right,T4a,382,3,-6,-6,0,T4a,True,,,
720575940637289956,right,T4b,450,2,-9,-7,-2,T4b,True,,,
720575940637290341,right,T5a,643,6,14,1,13,T5a,True,,,
720575940637290659,left,T5d,264,-1,-6,-2,-4,T5d,True,,,
720575940637296862,right,T5c,249,2,-12,-8,-4,T5c,True,,,
720575940637297892,left,T4b,744,-4,25,16,9,T4b,True,,,
720575940637302446,left,T5d,783,-4,28,18,10,T5d,True,,,
720575940637303408,left,T5b,444,4,-10,-9,-1,T5b,True,,,
720575940637321950,left,T4b,674,-4,-14,-3,-11,T4b,True,,,
720575940637327326,left,T5b,751,1,6,2,4,T5b,True,,,
720575940637344910,left,T5d,317,-5,-4,3,-7,T5d,True,,,
720575940637348208,left,T4b,519,-5,-5,2,-7,T4b,True,,,
720575940637352845,right,T4a,208,5,-21,-16,-5,T4a,True,,,
720575940637355096,left,T5a,410,-2,-2,1,-3,T5a,True,,,
720575940637359717,left,T5c,513,-4,-13,-3,-10,T5c,True,,,
720575940637360350,left,T5d,158,3,-5,-6,1,T5d,True,,,
720575940637364038,left,T4a,502,5,8,-1,9,T4a,True,,,
720575940637370798,left,T5a,375,-6,7,9,-2,T5a,True,,,
720575940637373918,right,T4d,99,4,15,3,12,T4d,True,,,
720575940637379550,right,T4a,601,1,16,7,9,T4a,True,,,
720575940637380062,right,T4d,127,0,15,7,8,T4d,True,,,
720575940637386670,left,T5d,313,7,3,-6,9,T5d,True,,,
720575940637395782,left,T4b,771,3,-27,-17,-10,T4b,True,,,
720575940637401968,left,T5d,429,-2,14,9,5,T5d,True,,,
720575940637404132,right,T5c,164,-1,-2,0,-2,T5c,True,,,
720575940637405150,right,T4d,369,5,-5,-8,3,T4d,True,,,
720575940637406180,right,T5b,705,1,1,-1,2,T5b,True,,,
720575940637407814,left,T5b,116,-1,-8,-3,-5,T5b,True,,,
720575940637409198,left,T4c,265,-6,-1,5,-6,T4c,True,,,
720575940637429605,right,T4b,353,2,24,10,14,T4b,True,,,
720575940637437808,left,T5c,744,-4,25,16,9,T5c,True,,,
720575940637439600,left,T5d,160,-2,20,12,8,T5d,True,,,
720575940637439856,left,T5a,36,6,8,-2,10,T5a,True,,,
720575940637439972,right,T5b,54,-4,3,5,-2,T5b,True,,,
720575940637441758,right,T4b,443,-6,4,8,-4,T4b,True,,,
720575940637442630,right,T4d,602,4,-2,-5,3,T4d,True,,,
720575940637463262,right,T5d,701,0,-4,-2,-2,T5d,True,,,
720575940637466846,right,T4d,638,-1,7,4,3,T4d,True,,,
720575940637467102,right,T4a,54,-4,3,5,-2,T4a,True,,,
720575940637472880,left,T4a,597,4,1,-4,5,T4a,True,,,
720575940637494670,left,T4b,291,7,2,-6,8,T4b,True,,,
720575940637514974,right,T4a,535,8,-4,-10,6,T4a,True,,,
720575940637519757,right,T4a,76,-3,-4,1,-5,T4a,True,,,
720575940637527693,right,T5c,757,0,-6,-3,-3,T5c,True,,,
720575940637529229,right,T5a,757,0,-6,-3,-3,T5a,True,,,
720575940637531277,right,T5a,361,0,-7,-4,-3,T5a,True,,,
720575940637532813,right,T5d,270,1,-8,-5,-3,T5d,True,,,
720575940637533581,right,T5a,270,1,-8,-5,-3,T5a,True,,,
720575940637536397,right,T5d,17,1,-5,-4,-1,T5d,True,,,
720575940637536653,right,T5b,361,0,-7,-4,-3,T5b,True,,,
720575940637540062,left,T4b,272,3,-2,-4,2,T4b,True,,,
720575940637541773,right,T5d,757,0,-6,-3,-3,T5d,True,,,
720575940637542285,right,T4a,264,-1,-6,-2,-4,T4a,True,,,
720575940637542797,right,T4b,540,-2,-9,-3,-6,T4b,True,,,
720575940637555853,right,T4c,452,1,-9,-6,-3,T4c,True,,,
720575940637557481,right,T5b,92,0,9,4,5,T5b,True,,,
720575940637557645,right,T4b,74,-1,-9,-4,-5,T4b,True,,,
720575940637592127,right,T4a,422,-7,-4,5,-9,T4a,True,,,
720575940637610468,right,T4c,497,6,1,-6,7,T4c,True,,,
720575940637610597,right,T4c,382,3,-6,-6,0,T4c,True,,,
720575940637612144,left,T5d,263,-3,4,5,-1,T5d,True,,,
720575940637612260,right,T4b,198,6,2,-5,7,T4b,True,,,
720575940637614704,left,T5d,202,-1,27,14,13,T5d,True,,,
720575940637616730,left,T5b,27,0,-25,-13,-12,T5b,True,,,
720575940637625434,right,T4d,662,2,-1,-3,2,T4d,True,,,
720575940637626480,left,T4d,287,-5,13,11,2,T4d,True,,,
720575940637627749,right,T4c,388,3,19,6,13,T4c,True,,,
720575940637632858,left,T4c,664,1,-27,-15,-12,T4c,True,,,
720575940637643150,left,T5c,79,2,1,-2,3,T5c,True,,,
720575940637644122,right,T5c,331,1,-15,-9,-6,T5c,True,,,
720575940637645790,right,T4c,347,-5,-13,-2,-11,T4c,True,,,
720575940637649380,left,T5c,350,1,15,6,9,T5c,True,,,
720575940637657486,right,T4d,794,5,-26,-18,-8,T4d,True,,,
720575940637662298,left,T5b,698,6,-7,-10,3,T5b,True,,,
720575940637668574,right,T4a,626,-5,-8,1,-9,T4a,True,,,
720575940637671487,right,T5a,136,0,3,1,2,T5a,True,,,
720575940637676777,right,T5d,291,7,2,-6,8,T5d,True,,,
720575940637677680,left,T4b,542,6,-13,-13,0,T4b,True,,,
720575940637679758,left,T4d,725,-3,-24,-9,-15,T4d,True,,,
720575940637680782,left,T4c,633,-1,-24,-11,-13,T4c,True,,,
720575940637688639,right,T4a,405,3,10,2,8,T4a,True,,,
720575940637689434,right,T4a,757,0,-6,-3,-3,T4a,True,,,
720575940637694692,left,T5d,344,-2,-15,-6,-9,T5d,True,,,
720575940637701005,right,T4c,593,3,-14,-10,-4,T4c,True,,,
720575940637701598,left,T5c,210,-6,8,10,-2,T5c,True,,,
720575940637706125,right,T4a,446,2,-14,-9,-5,T4a,True,,,
720575940637707098,right,T4a,362,2,-20,-12,-8,T4a,True,,,
720575940637711326,left,T4b,601,1,16,7,9,T4b,True,,,
720575940637713326,right,T5c,65,-1,28,15,13,T5c,True,,,
720575940637714239,right,T5c,695,-6,10,11,-1,T5c,True,,,
720575940637721919,right,T5a,388,3,19,6,13,T5a,True,,,
720575940637724638,left,T5c,449,6,-16,-14,-2,T5c,True,,,
720575940637727066,right,T5b,267,-6,2,7,-5,T5b,True,,,
720575940637728858,right,T5d,746,-3,3,4,-1,T5d,True,,,
720575940637741402,right,T5b,473,-4,23,15,8,T5b,True,,,
720575940637741801,right,T4c,620,7,1,-7,8,T4c,True,,,
720575940637743534,left,T4d,9,4,9,0,9,T4d,True,,,
720575940637744752,left,T4c,346,-7,-9,2,-11,T4c,True,,,
720575940637745264,left,T4d,753,-3,24,15,9,T4d,True,,,
720575940637751949,right,T5c,577,5,-14,-12,-2,T5c,True,,,
720575940637759295,right,T5a,574,-6,5,8,-3,T5a,True,,,
720575940637760309,right,T5d,624,1,-17,-10,-7,T5d,True,,,
720575940637761392,left,T5c,578,4,-11,-10,-1,T5c,True,,,
720575940637765951,right,T5d,578,4,-11,-10,-1,T5d,True,,,
720575940637772772,right,T5d,763,-5,14,12,2,T5d,True,,,
720575940637773631,right,T5c,610,2,-23,-14,-9,T5c,True,,,
720575940637781082,right,T5d,325,5,1,-5,6,T5d,True,,,
720575940637784127,right,T4a,746,-3,3,4,-1,T4a,True,,,
720575940637784383,right,T5c,426,-3,0,3,-3,T5c,True,,,
720575940637788590,left,T4b,100,2,-10,-7,-3,T4b,True,,,
720575940637790298,right,T4d,201,-8,9,12,-3,T4d,True,,,
720575940637797609,right,T4c,735,1,-23,-13,-10,T4c,True,,,
720575940637799231,right,T5c,84,-2,12,8,4,T5c,True,,,
720575940637809124,right,T4c,510,-2,11,7,4,T4c,True,,,
720575940637809374,left,T5b,475,-4,-1,3,-4,T5b,True,,,
720575940637810997,right,T5c,491,7,-1,-8,7,T5c,True,,,
720575940637813823,left,T5b,40,-2,-6,-1,-5,T5b,True,,,
720575940637816432,left,T4a,576,0,28,14,14,T4a,True,,,
720575940637818857,right,T4d,231,4,-12,-10,-2,T4d,True,,,
720575940637822436,right,T4c,21,-2,19,11,8,T4c,True,,,
720575940637834637,right,T4a,95,4,-21,-15,-6,T4a,True,,,
720575940637835610,right,T5c,386,-6,19,15,4,T5c,True,,,
720575940637836634,right,T4d,19,-7,17,15,2,T4d,True,,,
720575940637837658,right,T4d,746,-3,3,4,-1,T4d,True,,,
720575940637841805,right,T4b,85,4,-22,-15,-7,T4b,True,,,
720575940637841897,right,T4d,640,-1,-16,-7,-9,T4d,True,,,
720575940637848030,left,T5d,84,-2,12,8,4,T5d,True,,,
720575940637850970,right,T5c,370,-3,21,13,8,T5c,True,,,
720575940637863401,right,T4b,106,-7,11,12,-1,T4b,True,,,
720575940637863657,right,T4a,309,-6,12,12,0,T4a,True,,,
720575940637873129,left,T4a,615,-7,-7,3,-10,T4a,True,,,
720575940637873471,right,T5d,745,0,13,6,7,T5d,True,,,
720575940637873636,right,T5b,357,4,17,4,13,T5b,True,,,
720575940637878238,left,T4c,177,-2,-1,1,-2,T4c,True,,,
720575940637881919,right,T5d,464,4,0,-4,4,T5d,True,,,
720575940637885237,left,T4d,248,-6,0,6,-6,T4d,True,,,
720575940637893598,left,T4a,670,5,5,-3,8,T4a,True,,,
720575940637893609,right,T4b,490,-5,6,8,-2,T4b,True,,,
720575940637897700,left,T4b,608,1,10,4,6,T4b,True,,,
720575940637903076,right,T4b,355,-7,-6,4,-10,T4b,True,,,
720575940637918042,left,T5a,420,6,-3,-8,5,T5a,True,,,
720575940637918298,left,T5d,64,4,-23,-16,-7,T5d,True,,,
720575940637931354,right,T4b,330,3,3,-2,5,T4b,True,,,
720575940637934682,right,T4d,436,0,-15,-8,-7,T4d,True,,,
720575940637938660,left,T5a,735,1,-23,-13,-10,T5a,True,,,
720575940637954357,left,T5b,687,-6,-3,4,-7,T5b,True,,,
720575940637958207,right,T4c,766,2,-4,-4,0,T4c,True,,,
720575940637959770,right,T4a,717,2,-22,-13,-9,T4a,True,,,
720575940637960158,left,T5c,381,5,-26,-18,-8,T5c,True,,,
720575940637962047,right,T5c,565,0,-26,-13,-13,T5c,True,,,
720575940637973476,left,T5c,509,-4,10,9,1,T5c,True,,,
720575940637976922,right,T5a,610,2,-23,-14,-9,T5a,True,,,
720575940637980762,right,T4a,633,-1,-24,-11,-13,T4a,True,,,
720575940637988329,right,T5a,2,-8,2,9,-7,T5a,True,,,
720575940637988954,left,T4a,773,5,-19,-15,-4,T4a,True,,,
720575940637989978,right,T4b,120,-1,-1,0,-1,T4b,True,,,
720575940637991401,right,T4b,574,-6,5,8,-3,T4b,True,,,
720575940637995632,right,T4a,384,-6,-2,5,-7,T4a,True,,,
720575940638000061,right,T5a,754,-1,-13,-6,-7,T5a,True,,,
720575940638005838,left,T4c,732,-3,6,6,0,T4c,True,,,
720575940638006244,right,T4d,589,-1,-5,-2,-3,T4d,True,,,
720575940638009919,right,T4b,168,-1,17,9,8,T4b,True,,,
720575940638015322,left,T5c,552,4,-1,-5,4,T5c,True,,,
720575940638016831,right,T5c,640,-1,-16,-7,-9,T5c,True,,,
720575940638019162,right,T5c,402,3,26,10,16,T5c,True,,,
720575940638019418,left,T5b,349,-5,-14,-2,-12,T5b,True,,,
720575940638025550,right,T4d,609,-2,0,2,-2,T4d,True,,,
720575940638029796,left,T5a,522,-4,0,4,-4,T5a,True,,,
720575940638036452,right,T5b,135,-3,-22,-8,-14,T5b,True,,,
720575940638036806,right,T5a,124,1,-7,-5,-2,T5a,True,,,
720575940638037318,right,T5b,629,4,24,8,16,T5b,True,,,
720575940638039268,right,T4d,247,-4,-15,-4,-11,T4d,True,,,
720575940638040142,right,T5b,721,5,13,1,12,T5b,True,,,
720575940638040292,left,T5b,530,-3,-13,-4,-9,T5b,True,,,
720575940638050020,right,T5c,778,4,25,8,17,T5c,True,,,
720575940638050788,right,T5c,423,3,-18,-12,-6,T5c,True,,,
720575940638053283,left,T4a,21,-2,19,11,8,T4a,True,,,
720575940638054746,left,T5d,530,-3,-13,-4,-9,T5d,True,,,
720575940638057961,right,T4a,180,2,-27,-16,-11,T4a,True,,,
720575940638064061,right,T4d,287,-5,13,11,2,T4d,True,,,
720575940638064692,right,T5d,313,7,3,-6,9,T5d,True,,,
720575940638086461,right,T4b,319,-2,5,4,1,T4b,True,,,
720575940638088026,right,T5a,189,6,13,0,13,T5a,True,,,
720575940638091354,left,T5c,340,-4,17,12,5,T5c,True,,,
720575940638097892,left,T5c,94,5,18,4,14,T5c,True,,,
720575940638102640,right,T5a,407,-5,-10,0,-10,T5a,True,,,
720575940638107956,right,T4d,459,5,-3,-7,4,T4d,True,,,
720575940638119613,right,T4d,723,-2,-11,-4,-7,T4d,True,,,
720575940638123241,left,T5d,268,7,-6,-10,4,T5d,True,,,
720575940638124110,left,T5c,636,0,6,3,3,T5c,True,,,
720575940638125646,right,T4d,339,6,11,-1,12,T4d,True,,,
720575940638137065,left,T5a,332,4,-26,-17,-9,T5a,True,,,
720575940638137140,right,T5b,325,5,1,-5,6,T5b,True,,,
720575940638138714,left,T4c,37,1,5,1,4,T4c,True,,,
720575940638144602,left,T4c,336,0,23,11,12,T4c,True,,,
720575940638172250,left,T5c,242,-4,6,7,-1,T5c,True,,,
720575940638174953,right,T4c,657,-2,-25,-11,-14,T4c,True,,,
720575940638177087,right,T4c,74,-1,-9,-4,-5,T4c,True,,,
720575940638179561,right,T4d,69,1,8,3,5,T4d,True,,,
720575940638180186,left,T5c,298,-5,5,7,-2,T5c,True,,,
720575940638182889,left,T5b,181,1,-4,-3,-1,T5b,True,,,
720575940638184937,right,T5c,223,-2,26,15,11,T5c,True,,,
720575940638185961,left,T5a,529,2,-2,-3,1,T5a,True,,,
720575940638195177,left,T4d,505,6,-22,-17,-5,T4d,True,,,
720575940638196157,right,T4a,555,-4,9,8,1,T4a,True,,,
720575940638223686,right,T5d,195,-3,-1,2,-3,T5d,True,,,
720575940638239558,left,T5c,537,0,-23,-12,-11,T5c,True,,,
720575940638250054,right,T4c,321,8,4,-6,10,T4c,True,,,
720575940638251590,right,T5d,569,6,6,-3,9,T5d,True,,,
720575940638252358,right,T4d,321,8,4,-6,10,T4d,True,,,
720575940638257498,left,T4b,318,4,-19,-14,-5,T4b,True,,,
720575940638280006,right,T5a,114,2,-13,-9,-4,T5a,True,,,
720575940638282566,right,T4a,157,-1,-7,-3,-4,T4a,True,,,
720575940638282980,left,T5d,383,-6,11,11,0,T5d,True,,,
720575940638284622,right,T4c,200,-5,12,11,1,T4c,True,,,
720575940638288436,right,T5a,620,7,1,-7,8,T5a,True,,,
720575940638291827,left,T5c,116,-1,-8,-3,-5,T5c,True,,,
720575940638296902,left,T5a,703,-3,1,3,-2,T5a,True,,,
720575940638300724,right,T4a,291,7,2,-6,8,T4a,True,,,
720575940638302067,right,T4c,150,-8,5,10,-5,T4c,True,,,
720575940638302948,left,T5b,658,1,20,9,11,T5b,True,,,
720575940638310259,right,T5c,28,5,6,-2,8,T5c,True,,,
720575940638331718,right,T5a,452,1,-9,-6,-3,T5a,True,,,
720575940638331974,right,T4c,51,0,-19,-10,-9,T4c,True,,,
720575940638331994,left,T5d,457,-2,17,10,7,T5d,True,,,
720575940638335302,right,T4b,441,3,-16,-11,-5,T4b,True,,,
720575940638345023,left,T4d,732,-3,6,6,0,T4d,True,,,
720575940638348403,left,T4d,193,-5,4,7,-3,T4d,True,,,
720575940638350406,right,T4c,686,5,-22,-16,-6,T4c,True,,,
720575940638352755,right,T4d,574,-6,5,8,-3,T4d,True,,,
720575940638363206,right,T5a,731,-6,9,10,-1,T5a,True,,,
720575940638367834,left,T4d,1,-6,13,12,1,T4d,True,,,
720575940638369252,right,T4a,293,4,-17,-13,-4,T4a,True,,,
720575940638372324,left,T4b,49,4,-4,-6,2,T4b,True,,,
720575940638375494,right,T5b,469,-7,13,13,0,T5b,True,,,
720575940638379136,right,T4c,590,1,9,3,6,T4c,True,,,
720575940638379846,right,T5b,675,-7,19,16,3,T5b,True,,,
720575940638388314,right,T5c,681,-2,-21,-9,-12,T5c,True,,,
720575940638391642,left,T5a,243,-1,-21,-10,-11,T5a,True,,,
720575940638392390,right,T4c,721,5,13,1,12,T4c,True,,,
720575940638396724,right,T4c,512,6,0,-6,6,T4c,True,,,
720575940638400163,left,T5c,50,-2,21,12,9,T5c,True,,,
720575940638400582,right,T5b,586,2,18,7,11,T5b,True,,,
720575940638401094,left,T4c,571,0,-14,-7,-7,T4c,True,,,
720575940638403561,left,T4a,706,5,-27,-19,-8,T4a,True,,,
720575940638403817,left,T5a,587,4,22,7,15,T5a,True,,,
720575940638408425,left,T5c,143,-4,16,12,4,T5c,True,,,
720575940638418246,right,T5b,404,-1,20,11,9,T5b,True,,,
720575940638428479,left,T5b,239,-6,6,9,-3,T5b,True,,,
720575940638428998,right,T5c,766,2,-4,-4,0,T5c,True,,,
720575940638430783,left,T4b,193,-5,4,7,-3,T4b,True,,,
720575940638433513,left,T4d,53,5,14,2,12,T4d,True,,,
720575940638442328,right,T5a,457,-2,17,10,7,T5a,True,,,
720575940638458340,left,T5c,232,-4,13,10,3,T5c,True,,,
720575940638467672,right,T4a,161,4,-14,-11,-3,T4a,True,,,
720575940638471768,right,T5b,488,7,5,-5,10,T5b,True,,,
720575940638472064,left,T4c,429,-2,14,9,5,T4c,True,,,
720575940638473050,left,T5c,244,-4,-12,-2,-10,T5c,True,,,
720575940638474584,right,T4a,742,-4,11,9,2,T4a,True,,,
720575940638477284,left,T4a,284,0,25,12,13,T4a,True,,,
720575940638478308,left,T5a,368,-4,-20,-6,-14,T5a,True,,,
720575940638479844,left,T4b,125,5,9,-1,10,T4b,True,,,
720575940638480755,right,T4d,43,-5,18,14,4,T4d,True,,,
720575940638487155,right,T4a,479,-2,10,7,3,T4a,True,,,
720575940638487871,left,T5c,407,-5,-10,0,-10,T5c,True,,,
720575940638493156,left,T4c,693,-3,25,15,10,T4c,True,,,
720575940638495651,left,T5c,647,-4,-7,0,-7,T5c,True,,,
720575940638496189,right,T5c,338,-1,0,1,-1,T5c,True,,,
720575940638498877,right,T4d,659,-4,-6,1,-7,T4d,True,,,
720575940638508102,left,T4c,662,2,-1,-3,2,T4c,True,,,
720575940638514665,left,T4d,305,-7,4,9,-5,T4d,True,,,
720575940638517481,left,T4a,587,4,22,7,15,T4a,True,,,
720575940638518325,right,T5c,124,1,-7,-5,-2,T5c,True,,,
720575940638524905,left,T5b,708,-4,-25,-9,-16,T5b,True,,,
720575940638525501,left,T5a,746,-3,3,4,-1,T5a,True,,,
720575940638526948,right,T4d,728,7,12,-1,13,T4d,True,,,
720575940638533208,right,T4c,296,1,-18,-10,-8,T4c,True,,,
720575940638535502,left,T5d,614,-2,-8,-2,-6,T5d,True,,,
720575940638547508,right,T4b,372,1,-2,-2,0,T4b,True,,,
720575940638548029,left,T4c,765,-3,9,7,2,T4c,True,,,
720575940638549476,left,T4d,357,4,17,4,13,T4d,True,,,
720575940638553828,left,T5c,493,-3,23,14,9,T5c,True,,,
720575940638559295,right,T4d,790,-2,-27,-12,-15,T4d,True,,,
720575940638562356,right,T5d,734,2,0,-2,2,T5d,True,,,
720575940638566744,right,T4b,205,5,-6,-8,2,T4b,True,,,
720575940638567396,left,T4c,626,-5,-8,1,-9,T4c,True,,,
720575940638570328,left,T4a,112,-6,1,6,-5,T4a,True,,,
720575940638575192,right,T5b,225,2,-26,-15,-11,T5b,True,,,
720575940638575549,right,T4d,683,2,6,1,5,T4d,True,,,
720575940638580824,left,T5d,427,5,-18,-14,-4,T5d,True,,,
720575940638581080,right,T5d,502,5,8,-1,9,T5d,True,,,
720575940638581993,left,T5d,502,5,8,-1,9,T5d,True,,,
720575940638586787,right,T4a,781,-5,26,18,8,T4a,True,,,
720575940638598709,right,T4a,2,-8,2,9,-7,T4a,True,,,
720575940638601030,right,T4b,697,1,-22,-12,-10,T4b,True,,,
720575940638602054,left,T5b,773,5,-19,-15,-4,T5b,True,,,
720575940638608606,right,T5b,500,7,-8,-11,3,T5b,True,,,
720575940638608966,left,T5b,535,8,-4,-10,6,T5b,True,,,
720575940638618950,left,T5b,315,-3,-6,0,-6,T5b,True,,,
720575940638625408,left,T4a,255,-6,-13,-1,-12,T4a,True,,,
720575940638628934,left,T5a,581,3,9,1,8,T5a,True,,,
720575940638630982,left,T5b,761,-4,-18,-5,-13,T5b,True,,,
720575940638632538,right,T4d,568,-6,-8,2,-10,T4d,True,,,
720575940638634310,right,T5c,274,6,4,-4,8,T5c,True,,,
720575940638638820,right,T5c,135,-3,-22,-8,-14,T5c,True,,,
720575940638639924,right,T5d,552,4,-1,-5,4,T5d,True,,,
720575940638641990,right,T4b,410,-2,-2,1,-3,T4b,True,,,
720575940638646874,right,T4a,581,3,9,1,8,T4a,True,,,
720575940638647785,right,T5c,739,-7,2,8,-6,T5c,True,,,
720575940638648553,right,T5d,490,-5,6,8,-2,T5d,True,,,
720575940638660678,right,T4d,182,7,-10,-12,2,T4d,True,,,
720575940638662708,right,T4a,552,4,-1,-5,4,T4a,True,,,
720575940638675034,right,T4c,498,6,10,-1,11,T4c,True,,,
720575940638678854,left,T4d,737,0,19,9,10,T4d,True,,,
720575940638681934,right,T4c,466,1,14,6,8,T4c,True,,,
720575940638684742,left,T4d,518,-4,22,15,7,T4d,True,,,
720575940638690118,left,T4c,14,0,-27,-14,-13,T4c,True,,,
720575940638695220,right,T4d,29,-1,-3,-1,-2,T4d,True,,,
720575940638697286,left,T4c,58,3,12,3,9,T4c,True,,,
720575940638711878,left,T5c,443,-6,4,8,-4,T5c,True,,,
720575940638713690,right,T5a,781,-5,26,18,8,T5a,True,,,
720575940638725773,right,T4b,17,1,-5,-4,-1,T4b,True,,,
720575940638726259,left,T5b,739,-7,2,8,-6,T5b,True,,,
720575940638727908,left,T4c,92,0,9,4,5,T4c,True,,,
720575940638729048,right,T4c,724,4,2,-3,5,T4c,True,,,
720575940638730805,right,T4c,572,-8,3,9,-6,T4c,True,,,
720575940638738291,left,T5c,369,5,-5,-8,3,T5c,True,,,
720575940638744410,left,T4d,107,8,-2,-9,7,T4d,True,,,
720575940638745229,right,T5c,450,2,-9,-7,-2,T5c,True,,,
720575940638747251,right,T4c,225,2,-26,-15,-11,T4c,True,,,
720575940638762054,left,T4b,428,-2,23,13,10,T4b,True,,,
720575940638763846,left,T5b,383,-6,11,11,0,T5b,True,,,
720575940638774618,left,T4d,713,-6,16,14,2,T4d,True,,,
720575940638777151,left,T4d,7,-6,-6,3,-9,T4d,True,,,
720575940638806591,right,T5b,695,-6,10,11,-1,T5b,True,,,
720575940638814286,right,T4a,214,-5,3,6,-3,T4a,True,,,
720575940638834035,left,T5d,363,7,-4,-9,5,T5d,True,,,
720575940638856757,right,T5c,723,-2,-11,-4,-7,T5c,True,,,
720575940638861365,right,T5d,477,-3,2,4,-2,T5d,True,,,
720575940638862406,left,T5a,167,0,-17,-9,-8,T5a,True,,,
720575940638863194,left,T4d,692,-4,24,16,8,T4d,True,,,
720575940638864256,right,T4b,109,4,-5,-7,2,T4b,True,,,
720575940638865990,left,T4a,379,3,-17,-12,-5,T4a,True,,,
720575940638872765,right,T4c,423,3,-18,-12,-6,T4c,True,,,
720575940638878141,left,T4c,618,-1,24,13,11,T4c,True,,,
720575940638886372,right,T5c,547,-1,21,11,10,T5c,True,,,
720575940638886628,right,T5a,456,0,21,10,11,T5a,True,,,
720575940638888026,right,T5d,322,2,26,11,15,T5d,True,,,
720575940638894406,right,T4b,748,-4,20,14,6,T4b,True,,,
720575940638906677,left,T4d,18,5,-16,-13,-3,T4d,True,,,
720575940638907520,left,T5d,104,-1,-27,-13,-14,T5d,True,,,
720575940638923492,left,T5d,75,-6,14,13,1,T5d,True,,,
720575940638926655,left,T4c,287,-5,13,11,2,T4c,True,,,
720575940638935424,left,T5a,501,1,2,0,2,T5a,True,,,
720575940638941312,left,T5b,146,1,-6,-4,-2,T5b,True,,,
720575940638947150,right,T5a,410,-2,-2,1,-3,T5a,True,,,
720575940638950051,right,T4a,436,0,-15,-8,-7,T4a,True,,,
720575940638952262,left,T4b,87,1,11,4,7,T4b,True,,,
720575940638958707,left,T4d,131,-6,20,16,4,T4d,True,,,
720575940638967741,left,T4c,26,1,-3,-3,0,T4c,True,,,
720575940638971364,right,T5b,207,1,29,13,16,T5b,True,,,
720575940638973824,right,T4a,119,-2,6,5,1,T4a,True,,,
720575940638987061,right,T4c,82,-7,7,10,-3,T4c,True,,,
720575940638988378,left,T4d,118,3,1,-3,4,T4d,True,,,
720575940638991413,right,T5c,1,-6,13,12,1,T5c,True,,,
720575940638994485,right,T5d,42,-1,14,8,6,T5d,True,,,
720575940639003881,left,T5b,402,3,26,10,16,T5b,True,,,
720575940639020351,left,T4d,340,-4,17,12,5,T4d,True,,,
720575940639023962,left,T5d,92,0,9,4,5,T5d,True,,,
720575940639027290,left,T4a,286,0,-24,-12,-12,T4a,True,,,
720575940639032910,right,T4c,269,2,-19,-12,-7,T4c,True,,,
720575940639034739,right,T5a,495,4,5,-2,7,T5a,True,,,
720575940639036494,right,T4a,596,-4,-16,-4,-12,T4a,True,,,
720575940639037006,right,T5b,674,-4,-14,-3,-11,T5b,True,,,
720575940639038798,right,T4d,394,-7,-8,3,-11,T4d,True,,,
720575940639040846,right,T5c,142,-2,-18,-7,-11,T5c,True,,,
720575940639055157,right,T5a,688,-7,10,12,-2,T5a,True,,,
720575940639061582,left,T5c,528,2,7,1,6,T5c,True,,,
720575940639062342,left,T4c,695,-6,10,11,-1,T4c,True,,,
720575940639062854,left,T5d,626,-5,-8,1,-9,T5d,True,,,
720575940639065690,left,T5b,474,-3,-17,-6,-11,T5b,True,,,
720575940639067470,right,T4b,712,-7,12,13,-1,T4b,True,,,
720575940639075517,left,T5d,29,-1,-3,-1,-2,T5d,True,,,
720575940639079145,left,T5c,736,-8,1,8,-7,T5c,True,,,
720575940639095374,right,T5c,319,-2,5,4,1,T5c,True,,,
720575940639109309,left,T5d,51,0,-19,-10,-9,T5d,True,,,
720575940639110222,right,T4d,253,5,16,3,13,T4d,True,,,
720575940639113149,left,T5d,678,3,-7,-7,0,T5d,True,,,
720575940639115590,left,T4c,259,-7,-5,4,-9,T4c,True,,,
720575940639122502,left,T5d,70,-4,21,14,7,T5d,True,,,
720575940639124814,left,T5d,768,3,5,-1,6,T5d,True,,,
720575940639140413,right,T5c,755,4,19,5,14,T5c,True,,,
720575940639144125,right,T4d,534,3,2,-2,4,T4d,True,,,
720575940639146429,left,T4d,625,-2,24,14,10,T4d,True,,,
720575940639159118,right,T5a,99,4,15,3,12,T5a,True,,,
720575940639159997,left,T4d,397,-3,-19,-7,-12,T4d,True,,,
720575940639165885,right,T5a,280,-6,-14,-1,-13,T5a,True,,,
720575940639170118,left,T4c,721,5,13,1,12,T4c,True,,,
720575940639172285,left,T4a,49,4,-4,-6,2,T4a,True,,,
720575940639175989,right,T5d,94,5,18,4,14,T5d,True,,,
720575940639176576,left,T4a,292,-4,18,13,5,T4a,True,,,
720575940639190912,right,T4a,338,-1,0,1,-1,T4a,True,,,
720575940639197247,right,T4a,134,-5,-18,-4,-14,T4a,True,,,
720575940639203300,right,T5d,243,-1,-21,-10,-11,T5d,True,,,
720575940639203654,left,T4c,630,4,8,0,8,T4c,True,,,
720575940639204927,right,T4c,307,5,-25,-18,-7,T4c,True,,,
720575940639206207,left,T4b,784,-4,29,18,11,T4b,True,,,
720575940639207140,left,T4c,291,7,2,-6,8,T4c,True,,,
720575940639210062,right,T4b,227,-7,5,9,-4,T4b,True,,,
720575940639210293,left,T5a,528,2,7,1,6,T5a,True,,,
720575940639213621,left,T5d,608,1,10,4,6,T5d,True,,,
720575940639215950,right,T5d,492,-7,-2,6,-8,T5d,True,,,
720575940639221949,right,T4b,244,-4,-12,-2,-10,T4b,True,,,
720575940639224381,right,T4d,211,-7,-1,6,-7,T4d,True,,,
720575940639229757,right,T5c,427,5,-18,-14,-4,T5c,True,,,
720575940639230067,right,T4d,480,3,-19,-13,-6,T4d,True,,,
720575940639230790,left,T4c,411,-5,-19,-5,-14,T4c,True,,,
720575940639237710,right,T5b,70,-4,21,14,7,T5b,True,,,
720575940639246645,left,T5b,438,2,27,11,16,T5b,True,,,
720575940639273535,right,T4c,589,-1,-5,-2,-3,T4c,True,,,
720575940639281717,left,T5a,219,6,-4,-8,4,T5a,True,,,
720575940639283765,left,T5d,195,-3,-1,2,-3,T5d,True,,,
720575940639286717,left,T4a,199,0,-12,-6,-6,T4a,True,,,
720575940639293493,left,T4a,167,0,-17,-9,-8,T4a,True,,,
720575940639294323,right,T5b,2,-8,2,9,-7,T5b,True,,,
720575940639295558,left,T5a,275,-8,-1,7,-8,T5a,True,,,
720575940639297853,left,T5c,512,6,0,-6,6,T5c,True,,,
720575940639304563,right,T4b,497,6,1,-6,7,T4b,True,,,
720575940639305030,left,T5c,703,-3,1,3,-2,T5c,True,,,
720575940639309621,left,T4d,688,-7,10,12,-2,T4d,True,,,
720575940639312949,right,T5a,632,3,-20,-13,-7,T5a,True,,,
720575940639322702,left,T5d,536,3,4,-1,5,T5d,True,,,
720575940639337936,right,T4a,116,-1,-8,-3,-5,T4a,True,,,
720575940639345461,left,T4c,742,-4,11,9,2,T4c,True,,,
720575940639347765,left,T4c,83,2,-21,-13,-8,T4c,True,,,
720575940639355251,right,T4b,593,3,-14,-10,-4,T4b,True,,,
720575940639363491,right,T4d,461,7,-5,-10,5,T4d,True,,,
720575940639371453,left,T4c,88,7,4,-5,9,T4c,True,,,
720575940639371598,left,T4c,173,2,-25,-15,-10,T4c,True,,,
720575940639383997,left,T4d,651,-4,-5,1,-6,T4d,True,,,
720575940639385166,left,T5b,605,3,15,4,11,T5b,True,,,
720575940639387856,right,T4c,634,-3,-15,-5,-10,T4c,True,,,
720575940639391184,right,T4c,26,1,-3,-3,0,T4c,True,,,
720575940639396003,right,T5b,289,-1,11,6,5,T5b,True,,,
720575940639402880,right,T4c,124,1,-7,-5,-2,T4c,True,,,
720575940639404496,right,T5d,253,5,16,3,13,T5d,True,,,
720575940639405885,right,T5d,388,3,19,6,13,T5d,True,,,
720575940639408243,right,T4d,616,-3,15,10,5,T4d,True,,,
720575940639409230,left,T5a,464,4,0,-4,4,T5a,True,,,
720575940639410254,left,T5b,97,-5,2,6,-4,T5b,True,,,
720575940639425341,right,T5d,249,2,-12,-8,-4,T5d,True,,,
720575940639432253,left,T5a,694,4,3,-3,6,T5a,True,,,
720575940639433781,left,T5c,701,0,-4,-2,-2,T5c,True,,,
720575940639434429,left,T5d,731,-6,9,10,-1,T5d,True,,,
720575940639443288,right,T5d,121,-8,4,10,-6,T5d,True,,,
720575940639446104,right,T5b,532,-8,7,11,-4,T5b,True,,,
720575940639447101,right,T5a,113,-2,4,4,0,T5a,True,,,
720575940639448784,right,T5c,414,4,21,6,15,T5c,True,,,
720575940639452750,right,T5c,17,1,-5,-4,-1,T5c,True,,,
720575940639464867,right,T5b,777,6,20,4,16,T5b,True,,,
720575940639469683,left,T4a,569,6,6,-3,9,T4a,True,,,
720575940639471950,right,T5a,669,4,-16,-12,-4,T5a,True,,,
720575940639476864,right,T5c,333,0,-21,-11,-10,T5c,True,,,
720575940639477107,left,T4b,463,5,17,3,14,T4b,True,,,
720575940639481944,right,T5d,614,-2,-8,-2,-6,T5d,True,,,
720575940639494232,right,T4b,28,5,6,-2,8,T4b,True,,,
720575940639496893,left,T5b,539,-6,15,13,2,T5b,True,,,
720575940639500963,right,T4a,571,0,-14,-7,-7,T4a,True,,,
720575940639501475,right,T4b,199,0,-12,-6,-6,T4b,True,,,
720575940639501621,right,T4b,707,-2,25,14,11,T4b,True,,,
720575940639501877,left,T4b,637,3,-21,-14,-7,T4b,True,,,
720575940639503448,right,T4a,491,7,-1,-8,7,T4a,True,,,
720575940639505213,right,T5b,287,-5,13,11,2,T5b,True,,,
720575940639505240,right,T4b,276,2,3,-1,4,T4b,True,,,
720575940639506510,left,T5a,362,2,-20,-12,-8,T5a,True,,,
720575940639508387,right,T4d,379,3,-17,-12,-5,T4d,True,,,
720575940639509667,right,T5c,733,-5,-17,-4,-13,T5c,True,,,
720575940639513166,left,T5b,145,0,4,2,2,T5b,True,,,
720575940639522163,right,T4d,16,-2,-16,-6,-10,T4d,True,,,
720575940639523150,left,T5c,496,7,8,-3,11,T5c,True,,,
720575940639523187,right,T4d,525,-1,-20,-9,-11,T4d,True,,,
720575940639524515,right,T4b,231,4,-12,-10,-2,T4b,True,,,
720575940639528765,right,T5c,639,-4,19,13,6,T5c,True,,,
720575940639535438,right,T4c,461,7,-5,-10,5,T4c,True,,,
720575940639536291,right,T5b,439,-3,-9,-2,-7,T5b,True,,,
720575940639544179,right,T5d,450,2,-9,-7,-2,T5d,True,,,
720575940639544373,left,T4d,90,-4,5,6,-1,T4d,True,,,
720575940639550928,right,T5b,141,5,-23,-17,-6,T5b,True,,,
720575940639551797,right,T5c,366,-5,-20,-5,-15,T5c,True,,,
720575940639560867,right,T5c,42,-1,14,8,6,T5c,True,,,
720575940639564147,right,T4b,676,-3,-21,-8,-13,T4b,True,,,
720575940639564870,right,T4b,721,5,13,1,12,T4b,True,,,
720575940639565126,right,T4c,575,6,9,-2,11,T4c,True,,,
720575940639568198,left,T4c,131,-6,20,16,4,T4c,True,,,
720575940639569205,left,T4c,536,3,4,-1,5,T4c,True,,,
720575940639574104,left,T4c,512,6,0,-6,6,T4c,True,,,
720575940639578275,right,T5d,106,-7,11,12,-1,T5d,True,,,
720575940639583285,left,T4d,582,-1,23,12,11,T4d,True,,,
720575940639584317,right,T4a,210,-6,8,10,-2,T4a,True,,,
720575940639592611,right,T5d,378,-3,18,12,6,T5d,True,,,
720575940639595939,right,T5d,292,-4,18,13,5,T5d,True,,,
720575940639604789,right,T5c,512,6,0,-6,6,T5c,True,,,
720575940639605107,left,T5c,118,3,1,-3,4,T5c,True,,,
720575940639606325,left,T4c,101,-7,6,10,-4,T4c,True,,,
720575940639617443,right,T5d,553,-3,16,11,5,T5d,True,,,
720575940639618432,right,T5b,497,6,1,-6,7,T5b,True,,,
720575940639624320,left,T5c,49,4,-4,-6,2,T5c,True,,,
720575940639627608,right,T4c,142,-2,-18,-7,-11,T4c,True,,,
720575940639634083,right,T5a,205,5,-6,-8,2,T5a,True,,,
720575940639642968,right,T4c,123,-8,10,13,-3,T4c,True,,,
720575940639644531,right,T4b,458,5,0,-5,5,T4b,True,,,
720575940639646323,right,T5d,566,5,-8,-9,1,T5d,True,,,
720575940639650126,right,T5a,666,7,-13,-14,1,T5a,True,,,
720575940639650638,right,T4a,85,4,-22,-15,-7,T4a,True,,,
720575940639659648,right,T4d,410,-2,-2,1,-3,T4d,True,,,
720575940639665779,left,T4b,633,-1,-24,-11,-13,T4b,True,,,
720575940639670131,left,T5a,686,5,-22,-16,-6,T5a,True,,,
720575940639680573,left,T4b,391,4,-3,-6,3,T4b,True,,,
720575940639681341,right,T4d,770,5,4,-3,7,T4d,True,,,
720575940639681651,left,T5b,114,2,-13,-9,-4,T5b,True,,,
720575940639683443,right,T4d,624,1,-17,-10,-7,T4d,True,,,
720575940639684174,left,T4d,120,-1,-1,0,-1,T4d,True,,,
720575940639689379,right,T5a,567,-2,22,13,9,T5a,True,,,
720575940639692861,left,T4b,585,-1,-23,-11,-12,T4b,True,,,
720575940639697752,left,T4a,135,-3,-22,-8,-14,T4a,True,,,
720575940639699645,left,T4b,587,4,22,7,15,T4b,True,,,
720575940639699901,left,T4d,592,3,-28,-17,-11,T4d,True,,,
720575940639708531,right,T4d,280,-6,-14,-1,-13,T4d,True,,,
720575940639710835,left,T5c,483,2,-7,-6,-1,T5c,True,,,
720575940639720782,right,T5a,238,-8,-3,6,-9,T5a,True,,,
720575940639735203,left,T4c,621,1,24,11,13,T4c,True,,,
720575940639743310,right,T4c,526,0,-10,-5,-5,T4c,True,,,
720575940639749181,left,T4b,347,-5,-13,-2,-11,T4b,True,,,
720575940639750488,left,T5d,153,8,0,-8,8,T5d,True,,,
720575940639761213,left,T4d,66,2,15,5,10,T4d,True,,,
720575940639765693,right,T5d,517,6,3,-5,8,T5d,True,,,
720575940639768192,right,T5d,185,2,-11,-8,-3,T5d,True,,,
720575940639768448,right,T4b,129,0,-13,-7,-6,T4b,True,,,
720575940639771008,right,T5b,723,-2,-11,-4,-7,T5b,True,,,
720575940639772760,left,T4d,677,0,11,5,6,T4d,True,,,
720575940639772787,left,T5b,372,1,-2,-2,0,T5b,True,,,
720575940639773568,right,T4a,370,-3,21,13,8,T4a,True,,,
720575940639776627,left,T4a,195,-3,-1,2,-3,T4a,True,,,
720575940639784563,right,T5a,128,3,-22,-14,-8,T5a,True,,,
720575940639791779,left,T4c,401,-2,-19,-8,-11,T4c,True,,,
720575940639798077,left,T5d,347,-5,-13,-2,-11,T5d,True,,,
720575940639802421,left,T5d,572,-8,3,9,-6,T5d,True,,,
720575940639814051,right,T4d,322,2,26,11,15,T4d,True,,,
720575940639817856,right,T5d,161,4,-14,-11,-3,T5d,True,,,
720575940639824701,left,T5a,102,3,13,3,10,T5a,True,,,
720575940639826520,left,T4b,510,-2,11,7,4,T4b,True,,,
720575940639827005,left,T5a,669,4,-16,-12,-4,T5a,True,,,
720575940639834227,left,T4c,277,7,-3,-9,6,T4c,True,,,
720575940639844925,right,T4c,56,1,-13,-8,-5,T4c,True,,,
720575940639846645,right,T4d,564,3,-23,-15,-8,T4d,True,,,
720575940639859534,left,T4c,684,-6,17,14,3,T4c,True,,,
720575940639873853,left,T4d,531,1,0,-1,1,T4d,True,,,
720575940639882830,left,T4b,763,-5,14,12,2,T4b,True,,,
720575940639886901,left,T4b,770,5,4,-3,7,T4b,True,,,
720575940639892568,left,T5a,327,5,3,-4,7,T5a,True,,,
720575940639907517,right,T5b,262,1,-11,-7,-4,T5b,True,,,
720575940639916789,right,T5c,105,3,22,8,14,T5c,True,,,
720575940639917171,right,T4d,368,-4,-20,-6,-14,T4d,True,,,
720575940639923261,left,T4d,393,-1,22,12,10,T4d,True,,,
720575940639931480,left,T5d,234,1,3,0,3,T5d,True,,,
720575940639948989,left,T4d,184,-6,-5,3,-8,T4d,True,,,
720575940639949144,left,T5a,549,0,-9,-5,-4,T5a,True,,,
720575940639949400,left,T4b,470,4,-9,-9,0,T4b,True,,,
720575940639951219,left,T5c,723,-2,-11,-4,-7,T5c,True,,,
720575940639952000,right,T4a,358,-3,17,11,6,T4a,True,,,
720575940639960408,left,T4a,501,1,2,0,2,T4a,True,,,
720575940639962496,left,T5b,602,4,-2,-5,3,T5b,True,,,
720575940639963224,right,T4c,758,5,-1,-6,5,T4c,True,,,
720575940639965528,left,T4a,723,-2,-11,-4,-7,T4a,True,,,
720575940639966013,left,T4c,775,5,22,6,16,T4c,True,,,
720575940639972597,right,T5a,638,-1,7,4,3,T5a,True,,,
720575940639972723,left,T4b,33,3,18,6,12,T4b,True,,,
720575940639975256,left,T4b,697,1,-22,-12,-10,T4b,True,,,
720575940639987773,left,T4d,629,4,24,8,16,T4d,True,,,
720575940639988176,right,T4a,486,0,1,0,1,T4a,True,,,
720575940639991029,left,T5b,624,1,-17,-10,-7,T5b,True,,,
720575940639996275,left,T4c,584,4,23,7,16,T4c,True,,,
720575940639998552,left,T4a,745,0,13,6,7,T4a,True,,,
720575940639999139,left,T5d,345,3,-12,-9,-3,T5d,True,,,
720575940639999576,left,T4a,529,2,-2,-3,1,T4a,True,,,
720575940639999989,right,T4a,239,-6,6,9,-3,T4a,True,,,
720575940640002749,right,T5c,494,0,29,14,15,T5c,True,,,
720575940640009533,left,T4b,496,7,8,-3,11,T4b,True,,,
720575940640010045,left,T5d,235,4,11,1,10,T5d,True,,,
720575940640012403,left,T5d,131,-6,20,16,4,T5d,True,,,
720575940640014464,right,T5c,57,6,-11,-12,1,T5c,True,,,
720575940640022144,left,T5a,502,5,8,-1,9,T5a,True,,,
720575940640032088,right,T4b,73,2,2,-1,3,T4b,True,,,
720575940640037072,right,T4a,325,5,1,-5,6,T4a,True,,,
720575940640044632,left,T5a,231,4,-12,-10,-2,T5a,True,,,
720575940640056893,left,T5b,215,6,7,-3,10,T5b,True,,,
720575940640060733,left,T5a,767,1,28,13,15,T5a,True,,,
720575940640062115,right,T5a,778,4,25,8,17,T5a,True,,,
720575940640064163,left,T4d,130,2,12,4,8,T4d,True,,,
720575940640065744,right,T5d,230,2,9,2,7,T5d,True,,,
720575940640066382,right,T4c,454,5,-12,-11,-1,T4c,True,,,
720575940640074624,right,T5a,321,8,4,-6,10,T5a,True,,,
720575940640078168,left,T4d,250,-1,1,1,0,T4d,True,,,
720575940640083544,left,T4c,714,5,12,1,11,T4c,True,,,
720575940640087203,left,T5c,277,7,-3,-9,6,T5c,True,,,
720575940640090752,right,T4a,477,-3,2,4,-2,T4a,True,,,
720575940640093518,left,T4c,72,0,-28,-14,-14,T4c,True,,,
720575940640096419,left,T5b,322,2,26,11,15,T5b,True,,,
720575940640102528,right,T5c,18,5,-16,-13,-3,T5c,True,,,
720575940640106403,left,T4a,575,6,9,-2,11,T4a,True,,,
720575940640112243,left,T4b,486,0,1,0,1,T4b,True,,,
720575940640113792,right,T4b,190,-3,-5,0,-5,T4b,True,,,
720575940640115005,left,T4b,53,5,14,2,12,T4b,True,,,
720575940640116312,right,T5c,720,-5,21,15,6,T5c,True,,,
720575940640117968,left,T4b,595,7,-12,-13,1,T4b,True,,,
720575940640122240,right,T4c,24,-1,-10,-4,-6,T4c,True,,,
720575940640136400,right,T5c,556,0,10,5,5,T5c,True,,,
720575940640148285,left,T4b,615,-7,-7,3,-10,T4b,True,,,
720575940640149923,left,T5d,41,-3,28,17,11,T5d,True,,,
720575940640150912,right,T4c,390,-6,-9,1,-10,T4c,True,,,
720575940640155789,right,T4a,793,8,-6,-11,5,T4a,True,,,
720575940640169277,right,T4b,688,-7,10,12,-2,T4b,True,,,
720575940640170328,left,T5c,2,-8,2,9,-7,T5c,True,,,
720575940640179800,left,T5b,737,0,19,9,10,T5b,True,,,
720575940640183936,right,T4b,740,2,-8,-6,-2,T4b,True,,,
720575940640194648,left,T5b,688,-7,10,12,-2,T5b,True,,,
720575940640209267,left,T5b,8,-4,26,17,9,T5b,True,,,
720575940640217728,left,T5a,697,1,-22,-12,-10,T5a,True,,,
720575940640224600,left,T5c,66,2,15,5,10,T5c,True,,,
720575940640225112,left,T4b,539,-6,15,13,2,T4b,True,,,
720575940640228686,left,T5b,415,6,12,0,12,T5b,True,,,
720575940640231296,right,T4b,616,-3,15,10,5,T4b,True,,,
720575940640238499,right,T4c,679,4,18,5,13,T4c,True,,,
720575940640240117,right,T4c,432,-5,7,8,-1,T4c,True,,,
720575940640240373,right,T4d,383,-6,11,11,0,T4d,True,,,
720575940640245888,right,T5c,502,5,8,-1,9,T5c,True,,,
720575940640254928,right,T5b,26,1,-3,-3,0,T5b,True,,,
720575940640275920,right,T4d,736,-8,1,8,-7,T4d,True,,,
720575940640280637,left,T5d,382,3,-6,-6,0,T5d,True,,,
720575940640283701,right,T4a,407,-5,-10,0,-10,T4a,True,,,
720575940640286115,left,T4b,774,-8,6,11,-5,T4b,True,,,
720575940640303267,left,T5b,644,-6,18,15,3,T5b,True,,,
720575940640310480,right,T5b,371,6,-5,-9,4,T5b,True,,,
720575940640338229,right,T4d,15,2,-3,-4,1,T4d,True,,,
720575940640350835,right,T5c,361,0,-7,-4,-3,T5c,True,,,
720575940640354768,left,T5d,717,2,-22,-13,-9,T5d,True,,,
720575940640355536,left,T5b,285,6,-18,-15,-3,T5b,True,,,
720575940640356952,right,T4c,449,6,-16,-14,-2,T4c,True,,,
720575940640359843,left,T5c,182,7,-10,-12,2,T5c,True,,,
720575940640376947,left,T5a,444,4,-10,-9,-1,T5a,True,,,
720575940640413904,left,T5b,79,2,1,-2,3,T5b,True,,,
720575940640414416,left,T5c,225,2,-26,-15,-11,T5c,True,,,
720575940640418931,left,T5b,186,-1,26,14,12,T5b,True,,,
720575940640430424,left,T4b,511,5,-11,-11,0,T4b,True,,,
720575940640447104,left,T4c,538,-4,1,4,-3,T4c,True,,,
720575940640457277,left,T4d,61,-4,-4,2,-6,T4d,True,,,
720575940640463568,left,T5b,588,1,4,1,3,T5b,True,,,
720575940640475856,right,T4c,161,4,-14,-11,-3,T4c,True,,,
720575940640486133,right,T5a,37,1,5,1,4,T5a,True,,,
720575940640500276,right,T5c,597,4,1,-4,5,T5c,True,,,
720575940640501467,right,T4b,641,-8,-5,5,-10,T4b,True,,,
720575940640505552,right,T5d,465,3,0,-3,3,T5d,True,,,
720575940640506227,left,T4b,7,-6,-6,3,-9,T4b,True,,,
720575940640511872,left,T5b,478,-7,16,15,1,T5b,True,,,
720575940640512088,left,T5b,727,7,6,-4,10,T5b,True,,,
720575940640514688,left,T4d,6,-2,-4,0,-4,T4d,True,,,
720575940640525776,right,T5c,143,-4,16,12,4,T5c,True,,,
720575940640526043,left,T5b,209,-3,-8,-1,-7,T5b,True,,,
720575940640528080,left,T5c,377,0,7,3,4,T5c,True,,,
720575940640533200,left,T5c,231,4,-12,-10,-2,T5c,True,,,
720575940640536053,right,T5b,250,-1,1,1,0,T5b,True,,,
720575940640540891,right,T5a,27,0,-25,-13,-12,T5a,True,,,
720575940640545243,right,T5a,290,5,-24,-17,-7,T5a,True,,,
720575940640550016,left,T5c,622,-5,20,15,5,T5c,True,,,
720575940640553816,left,T5c,301,-5,16,13,3,T5c,True,,,
720575940640554448,left,T4d,331,1,-15,-9,-6,T4d,True,,,
720575940640566845,left,T4c,718,-5,24,17,7,T4c,True,,,
720575940640567760,right,T5d,668,1,19,8,11,T5d,True,,,
720575940640571088,right,T4c,204,5,-2,-6,4,T4c,True,,,
720575940640586960,left,T5d,348,3,14,4,10,T5d,True,,,
720575940640587472,right,T5b,422,-7,-4,5,-9,T5b,True,,,
720575940640591924,right,T5b,724,4,2,-3,5,T5b,True,,,
720575940640595152,right,T4b,143,-4,16,12,4,T4b,True,,,
720575940640595252,right,T5b,465,3,0,-3,3,T5b,True,,,
720575940640595875,right,T5a,562,-5,-2,4,-6,T5a,True,,,
720575940640617424,left,T4c,6,-2,-4,0,-4,T4c,True,,,
720575940640625792,right,T5b,579,-3,-10,-2,-8,T5b,True,,,
720575940640632016,left,T5a,144,7,-11,-13,2,T5a,True,,,
720575940640632528,right,T4d,393,-1,22,12,10,T4d,True,,,
720575940640633296,left,T4a,440,1,23,10,13,T4a,True,,,
720575940640646029,right,T5c,116,-1,-8,-3,-5,T5c,True,,,
720575940640668477,left,T4d,31,0,16,8,8,T4d,True,,,
720575940640668989,left,T4c,319,-2,5,4,1,T4c,True,,,
720575940640676925,right,T4b,754,-1,-13,-6,-7,T4b,True,,,
720575940640691408,left,T5a,456,0,21,10,11,T5a,True,,,
720575940640698240,left,T5d,483,2,-7,-6,-1,T5d,True,,,
720575940640699856,left,T5c,69,1,8,3,5,T5c,True,,,
720575940640703184,left,T5b,109,4,-5,-7,2,T5b,True,,,
720575940640707536,left,T5b,118,3,1,-3,4,T5b,True,,,
720575940640715096,right,T4b,271,4,6,-1,7,T4b,True,,,
720575940640721141,right,T4b,195,-3,-1,2,-3,T4b,True,,,
720575940640729552,left,T5c,319,-2,5,4,1,T5c,True,,,
720575940640738648,left,T4a,192,7,10,-2,12,T4a,True,,,
720575940640746960,left,T4b,74,-1,-9,-4,-5,T4b,True,,,
720575940640749520,right,T5a,223,-2,26,15,11,T5a,True,,,
720575940640749952,left,T4d,493,-3,23,14,9,T4d,True,,,
720575940640752848,left,T4d,464,4,0,-4,4,T4d,True,,,
720575940640753104,right,T5b,565,0,-26,-13,-13,T5b,True,,,
720575940640757200,right,T4a,724,4,2,-3,5,T4a,True,,,
720575940640758912,left,T4d,514,-4,-10,-1,-9,T4d,True,,,
720575940640759248,left,T4a,467,-2,-20,-8,-12,T4a,True,,,
720575940640761728,left,T4a,713,-6,16,14,2,T4a,True,,,
720575940640766004,right,T5d,321,8,4,-6,10,T5d,True,,,
720575940640778960,left,T4a,695,-6,10,11,-1,T4a,True,,,
720575940640779984,right,T4a,634,-3,-15,-5,-10,T4a,True,,,
720575940640785792,left,T5a,517,6,3,-5,8,T5a,True,,,
720575940640806133,right,T5c,384,-6,-2,5,-7,T5c,True,,,
720575940640815067,left,T4b,413,-2,-7,-2,-5,T4b,True,,,
720575940640815232,left,T5d,504,-2,9,6,3,T5d,True,,,
720575940640843216,left,T4a,17,1,-5,-4,-1,T4a,True,,,
720575940640846208,right,T5d,442,-5,25,17,8,T5d,True,,,
720575940640851584,right,T5d,702,-5,23,16,7,T5d,True,,,
720575940640852568,left,T4b,330,3,3,-2,5,T4b,True,,,
720575940640864464,right,T5c,285,6,-18,-15,-3,T5c,True,,,
720575940640878544,left,T4c,360,-5,19,14,5,T4c,True,,,
720575940640881752,left,T4d,644,-6,18,15,3,T4d,True,,,
720575940640894883,right,T4d,665,7,-2,-8,6,T4d,True,,,
720575940640900048,left,T5b,598,2,-18,-11,-7,T5b,True,,,
720575940640905635,left,T4d,334,1,-26,-14,-12,T4d,True,,,
720575940640906403,left,T4d,687,-6,-3,4,-7,T4d,True,,,
720575940640909520,right,T5a,198,6,2,-5,7,T5a,True,,,
720575940640922320,left,T4a,194,0,-5,-3,-2,T4a,True,,,
720575940640940277,left,T5b,676,-3,-21,-8,-13,T5b,True,,,
720575940640953741,left,T4a,437,-3,12,9,3,T4a,True,,,
720575940640961269,right,T4d,539,-6,15,13,2,T4d,True,,,
720575940640964304,left,T5b,753,-3,24,15,9,T5b,True,,,
720575940640967888,left,T4d,711,-1,19,10,9,T4d,True,,,
720575940640970997,right,T5d,587,4,22,7,15,T5d,True,,,
720575940640974288,left,T4b,309,-6,12,12,0,T4b,True,,,
720575940640991184,left,T5b,34,6,18,3,15,T5b,True,,,
720575940640993525,right,T5c,5,-1,16,9,7,T5c,True,,,
720575940640995536,left,T5b,232,-4,13,10,3,T5b,True,,,
720575940640995573,right,T4d,758,5,-1,-6,5,T4d,True,,,
720575940640999309,right,T5b,130,2,12,4,8,T5b,True,,,
720575940640999821,left,T4b,745,0,13,6,7,T4b,True,,,
720575940641000181,right,T4a,30,6,16,2,14,T4a,True,,,
720575940641037696,right,T4b,161,4,-14,-11,-3,T4b,True,,,
720575940641040781,right,T5c,226,5,19,4,15,T5c,True,,,
720575940641053581,left,T4d,5,-1,16,9,7,T4d,True,,,
720575940641054605,left,T5c,652,-6,-11,0,-11,T5c,True,,,
720575940641056308,right,T5c,156,-9,1,9,-8,T5c,True,,,
720575940641057744,right,T4a,207,1,29,13,16,T4a,True,,,
720575940641061840,left,T5c,85,4,-22,-15,-7,T5c,True,,,
720575940641074829,left,T4a,320,-2,-5,-1,-4,T4a,True,,,
720575940641080283,left,T5a,274,6,4,-4,8,T5a,True,,,
720575940641100021,right,T5d,386,-6,19,15,4,T5d,True,,,
720575940641108621,left,T4a,369,5,-5,-8,3,T4a,True,,,
720575940641120653,right,T4a,429,-2,14,9,5,T4a,True,,,
720575940641133557,right,T5b,625,-2,24,14,10,T5b,True,,,
720575940641138829,right,T4c,599,-1,9,5,4,T4c,True,,,
720575940641139085,right,T4b,504,-2,9,6,3,T4b,True,,,
720575940641161205,right,T4a,166,0,18,9,9,T4a,True,,,
720575940641171931,right,T5b,691,-9,4,11,-7,T5b,True,,,
720575940641178075,right,T5b,647,-4,-7,0,-7,T5b,True,,,
720575940641180123,right,T5c,24,-1,-10,-4,-6,T5c,True,,,
720575940641231757,right,T4a,432,-5,7,8,-1,T4a,True,,,
720575940641234421,left,T5c,206,-3,5,5,0,T5c,True,,,
720575940641259995,right,T4d,498,6,10,-1,11,T4d,True,,,
720575940641271348,right,T5d,59,-2,2,3,-1,T5d,True,,,
720575940641272309,right,T4c,595,7,-12,-13,1,T4c,True,,,
720575940641276891,right,T5d,33,3,18,6,12,T5d,True,,,
720575940641278683,left,T4a,667,1,-28,-15,-13,T4a,True,,,
720575940641289205,left,T4c,243,-1,-21,-10,-11,T4c,True,,,
720575940641297616,left,T5b,680,-1,25,13,12,T5b,True,,,
720575940641325813,left,T4a,14,0,-27,-14,-13,T4a,True,,,
720575940641328629,left,T5d,229,5,2,-4,6,T5d,True,,,
720575940641341685,left,T5d,147,1,21,9,12,T5d,True,,,
720575940641343733,left,T4d,254,3,-24,-15,-9,T4d,True,,,
720575940641345269,left,T4c,247,-4,-15,-4,-11,T4c,True,,,
720575940641346805,left,T5a,430,-3,-7,-1,-6,T5a,True,,,
720575940641364213,left,T5a,270,1,-8,-5,-3,T5a,True,,,
720575940641366480,left,T5c,782,-1,-28,-13,-15,T5c,True,,,
720575940641367541,left,T5b,711,-1,19,10,9,T5b,True,,,
720575940641368309,right,T5a,36,6,8,-2,10,T5a,True,,,
720575940641372045,left,T4b,738,-3,13,9,4,T4b,True,,,
720575940641373147,right,T5d,540,-2,-9,-3,-6,T5d,True,,,
720575940641377525,left,T4d,83,2,-21,-13,-8,T4d,True,,,
720575940641387405,left,T5d,499,5,10,0,10,T5d,True,,,
720575940641399259,right,T4d,689,-2,18,11,7,T4d,True,,,
720575940641400795,right,T4b,278,-5,10,10,0,T4b,True,,,
720575940641410011,right,T4b,675,-7,19,16,3,T4b,True,,,
720575940641411547,right,T4c,1,-6,13,12,1,T4c,True,,,
720575940641414645,left,T4d,561,5,7,-2,9,T4d,True,,,
720575940641415669,left,T5b,201,-8,9,12,-3,T5b,True,,,
720575940641423056,right,T4c,19,-7,17,15,2,T4c,True,,,
720575940641424091,right,T5a,66,2,15,5,10,T5a,True,,,
720575940641435099,right,T4b,736,-8,1,8,-7,T4b,True,,,
720575940641440397,right,T4d,38,0,-2,-1,-1,T4d,True,,,
720575940641485709,right,T5c,444,4,-10,-9,-1,T5c,True,,,
720575940641490128,left,T4c,576,0,28,14,14,T4c,True,,,
720575940641537677,right,T4d,649,-1,5,3,2,T4d,True,,,
720575940641548685,right,T4d,755,4,19,5,14,T4d,True,,,
720575940641553115,left,T4d,204,5,-2,-6,4,T4d,True,,,
720575940641558491,left,T5d,166,0,18,9,9,T5d,True,,,
720575940641563188,right,T5b,620,7,1,-7,8,T5b,True,,,
720575940641563700,right,T5b,291,7,2,-6,8,T5b,True,,,
720575940641575988,right,T5c,488,7,5,-5,10,T5c,True,,,
720575940641577101,right,T4b,615,-7,-7,3,-10,T4b,True,,,
720575940641579316,right,T5c,792,8,2,-7,9,T5c,True,,,
720575940641586139,left,T4b,495,4,5,-2,7,T4b,True,,,
720575940641591760,left,T4b,450,2,-9,-7,-2,T4b,True,,,
720575940641593333,left,T4b,665,7,-2,-8,6,T4b,True,,,
720575940641593589,left,T5b,631,1,26,12,14,T5b,True,,,
720575940641596149,left,T4c,301,-5,16,13,3,T4c,True,,,
720575940641610804,right,T4d,372,1,-2,-2,0,T4d,True,,,
720575940641615349,left,T4d,181,1,-4,-3,-1,T4d,True,,,
720575940641621812,right,T4a,327,5,3,-4,7,T4a,True,,,
720575940641634100,right,T4b,670,5,5,-3,8,T4b,True,,,
720575940641634612,right,T5b,229,5,2,-4,6,T5b,True,,,
720575940641636571,left,T5d,685,-5,-9,0,-9,T5d,True,,,
720575940641639899,right,T5d,511,5,-11,-11,0,T5d,True,,,
720575940641644084,right,T5b,694,4,3,-3,6,T5b,True,,,
720575940641647668,right,T4b,694,4,3,-3,6,T4b,True,,,
720575940641648436,right,T4c,88,7,4,-5,9,T4c,True,,,
720575940641655860,right,T4a,234,1,3,0,3,T4a,True,,,
720575940641656116,right,T4c,73,2,2,-1,3,T4c,True,,,
720575940641657396,right,T4a,534,3,2,-2,4,T4a,True,,,
720575940641658164,right,T4b,536,3,4,-1,5,T4b,True,,,
720575940641672333,right,T4d,543,-1,-4,-1,-3,T4d,True,,,
720575940641679056,left,T4a,426,-3,0,3,-3,T4a,True,,,
720575940641682128,right,T4b,752,-2,7,5,2,T4b,True,,,
720575940641709787,left,T5a,193,-5,4,7,-3,T5a,True,,,
720575940641744347,left,T4b,498,6,10,-1,11,T4b,True,,,
720575940641752309,left,T5d,163,4,26,9,17,T5d,True,,,
720575940641799413,left,T4d,159,7,7,-4,11,T4d,True,,,
720575940641829851,right,T4b,725,-3,-24,-9,-15,T4b,True,,,
720575940641851893,left,T4c,499,5,10,0,10,T4c,True,,,
720575940641903245,left,T5a,169,0,-18,-9,-9,T5a,True,,,
720575940641922805,right,T5a,202,-1,27,14,13,T5a,True,,,
720575940641951989,left,T4d,210,-6,8,10,-2,T4d,True,,,
720575940641959669,left,T5d,712,-7,12,13,-1,T5d,True,,,
720575940641960181,left,T4c,317,-5,-4,3,-7,T4c,True,,,
720575940641960693,left,T5a,535,8,-4,-10,6,T5a,True,,,
720575940641982683,left,T5c,568,-6,-8,2,-10,T5c,True,,,
720575940641994741,right,T4d,370,-3,21,13,8,T4d,True,,,
720575940641996173,left,T4c,751,1,6,2,4,T4c,True,,,
720575940642003419,left,T4d,257,2,21,8,13,T4d,True,,,
720575940642007949,right,T5c,296,1,-18,-10,-8,T5c,True,,,
720575940642008205,right,T5a,385,-3,-18,-6,-12,T5a,True,,,
720575940642017755,left,T5c,80,4,13,2,11,T5c,True,,,
720575940642021773,right,T5b,298,-5,5,7,-2,T5b,True,,,
720575940642025357,right,T5a,636,0,6,3,3,T5a,True,,,
720575940642029019,right,T4b,391,4,-3,-6,3,T4b,True,,,
720575940642052749,right,T4b,446,2,-14,-9,-5,T4b,True,,,
720575940642057357,right,T5d,49,4,-4,-6,2,T5d,True,,,
720575940642090400,right,T4c,268,7,-6,-10,4,T4c,True,,,
720575940642103693,left,T4b,129,0,-13,-7,-6,T4b,True,,,
720575940642126221,right,T4b,539,-6,15,13,2,T4b,True,,,
720575940642145755,left,T5d,180,2,-27,-16,-11,T5d,True,,,
720575940642196621,left,T4d,132,2,4,0,4,T4d,True,,,
720575940642209421,right,T5a,492,-7,-2,6,-8,T5a,True,,,
720575940642267021,right,T5b,449,6,-16,-14,-2,T5b,True,,,
720575940642268045,right,T5b,643,6,14,1,13,T5b,True,,,
720575940642343157,right,T5d,563,5,-13,-12,-1,T5d,True,,,
720575940642355597,left,T4c,428,-2,23,13,10,T4c,True,,,
720575940642372237,left,T5d,759,7,14,0,14,T5d,True,,,
720575940642372493,right,T4d,661,-3,14,10,4,T4d,True,,,
720575940642395533,right,T5c,148,-7,-11,1,-12,T5c,True,,,
720575940642395637,right,T4c,64,4,-23,-16,-7,T4c,True,,,
720575940642459277,left,T4a,231,4,-12,-10,-2,T4a,True,,,
720575940642459533,left,T5c,579,-3,-10,-2,-8,T5c,True,,,
720575940642465499,right,T5b,284,0,25,12,13,T5b,True,,,
720575940642465755,left,T4a,462,-1,18,10,8,T4a,True,,,
720575940642467636,right,T5b,699,-5,0,5,-5,T5b,True,,,
720575940642471565,left,T5a,379,3,-17,-12,-5,T5a,True,,,
720575940642491533,left,T4b,112,-6,1,6,-5,T4b,True,,,
720575940642505869,left,T5d,262,1,-11,-7,-4,T5d,True,,,
720575940642508429,left,T4c,403,-2,-12,-4,-8,T4c,True,,,
720575940642512692,right,T5c,110,-7,0,7,-7,T5c,True,,,
720575940642568608,right,T5a,206,-3,5,5,0,T5a,True,,,
720575940642577371,left,T4a,714,5,12,1,11,T4a,True,,,
720575940642613645,left,T4c,715,4,10,1,9,T4c,True,,,
720575940642621344,right,T4b,772,1,12,5,7,T4b,True,,,
720575940642638496,left,T4a,428,-2,23,13,10,T4a,True,,,
720575940642641037,right,T5d,367,-6,-15,-2,-13,T5d,True,,,
720575940642643252,right,T5b,534,3,2,-2,4,T5b,True,,,
720575940642644788,right,T5a,734,2,0,-2,2,T5a,True,,,
720575940642648116,right,T5b,118,3,1,-3,4,T5b,True,,,
720575940642651277,left,T5b,159,7,7,-4,11,T5b,True,,,
720575940642665101,right,T5b,753,-3,24,15,9,T5b,True,,,
720575940642688909,left,T4c,738,-3,13,9,4,T4c,True,,,
720575940642694285,left,T5d,94,5,18,4,14,T5d,True,,,
720575940642699976,right,T4b,39,0,20,10,10,T4b,True,,,
720575940642712520,right,T5c,129,0,-13,-7,-6,T5c,True,,,
720575940642728648,left,T5a,474,-3,-17,-6,-11,T5a,True,,,
720575940642763680,right,T4c,139,1,-14,-8,-6,T4c,True,,,
720575940642802592,right,T5a,523,2,14,5,9,T5a,True,,,
720575940642820388,right,T4a,509,-4,10,9,1,T4a,True,,,
720575940642845069,left,T4d,631,1,26,12,14,T4d,True,,,
720575940642858804,right,T4b,113,-2,4,4,0,T4b,True,,,
720575940642885005,left,T5b,784,-4,29,18,11,T5b,True,,,
720575940642885773,left,T4b,455,7,-7,-11,4,T4a,False,,,
720575940642903918,left,T5c,543,-1,-4,-1,-3,T5c,True,,,
720575940642932877,left,T4b,708,-4,-25,-9,-16,T4b,True,,,
720575940642937140,right,T5a,746,-3,3,4,-1,T5a,True,,,
720575940642939956,right,T5a,749,-2,1,2,-1,T5a,True,,,
720575940642940724,right,T5d,749,-2,1,2,-1,T5d,True,,,
720575940642945844,right,T4b,426,-3,0,3,-3,T4b,True,,,
720575940643136456,right,T4a,619,-4,-19,-6,-13,T4a,True,,,
720575940643146788,left,T4c,479,-2,10,7,3,T4c,True,,,
720575940643147044,left,T4c,510,-2,11,7,4,T4c,True,,,
720575940643166500,left,T5d,213,3,-4,-5,1,T5d,True,,,
720575940643168909,right,T5a,576,0,28,14,14,T5a,True,,,
720575940643169933,right,T5a,494,0,29,14,15,T5a,True,,,
720575940643192205,right,T5d,631,1,26,12,14,T5d,True,,,
720575940643217568,right,T4a,275,-8,-1,7,-8,T4a,True,,,
720575940643322509,right,T4a,128,3,-22,-14,-8,T4a,True,,,
720575940643399584,right,T5a,31,0,16,8,8,T5a,True,,,
720575940643402912,left,T5c,197,0,-20,-10,-10,T5c,True,,,
720575940643411104,left,T5b,143,-4,16,12,4,T5b,True,,,
720575940643411912,right,T4d,185,2,-11,-8,-3,T4d,True,,,
720575940643414944,left,T4b,709,-2,-24,-10,-14,T4b,True,,,
720575940643436704,right,T5d,406,1,-25,-14,-11,T5d,True,,,
720575940643436960,right,T5a,272,3,-2,-4,2,T5a,True,,,
720575940643449636,left,T5c,249,2,-12,-8,-4,T5c,True,,,
720575940643466912,right,T5c,669,4,-16,-12,-4,T5c,True,,,
720575940643482784,right,T5d,254,3,-24,-15,-9,T5d,True,,,
720575940643483172,left,T5c,436,0,-15,-8,-7,T5c,True,,,
720575940643507104,right,T5a,555,-4,9,8,1,T5a,True,,,
720575940643508384,right,T5d,170,-5,1,5,-4,T5d,True,,,
720575940643515296,right,T4c,101,-7,6,10,-4,T4c,True,,,
720575940643519648,right,T5a,312,4,-7,-8,1,T5a,True,,,
720575940643520160,right,T5b,522,-4,0,4,-4,T5b,True,,,
720575940643532704,right,T5b,374,2,13,4,9,T5b,True,,,
720575940643533728,right,T4c,9,4,9,0,9,T4c,True,,,
720575940643561888,right,T5b,638,-1,7,4,3,T5b,True,,,
720575940643614408,right,T5a,519,-5,-5,2,-7,T5a,True,,,
720575940643616200,right,T5c,534,3,2,-2,4,T5c,True,,,
720575940643618327,right,T5b,704,-7,8,11,-3,T5b,True,,,
720575940643671456,right,T5d,428,-2,23,13,10,T5d,True,,,
720575940643674312,right,T5a,324,3,24,9,15,T5a,True,,,
720575940643679688,right,T5b,770,5,4,-3,7,T5b,True,,,
720575940643686935,right,T5a,627,0,-1,-1,0,T5a,True,,,
720575940643696420,right,T4d,445,-2,8,6,2,T4d,True,,,
720575940643696676,right,T4b,732,-3,6,6,0,T4b,True,,,
720575940643701960,right,T5c,429,-2,14,9,5,T5c,True,,,
720575940643705248,right,T4b,777,6,20,4,16,T4b,True,,,
720575940643709088,left,T5a,267,-6,2,7,-5,T5a,True,,,
720575940643722184,right,T4a,191,-1,-11,-5,-6,T4a,True,,,
720575940643722440,right,T5b,423,3,-18,-12,-6,T5b,True,,,
720575940643735752,right,T5c,242,-4,6,7,-1,T5c,True,,,
720575940643737367,right,T4d,359,2,23,9,14,T4d,True,,,
720575940643751072,left,T5d,655,6,-1,-7,6,T5d,True,,,
720575940643752392,right,T5d,661,-3,14,10,4,T5d,True,,,
720575940643754440,right,T5d,188,-5,17,13,4,T5d,True,,,
720575940643754952,right,T5b,340,-4,17,12,5,T5b,True,,,
720575940643758280,right,T4a,386,-6,19,15,4,T4a,True,,,
720575940643758752,right,T5d,189,6,13,0,13,T5d,True,,,
720575940643773128,right,T5d,720,-5,21,15,6,T5d,True,,,
720575940643774368,right,T4b,659,-4,-6,1,-7,T4b,True,,,
720575940643786144,right,T5d,395,0,-22,-11,-11,T5d,True,,,
720575940643790240,left,T4a,162,-4,-2,3,-5,T4a,True,,,
720575940643797192,left,T5c,344,-2,-15,-6,-9,T5c,True,,,
720575940643801248,left,T5a,512,6,0,-6,6,T5a,True,,,
720575940643806112,left,T5b,683,2,6,1,5,T5b,True,,,
720575940643806880,right,T5a,671,-4,-23,-8,-15,T5a,True,,,
720575940643808535,right,T5d,751,1,6,2,4,T5d,True,,,
720575940643808712,right,T5c,73,2,2,-1,3,T5c,True,,,
720575940643809952,left,T4b,256,5,-20,-15,-5,T4b,True,,,
720575940643819812,right,T5b,598,2,-18,-11,-7,T5b,True,,,
720575940643829960,right,T4b,477,-3,2,4,-2,T4b,True,,,
720575940643830472,right,T4a,113,-2,4,4,0,T4a,True,,,
720575940643866568,right,T4b,775,5,22,6,16,T4b,True,,,
720575940643905480,left,T5a,284,0,25,12,13,T5a,True,,,
720575940643907272,left,T5a,761,-4,-18,-5,-13,T5a,True,,,
720575940643963592,right,T4a,283,-4,4,6,-2,T4a,True,,,
720575940643997220,right,T4b,604,-6,-17,-3,-14,T4b,True,,,
720575940644015008,left,T4c,172,1,22,10,12,T4c,True,,,
720575940644025248,left,T4c,270,1,-8,-5,-3,T4c,True,,,
720575940644025710,left,T4d,213,3,-4,-5,1,T4d,True,,,
720575940644030830,left,T5a,2,-8,2,9,-7,T5a,True,,,
720575940644042094,left,T4b,248,-6,0,6,-6,T4b,True,,,
720575940644054432,left,T4d,739,-7,2,8,-6,T4d,True,,,
720575940644054728,left,T4b,524,4,-20,-14,-6,T4b,True,,,
720575940644074007,left,T5b,247,-4,-15,-4,-11,T5b,True,,,
720575940644075168,left,T5c,530,-3,-13,-4,-9,T5c,True,,,
720575940644077728,left,T4b,339,6,11,-1,12,T4b,True,,,
720575940644083912,left,T5a,432,-5,7,8,-1,T5a,True,,,
720575940644101024,left,T4b,39,0,20,10,10,T4b,True,,,
720575940644131272,left,T5a,319,-2,5,4,1,T5a,True,,,
720575940644133924,right,T4c,615,-7,-7,3,-10,T4c,True,,,
720575940644143982,left,T5b,111,2,-24,-14,-10,T5b,True,,,
720575940644146030,right,T4b,718,-5,24,17,7,T4b,True,,,
720575940644164718,right,T4b,654,-3,8,7,1,T4b,True,,,
720575940644174958,right,T4c,120,-1,-1,0,-1,T4c,True,,,
720575940644204823,left,T4b,777,6,20,4,16,T4a,False,,,
720575940644277152,left,T5d,618,-1,24,13,11,T5d,True,,,
720575940644303520,left,T5c,577,5,-14,-12,-2,T5c,True,,,
720575940644311968,left,T4a,51,0,-19,-10,-9,T4a,True,,,
720575940644315080,left,T5a,158,3,-5,-6,1,T5a,True,,,
720575940644315592,left,T4a,345,3,-12,-9,-3,T4a,True,,,
720575940644320200,right,T5b,8,-4,26,17,9,T5b,True,,,
720575940644320928,left,T4d,313,7,3,-6,9,T4d,True,,,
720575940644327584,left,T5a,60,-8,8,12,-4,T5a,True,,,
720575940644331168,left,T5d,466,1,14,6,8,T5d,True,,,
720575940644347940,right,T4b,431,-2,-10,-3,-7,T4b,True,,,
720575940644357832,left,T5c,599,-1,9,5,4,T5c,True,,,
720575940644363168,left,T5b,386,-6,19,15,4,T5b,True,,,
720575940644383432,right,T4b,568,-6,-8,2,-10,T4b,True,,,
720575940644394400,right,T5a,233,4,-13,-11,-2,T5a,True,,,
720575940644397092,right,T4b,392,-4,7,7,0,T4b,True,,,
720575940644400164,right,T5d,469,-7,13,13,0,T5d,True,,,
720575940644405796,right,T4b,512,6,0,-6,6,T4b,True,,,
720575940644426184,right,T4d,565,0,-26,-13,-13,T4d,True,,,
720575940644428488,right,T5d,761,-4,-18,-5,-13,T5d,True,,,
720575940644506135,right,T4b,313,7,3,-6,9,T4b,True,,,
720575940644519959,right,T5d,274,6,4,-4,8,T5d,True,,,
720575940644526024,right,T5b,630,4,8,0,8,T5b,True,,,
720575940644589591,right,T5a,676,-3,-21,-8,-13,T5a,True,,,
720575940644596260,right,T4a,84,-2,12,8,4,T4a,True,,,
720575940644597028,left,T4c,741,-2,-14,-5,-9,T4c,True,,,
720575940644600343,right,T4a,450,2,-9,-7,-2,T4a,True,,,
720575940644608036,right,T4b,669,4,-16,-12,-4,T4b,True,,,
720575940644622628,right,T4c,663,0,8,4,4,T4c,True,,,
720575940644663831,right,T4d,18,5,-16,-13,-3,T4d,True,,,
720575940644664855,right,T4c,505,6,-22,-17,-5,T4c,True,,,
720575940644666056,right,T5c,790,-2,-27,-12,-15,T5c,True,,,
720575940644671255,right,T5d,593,3,-14,-10,-4,T5d,True,,,
720575940644684823,right,T5d,556,0,10,5,5,T5d,True,,,
720575940644694564,left,T5c,13,-1,-26,-12,-14,T5c,True,,,
720575940644700832,left,T4d,731,-6,9,10,-1,T4d,True,,,
720575940644711972,left,T5c,696,-2,16,10,6,T5c,True,,,
720575940644736456,left,T5b,412,-6,21,16,5,T5b,True,,,
720575940644741412,right,T4b,86,-5,-7,1,-8,T4b,True,,,
720575940644744727,right,T5d,712,-7,12,13,-1,T5d,True,,,
720575940644763684,left,T4c,601,1,16,7,9,T4c,True,,,
720575940644768292,left,T4a,681,-2,-21,-9,-12,T4a,True,,,
720575940644787310,right,T5d,607,1,18,8,10,T5d,True,,,
720575940644787400,left,T4b,666,7,-13,-14,1,T4b,True,,,
720575940644787479,right,T4c,247,-4,-15,-4,-11,T4c,True,,,
720575940644801902,right,T5b,701,0,-4,-2,-2,T5b,True,,,
720575940644837143,right,T5a,411,-5,-19,-5,-14,T5a,True,,,
720575940644877604,left,T4c,254,3,-24,-15,-9,T4c,True,,,
720575940644889367,right,T5d,727,7,6,-4,10,T5d,True,,,
720575940644891336,left,T5a,107,8,-2,-9,7,T5a,True,,,
720575940644905495,left,T4c,772,1,12,5,7,T4c,True,,,
720575940644916759,right,T5b,594,7,-16,-15,-1,T5b,True,,,
720575940644921111,left,T4d,62,-2,-29,-13,-16,T4d,True,,,
720575940644933655,left,T5d,20,3,-11,-9,-2,T5d,True,,,
720575940644935447,right,T4a,72,0,-28,-14,-14,T4a,True,,,
720575940644937160,right,T5c,582,-1,23,12,11,T5c,True,,,
720575940644937416,right,T5a,707,-2,25,14,11,T5a,True,,,
720575940644937672,right,T5d,547,-1,21,11,10,T5d,True,,,
720575940644946455,left,T4c,212,2,-16,-10,-6,T4c,True,,,
720575940644946980,left,T5b,770,5,4,-3,7,T5b,True,,,
720575940644951844,left,T4c,311,-7,15,14,1,T4c,True,,,
720575940644956439,left,T5d,31,0,16,8,8,T5d,True,,,
720575940644957640,right,T5d,429,-2,14,9,5,T5d,True,,,
720575940644957732,right,T5c,141,5,-23,-17,-6,T5c,True,,,
720575940644958487,right,T4c,419,-3,-11,-3,-8,T4c,True,,,
720575940644967959,left,T4d,350,1,15,6,9,T4d,True,,,
720575940644976407,left,T5d,745,0,13,6,7,T5d,True,,,
720575940645020526,right,T5d,536,3,4,-1,5,T5d,True,,,
720575940645023511,left,T5d,456,0,21,10,11,T5d,True,,,
720575940645028119,left,T4d,404,-1,20,11,9,T4d,True,,,
720575940645029911,left,T5d,586,2,18,7,11,T5d,True,,,
720575940645039396,left,T4c,321,8,4,-6,10,T4c,True,,,
720575940645054920,left,T5b,559,-6,22,17,5,T5b,True,,,
720575940645056110,right,T4a,452,1,-9,-6,-3,T4a,True,,,
720575940645089646,left,T4c,685,-5,-9,0,-9,T4c,True,,,
720575940645098007,left,T5a,100,2,-10,-7,-3,T5a,True,,,
720575940645102446,left,T5c,634,-3,-15,-5,-10,T5c,True,,,
720575940645114734,left,T5d,552,4,-1,-5,4,T5d,True,,,
720575940645123182,left,T5a,510,-2,11,7,4,T5a,True,,,
720575940645136840,left,T4c,121,-8,4,10,-6,T4c,True,,,
720575940645145891,right,T4b,782,-5,27,18,9,T4b,True,,,
720575940645165335,left,T4c,98,-1,-12,-5,-7,T4c,True,,,
720575940645179683,left,T4b,477,-3,2,4,-2,T4b,True,,,
720575940645193763,left,T4a,704,-7,8,11,-3,T4a,True,,,
720575940645193764,left,T4d,496,7,8,-3,11,T4d,True,,,
720575940645255022,right,T4c,78,2,20,8,12,T4c,True,,,
720575940645277207,right,T5b,645,-4,27,17,10,T5b,True,,,
720575940645280023,right,T4d,781,-5,26,18,8,T4d,True,,,
720575940645309475,left,T5c,199,0,-12,-6,-6,T5c,True,,,
720575940645312535,left,T4b,780,-2,-27,-12,-15,T4b,True,,,
720575940645312791,left,T5b,187,3,21,7,14,T5b,True,,,
720575940645333271,left,T4d,231,4,-12,-10,-2,T4d,True,,,
720575940645362542,right,T4c,453,3,25,9,16,T4c,True,,,
720575940645370222,left,T5c,488,7,5,-5,10,T5c,True,,,
720575940645393774,left,T4a,7,-6,-6,3,-9,T4a,True,,,
720575940645406743,left,T5d,716,4,-6,-7,1,T5d,True,,,
720575940645422884,right,T5d,147,1,21,9,12,T5d,True,,,
720575940645426286,right,T4b,558,-4,-21,-7,-14,T4b,True,,,
720575940645429102,left,T4d,550,-2,3,3,0,T4d,True,,,
720575940645431831,left,T4d,606,-1,-19,-9,-10,T4d,True,,,
720575940645434990,left,T4d,596,-4,-16,-4,-12,T4d,True,,,
720575940645437038,left,T4a,183,-5,-15,-3,-12,T4a,True,,,
720575940645448996,right,T5d,373,1,-21,-12,-9,T5d,True,,,
720575940645457262,right,T5d,370,-3,21,13,8,T5d,True,,,
720575940645459054,right,T5d,109,4,-5,-7,2,T5d,True,,,
720575940645459566,left,T4c,100,2,-10,-7,-3,T4c,True,,,
720575940645482862,left,T5d,486,0,1,0,1,T5d,True,,,
720575940645483118,right,T5d,332,4,-26,-17,-9,T5d,True,,,
720575940645484084,left,T5c,587,4,22,7,15,T5c,True,,,
720575940645492503,left,T5d,354,-2,-26,-11,-15,T5d,True,,,
720575940645493614,left,T4a,203,3,-1,-4,3,T4a,True,,,
720575940645497636,left,T4d,545,5,11,0,11,T4d,True,,,
720575940645497892,left,T5b,626,-5,-8,1,-9,T5b,True,,,
720575940645498734,right,T4b,254,3,-24,-15,-9,T4b,True,,,
720575940645519214,left,T5a,639,-4,19,13,6,T5a,True,,,
720575940645524846,right,T5d,420,6,-3,-8,5,T5d,True,,,
720575940645532980,right,T4a,126,3,11,2,9,T4a,True,,,
720575940645538356,right,T5d,648,1,7,2,5,T5d,True,,,
720575940645546804,left,T4b,190,-3,-5,0,-5,T4b,True,,,
720575940645554455,left,T5a,781,8,2,-7,9,T5a,True,,,
720575940645557870,left,T5b,553,-3,16,11,5,T5b,True,,,
720575940645570071,left,T5d,729,-3,29,17,12,T5d,True,,,
720575940645570926,right,T4d,455,7,-7,-11,4,T4d,True,,,
720575940645571863,left,T4b,257,2,21,8,13,T4b,True,,,
720575940645573230,left,T4b,624,1,-17,-10,-7,T4b,True,,,
720575940645573655,left,T4d,203,3,-1,-4,3,T4d,True,,,
720575940645576215,left,T4c,324,3,24,9,15,T4c,True,,,
720575940645583383,left,T5d,771,3,-27,-17,-10,T5d,True,,,
720575940645597719,right,T4c,189,6,13,0,13,T4c,True,,,
720575940645617262,right,T4a,542,6,-13,-13,0,T4a,True,,,
720575940645621870,left,T5d,479,-2,10,7,3,T5d,True,,,
720575940645622051,right,T4b,613,-8,-4,6,-10,T4b,True,,,
720575940645627927,right,T4d,267,-6,2,7,-5,T4d,True,,,
720575940645628695,right,T5d,645,-4,27,17,10,T5d,True,,,
720575940645635875,left,T5b,198,6,2,-5,7,T5b,True,,,
720575940645636375,left,T4b,783,-4,28,18,10,T4b,True,,,
720575940645649716,left,T5a,350,1,15,6,9,T5a,True,,,
720575940645651252,right,T5a,56,1,-13,-8,-5,T5a,True,,,
720575940645665076,left,T5a,76,-3,-4,1,-5,T5a,True,,,
720575940645679127,left,T4d,309,-6,12,12,0,T4d,True,,,
720575940645691700,right,T5a,715,4,10,1,9,T5a,True,,,
720575940645735534,left,T5d,573,4,14,3,11,T5d,True,,,
720575940645786222,right,T5d,679,4,18,5,13,T5d,True,,,
720575940645824110,left,T4c,21,-2,19,11,8,T4c,True,,,
720575940645877358,right,T5c,692,-4,24,16,8,T5c,True,,,
720575940645920308,left,T4b,369,5,-5,-8,3,T4b,True,,,
720575940645949294,right,T4b,774,-8,6,11,-5,T4b,True,,,
720575940646004003,right,T4c,238,-8,-3,6,-9,T4c,True,,,
720575940646039575,right,T4a,251,-1,-14,-6,-8,T4a,True,,,
720575940646051460,right,T5c,761,-4,-18,-5,-13,T5c,True,,,
720575940646090787,right,T5a,170,-5,1,5,-4,T5a,True,,,
720575940646106903,left,T5b,672,-8,11,13,-2,T5b,True,,,
720575940646143267,right,T4d,257,2,21,8,13,T4d,True,,,
720575940646146083,right,T4d,262,1,-11,-7,-4,T4d,True,,,
720575940646150435,right,T4a,199,0,-12,-6,-6,T4a,True,,,
720575940646172963,right,T5a,256,5,-20,-15,-5,T5a,True,,,
720575940646176900,left,T4b,90,-4,5,6,-1,T4b,True,,,
720575940646180228,right,T4d,328,5,-9,-10,1,T4d,True,,,
720575940646184995,right,T4b,583,3,-25,-16,-9,T4b,True,,,
720575940646191236,right,T4c,407,-5,-10,0,-10,T4c,True,,,
720575940646191395,right,T5b,543,-1,-4,-1,-3,T5b,True,,,
720575940646245923,right,T5c,383,-6,11,11,0,T5c,True,,,
720575940646252835,left,T4b,54,-4,3,5,-2,T4b,True,,,
720575940646265635,right,T5a,370,-3,21,13,8,T5a,True,,,
720575940646291822,right,T5d,438,2,27,11,16,T5d,True,,,
720575940646437667,left,T5a,647,-4,-7,0,-7,T5a,True,,,
720575940646440739,left,T5a,244,-4,-12,-2,-10,T5a,True,,,
720575940646458500,right,T4c,598,2,-18,-11,-7,T4c,True,,,
720575940646459188,left,T4a,306,3,7,0,7,T4a,True,,,
720575940646462084,left,T5d,761,-4,-18,-5,-13,T5d,True,,,
720575940646468131,left,T5c,487,1,-1,-2,1,T5c,True,,,
720575940646492212,right,T5d,538,-4,1,4,-3,T5d,True,,,
720575940646496547,right,T4b,349,-5,-14,-2,-12,T4b,True,,,
720575940646506019,right,T4d,212,2,-16,-10,-6,T4d,True,,,
720575940646527028,right,T5d,139,1,-14,-8,-6,T5d,True,,,
720575940646528308,right,T5b,526,0,-10,-5,-5,T5b,True,,,
720575940646555171,left,T4a,454,5,-12,-11,-1,T4a,True,,,
720575940646580788,left,T4a,460,-3,-20,-7,-13,T4a,True,,,
720575940646585140,right,T4c,481,4,-8,-8,0,T4c,True,,,
720575940646586932,right,T4c,447,-1,2,2,0,T4c,True,,,
720575940646588212,right,T5d,528,2,7,1,6,T5d,True,,,
720575940646592564,right,T4c,459,5,-3,-7,4,T4c,True,,,
720575940646594356,right,T4d,153,8,0,-8,8,T4d,True,,,
720575940646594851,left,T4a,632,3,-20,-13,-7,T4a,True,,,
720575940646648355,left,T5b,101,-7,6,10,-4,T5b,True,,,
720575940646648372,right,T5b,772,1,12,5,7,T5b,True,,,
720575940646659380,left,T5c,430,-3,-7,-1,-6,T5c,True,,,
720575940646690595,left,T5b,3,6,-12,-12,0,T5b,True,,,
720575940646694708,left,T5d,580,-2,-23,-10,-13,T5d,True,,,
720575940646707235,left,T4d,497,6,1,-6,7,T4d,True,,,
720575940646707764,right,T4b,283,-4,4,6,-2,T4b,True,,,
720575940646718004,right,T4a,104,-1,-27,-13,-14,T4a,True,,,
720575940646748451,left,T4b,365,4,7,-1,8,T4b,True,,,
720575940646753332,left,T4b,673,2,5,0,5,T4b,True,,,
720575940646760739,right,T4d,493,-3,23,14,9,T4d,True,,,
720575940646769187,right,T4d,795,6,-21,-17,-4,T4d,True,,,
720575940646778147,right,T5d,104,-1,-27,-13,-14,T5d,True,,,
720575940646778403,left,T4c,268,7,-6,-10,4,T4c,True,,,
720575940646783267,left,T5b,595,7,-12,-13,1,T5b,True,,,
720575940646791715,right,T4d,352,-2,28,16,12,T4d,True,,,
720575940646791971,right,T4d,744,-4,25,16,9,T4d,True,,,
720575940646792739,right,T5b,558,-4,-21,-7,-14,T5b,True,,,
720575940646795299,right,T4d,753,-3,24,15,9,T4d,True,,,
720575940646796835,right,T5b,718,-5,24,17,7,T5b,True,,,
720575940646797347,right,T5b,785,-3,30,18,12,T5b,True,,,
720575940646798883,right,T5b,780,-6,25,18,7,T5b,True,,,
720575940646818868,right,T4d,96,1,-10,-6,-4,T4d,True,,,
720575940646821940,right,T5b,577,5,-14,-12,-2,T5b,True,,,
720575940646845236,right,T4c,111,2,-24,-14,-10,T4c,True,,,
720575940646851380,left,T5b,434,-3,7,6,1,T5b,True,,,
720575940646859811,left,T4c,161,4,-14,-11,-3,T4c,True,,,
720575940646864948,right,T4b,390,-6,-9,1,-10,T4b,True,,,
720575940646866996,left,T4a,329,0,24,12,12,T4a,True,,,
720575940646877236,right,T5d,423,3,-18,-12,-6,T5d,True,,,
720575940646883875,left,T4d,364,4,4,-2,6,T4d,True,,,
720575940646927924,right,T5b,189,6,13,0,13,T5b,True,,,
720575940646929187,left,T4d,413,-2,-7,-2,-5,T4d,True,,,
720575940646938403,left,T5c,173,2,-25,-15,-10,T5c,True,,,
720575940646942260,left,T4d,167,0,-17,-9,-8,T4d,True,,,
720575940646961284,right,T5a,597,4,1,-4,5,T5a,True,,,
720575940646966819,left,T4c,692,-4,24,16,8,T4c,True,,,
720575940646973828,left,T5c,193,-5,4,7,-3,T5c,True,,,
720575940646992163,left,T4c,708,-4,-25,-9,-16,T4c,True,,,
720575940646995508,right,T5c,379,3,-17,-12,-5,T5c,True,,,
720575940647015812,left,T5c,111,2,-24,-14,-10,T5c,True,,,
720575940647031940,right,T5d,112,-6,1,6,-5,T5d,True,,,
720575940647036804,right,T5b,683,2,6,1,5,T5b,True,,,
720575940647050531,left,T5d,12,-7,9,11,-2,T5d,True,,,
720575940647066932,right,T4a,489,-3,10,8,2,T4a,True,,,
720575940647085108,left,T5a,656,0,-11,-6,-5,T5a,True,,,
720575940647111300,right,T5c,646,6,17,2,15,T5c,True,,,
720575940647111476,left,T4a,716,4,-6,-7,1,T4a,True,,,
720575940647120163,right,T4b,575,6,9,-2,11,T4b,True,,,
720575940647120419,right,T4d,496,7,8,-3,11,T4d,True,,,
720575940647125812,left,T5a,312,4,-7,-8,1,T5a,True,,,
720575940647158819,left,T5a,305,-7,4,9,-5,T5a,True,,,
720575940647171204,right,T5c,742,-4,11,9,2,T5c,True,,,
720575940647192708,right,T4c,517,6,3,-5,8,T4c,True,,,
720575940647270276,right,T5a,360,-5,19,14,5,T5a,True,,,
720575940647285812,right,T4d,784,-4,29,18,11,T4d,True,,,
720575940647286068,right,T4d,41,-3,28,17,11,T4d,True,,,
720575940647289396,right,T5b,729,-3,29,17,12,T5b,True,,,
720575940647310132,left,T4d,708,-4,-25,-9,-16,T4d,True,,,
720575940647323444,left,T5b,188,-5,17,13,4,T5b,True,,,
720575940647362436,right,T4c,777,6,20,4,16,T4c,True,,,
720575940647384884,left,T4d,124,1,-7,-5,-2,T4d,True,,,
720575940647389236,left,T4c,202,-1,27,14,13,T4c,True,,,
720575940647405620,left,T4d,709,-2,-24,-10,-14,T4d,True,,,
720575940647416708,right,T5c,567,-2,22,13,9,T5c,True,,,
720575940647444276,left,T5b,629,4,24,8,16,T5b,True,,,
720575940647465860,left,T5c,538,-4,1,4,-3,T5c,True,,,
720575940647488820,left,T4c,778,7,-15,-15,0,T4c,True,,,
720575940647503748,right,T5a,354,-2,-26,-11,-15,T5a,True,,,
720575940647514676,right,T5d,166,0,18,9,9,T5d,True,,,
720575940647527044,left,T4b,350,1,15,6,9,T4b,True,,,
720575940647533188,left,T4b,725,-3,-24,-9,-15,T4b,True,,,
720575940647545988,left,T5d,531,1,0,-1,1,T5d,True,,,
720575940647584052,left,T4b,282,0,26,13,13,T4b,True,,,
720575940647596164,left,T5a,754,-1,-13,-6,-7,T5a,True,,,
720575940647610756,left,T5a,191,-1,-11,-5,-6,T5a,True,,,
720575940647690804,left,T5d,47,-9,-1,8,-9,T5d,True,,,
720575940647755908,left,T5d,260,-3,19,12,7,T5d,True,,,
720575940647756932,left,T5c,494,0,29,14,15,T5c,True,,,
720575940647770500,left,T5d,432,-5,7,8,-1,T5d,True,,,
720575940647793540,left,T5b,451,4,20,6,14,T5b,True,,,
720575940647797892,right,T4d,558,-4,-21,-7,-14,T4d,True,,,
720575940647817092,right,T5a,8,-4,26,17,9,T5a,True,,,
720575940647818116,right,T4b,8,-4,26,17,9,T4b,True,,,
720575940647822468,right,T5b,222,-3,26,16,10,T5b,True,,,
720575940647824004,right,T4d,645,-4,27,17,10,T4d,True,,,
720575940647825540,right,T4c,41,-3,28,17,11,T4c,True,,,
720575940647826052,right,T4b,584,4,23,7,16,T4b,True,,,
720575940647828356,right,T5b,376,-7,-10,2,-12,T5b,True,,,
720575940647828612,right,T5c,303,-5,22,16,6,T5c,True,,,
720575940647830404,right,T4a,584,4,23,7,16,T4a,True,,,
720575940647837572,right,T4d,166,0,18,9,9,T4d,True,,,
720575940647838852,right,T4b,307,5,-25,-18,-7,T4b,True,,,
720575940647839108,right,T4d,515,-8,-7,4,-11,T4d,True,,,
720575940647872900,left,T4d,200,-5,12,11,1,T4d,True,,,
720575940647917444,left,T5d,165,4,16,4,12,T5d,True,,,
720575940647922740,left,T4d,564,3,-23,-15,-8,T4d,True,,,
720575940647937588,left,T4d,158,3,-5,-6,1,T4d,True,,,
720575940647942964,left,T4c,355,-7,-6,4,-10,T4c,True,,,
720575940647943044,left,T4b,438,2,27,11,16,T4b,True,,,
720575940647959428,left,T4d,54,-4,3,5,-2,T4d,True,,,
720575940647971460,left,T5c,437,-3,12,9,3,T5c,True,,,
720575940648109956,right,T4a,106,-7,11,12,-1,T4a,True,,,
720575940648340868,left,T4d,343,-3,27,16,11,T4d,True,,,
720575940648408953,left,T5b,479,-2,10,7,3,T5b,True,,,
720575940648418937,left,T4b,167,0,-17,-9,-8,T4b,True,,,
720575940648454009,right,T4b,89,1,-19,-11,-8,T4b,True,,,
720575940648471929,left,T4c,112,-6,1,6,-5,T4c,True,,,
720575940648482937,right,T5a,439,-3,-9,-2,-7,T5a,True,,,
720575940648507257,left,T5a,351,-1,-17,-8,-9,T5a,True,,,
720575940648530553,left,T5b,630,4,8,0,8,T5b,True,,,
720575940648536441,left,T4c,758,5,-1,-6,5,T4c,True,,,
720575940648649860,right,T4c,687,-6,-3,4,-7,T4c,True,,,
720575940648698244,left,T5c,73,2,2,-1,3,T5c,True,,,
720575940649314169,right,T5b,384,-6,-2,5,-7,T5b,True,,,
720575940649316473,right,T5c,265,-6,-1,5,-6,T5c,True,,,
720575940649335929,right,T5b,45,-5,-1,4,-5,T5b,True,,,
720575940649349497,right,T5c,439,-3,-9,-2,-7,T5c,True,,,
720575940649361785,right,T5b,177,-2,-1,1,-2,T5b,True,,,
720575940649378681,right,T4b,321,8,4,-6,10,T4b,True,,,
720575940649420409,left,T5a,335,2,8,2,6,T5a,True,,,
720575940649446777,right,T5a,350,1,15,6,9,T5a,True,,,
720575940649531513,right,T4d,712,-7,12,13,-1,T4d,True,,,
720575940649571961,left,T5d,374,2,13,4,9,T5d,True,,,
720575940649627257,right,T4c,455,7,-7,-11,4,T4c,True,,,
720575940649629049,right,T5c,470,4,-9,-9,0,T5c,True,,,
720575940649653113,right,T4d,447,-1,2,2,0,T4d,True,,,
720575940649765497,left,T4d,109,4,-5,-7,2,T4d,True,,,
720575940649784697,left,T5a,725,-3,-24,-9,-15,T5a,True,,,
720575940649800825,right,T5a,514,-4,-10,-1,-9,T5a,True,,,
720575940649801081,right,T5b,636,0,6,3,3,T5b,True,,,
720575940649824633,left,T5a,138,0,27,13,14,T5a,True,,,
720575940649847161,left,T5b,436,0,-15,-8,-7,T5b,True,,,
720575940649851257,left,T4b,97,-5,2,6,-4,T4b,True,,,
720575940649861753,right,T5d,346,-7,-9,2,-11,T5d,True,,,
720575940649873273,left,T4a,257,2,21,8,13,T4a,True,,,
720575940649873529,left,T4c,696,-2,16,10,6,T4c,True,,,
720575940649880441,right,T4a,656,0,-11,-6,-5,T4a,True,,,
720575940649880953,left,T5d,35,1,-24,-13,-11,T5d,True,,,
720575940649882745,left,T4a,75,-6,14,13,1,T4a,True,,,
720575940649889657,left,T4b,290,5,-24,-17,-7,T4b,True,,,
720575940649890425,right,T4d,58,3,12,3,9,T4d,True,,,
720575940649970041,left,T4a,66,2,15,5,10,T4a,True,,,
720575940649980537,right,T4c,149,6,-14,-13,-1,T4c,True,,,
720575940649994361,right,T4a,445,-2,8,6,2,T4a,True,,,
720575940650129273,left,T4b,418,-2,15,9,6,T4b,True,,,
720575940650290809,left,T4c,90,-4,5,6,-1,T4c,True,,,
720575940650292089,left,T4b,296,1,-18,-10,-8,T4b,True,,,
720575940650369401,left,T4d,189,6,13,0,13,T4d,True,,,
720575940650438009,left,T4d,778,7,-15,-15,0,T4d,True,,,
720575940650489721,left,T5a,192,7,10,-2,12,T5a,True,,,
720575940650521209,right,T4b,93,-6,3,7,-4,T4b,True,,,
720575940650597497,left,T5c,303,-5,22,16,6,T5c,True,,,
720575940650674297,left,T4a,182,7,-10,-12,2,T4a,True,,,
720575940651160822,left,T4d,46,-5,15,12,3,T4d,True,,,
720575940651801590,right,T5d,385,-3,-18,-6,-12,T5d,True,,,
720575940652010998,right,T5c,238,-8,-3,6,-9,T5c,True,,,
720575940652131574,right,T5a,549,0,-9,-5,-4,T5a,True,,,
720575940652151798,right,T4d,341,6,-17,-15,-2,T4d,True,,,
720575940652191734,right,T5b,661,-3,14,10,4,T5b,True,,,
720575940652193014,right,T4b,75,-6,14,13,1,T4b,True,,,
720575940652196342,right,T5a,578,4,-11,-10,-1,T5a,True,,,
720575940652343030,right,T4d,113,-2,4,4,0,T4d,True,,,
720575940652355574,right,T4b,206,-3,5,5,0,T4b,True,,,
720575940652466934,left,T5a,618,-1,24,13,11,T5a,True,,,
720575940652482806,left,T5c,378,-3,18,12,6,T5c,True,,,
720575940652487670,left,T4c,391,4,-3,-6,3,T4c,True,,,
720575940652522998,left,T5c,37,1,5,1,4,T5c,True,,,
720575940652538358,left,T4a,452,1,-9,-6,-3,T4a,True,,,
720575940652542198,left,T5a,148,-7,-11,1,-12,T5a,True,,,
720575940652560118,left,T4b,598,2,-18,-11,-7,T4b,True,,,
720575940652560374,left,T4c,74,-1,-9,-4,-5,T4c,True,,,
720575940652594422,right,T4c,20,3,-11,-9,-2,T4c,True,,,
720575940652662006,left,T5b,17,1,-5,-4,-1,T5b,True,,,
720575940652673526,right,T4d,75,-6,14,13,1,T4d,True,,,
720575940652675574,left,T5d,423,3,-18,-12,-6,T5d,True,,,
720575940652792310,left,T4d,685,-5,-9,0,-9,T4d,True,,,
720575940652866038,left,T5d,463,5,17,3,14,T5d,True,,,
720575940652891894,left,T5d,181,1,-4,-3,-1,T5d,True,,,
720575940652922102,left,T5d,714,5,12,1,11,T5d,True,,,
720575940652927990,left,T4b,700,5,15,2,13,T4b,True,,,
720575940652940278,left,T5b,222,-3,26,16,10,T5b,True,,,
720575940652955126,left,T4a,365,4,7,-1,8,T4a,True,,,
720575940653051382,left,T4b,776,5,21,5,16,T4b,True,,,
720575940653057270,left,T5a,759,7,14,0,14,T5a,True,,,
720575940653142006,left,T4c,107,8,-2,-9,7,T4c,True,,,
720575940653241846,right,T5c,81,6,-2,-7,5,T5c,True,,,
720575940653493750,right,T4c,314,-9,5,11,-6,T4c,True,,,
720575940653554422,left,T4d,75,-6,14,13,1,T4d,True,,,
720575940653561078,left,T4c,61,-4,-4,2,-6,T4c,True,,,
720575940653561334,left,T4a,542,6,-13,-13,0,T4a,True,,,
720575940653566454,left,T5b,729,-3,29,17,12,T5b,True,,,
720575940653567478,left,T5a,22,-1,3,2,1,T5a,True,,,
720575940653593505,left,T4c,537,0,-23,-12,-11,T4c,True,,,
720575940653597430,left,T4c,27,0,-25,-13,-12,T4c,True,,,
720575940653602038,right,T5a,511,5,-11,-11,0,T5a,True,,,
720575940653609718,left,T4b,273,-6,23,17,6,T4b,True,,,
720575940653609974,left,T4d,391,4,-3,-6,3,T4d,True,,,
720575940653623542,left,T5c,324,3,24,9,15,T5c,True,,,
720575940653632417,left,T5c,237,-2,27,15,12,T5c,True,,,
720575940653680545,right,T5c,89,1,-19,-11,-8,T5c,True,,,
720575940653694881,right,T4c,401,-2,-19,-8,-11,T4c,True,,,
720575940654245793,right,T5a,263,-3,4,5,-1,T5a,True,,,
720575940654389921,right,T5b,275,-8,-1,7,-8,T5b,True,,,
720575940654390689,right,T5a,421,-1,12,7,5,T5a,True,,,
720575940654435489,right,T4a,88,7,4,-5,9,T4a,True,,,
720575940654504353,right,T4c,374,2,13,4,9,T4c,True,,,
720575940654512545,right,T5b,429,-2,14,9,5,T5b,True,,,
720575940654525601,left,T4a,180,2,-27,-16,-11,T4a,True,,,
720575940654576289,right,T5a,344,-2,-15,-6,-9,T5a,True,,,
720575940654577057,left,T5d,593,3,-14,-10,-4,T5d,True,,,
720575940654589601,left,T4b,485,-3,-3,1,-4,T4b,True,,,
720575940654590113,left,T5d,26,1,-3,-3,0,T5d,True,,,
720575940654668193,right,T5b,227,-7,5,9,-4,T5b,True,,,
720575940654677921,left,T4a,6,-2,-4,0,-4,T4a,True,,,
720575940654695841,right,T5a,466,1,14,6,8,T5a,True,,,
720575940654702753,right,T4d,586,2,18,7,11,T4d,True,,,
720575940654721441,left,T5c,285,6,-18,-15,-3,T5c,True,,,
720575940654782625,left,T5c,460,-3,-20,-7,-13,T5c,True,,,
720575940654864801,left,T5a,263,-3,4,5,-1,T5a,True,,,
720575940654876577,left,T4b,443,-6,4,8,-4,T4b,True,,,
720575940654883489,left,T4a,68,3,16,5,11,T4a,True,,,
720575940654893729,left,T5a,83,2,-21,-13,-8,T5a,True,,,
720575940654908577,left,T5b,379,3,-17,-12,-5,T5b,True,,,
720575940654910113,right,T5d,382,3,-6,-6,0,T5d,True,,,
720575940654915745,left,T4a,221,-7,3,8,-5,T4a,True,,,
720575940654921633,right,T4b,564,3,-23,-15,-8,T4b,True,,,
720575940654955937,right,T4a,617,-2,-17,-7,-10,T4a,True,,,
720575940654958753,right,T5d,53,5,14,2,12,T5d,True,,,
720575940655087777,left,T4b,152,3,-15,-11,-4,T4b,True,,,
720575940655100577,right,T5a,159,7,7,-4,11,T5a,True,,,
720575940655109025,left,T4c,167,0,-17,-9,-8,T4c,True,,,
720575940655109793,right,T4a,29,-1,-3,-1,-2,T4a,True,,,
720575940655168929,left,T5c,279,-4,8,8,0,T5c,True,,,
720575940655307681,left,T5d,394,-7,-8,3,-11,T5d,True,,,
720575940655389089,right,T5d,411,-5,-19,-5,-14,T5d,True,,,
720575940655633569,left,T4b,137,5,-7,-9,2,T4b,True,,,
720575940656049825,left,T4a,617,-2,-17,-7,-10,T4a,True,,,
720575940656127649,left,T4b,264,-1,-6,-2,-4,T4b,True,,,
720575940658428033,right,T4b,629,4,24,8,16,T4b,True,,,
720575940658822785,right,T4c,265,-6,-1,5,-6,T4c,True,,,
720575940658882945,right,T4d,66,2,15,5,10,T4d,True,,,
720575940658932097,right,T4a,349,-5,-14,-2,-12,T4a,True,,,
720575940659001473,right,T4b,434,-3,7,6,1,T4b,True,,,
720575940659518849,right,T4c,37,1,5,1,4,T4c,True,,,
720575940659801217,left,T5b,345,3,-12,-9,-3,T5b,True,,,
720575940659807361,right,T5b,67,-2,-13,-5,-8,T5b,True,,,
720575940659821697,right,T5c,99,4,15,3,12,T5c,True,,,
720575940659856001,right,T5c,642,-5,-11,-1,-10,T5c,True,,,
720575940659862401,left,T4d,715,4,10,1,9,T4d,True,,,
720575940659863937,right,T4d,11,7,-14,-14,0,T4d,True,,,
720575940659876481,left,T5a,594,7,-16,-15,-1,T5a,True,,,
720575940659893633,right,T5d,541,-4,14,11,3,T5d,True,,,
720575940659896449,right,T5c,552,4,-1,-5,4,T5c,True,,,
720575940659976065,right,T4c,444,4,-10,-9,-1,T4c,True,,,
720575940659978625,right,T4d,268,7,-6,-10,4,T4d,True,,,
720575940660034945,right,T5c,292,-4,18,13,5,T5c,True,,,
720575940660038017,left,T4a,104,-1,-27,-13,-14,T4a,True,,,
720575940660085121,right,T5a,570,2,25,10,15,T5a,True,,,
720575940660102273,right,T4c,719,1,27,12,15,T4c,True,,,
720575940660196993,left,T4a,151,-3,-14,-4,-10,T4a,True,,,
720575940660286337,right,T4d,272,3,-2,-4,2,T4d,True,,,
720575940660296833,left,T5b,499,5,10,0,10,T5b,True,,,
720575940660312449,right,T4c,44,5,-10,-10,0,T4c,True,,,
720575940660318849,left,T5a,129,0,-13,-7,-6,T5a,True,,,
720575940660329601,right,T5d,766,2,-4,-4,0,T5d,True,,,
720575940660346497,right,T4d,225,2,-26,-15,-11,T4d,True,,,
720575940660450689,left,T4a,763,-5,14,12,2,T4a,True,,,
720575940660454017,right,T4a,615,-7,-7,3,-10,T4a,True,,,
720575940660468353,left,T5c,309,-6,12,12,0,T5c,True,,,
720575940660506497,left,T5d,126,3,11,2,9,T5d,True,,,
720575940660514945,left,T4b,733,-5,-17,-4,-13,T4b,True,,,
720575940660515201,left,T4c,646,6,-24,-18,-6,T4c,True,,,
720575940660519041,left,T4c,322,2,26,11,15,T4c,True,,,
720575940660549505,left,T5d,576,0,28,14,14,T5d,True,,,
720575940660619649,left,T4c,620,7,1,-7,8,T4c,True,,,
720575940660626049,left,T4c,494,0,29,14,15,T4c,True,,,
720575940660736641,left,T4d,268,7,-6,-10,4,T4d,True,,,
720575940660737921,right,T5b,713,-6,16,14,2,T5b,True,,,
720575940660772993,right,T4a,523,2,14,5,9,T4a,True,,,
720575940660868481,right,T4a,639,-4,19,13,6,T4a,True,,,
720575940660958337,left,T4d,539,-6,15,13,2,T4d,True,,,
720575940661041537,right,T5d,582,-1,23,12,11,T5d,True,,,
720575940661224065,right,T4a,390,-6,-9,1,-10,T4a,True,,,
