level,family,arm,root_id,stimulus,seed,peak_model_rate,integral_model_rate_s,peak_time_after_onset_s,sensory_peak_sum,trace_path
L0,primary,intact,720575940623047629,expand,17,0.0005080927685787329,0.00024205777266373508,0.33000000000000007,0.785824455780196,traces/2a7e8ac2a8b675ae88d688fd5b93fd4d02aff9d6c31778748805a71397d9ce94.npz
L0,primary,intact,720575940623047629,recede,17,0.0016051647014277168,0.0020835572527195673,1.415,1.1647866883607065,traces/c87c775d66763ba46c12155f5875dd43e5016491e9262ee0faf5e21078e0a98c.npz
L0,primary,intact,720575940623047629,dim,17,0.0,0.0,0.0,0.0,traces/91f98c15c3c7b030f752c5aeb02b9c75f4a8c7c6d98626c8c261ea637a12d0ae.npz
L0,primary,intact,720575940623047629,translate,17,0.0009706708199508383,0.0005093522069030207,1.08,1.0419172747256367,traces/0cdc4b5b54e7d37d69a4abfe68f2fa534becbd99f7af33aaaffd10d95b8d2405.npz
L0,primary,intact,720575940623047629,grating_0,17,0.0009546294835092008,0.0009257974174525284,1.08,1.146174012634744,traces/75962dc34143596376d21adad941955506545ccaee999a24e2f0f54b0c042928.npz
L0,primary,intact,720575940623047629,grating_90,17,0.0019894818674833243,0.0031390508030259496,2.005,2.174963157516685,traces/191e691f8711d7bb57e78aa704508abbfa2d014cc92e5008dbdb639cec4a1a54.npz
L0,primary,intact,720575940623047629,grating_180,17,0.002906161835610825,0.003570966891406723,2.0300000000000002,1.541651323931052,traces/f2314538605ff69f21888e75d8bde2a5485b3670b4f9963e85d175b437917568.npz
L0,primary,intact,720575940623047629,grating_270,17,0.0009084132470928522,0.0009008040537493848,1.27,3.4461712592661806,traces/88afd78088602237d69d6878530465521cbec8640149f4adcbc59b45685aaaca.npz
L0,primary,intact,720575940623047629,approach_20,17,0.0006955919866657513,0.00017124845257910333,0.3849999999999998,2.0886491040106123,traces/cb8ad746b47970dc210ddfcbae6c67929348959fe440e1ac0abbfadb99491d69.npz
L0,primary,intact,720575940623047629,approach_40,17,0.0005195941585159011,0.00021268276270884195,0.7149999999999999,2.3340528179017084,traces/cabf35c126e9039f40e664bedf6fc1957904d78f5cc593694e440db90cca9809.npz
L0,primary,intact,720575940623047629,approach_80,17,0.00043743474489797165,0.0002385906170995069,1.005,2.405441161880333,traces/a87590089d5c60a07b14abc6a6638cdc51e22b1a11a287fe069ea4bffc179e1a.npz
L0,primary,intact,720575940623047629,bright,17,0.00028921541003490154,0.00012032643857777087,0.6099999999999999,0.7702551296753936,traces/565a41912f34fb7815cf5b4a0ba8368e9d815783d52be6638478426ffbcf4b33.npz
L0,primary,intact,720575940623047629,small,17,0.0005080927685787329,0.00024252033688247927,0.33000000000000007,0.5931036124414136,traces/ce109c0a4e7bf3574032c10d0aeed690240df73e104d26c73369314e856adfe5.npz
L0,primary,intact,720575940623047629,offset,17,0.00023639193382890496,0.00016727817728939996,2.2800000000000002,0.5878025681210105,traces/7c4df13e625a7f960af45e479fbd7c19c60c30d5ffc5238e9e705b91770b53ba.npz
L0,primary,intact,720575940623047629,shuffle_time,17,0.003634544025147394,0.008218455704731583,2.13,3.479030742022828,traces/f166289e0b2afff66174370a79f5c8d2667d550cd85f1e44432caad4ff0cbbcb.npz
L0,primary,intact,720575940623047629,blank,17,0.0,0.0,0.0,0.0,traces/5d746e5e8cd39958a308822ee87a61b1482d3d4729d53e141713facb581347e9.npz
L0,sensitivity,spacing3,720575940623047629,expand,17,0.00046998730284092443,0.00017392065197898335,0.16999999999999993,1.0740029753462217,traces/3b1760f52470f89be4dcefb04e0fb902ce056e8313ac9fe0cadbcae6431824f8.npz
L0,sensitivity,spacing3,720575940623047629,recede,17,0.002102656114306991,0.0021436914181520894,2.075,1.7107601043930445,traces/a6173bf4354049de46c7afd7079f6f687b3e8079916345c90dfbd5475ccc0cb7.npz
L0,sensitivity,spacing3,720575940623047629,dim,17,0.0,0.0,0.0,0.0,traces/ef8e112d5bb710fdecc1c55efee59e72979923badaeb6efb801b1ff4991c4d74.npz
L0,sensitivity,spacing3,720575940623047629,grating_0,17,0.0008325945399083229,0.0009854324725473245,1.705,0.9414483759985038,traces/0952a0de4602b55aa8c2923fc944349aead54f3733bd222df95da8b8d23087b0.npz
L0,sensitivity,spacing3,720575940623047629,grating_90,17,0.002256813277385097,0.0031769247405563474,1.6949999999999998,2.447985111715938,traces/f04dd5ef366b5c6f8bfea567aa09c75a5e9a1e4a80a6fd80b9e006e0db82e378.npz
L0,sensitivity,spacing3,720575940623047629,grating_180,17,0.0025982083955566684,0.003693012840594208,1.915,1.8365252394646627,traces/5b5617435659228165aaf8fb8efb93abd380d46e6d81cf36dda1c6ad1b4e6945.npz
L0,sensitivity,spacing3,720575940623047629,grating_270,17,0.0011081892772999424,0.0013606628073141334,1.3900000000000001,4.6338655271868445,traces/61cf1d0c52753044d8ecef12e391cc7df33fa6ae75bb8cbba9602889228ab3eb.npz
L0,sensitivity,spacing7,720575940623047629,expand,17,0.0004701143843883433,0.00025748157418453027,0.5350000000000001,0.4954035318442215,traces/a158f28d2e062bb817c7ec5d9d59e344833bbc7d06fe1119e4f6f5dafac83b2b.npz
L0,sensitivity,spacing7,720575940623047629,recede,17,0.0013677209173627125,0.0014715268874013726,0.7349999999999999,0.8005333790191338,traces/827ccf100c51f8ce53ed60d502aab36c0925f684e2997d6c21dd6b561127512d.npz
L0,sensitivity,spacing7,720575940623047629,dim,17,0.0,0.0,0.0,0.0,traces/6235657798038dcff3346615eaf1b151cbea483a113beb7111092a3c74869899.npz
L0,sensitivity,spacing7,720575940623047629,grating_0,17,0.00040016998041379016,0.00031464864338790117,1.1949999999999998,0.8328716944320376,traces/cf3c82667bfb619635cc46ef9d4d2209b0cfccd4ec6a8715aa6f4197c7edd62a.npz
L0,sensitivity,spacing7,720575940623047629,grating_90,17,0.0017350428499144726,0.0024082789639658896,1.21,1.3437597000689956,traces/5a35d88bc5144c31284b904e878b89a83c79dce052c91d5487c35de77e801823.npz
L0,sensitivity,spacing7,720575940623047629,grating_180,17,0.002145152348001571,0.0030766429592947353,1.2000000000000002,0.9418260790440065,traces/7c36213416e040806f5e36fbcc93f1a58febd485ea6b10fd2c5b7db30bee1c01.npz
L0,sensitivity,spacing7,720575940623047629,grating_270,17,0.000498901685074177,0.00036108167861094106,1.2349999999999999,1.5865504919609106,traces/9ec58a023b865bedcfb8fa89c057e48a58d4b1e9f91a32b24c427fd86f21f4e9.npz
L0,sensitivity,mirror,720575940623047629,expand,17,0.0007081238564389995,0.0008506188012001916,0.5299999999999998,1.161078108909137,traces/6b692f8507cd2ac0fd0f18aa15d269ba7c0f8e9998fd1f234da1e379f999d8cd.npz
L0,sensitivity,mirror,720575940623047629,recede,17,0.001217215691360336,0.0014072328050959205,2.2649999999999997,0.8390119929415987,traces/51076a5895d25358e9f7b66b6a5f4c3e7ccf6122d2bc477e1ed47c1c5f64c3a9.npz
L0,sensitivity,mirror,720575940623047629,dim,17,0.0,0.0,0.0,0.0,traces/367983f9d49c3416e65dd0bf9ff0026c63fc40894f02e401f57e4571b08778a2.npz
L0,sensitivity,mirror,720575940623047629,grating_0,17,0.001013886271715743,0.000925779920062561,1.1149999999999998,1.0893058885095082,traces/2a5b3e3c2a5d07c3040d3e04fc1006b55664d30502b4056d08278fb4ea1036b0.npz
L0,sensitivity,mirror,720575940623047629,grating_90,17,0.0019894818674833243,0.0031390508030259496,2.005,2.174963157516685,traces/d490bed51778bc4d08ecdc1c44b04426b9fe58ddc334eb2b50b82fa16af7c2cd.npz
L0,sensitivity,mirror,720575940623047629,grating_180,17,0.0029797732301712104,0.00357118621912558,1.1549999999999998,1.6369455076018864,traces/f647efe6569924dfa55d85f2f4ebcf123047b35c56f7b9f4cafc77318bb01fa3.npz
L0,sensitivity,mirror,720575940623047629,grating_270,17,0.0009084132470928522,0.0009008040537493848,1.27,3.4461712592661806,traces/ac74815a7d13fed16fd9824cc22bdfd6d1b18633217c61590c9640131d56e5c1.npz
L0,sensitivity,axes_minus45,720575940623047629,expand,17,0.0005992118057877166,0.0003167478276552335,0.6200000000000001,0.7800147602408403,traces/a363e601c35e44807b37af525abf0e34fb7a2bc81d4f14beb25bc8464537d637.npz
L0,sensitivity,axes_minus45,720575940623047629,recede,17,0.0014383426073831644,0.0019176673361210306,1.0499999999999998,1.191504697832391,traces/559e7c1cd6674f611af7c7046117758ea9920c4d3487bb5019820d39703bd930.npz
L0,sensitivity,axes_minus45,720575940623047629,dim,17,0.0,0.0,0.0,0.0,traces/7b8cd2362eab303e07fc35d24f07c6310cda68f4101ce19b7187215f92c3e258.npz
L0,sensitivity,axes_minus45,720575940623047629,grating_0,17,0.002845937677778543,0.003995848883309269,1.085,2.82123230696966,traces/7c2001d3752c84d26e2d9bb291763c7480fee18c13c3c2d79e64d6bd8658b84a.npz
L0,sensitivity,axes_minus45,720575940623047629,grating_90,17,0.003872630394145781,0.006616145953198597,2.0199999999999996,3.0272550036780803,traces/3fce07c45c4b2e80d202dffed4abafcab64290ce341ab5699328f7e3cde06acb.npz
L0,sensitivity,axes_minus45,720575940623047629,grating_180,17,0.003203474593388296,0.004384385617256795,1.29,4.390885441238554,traces/5665e1ca9668bb6794feb8b853bbc46bb2e88dc3e2d91cf282d9609834ab58b5.npz
L0,sensitivity,axes_minus45,720575940623047629,grating_270,17,0.001419156034436948,0.0017761381147635635,0.31999999999999984,3.4639307236293644,traces/5733f952c3f13974712083904f3603025cc6dfb625f682c5c687c607fa856b9d.npz
L0,sensitivity,axes_plus45,720575940623047629,expand,17,0.0007103707727604438,0.000260519102691331,0.5749999999999997,0.8954593193486173,traces/5ee59f12cc8da357d11c6f2a0f3a515c09d45035ca7fe871fd3ba04e33b08980.npz
L0,sensitivity,axes_plus45,720575940623047629,recede,17,0.0014654148143742273,0.0020099901199766533,1.0299999999999998,1.1727759570046405,traces/4852e5696b7e9bacbf0406a1662e522e1f92ac7ac17b8436564f70a46cc53001.npz
L0,sensitivity,axes_plus45,720575940623047629,dim,17,0.0,0.0,0.0,0.0,traces/10c9189b25bdc1c6fa5c10f9c7d44446dc845c7b293734191abe5caf1978db27.npz
L0,sensitivity,axes_plus45,720575940623047629,grating_0,17,0.0015934446168571967,0.0017739258158152478,1.0,3.850268965632784,traces/8685ff3a7242288dc7321e8950c6d0da598465cb86ba6d254330cbe0663e0324.npz
L0,sensitivity,axes_plus45,720575940623047629,grating_90,17,0.0024442867719426534,0.004002533986806456,0.9499999999999997,2.5516526485563555,traces/069edd93cd2b81a38db704ad0b7070bb8b3ddf0d4232dca072861338d8c1875c.npz
L0,sensitivity,axes_plus45,720575940623047629,grating_180,17,0.004568147233281011,0.0066070013614693696,1.0699999999999998,3.1626136415726487,traces/a56f3d0673e69d6b181d4424d72e9568c1f3910e4555b5a51e5861cd63fe1b9b.npz
L0,sensitivity,axes_plus45,720575940623047629,grating_270,17,0.002845322697797407,0.004389424706867951,1.4049999999999998,4.100452744299011,traces/8052b36936ad06ec97e36e232fc3802303214c9abbd9f56b488a1b3d545fb639.npz
L0,sensitivity,tau20ms,720575940623047629,expand,17,0.0004795619641825671,0.00011098145679537786,0.28500000000000014,0.4417463668293167,traces/22838ddb35295743a302913971e53d36e221fd816dbb966a4274b3541bf31cc5.npz
L0,sensitivity,tau20ms,720575940623047629,recede,17,0.0010982032565798217,0.0008391184268253678,1.355,0.6686062359022649,traces/c81dc688013baed362acc6b370e867d8e2d59800c2529de1acd354ec715af779.npz
L0,sensitivity,tau20ms,720575940623047629,dim,17,0.0,0.0,0.0,0.0,traces/1cb192ff24e6f78e8659426f7363adbab8330423389c311b2663af0739d5ff44.npz
L0,sensitivity,tau20ms,720575940623047629,grating_0,17,0.000824647801886035,0.00036958870886867905,1.255,0.8210108834773059,traces/cb7b0e9178fe719f12663bfb03d0d8aae39614ddaeebef278db30c87f80252e6.npz
L0,sensitivity,tau20ms,720575940623047629,grating_90,17,0.001684243638776876,0.0012633700809762658,1.2199999999999998,1.9088255416968405,traces/95a6df38b28d621e3e1cfe3c2e0af226f626eb15e5a85806995e5f7fdb813fde.npz
L0,sensitivity,tau20ms,720575940623047629,grating_180,17,0.0024007363658301614,0.0014373706922330971,0.9849999999999999,1.1325238004440665,traces/592561fedd5187c0c6b320a87727ab8c9cdb47bc7d40e5d4a8b6bc96fe2a6c23.npz
L0,sensitivity,tau20ms,720575940623047629,grating_270,17,0.0007648693244305157,0.0003732059322387975,0.22999999999999998,2.9709315441205093,traces/6d6146709114b3a794bb3b01c4bf2e40bd14fb10e196344ceaa8906b7b5442a3.npz
L0,sensitivity,tau100ms,720575940623047629,expand,17,0.0005460971192078788,0.00039657962186368244,0.4249999999999998,1.1652852696331724,traces/229e26b18969706b7f2918eb204fa2c0138dda098fdf49b2aaaaf84f993a4489.npz
L0,sensitivity,tau100ms,720575940623047629,recede,17,0.002307712073406479,0.004062266869672334,1.4699999999999998,1.9703334071967968,traces/3bb56354397a2981092a37f9021429d9c7ef045692f70f514ce4df4ce9c9981b.npz
L0,sensitivity,tau100ms,720575940623047629,dim,17,0.0,0.0,0.0,0.0,traces/2705925e5cbcfd15c07d4c132dc2dde122d42db009b1547d16e59297c21e25b2.npz
L0,sensitivity,tau100ms,720575940623047629,grating_0,17,0.001364809813788428,0.0018658430685778308,1.3449999999999998,1.6138244835695243,traces/b29c97714b351f2a67c5cf89b14953e4f5e80e77ea0019bdc9b045a738f5e591.npz
L0,sensitivity,tau100ms,720575940623047629,grating_90,17,0.0031333448662911392,0.005680502394976765,2.0300000000000002,3.259672824926012,traces/3e1c98d8c8fd30c91180e1009d2379ba48e3e9962c5dfc87c714889cfcecca98.npz
L0,sensitivity,tau100ms,720575940623047629,grating_180,17,0.0038599035547327585,0.0064311521700168295,1.12,2.4356114997137714,traces/b85cd306dadb65ce80f1499b927a2e57a53f600e0dbb944cf745da878aedbb6d.npz
L0,sensitivity,tau100ms,720575940623047629,grating_270,17,0.0013933689618044606,0.001790301281900757,1.4049999999999998,5.003274516153901,traces/91f570f7fecb06c18dea1d8a39497e92df03ce05b49d0c180d6d5ae4ebb6d25a.npz
L0,sensitivity,gain_half,720575940623047629,expand,17,0.0002569800404203141,0.00012880780270245473,0.33000000000000007,0.785824455780196,traces/abfa3b7675443ecd06948bbca96e271bb35dfc1c057cf9a19112b761f75f4949.npz
L0,sensitivity,gain_half,720575940623047629,recede,17,0.0008062675376819818,0.0010500023309667407,1.415,1.1647866883607065,traces/ebf0aed71dd00dce650d04039892e535d03e4ad2b9d99f69bef0f6419dbd5333.npz
L0,sensitivity,gain_half,720575940623047629,dim,17,0.0,0.0,0.0,0.0,traces/312cca0d6b0d6258bac40179955c4965a65d65d64f31d910a11d03b4e6731f7c.npz
L0,sensitivity,gain_half,720575940623047629,grating_0,17,0.0004773274223852126,0.0004629118942620668,1.08,1.146174012634744,traces/87b0d4f1abfeba4a61dbd385b12fe579dd193a1e6457cd5d1c7162eb839e5a73.npz
L0,sensitivity,gain_half,720575940623047629,grating_90,17,0.0009975550397497222,0.001575853134824125,2.005,2.174963157516685,traces/13794e11add60cdf99028f965d6a0199bba08a763390fd37e6ef0ddcc7c2e3a9.npz
L0,sensitivity,gain_half,720575940623047629,grating_180,17,0.001453080953396504,0.0017854834797247955,2.0300000000000002,1.541651323931052,traces/f0bc70fbe9e5356db28de4797e572d1b96fd04b1bd7edc7bb4490c716a0a0f1b.npz
L0,sensitivity,gain_half,720575940623047629,grating_270,17,0.000522004093801109,0.0005678229923482398,1.27,3.4461712592661806,traces/79f0ca39deced903857a9ee7c1c5aef1306e5024bdb7f2b3ef12cd86df171930.npz
L0,sensitivity,gain_double,720575940623047629,expand,17,0.0009927162881098847,0.00042819435829572427,0.33000000000000007,0.785824455780196,traces/67f7dc13a2e9dda5f5021255fc819085b3afd031a1e4ad967fbc6f73b56bfb25.npz
L0,sensitivity,gain_double,720575940623047629,recede,17,0.003180847907110446,0.004101324868583479,1.415,1.1647866883607065,traces/944b2334ee896619f61955c0dabc15df5d816e2f41c00d23a2bf639e5d879b81.npz
L0,sensitivity,gain_double,720575940623047629,dim,17,0.0,0.0,0.0,0.0,traces/4208baa2a8d1f71d75f9477d629c4e7bcf08277b98e62e615480763e70ae810f.npz
L0,sensitivity,gain_double,720575940623047629,grating_0,17,0.0019091575219735047,0.0018514893506186366,1.08,1.146174012634744,traces/002bf0efed4d29899203e54ea6d81fd1df7d5b9d55eff230ac2196ac3c97f991.npz
L0,sensitivity,gain_double,720575940623047629,grating_90,17,0.003956450921907054,0.006227479739562695,1.005,2.174963157516685,traces/3e89c6fc381ef336c96129d6049914da96ceac88c116e61c2d8838fd8571b5ec.npz
L0,sensitivity,gain_double,720575940623047629,grating_180,17,0.005812323386492918,0.0071419335106419745,2.0300000000000002,1.541651323931052,traces/49c8a24c704c74cdc314147efd75c53438fd7ad319a0760aab719caaa962f70b.npz
L0,sensitivity,gain_double,720575940623047629,grating_270,17,0.001376243024962462,0.0009843751259144325,0.2650000000000001,3.4461712592661806,traces/76f67e514802dc408a7779f29615b0da51e541af019c5d72efa0d16d660ba52e.npz
L0,sensitivity,lpi_zero,720575940623047629,expand,17,0.0005198273931025235,0.00027537987007735816,0.33000000000000007,0.785824455780196,traces/d1beb67d1b5a9b5b0e8874886611887cc6b622f3fd0814d0b7efd690c878076b.npz
L0,sensitivity,lpi_zero,720575940623047629,recede,17,0.001619905449300211,0.0021164520711473957,1.415,1.1647866883607065,traces/0338a7f06bcf7abd87761f72d127b5e6cee66caaa89580f79806ad16dc38493e.npz
L0,sensitivity,lpi_zero,720575940623047629,dim,17,0.0,0.0,0.0,0.0,traces/a184328223d7143f37333a173221953ed3ca96e669e18105258cf670874fe962.npz
L0,sensitivity,lpi_zero,720575940623047629,grating_0,17,0.0009546802060316494,0.0009258501595957385,1.08,1.146174012634744,traces/678723111e30821ee4ed6a391ba21bda1dbefc00afaef9ac32109aef35048ac8.npz
L0,sensitivity,lpi_zero,720575940623047629,grating_90,17,0.0020007382915155645,0.0031643617362705507,2.005,2.174963157516685,traces/6de8d95910c807a5fd4ab1bd7da71d8febc44e5572fb3132b434daa6d2f0290a.npz
L0,sensitivity,lpi_zero,720575940623047629,grating_180,17,0.0029061619779751904,0.003570967027492459,2.0300000000000002,1.541651323931052,traces/0ba1f0b341677a3d8ac1176ed155cbf755e17c3af7fe7e1d4ac78378c79078c7.npz
L0,sensitivity,lpi_zero,720575940623047629,grating_270,17,0.0011796094168924744,0.0013839275535041295,1.27,3.4461712592661806,traces/965ea0caf19ba0fd2210beada7c0626adf04f4e485fcb2c651311057bb277aa1.npz
L0,sensitivity,lpi_half,720575940623047629,expand,17,0.0005139600808406282,0.00025761560540490946,0.33000000000000007,0.785824455780196,traces/a1c7e1f816428850239d2e83b8fa2c96cca9b3194f2777a6c0ab3405cedbf3ba.npz
L0,sensitivity,lpi_half,720575940623047629,recede,17,0.0016125350753639636,0.0021000046619334815,1.415,1.1647866883607065,traces/96a6e0803b08f67486d3b8b871e395cb936d12c131cb12b24a4f5c953d3ad392.npz
L0,sensitivity,lpi_half,720575940623047629,dim,17,0.0,0.0,0.0,0.0,traces/e0d1dd9c997e394ec4d32b6617460a9d0a5e12fb4002eca2a969249d2c50f174.npz
L0,sensitivity,lpi_half,720575940623047629,grating_0,17,0.0009546548447704251,0.0009258237885241336,1.08,1.146174012634744,traces/1d3572784b2c26e30d9d87b03273af922060dbbf7b24789654a83111d2310188.npz
L0,sensitivity,lpi_half,720575940623047629,grating_90,17,0.0019951100794994444,0.00315170626964825,2.005,2.174963157516685,traces/185ca5ccbac0446c5fef5d6e491685eed73429d9a60db11c2e38d2f69cd230fc.npz
L0,sensitivity,lpi_half,720575940623047629,grating_180,17,0.002906161906793008,0.003570966959449591,2.0300000000000002,1.541651323931052,traces/9f589922a585cdb5cf3fef96f49f140e901f5de9e0c1a318466f4328eef8ad87.npz
L0,sensitivity,lpi_half,720575940623047629,grating_270,17,0.001044008187602218,0.0011356459846964795,1.27,3.4461712592661806,traces/af5180640afef501c032cefcdcc1b8d6e8a96b0277fd634f3c33b9a632b0ad82.npz
L0,sensitivity,lpi_double,720575940623047629,expand,17,0.0004963581440549424,0.00021409717914786213,0.33000000000000007,0.785824455780196,traces/c6972f7e6dd4c7c4bd7bb81b9c75ca6b2aac81dee0c34200063abaad5a561e39.npz
L0,sensitivity,lpi_double,720575940623047629,recede,17,0.001590423953555223,0.0020506624342917397,1.415,1.1647866883607065,traces/a3c186c91f0d8a55a7224e9807a7b252529cca95c2193f7ee20de4c4463e9df0.npz
L0,sensitivity,lpi_double,720575940623047629,dim,17,0.0,0.0,0.0,0.0,traces/e1a13530377565e88194c3779b70810d342a70a64efd0ec9daaa5eacbd86861d.npz
L0,sensitivity,lpi_double,720575940623047629,grating_0,17,0.0009545787609867523,0.0009257446753093183,1.08,1.146174012634744,traces/ab96b0cad6b67ac3588b96a146da10ab0f1c6636036fdb2a78aec91d33e99266.npz
L0,sensitivity,lpi_double,720575940623047629,grating_90,17,0.001978225460953527,0.0031137398697813476,1.005,2.174963157516685,traces/cb7baacde68038576461afb761c312aa0bb2e9cbb5c67b8669fde044d7932481.npz
L0,sensitivity,lpi_double,720575940623047629,grating_180,17,0.002906161693246459,0.0035709667553209873,2.0300000000000002,1.541651323931052,traces/f4cf31832306eecaf2b9c984b78856d13c5ee16302e782d8e82f841fb021efc4.npz
L0,sensitivity,lpi_double,720575940623047629,grating_270,17,0.000688121512481231,0.0004921875629572163,0.2650000000000001,3.4461712592661806,traces/ee2ee8bcc183d5c6e3f759618a3687e7d8330f905bdfdfe3476da00c46949791.npz
L0,sensitivity,dt_half,720575940623047629,expand,17,0.0004976547910568057,0.00024096129886218425,0.3275000000000001,0.7831910773488197,traces/4d83480636c0112c24c73372fb8699028c1c080bcf15a8a8116e6ecec9d3ed22.npz
L0,sensitivity,dt_half,720575940623047629,recede,17,0.0015831263075616639,0.002082519993281378,1.415,1.1557780755528968,traces/5776aef69ab50bbf5c39155974b11cbef7d894d878b4f51c822b97debad5b747.npz
L0,sensitivity,dt_half,720575940623047629,dim,17,0.0,0.0,0.0,0.0,traces/24aa71ae7d53d3f4cdbe650058981edb80722df532c64b49fac2e1e1b3d89d6d.npz
L0,sensitivity,dt_half,720575940623047629,grating_0,17,0.0009395646672842122,0.0009260500013319388,1.2999999999999998,1.1396469762551138,traces/66492721e5c612b90ca3be5a4ee72e1d1fe113d2350612ce380b23222a0b5913.npz
L0,sensitivity,dt_half,720575940623047629,grating_90,17,0.0019725113209368506,0.003136141108474582,2.005000000000001,2.1427365842863333,traces/ee69d08f80be1bbcf1144177276f216297bf211099d5d2da2b7be893fbcc7dc1.npz
L0,sensitivity,dt_half,720575940623047629,grating_180,17,0.002865788056210099,0.0035675785848387643,2.0300000000000002,1.5442675859147166,traces/98ccd341494ace35fc56a5b6b95b739cf002b8e7847af7b8c96eb8f919a793cf.npz
L0,sensitivity,dt_half,720575940623047629,grating_270,17,0.0008966256259306004,0.0008996614344425424,1.2675,3.398257995089179,traces/38197a4b01dad3c7ef53f91ab2ac2cde3c396a203b0a8047f077861baa5fa402.npz
L0,sensitivity,retained_norm,720575940623047629,expand,17,0.0012483178209078372,0.0005543416852230587,0.33000000000000007,0.785824455780196,traces/41201585cbed64dbbc018e2b2b934c72d311992571a95125dda5dcb913cc5a89.npz
L0,sensitivity,retained_norm,720575940623047629,recede,17,0.00398430007488441,0.00514822226047041,1.415,1.1647866883607065,traces/3037cc02ea05e1ad3679abcc55c4c38ef220dd8fcc518c990927395193e9099a.npz
L0,sensitivity,retained_norm,720575940623047629,dim,17,0.0,0.0,0.0,0.0,traces/70c92da5901e55666d4f25120d1e8b1f79b6f198193db0f47a23fca101db79b2.npz
L0,sensitivity,retained_norm,720575940623047629,grating_0,17,0.0023840453481941692,0.0023120359024652428,1.08,1.146174012634744,traces/896e358cc84167bf1ddfe4941b2e761b4f5218e62b48f8ba6c71a63311889adf.npz
L0,sensitivity,retained_norm,720575940623047629,grating_90,17,0.0049493451067486125,0.007796613282686926,1.005,2.174963157516685,traces/b0e01443b4cfe601405217c0d002aefb74741be7ce2b5722df18155b34433408.npz
L0,sensitivity,retained_norm,720575940623047629,grating_180,17,0.0072579526658108975,0.008918260686928522,2.0300000000000002,1.541651323931052,traces/11491d3b5a447b7b38c0d1f744484d71be2a662a0a690c051b4fdb839af37365.npz
L0,sensitivity,retained_norm,720575940623047629,grating_270,17,0.0018804228301686932,0.0015075310488506745,0.2650000000000001,3.4461712592661806,traces/cd8839bba66b5a77b7859dac56edf18f993afa785b4b142e4ed1454c62f065f0.npz
L0,intervention,route_remove,720575940623047629,expand,17,0.0,0.0,0.0,0.785824455780196,traces/8a3cda351c5b276dfb3990e35c7dbed50f52dbb2a28f2ff1a4c43975f0c9cb62.npz
L0,intervention,route_remove,720575940623047629,recede,17,0.0,0.0,0.0,1.1647866883607065,traces/fbf2344e7fae6b7ee0bae7a1cef781b6697882398b8632876dd173204acaeeab.npz
L0,intervention,route_remove,720575940623047629,grating_0,17,0.0,0.0,0.0,1.146174012634744,traces/182cb41926ab02d974ef6d3e071b340447bde13a2b54d502754f963336116e58.npz
L0,intervention,matched_route,720575940623047629,expand,17,0.0005192791505413449,0.0002739170793739835,0.33000000000000007,0.785824455780196,traces/5faeb8b16ce92ba65c5d6ccbdbc04f323ee40b4c950081630510790a82b68f4f.npz
L0,intervention,matched_route,720575940623047629,recede,17,0.0016144312765264408,0.002107297353745434,1.415,1.1647866883607065,traces/093b5dd45458b5584e88d3ec694085fb3044dfe96dbbdd527a6669394e73a13c.npz
L0,intervention,matched_route,720575940623047629,grating_0,17,0.0009546294835092008,0.0009257974174525284,1.08,1.146174012634744,traces/6392b47539637b08962bb8776cc694451eb3a1c0a64133f5b2378b3a38c5977d.npz
L0,intervention,lpi_remove,720575940623047629,expand,17,0.0005198273931025235,0.00027537987007735816,0.33000000000000007,0.785824455780196,traces/ec82d21ba25413ef5d3b93c7afec97201f0209e643683af3b5d0ba75cc994398.npz
L0,intervention,lpi_remove,720575940623047629,recede,17,0.001619905449300211,0.0021164520711473957,1.415,1.1647866883607065,traces/b10602832cf481b252120907cccfc805d637455019cf485c98135f096bbd0d90.npz
L0,intervention,lpi_remove,720575940623047629,grating_0,17,0.0009546802060316494,0.0009258501595957385,1.08,1.146174012634744,traces/7bd66b7639abf3a2300f90b1f7a59fed68a42308810a3379ffc35410d7b2044f.npz
L0,intervention,output_silence,720575940623047629,expand,17,0.0,0.0,0.0,0.785824455780196,traces/93686e976cd9b016526869ca7c7c906f2ef413aa9f7eb8e8b5a55ace2a1b655e.npz
L0,intervention,output_silence,720575940623047629,recede,17,0.0,0.0,0.0,1.1647866883607065,traces/7daf4611b3e426c45494c75c9ed4d32a0812a1a8ce5d198c02c771dedcdffa96.npz
L0,intervention,output_silence,720575940623047629,grating_0,17,0.0,0.0,0.0,1.146174012634744,traces/575bd02f86bc48bdf82b49a5f7f8ca696b8a3609df850969fedf3bf4c1f5b7cf.npz
L0,intervention,shuffle_space,720575940623047629,expand,17,0.0007405726363163504,0.0003654082886227195,0.75,0.785824455780196,traces/5fcb7f2f254b6aad71a199bcddf7d56b0f7912b13c93af89bea38c0e170588b5.npz
L0,intervention,shuffle_space,720575940623047629,expand,29,0.0008253201357895864,0.0004555081216390376,0.835,0.785824455780196,traces/1d87d0dfd038b07afe4e24078e08205e4d714a3845532ff45b4cf4c4e44397f2.npz
L0,intervention,shuffle_space,720575940623047629,expand,43,0.0009369074752610751,0.0004639666915525948,0.46499999999999986,0.785824455780196,traces/752d0d6cacd26f8941dda51a0be2d0d212f970a0833b36994116cf2fee2b4f11.npz
L0,intervention,shuffle_space,720575940623047629,recede,17,0.001747733532975347,0.0017805687825751264,1.71,1.1647866883607065,traces/b31e132bd7eea7b3253ef6cb18eb9273598814347e7bdfbb99e6cca02798fa9d.npz
L0,intervention,shuffle_space,720575940623047629,recede,29,0.001326442757686844,0.0015516739777748597,1.25,1.1647866883607065,traces/0a27f6872dfc28af28ce314facc0a4301559bb730224f3fcbe0bf459c93bac26.npz
L0,intervention,shuffle_space,720575940623047629,recede,43,0.0014919047197946619,0.0015823459675478988,1.375,1.1647866883607065,traces/f9f6a7ae9d83449a366a4e8150c08aed7e8bac42d9973d06ca2190d0699ce357.npz
L0,intervention,shuffle_space,720575940623047629,grating_0,17,0.0007232048584634293,0.0010260170921117498,1.1099999999999999,1.146174012634744,traces/7f327d784ad4caff2b6dd926afc6b887768883b231ac8467496cbaf27a52e8b9.npz
L0,intervention,shuffle_space,720575940623047629,grating_0,29,0.0008356306431347347,0.0010251253514669764,1.835,1.146174012634744,traces/9a98dd8e34bf52fa074b73bb4684854eeda6cda9303ff1588253c6cc3722cb11.npz
L0,intervention,shuffle_space,720575940623047629,grating_0,43,0.0009698362371637869,0.0010266100402013365,1.125,1.146174012634744,traces/cc44ad770df11ed6e79089e00b9edf018cb4e2a910c8e58cd3e4946fd4035602.npz
L0,intervention,sensory_lesion,720575940623047629,expand,17,0.0005086410111399115,0.00024227107771819677,0.33000000000000007,0.785824455780196,traces/05acfe7fbbd86cc87c35644b1ba621b5c07f187bb6e77c6e7f2d67b28ce2f549.npz
L0,intervention,sensory_lesion,720575940623047629,recede,17,0.001479832318869363,0.0017635854684196742,0.9699999999999998,1.1647866883607065,traces/d54e3d73d4e0a46ac8bc905a2d47afbd896b45778706b43a68d33810c152e28f.npz
L0,intervention,sensory_lesion,720575940623047629,grating_0,17,0.0009546294835092008,0.0009257974174525284,1.08,1.146174012634744,traces/08ffad1a83b4391eb5b77b22b5153ebbbe6cf38e6caf4260776a3c3b367784fb.npz
L0,intervention,matched_sensory,720575940623047629,expand,17,0.0005080927685787329,0.00024205777266373508,0.33000000000000007,0.785823988292794,traces/e9c392926175c4cdb37a9fb199a46e70a8d9d5b870e51e2bda806d0124d89adf.npz
L0,intervention,matched_sensory,720575940623047629,recede,17,0.0016052224885156439,0.002083647161099993,1.415,1.1390389754035644,traces/5a9d586651bf8c570910d418fe936bf1cb3194b086693933c22bc9f73607cd14.npz
L0,intervention,matched_sensory,720575940623047629,grating_0,17,0.0009546294835092008,0.0009257974174525284,1.08,1.146174012634744,traces/f353b10a8e39f82657387d345e1a435233a7295355996b632d5db608c8396bcb.npz
L0,primary,intact,720575940637088602,expand,17,0.00033760132221076055,0.00018288391381500699,0.5699999999999998,0.7215053734609079,traces/4ca6a15b2e5a09a809e06b8f62d82bda3cfa16964309f7f8863e0a2026a4158d.npz
L0,primary,intact,720575940637088602,recede,17,0.0020357609111052687,0.0020492147663927216,1.9700000000000002,1.5161327067866193,traces/03b358463c23df78092b61094cb39d4c5098885b87b7e3f2bc0a3ff086ea1ebf.npz
L0,primary,intact,720575940637088602,dim,17,0.0,0.0,0.0,0.0,traces/3bf3b82fb908145deea9d2e71925b1b43301572acf587e604c9568a2b05ae4cc.npz
L0,primary,intact,720575940637088602,translate,17,0.0015582898469120737,0.0008147729548208106,1.3250000000000002,1.0419172747256367,traces/7967f0e7aec09a3408570c0e6a3eced9e6bde7311e3be2aa2b7f012d9d3a593a.npz
L0,primary,intact,720575940637088602,grating_0,17,0.001560489529979085,0.0013947308497877092,1.3250000000000002,1.115160732878139,traces/afbb8a3d8ee104eae374aeb40bc3146de014afe045dce71e0ca2af9c0e6b82e6.npz
L0,primary,intact,720575940637088602,grating_90,17,0.002404410032767621,0.0034373379765832487,1.1949999999999998,1.854209928634718,traces/3a7ac90e874a06276258da579d6f94c92dc12dfe095815634b3dd3724bfcb2b1.npz
L0,primary,intact,720575940637088602,grating_180,17,0.0017536152674042043,0.0022387112555865485,0.7850000000000001,1.6539334753205757,traces/dff142e364d5a036b82318fcd4be9e39935d4ad63ef506098abf5d092e07a5cd.npz
L0,primary,intact,720575940637088602,grating_270,17,0.00133783571965567,0.00164552666604517,1.7199999999999998,3.3502253594671685,traces/ceef0b27035a58eaad683b703d57de69c224bccd8e4f37c2e7ae6fdf4ef3737e.npz
L0,primary,intact,720575940637088602,approach_20,17,0.0005656527276585757,0.00012726981127015094,0.41999999999999993,1.9274597711675434,traces/cb0587c1909a0d4e3d7d3be09bc5ac068158389aaae17e974a22c84efe92a634.npz
L0,primary,intact,720575940637088602,approach_40,17,0.0005244697873825873,0.00015192741685964088,0.7749999999999999,2.142110306948387,traces/ce8c1e3f65c2434bd7c60ee47a58c0805dbd8a69aa855e1ede73c3ce3f51c0bd.npz
L0,primary,intact,720575940637088602,approach_80,17,0.0004140412164488492,0.0001743405477952432,1.505,2.144553956482536,traces/e721f0708f638d220adc15c1c4552b354e6b03256b4d32c9674dcd481aa112f6.npz
L0,primary,intact,720575940637088602,bright,17,0.00018059066542925557,3.616230681774236e-05,0.44999999999999973,0.9923346911993993,traces/b75b4b3dcff55732acaf6c54ce779131dd864d5e44bfd34f5ab677c24c93c425.npz
L0,primary,intact,720575940637088602,small,17,0.00033760132221076055,0.0001828839047913233,0.5699999999999998,0.6216726385640864,traces/a878ad434150a364c0e616654be08f229b3e2a079ea14d5d942675cfe9991a9f.npz
L0,primary,intact,720575940637088602,offset,17,0.00033512494828927643,0.00017145353374311534,2.8449999999999998,0.4568947593991478,traces/b4dff949b8366e13d74e4b7ea15a0e931d87de67b41da72de2cc3237cd44086d.npz
L0,primary,intact,720575940637088602,shuffle_time,17,0.00400234417951769,0.009204332505858257,1.6400000000000001,3.57050738976665,traces/314991337d93f9878595404a957e0d45b6086693accc0f45fe2a2ff9f5b9d27d.npz
L0,primary,intact,720575940637088602,blank,17,0.0,0.0,0.0,0.0,traces/10b4cc2a3714ba9f02872e669fe6967773ec3741b05d0167fa589a21f2d1ebb1.npz
L0,sensitivity,spacing3,720575940637088602,expand,17,0.0003974572485143488,0.00014413729306016735,0.5,1.2066148622202313,traces/c9da9eb92f819b32dbb1704f836dd74a444e59bba5d50c6c9e074f2d3c8d8f4b.npz
L0,sensitivity,spacing3,720575940637088602,recede,17,0.0027058477111315147,0.002019759797419966,2.41,2.1022615171361805,traces/7ee33127e8a3c96159fff3ed490cba94f637614661b87d123520f3d8e163645a.npz
L0,sensitivity,spacing3,720575940637088602,dim,17,0.0,0.0,0.0,0.0,traces/6debf3648cf4b8060e7e6a940e1df6950983ff6cb67099193be7274455a4a41f.npz
L0,sensitivity,spacing3,720575940637088602,grating_0,17,0.0013253163599232997,0.0015758845742723086,1.495,0.9410120569257728,traces/ebd1d001ea8fdb8b30d43c83b608dfb9ffc56a2d39afe7158946736081ef4706.npz
L0,sensitivity,spacing3,720575940637088602,grating_90,17,0.002455843264577302,0.0033034791564997366,1.815,2.4485357121078417,traces/af0043e98d415f29cd230c9dc9f8eb240d45523d357a41c06794ec03b88d6398.npz
L0,sensitivity,spacing3,720575940637088602,grating_180,17,0.0015923604613650303,0.0022193836798307287,1.775,1.844713248318032,traces/b12f722b83f9f2bd771e7531a638eca160f26aebb62b8b337bf89d2abb6a4d98.npz
L0,sensitivity,spacing3,720575940637088602,grating_270,17,0.0012079668163134125,0.0014547145458779316,1.73,4.926525539269612,traces/aa0a4333362ed201c2e07e65bf70288e2f9e7c619225d6ceabfa36e6fd004b44.npz
L0,sensitivity,spacing7,720575940637088602,expand,17,0.0002783192718022595,0.00017819766000954385,0.815,0.5585335736682391,traces/031f8e9eb8fa47525981214d33c35515ba7f94ec98f7ab7cbb774e5fc5b10782.npz
L0,sensitivity,spacing7,720575940637088602,recede,17,0.001620022266701091,0.0017429693884953852,1.54,1.1245277867113135,traces/5444c95797dfc7176947fc1a6afaa64838750715b5371e5549c6d0cafe02d672.npz
L0,sensitivity,spacing7,720575940637088602,dim,17,0.0,0.0,0.0,0.0,traces/854aa61264f111ca5361abc8486d3d8c6888736d61b9c27f99ab3d19473d7b24.npz
L0,sensitivity,spacing7,720575940637088602,grating_0,17,0.0008035308307811308,0.0005189875223511684,1.225,0.519448845145207,traces/e6d9627e4479b93bba0e40aa142def3d55578e4b7d1080f0d98224dff7f4e08e.npz
L0,sensitivity,spacing7,720575940637088602,grating_90,17,0.0020954373127190142,0.0028866508257896126,1.975,1.4609850329245342,traces/27690dfac50a3d83872387720e098052e267c669b79be5d8e5d804430c288b95.npz
L0,sensitivity,spacing7,720575940637088602,grating_180,17,0.0011764419537817054,0.0017967205635401721,0.5699999999999998,1.2408947472543184,traces/0ac47e2bc3ff4150049f1be5ac26ffed16d14bc87c768434b4cf2426b9c721a7.npz
L0,sensitivity,spacing7,720575940637088602,grating_270,17,0.0013504626966927532,0.0015282605579367212,1.4899999999999998,2.0665393096423204,traces/81270aadbc1792ad41431ecfc37c32e71ebd0475107c22ae921e0292e61e9d08.npz
L0,sensitivity,mirror,720575940637088602,expand,17,0.0011441274473743155,0.0010222489975580363,1.9,1.3042163070732558,traces/e69b078b6a1e1132ea765ba83578152f205a926ad56c290475204f0f51b94543.npz
L0,sensitivity,mirror,720575940637088602,recede,17,0.001687259353723936,0.0011682977974545256,1.98,1.1174554856537209,traces/329ac6362519abbc1c7196c36ec703f847d09136354832ba64ee011f2404a702.npz
L0,sensitivity,mirror,720575940637088602,dim,17,0.0,0.0,0.0,0.0,traces/d0c8a333ee0e03d37543806e45c6e522bee9ad8d709b1489c71f167c2b85bc10.npz
L0,sensitivity,mirror,720575940637088602,grating_0,17,0.0014879131308555662,0.001394889753058059,1.87,1.0892907009668225,traces/8d6e8a69fe0425cc536c0234cf48a5517235d2cbf76f0516fc56fb006562b803.npz
L0,sensitivity,mirror,720575940637088602,grating_90,17,0.002404410032767621,0.0034373379765832487,1.1949999999999998,1.854209928634718,traces/f75b7505d6b8b4560a9a7534a44b2e6253631691b497d9e02a994eec85584c5a.npz
L0,sensitivity,mirror,720575940637088602,grating_180,17,0.0018053593227371188,0.002238671735842869,1.4049999999999998,1.6454950016151448,traces/7678f695d04b011464b7bc0232845c3349d213d763f50cc311ff61b83a289ecc.npz
L0,sensitivity,mirror,720575940637088602,grating_270,17,0.00133783571965567,0.00164552666604517,1.7199999999999998,3.3502253594671685,traces/13109d6a2cf1e1962685517c4423626e68d51957a3791709e2b7ec2172eca457.npz
L0,sensitivity,axes_minus45,720575940637088602,expand,17,0.000896232715788799,0.0004505024552440617,0.9199999999999999,0.7817737117581038,traces/487de0275f8ad193fb544a8495e09ccc5ece83e9e9d209ce380fef61de26693d.npz
L0,sensitivity,axes_minus45,720575940637088602,recede,17,0.0014736866418318378,0.0017318183263327778,1.9849999999999999,1.4997602849634153,traces/27b175a434aa88f119e0de29fc8247acbd37e535371d64d1d8f05f99f57e2024.npz
L0,sensitivity,axes_minus45,720575940637088602,dim,17,0.0,0.0,0.0,0.0,traces/c45929005ed5c868fcfe11fc5dbeb6d4535beccafe2c700d57b6976daae29437.npz
L0,sensitivity,axes_minus45,720575940637088602,grating_0,17,0.003237433237449908,0.004747675683347277,1.44,2.788720533162237,traces/85dd399c822a7ea116f9dcaf1f989882c150c157666af983fe2add6fddc3620c.npz
L0,sensitivity,axes_minus45,720575940637088602,grating_90,17,0.0034261127265036405,0.0055707573014350765,1.4899999999999998,3.0678991925625607,traces/3c8bcd618867b472eecc1143713eb6a0b36aec202f91effc3505d3e1a982970f.npz
L0,sensitivity,axes_minus45,720575940637088602,grating_180,17,0.002963443363259626,0.0037947253163875005,1.27,4.832805547213044,traces/c0899781f88951beb4790743c838217c9753d3104b25a388ea292589d4d3acca.npz
L0,sensitivity,axes_minus45,720575940637088602,grating_270,17,0.0018790941893859607,0.002960937232197704,2.0149999999999997,3.551346973863188,traces/26418bf18c9ad521a123c8e86400a362e414c0cefe2a64e31a6dd606d131f3b3.npz
L0,sensitivity,axes_plus45,720575940637088602,expand,17,0.00046244299548990267,0.0001959159030071138,0.5800000000000001,1.0746611278340024,traces/b82d42e9c203db6059404fe4e6eca60e29c24c654c7104ac02d1401b271f8e9a.npz
L0,sensitivity,axes_plus45,720575940637088602,recede,17,0.0020583240679570335,0.002080204324654651,1.9649999999999999,1.3438428304072647,traces/4649a507f438cbf80884aac59f9e1194450eb2a65dbf86d117e78ca07307f09c.npz
L0,sensitivity,axes_plus45,720575940637088602,dim,17,0.0,0.0,0.0,0.0,traces/233f5d1e351d80dce4ac5f6940b3fabe0c2d297fe6c5e37921f52797a7db93c2.npz
L0,sensitivity,axes_plus45,720575940637088602,grating_0,17,0.0028104263238938605,0.0029637374860323963,1.2399999999999998,4.076451607283005,traces/c1639a930c03d523df7dd3eeec5b73ddab151d00f39ced5fa1e3afe1c9c265ff.npz
L0,sensitivity,axes_plus45,720575940637088602,grating_90,17,0.0032811541527045756,0.0047405683935443765,1.1349999999999998,2.3889439472233476,traces/a7942af1f7731199783b5e780259a8184910dc770b21b0160776ac49a0873f5f.npz
L0,sensitivity,axes_plus45,720575940637088602,grating_180,17,0.003575700372354693,0.005578462242592062,1.045,3.4349066413835527,traces/4df05162f29b844f710b39b9955cb64d3b296fa38953753eb8ebc46c593e1d12.npz
L0,sensitivity,axes_plus45,720575940637088602,grating_270,17,0.002635043006066459,0.003791205071521308,0.8799999999999999,4.277164140315811,traces/1fa40308fe2dc1d48ab566b3b8fa13e3e19569df869ec05022fc58cbe587cdcc.npz
L0,sensitivity,tau20ms,720575940637088602,expand,17,0.00027781832855505956,7.807035698170519e-05,0.45500000000000007,0.4210648120410847,traces/098bc675ab842dca2422c275da5e5620ad6bc74798970601ccfe0e4ccd269940.npz
L0,sensitivity,tau20ms,720575940637088602,recede,17,0.001171262374814152,0.0008272362933390029,0.9750000000000001,1.0597887808635111,traces/5be90cc4e1172b09f3f26d8bd1e8532a5f6abd4fe9cc1d88fb194da6131a166f.npz
L0,sensitivity,tau20ms,720575940637088602,dim,17,0.0,0.0,0.0,0.0,traces/51e1d97b6b19f2d1754b718922387c726be9f978821e1a8caab3bfa5ada5fa96.npz
L0,sensitivity,tau20ms,720575940637088602,grating_0,17,0.0013407075642620204,0.0005596105298939534,1.275,0.8210108833593541,traces/c8f44d1a5449cfc36a97cfcf2a976f33c20f1ef08981cd8da38760536e044c99.npz
L0,sensitivity,tau20ms,720575940637088602,grating_90,17,0.0019162547618685744,0.0013828835863893996,1.15,1.5916765764088419,traces/a98ef3d338c96cc23150c31fff824a4f51dcfc0db92e2458782dc01e8e0d8118.npz
L0,sensitivity,tau20ms,720575940637088602,grating_180,17,0.0014384076653094426,0.0009002055165425336,0.7399999999999998,1.1374221912712277,traces/67bfbe9b13ee1c80c8a27443ac53ca3d8bf5503505576526ac84e9c267baa2f8.npz
L0,sensitivity,tau20ms,720575940637088602,grating_270,17,0.0011753523910104592,0.0006618689646845509,0.6749999999999998,2.9679639477389173,traces/7efd0158b20898c74379aef9cee2ab23bd08eee6e3dc8de37c514f6eff08ff06.npz
L0,sensitivity,tau100ms,720575940637088602,expand,17,0.00042351476330617933,0.00033493890504467664,1.02,1.100128832760099,traces/28ea1342032a8a54cb4923314804925526bf469871d5c7c7282c37e3cb1351f3.npz
L0,sensitivity,tau100ms,720575940637088602,recede,17,0.0029032406220722774,0.004001291388931684,2.05,2.301747665230435,traces/1762d18afb295aedd13a80c03f142c4ed303fabc440545f407d9002aa8dba16f.npz
L0,sensitivity,tau100ms,720575940637088602,dim,17,0.0,0.0,0.0,0.0,traces/a0f1c69428fdae81bf1768eb7485bb5cd10df59c37549606952eef8b7a38feef.npz
L0,sensitivity,tau100ms,720575940637088602,grating_0,17,0.002041104080070945,0.0026269046618682002,1.38,1.4446975557406418,traces/c375bdab9984b8cab94d297bd6fec8661a086c0379b1cecce6d7af909061e7ba.npz
L0,sensitivity,tau100ms,720575940637088602,grating_90,17,0.003611470212682611,0.006241684806821397,1.3050000000000002,2.8462136246463157,traces/393e8f2f2b0caa157e4d4b021714bf387d7cabafa7e41474f7c7589b50f0b0fc.npz
L0,sensitivity,tau100ms,720575940637088602,grating_180,17,0.0024080810956027296,0.004107101728919099,0.8500000000000001,2.5267614729552603,traces/8c71ae6c9913c77c33eb609b525a7d6c089cf59ec7c16d8d36843c68cad84a4d.npz
L0,sensitivity,tau100ms,720575940637088602,grating_270,17,0.0019955717848078574,0.003164384217108796,1.9899999999999998,4.919720761366502,traces/08148a486269e6769ed072906d51efa90f2f2aa848db31cc3f4d7336ddd41c71.npz
L0,sensitivity,gain_half,720575940637088602,expand,17,0.00017140238815689196,9.38142931979694e-05,0.5699999999999998,0.7215053734609079,traces/816a7532624dfb0cd779c9d0d9c1f882e6170554e080ec4dea0f4de13b81f656.npz
L0,sensitivity,gain_half,720575940637088602,recede,17,0.001020515507881399,0.001031469925429523,1.9700000000000002,1.5161327067866193,traces/c3c5e68a41238e001ce52e1c687c2be9199aff22d755e90cb947ad79ac7ea125.npz
L0,sensitivity,gain_half,720575940637088602,dim,17,0.0,0.0,0.0,0.0,traces/c859c5398691a7bf3b275ae1010383cd6f70114ac8d24ab01976d13585fe8b4b.npz
L0,sensitivity,gain_half,720575940637088602,grating_0,17,0.0007802447650714369,0.0006973654846236579,1.3250000000000002,1.115160732878139,traces/374690ba396f4dd4ef57889767f608e9debf1a283c2adf7c1a31fd1b81e3c336.npz
L0,sensitivity,gain_half,720575940637088602,grating_90,17,0.0012036782745923412,0.0017213074081308842,1.1949999999999998,1.854209928634718,traces/4c50e8bfbdaf93a3700ae62ecbe92836990d661b57ffcc0f956b3ba9573f86be.npz
L0,sensitivity,gain_half,720575940637088602,grating_180,17,0.0008768076926363434,0.0011193787688221768,0.7850000000000001,1.6539334753205757,traces/7c006e56a80b8131750c83c38e58d4e38fe8dcc25535e53afb5315d51b649431.npz
L0,sensitivity,gain_half,720575940637088602,grating_270,17,0.000707110138580283,0.0008966991532307928,1.7199999999999998,3.3502253594671685,traces/4d3da0c37caa1297b19dc06c913b490cca9710de6be91c50bd249886c51923a9.npz
L0,sensitivity,gain_double,720575940637088602,expand,17,0.0006547688755077498,0.00034778946871730573,0.565,0.7215053734609079,traces/e4762e64fcdc9b9a17c598270eeecbda0f7b129a38a24f46d6634e2ed70ffd86.npz
L0,sensitivity,gain_double,720575940637088602,recede,17,0.004050441403580423,0.004044335434257522,1.9700000000000002,1.5161327067866193,traces/8f2393b2454e35607302ffe7635ec3b124d5437bc2380e9edaa822badfe640e0.npz
L0,sensitivity,gain_double,720575940637088602,dim,17,0.0,0.0,0.0,0.0,traces/dbc6ba92c010233b4e85fe2e8c7c95c3524929e1cf1b708814914d9b0baf114c.npz
L0,sensitivity,gain_double,720575940637088602,grating_0,17,0.003120979059303014,0.0027894612217369925,1.3250000000000002,1.115160732878139,traces/b2b07a0c1c6835f5f32bb832f93c129bcda9adc7b8cae6a1e98c177912d150a2.npz
L0,sensitivity,gain_double,720575940637088602,grating_90,17,0.004797033999866998,0.006853568594452418,1.1949999999999998,1.854209928634718,traces/333668d02dc390d1c9d6bc2606f57c6057fd17e670b5b74670de2355bfc95182.npz
L0,sensitivity,gain_double,720575940637088602,grating_180,17,0.003507230063334479,0.004477237382941877,0.7850000000000001,1.6539334753205757,traces/95a7d57e486df842ca5563503c332bcdcf8ceb53e35ecaff6810fe004d12f4ea.npz
L0,sensitivity,gain_double,720575940637088602,grating_270,17,0.002370142971852241,0.0027075658364947197,0.7199999999999998,3.3502253594671685,traces/13de59f843270f92255c49f7cd17a6b949eb019a2b4e8fea00940c66ab4c118b.npz
L0,sensitivity,lpi_zero,720575940637088602,expand,17,0.00034800823041680713,0.00019288492845277535,0.5699999999999998,0.7215053734609079,traces/5ccafc0f624641d7e681c52ee4b7209191a691d8e420d91d9e0586c38e75365c.npz
L0,sensitivity,lpi_zero,720575940637088602,recede,17,0.0020463011204203264,0.0020769451033473725,1.9700000000000002,1.5161327067866193,traces/d78fc528121654d69d2a99b5a516a2f16a3963a3c60af8297f8218ae170bbb24.npz
L0,sensitivity,lpi_zero,720575940637088602,dim,17,0.0,0.0,0.0,0.0,traces/5ff0f3d4e1e7d99c052517e29a75e5357fa87ebe9e880f144391d63b045caad1.npz
L0,sensitivity,lpi_zero,720575940637088602,grating_0,17,0.001560489530306663,0.0013947310887069222,1.3250000000000002,1.115160732878139,traces/fe0d5120a29e02a66272079c0f26531b4b122272ea7b640c21aa118f1030ab1b.npz
L0,sensitivity,lpi_zero,720575940637088602,grating_90,17,0.0024103030656017436,0.0034478916559402876,1.1949999999999998,1.854209928634718,traces/ced5b5a2d525bdc7464b118c3ddfcdff60ba99f9e5a871613d4875306b2b3d80.npz
L0,sensitivity,lpi_zero,720575940637088602,grating_180,17,0.0017536155031411696,0.0022388038197021587,0.7850000000000001,1.6539334753205757,traces/0a9577bca0b360f9308b95fb24f10aa929f56de5944eb3e0f7ba48d62bb1252e.npz
L0,sensitivity,lpi_zero,720575940637088602,grating_270,17,0.0014906048346654617,0.0019412699468780012,1.7199999999999998,3.3502253594671685,traces/3f1732eb37bdd32897a5e6d3c69eb57e13b88eb991352d401450b11b396d7a71.npz
L0,sensitivity,lpi_half,720575940637088602,expand,17,0.0003428047763137839,0.0001876285863959388,0.5699999999999998,0.7215053734609079,traces/5020dc32b5c4261a59f4a80bf9d02ddd14d62e14efbbdbcdbfb99dc0a69cea5c.npz
L0,sensitivity,lpi_half,720575940637088602,recede,17,0.002041031015762798,0.002062939850859046,1.9700000000000002,1.5161327067866193,traces/61cc40cef7a7fc32438abfa28c5c6d12b814213727c4fb497e453bce5c718ef8.npz
L0,sensitivity,lpi_half,720575940637088602,dim,17,0.0,0.0,0.0,0.0,traces/cec6f1bef20d359fcc57bef2e7d93155c9f367be7d5b99258127624eb19be511.npz
L0,sensitivity,lpi_half,720575940637088602,grating_0,17,0.0015604895301428738,0.0013947309692473157,1.3250000000000002,1.115160732878139,traces/f7ebe40db356899c5356de69dcf01a8f276c984175944ccaf6f53a8ced1a032a.npz
L0,sensitivity,lpi_half,720575940637088602,grating_90,17,0.0024073565491846824,0.0034426148162617683,1.1949999999999998,1.854209928634718,traces/605c1ac79bc686a4e75ba2e4f94bb61d75661b570a66c034e6ced401fdb0f8d6.npz
L0,sensitivity,lpi_half,720575940637088602,grating_180,17,0.0017536153852726868,0.0022387575376443536,0.7850000000000001,1.6539334753205757,traces/f4f00a2178b04667dc7da055640e8f49ae7dbfdcaf96daa6253c48f6445475c5.npz
L0,sensitivity,lpi_half,720575940637088602,grating_270,17,0.001414220277160566,0.0017933983064615856,1.7199999999999998,3.3502253594671685,traces/89c6d2b2e6484b077e35d700b55795c1e165feae7c7f2a59ebf4ef5da59c6fb8.npz
L0,sensitivity,lpi_double,720575940637088602,expand,17,0.0003273844377538749,0.00017389473435865287,0.565,0.7215053734609079,traces/833cc47f911420041cd027d765ff06e0b8cc72c3a47472b01d3fc390ff2f877e.npz
L0,sensitivity,lpi_double,720575940637088602,recede,17,0.0020252207017902113,0.002022167717128761,1.9700000000000002,1.5161327067866193,traces/3643b6c3e1c72bc25ee5bd56f755fe3d97e327f787480a1dfe91ce3908609065.npz
L0,sensitivity,lpi_double,720575940637088602,dim,17,0.0,0.0,0.0,0.0,traces/38bca95f0eb489e803f863dc23652e0bf9b75737e2fa58e6fcccd41a61783807.npz
L0,sensitivity,lpi_double,720575940637088602,grating_0,17,0.001560489529651507,0.0013947306108684963,1.3250000000000002,1.115160732878139,traces/f2777e4f0bbc73332aa3e41923fc88c7c1a0f78088ffe7cfc04938cd06009e48.npz
L0,sensitivity,lpi_double,720575940637088602,grating_90,17,0.002398516999933499,0.003426784297226209,1.1949999999999998,1.854209928634718,traces/5f946691c95c3c792a1a6745831c38dc4ff9d2323aafcfd2491e12c9d7dcc523.npz
L0,sensitivity,lpi_double,720575940637088602,grating_180,17,0.0017536150316672394,0.0022386186914709386,0.7850000000000001,1.6539334753205757,traces/8130245de21536f066675fb47e15a69504009a983c073bb9c9a239012a05324c.npz
L0,sensitivity,lpi_double,720575940637088602,grating_270,17,0.0011850714859261205,0.0013537829182473599,0.7199999999999998,3.3502253594671685,traces/c3ba704dde69c099ba93cfb1e6442489ac40bc5fdcf39bc133782cc81d76a868.npz
L0,sensitivity,dt_half,720575940637088602,expand,17,0.0003353032251306207,0.00018249380688080557,0.565,0.7118588940054136,traces/c6b66604a8e7f3bd505f49dab31d6f0a1c554aa7fc8c1ba9ed34119d15fc673d.npz
L0,sensitivity,dt_half,720575940637088602,recede,17,0.002027741903172259,0.002048546659821428,1.9700000000000002,1.5070332349551565,traces/be63d5a24ae1617ca02c346720640b884389fa4cbbb471b21001cabb1800f38c.npz
L0,sensitivity,dt_half,720575940637088602,dim,17,0.0,0.0,0.0,0.0,traces/9ff88831629c7ea43cb470146e8696fd3566f7279b441d83836b0f6b92495c7f.npz
L0,sensitivity,dt_half,720575940637088602,grating_0,17,0.001530196455161366,0.001394049952147761,1.3250000000000002,1.1070607928655096,traces/a2c64e9230d9f414cb4726396663d91bc9e3751c5c99b7a933810b527260bd72.npz
L0,sensitivity,dt_half,720575940637088602,grating_90,17,0.0023774387656504067,0.0034343137866652013,1.1925,1.8292962847551313,traces/181d2868dc3fcd0e2da5497f18f254f78553616ce248d67afccaccc07dc8bbc6.npz
L0,sensitivity,dt_half,720575940637088602,grating_180,17,0.0017196726270863993,0.0022369320502989933,0.7850000000000001,1.6518030319661583,traces/7b35f541ea19d1e7d496dbefe338ab03809bbd8f4855a0f8ccb42eadf029b269.npz
L0,sensitivity,dt_half,720575940637088602,grating_270,17,0.0013181899635377643,0.0016450376197057227,1.7174999999999998,3.305296016573682,traces/3306abd4bffea48698caa63e3d27f8e61efbfb316d08af02f0bf48349d5694ce.npz
L0,sensitivity,retained_norm,720575940637088602,expand,17,0.0009417800187495347,0.0005034880136226301,0.565,0.7215053734609079,traces/570e750aac7173a361c84a3c23e6517715341f8be022b30013b0d02fcbf87210.npz
L0,sensitivity,retained_norm,720575940637088602,recede,17,0.005771547080766195,0.005779809157060433,1.9700000000000002,1.5161327067866193,traces/24985b0fb0eee6b8fccd4433c9d9652987ee081978c818250862c21d7f9cd61a.npz
L0,sensitivity,retained_norm,720575940637088602,dim,17,0.0,0.0,0.0,0.0,traces/545ae782bf326fea687c732d3b43c36ede0038bebb37c02ac7d6c8b243762f35.npz
L0,sensitivity,retained_norm,720575940637088602,grating_0,17,0.0044384857905566824,0.003967019491801721,1.3250000000000002,1.115160732878139,traces/d63fc708a6cef33b8a45911604d485c84d149b7f4add7588dae23a889676afd5.npz
L0,sensitivity,retained_norm,720575940637088602,grating_90,17,0.006827876759926619,0.009757220095298474,1.1949999999999998,1.854209928634718,traces/c598c781685884f741f91d63fe718ba391a112b910844dc845d1b07440690dbc.npz
L0,sensitivity,retained_norm,720575940637088602,grating_180,17,0.0049877910937080735,0.006367377406821091,0.7850000000000001,1.6539334753205757,traces/f3e0bcba4a93899244176973867164669aefc0bf0f665f398651273a3f51a30e.npz
L0,sensitivity,retained_norm,720575940637088602,grating_270,17,0.0035215354937610773,0.004134756689613089,0.7199999999999998,3.3502253594671685,traces/1e4ea63a1b54544ce7ee7ce5f5e2a1fa3263a8f49b5fec39abef60db76d83d49.npz
L0,intervention,route_remove,720575940637088602,expand,17,0.0,0.0,0.0,0.7215053734609079,traces/bccd308a0d9c624711acda53da3fb6bfb262a3b75dd48740ab92b0caed039e82.npz
L0,intervention,route_remove,720575940637088602,recede,17,0.0,0.0,0.0,1.5161327067866193,traces/0f7ae4b8aa093103c37105b8d561a3836255b197fa9b70c224ca42fc5bbec7ad.npz
L0,intervention,route_remove,720575940637088602,grating_0,17,0.0,0.0,0.0,1.115160732878139,traces/b234c84748b72337c73802210da1c1c2e90b1a91dbf7e1062231aea99ca99aa3.npz
L0,intervention,matched_route,720575940637088602,expand,17,0.00034590561846744786,0.00019132958229232505,0.5699999999999998,0.7215053734609079,traces/8a08a881f4ff590ceb2d9a78ea95e709fad4556056d49ba365969bb04978db49.npz
L0,intervention,matched_route,720575940637088602,recede,17,0.002044071576505529,0.0020718240521632996,1.9700000000000002,1.5161327067866193,traces/d01f55e1be0dc9d1a72b14a77323abd35e6bd20eed40ee1f038da2ecec8cbdbc.npz
L0,intervention,matched_route,720575940637088602,grating_0,17,0.001560489529979085,0.0013947308497877092,1.3250000000000002,1.115160732878139,traces/06f5ac0e28c8e843fecc0306bdc92ccc64633c745f658a0d7d0170a7858344e6.npz
L0,intervention,lpi_remove,720575940637088602,expand,17,0.00034800823041680713,0.00019288492845277535,0.5699999999999998,0.7215053734609079,traces/f62fa14eb209b5ece501770630e3f25f6544030eb377895469bd0e8a6b21d79b.npz
L0,intervention,lpi_remove,720575940637088602,recede,17,0.0020463011204203264,0.0020769451033473725,1.9700000000000002,1.5161327067866193,traces/98efc97d757e0fa46f440a963596b7fc9290aa02c5d00a2393689b48648b2772.npz
L0,intervention,lpi_remove,720575940637088602,grating_0,17,0.001560489530306663,0.0013947310887069222,1.3250000000000002,1.115160732878139,traces/fd380d27efb09e0916655b480be2cab25fcac8d610699f3fb0579f3c24cffd6f.npz
L0,intervention,output_silence,720575940637088602,expand,17,0.0,0.0,0.0,0.7215053734609079,traces/36ab1538e226c7c8a945a12f1e5dda46f9ce304b0f40a6e3f3c958b045da6b42.npz
L0,intervention,output_silence,720575940637088602,recede,17,0.0,0.0,0.0,1.5161327067866193,traces/00b1dca1da282c6f7d50b24756e02cd436709d08b8af99b68b93e520a0798126.npz
L0,intervention,output_silence,720575940637088602,grating_0,17,0.0,0.0,0.0,1.115160732878139,traces/fb64a6441ece906386b123ee47266b61e22de4f660992c912bc5dd4a1e022de3.npz
L0,intervention,shuffle_space,720575940637088602,expand,17,0.0010763824775612484,0.00044161447713021674,0.5749999999999997,0.7215053734609079,traces/2047b92fb93b40b60e6603b05f445f26f694c04bac21ddd28a18701c9c87bd0d.npz
L0,intervention,shuffle_space,720575940637088602,expand,29,0.0004335042762126789,0.00019957607666807296,1.4049999999999998,0.7215053734609079,traces/6b5dd301e779f57ff9951db880a9fe0127f1678364a9e052e7e92def965700da.npz
L0,intervention,shuffle_space,720575940637088602,expand,43,0.0006017238153768068,0.0002978775934392598,0.1299999999999999,0.7215053734609079,traces/a0bfcba14bafa91a342e509a3d3a9f7f31d91bc6890993e24b17ee5a30b2abd9.npz
L0,intervention,shuffle_space,720575940637088602,recede,17,0.0018909385559884196,0.0014381463915406072,1.08,1.5161327067866193,traces/0ef99e0b74f5239b205b493efc2d44d3b8521f685b11b04852f4685db7ba54fb.npz
L0,intervention,shuffle_space,720575940637088602,recede,29,0.001316395722087484,0.001685951217437529,0.71,1.5161327067866193,traces/d7b6fdaa9bb9aa411ca25e343e848fe9b3abcd67b8063b6940d0b97b245a4e57.npz
L0,intervention,shuffle_space,720575940637088602,recede,43,0.0014151788389116008,0.0014503170619121228,2.4050000000000002,1.5161327067866193,traces/bea8c98753ca8344605cfa2c9e1df93159e4aba225ab53b277ffb3c8241274ff.npz
L0,intervention,shuffle_space,720575940637088602,grating_0,17,0.0012783647051027042,0.0013939929297284875,1.1099999999999999,1.115160732878139,traces/d224811ba6d114f24d13a49f3ed54a298b64337135fed637161a91b0257046b9.npz
L0,intervention,shuffle_space,720575940637088602,grating_0,29,0.0014526733058088815,0.0016363543347958274,1.315,1.115160732878139,traces/c8a3fb9129e05ad28efd8296bc470d9bd39cfa6678843dd27bc0ea1442fd67e8.npz
L0,intervention,shuffle_space,720575940637088602,grating_0,43,0.0011540262900323213,0.0013939384698543893,1.3199999999999998,1.115160732878139,traces/b7f6ae9a406f899854ce0c87ce75272560883e5b35ce2cce99e208c8cf9f5c61.npz
L0,intervention,sensory_lesion,720575940637088602,expand,17,0.00033760132221076055,0.00018288391381500699,0.5699999999999998,0.7215053734609079,traces/d6af9056d67cef9fa6823ffd681530f19ef0a53d20493fb04a8c229917c539cf.npz
L0,intervention,sensory_lesion,720575940637088602,recede,17,0.0019316448812286221,0.0018215399408765564,1.975,1.5158553417198128,traces/d83a7054854597181a1628b743f464e69a322a7ed90874424087e652e07e4ced.npz
L0,intervention,sensory_lesion,720575940637088602,grating_0,17,0.001560489529979085,0.0013947308497877092,1.3250000000000002,1.115160732878139,traces/fcc046f536c8ef755bc52b9b76c329821005f63242ac0c4c0333896b7eb7b088.npz
L0,intervention,matched_sensory,720575940637088602,expand,17,0.00033760132221076055,0.00018288391381500699,0.5699999999999998,0.707918676976594,traces/90953d396aa0844276d78bd6cd7b217df3497ec20328e8c38213d2b6397ca5b0.npz
L0,intervention,matched_sensory,720575940637088602,recede,17,0.002035760912082056,0.0020492407127755004,1.9700000000000002,1.515926557573561,traces/ecab32ec6642c8a283f19ee90e21ace68506776088f1d96033996038d844c855.npz
L0,intervention,matched_sensory,720575940637088602,grating_0,17,0.001560489529979085,0.0013947308497877092,1.3250000000000002,1.115160732878139,traces/841bc73d2d2431987f80972c331942eafe1306f3e000af6421bf41f0b27653ef.npz
L0,primary,intact,720575940611740569,expand,17,0.00035702860318567167,0.0001607315862518726,0.9649999999999999,0.7842806103647211,traces/a7dd3de1fdd23ee1aa573e8de916ebe8c0c28e920470cfdad031f27aab487555.npz
L0,primary,intact,720575940611740569,recede,17,0.002037163754949168,0.002385232056252823,1.6349999999999998,1.1999802880450403,traces/0c0c5f15c2f9014e3320b6dd65b04084a64d8283b7f98bebedb863ac012965e1.npz
L0,primary,intact,720575940611740569,dim,17,0.0,0.0,0.0,0.0,traces/3ff7f5ffdbbaaf40ccf3ce9c27fdc7fb657689e9d445189a6f9dd354beadd4ae.npz
L0,primary,intact,720575940611740569,translate,17,0.0010953933264593655,0.0006271962407160811,0.8999999999999999,1.0587834686088589,traces/5b1cd93e69dd2788b2fec60ccd79ad89a771dc30c442ce353bdd4aeb009c9204.npz
L0,primary,intact,720575940611740569,grating_0,17,0.0008744084640707961,0.000889209054783125,1.12,0.9644470569017919,traces/e2d655f23d863fcc8fda3ccc1f09a1b2efd050251889963b622c1a20ff07d0e2.npz
L0,primary,intact,720575940611740569,grating_90,17,0.002158993117436283,0.0033720507433501945,1.7650000000000001,2.2430715904562364,traces/4faea446c44949f0762e662ac684b13978073ecac7ebf241a25c8a66b35e2b51.npz
L0,primary,intact,720575940611740569,grating_180,17,0.0030369996724198584,0.004209008473582687,1.0,1.7281119191872372,traces/433312df145e16c4bbb07cda0aa3a250496d520425799d0d28952a1e779d87f3.npz
L0,primary,intact,720575940611740569,grating_270,17,0.0016756306510478792,0.0014795832563746416,0.77,3.6704348783593086,traces/c24eb5cd5bbccc4d96fc1f853405bbb4f51b933ebb2f7c1eb97c3013610c1dae.npz
L0,primary,intact,720575940611740569,approach_20,17,0.0003178032854196892,8.77893538065411e-05,0.4249999999999998,2.3997782132970564,traces/175c756c6fdac7f4fe98957aa8016a0fff337d1a4163f264eff837a0e2501d5c.npz
L0,primary,intact,720575940611740569,approach_40,17,0.0003663016527800911,0.00012610319922912747,0.79,2.7166968924784474,traces/b22f98d5ff7fe863bfc784cc31cc7ac21e8fd5889907832790723768ce3a1c24.npz
L0,primary,intact,720575940611740569,approach_80,17,0.00038625480151778096,0.00017053787956454363,1.5150000000000001,2.568464463944184,traces/f4f37b5bade59c68b6160227714038f7b56c8503bfd5b0dc3c529db92c268680.npz
L0,primary,intact,720575940611740569,bright,17,0.00042588980321798755,0.00013500482422703226,0.6349999999999998,0.8885515521096768,traces/d48a71df95f25a819632d6dbce94e32645e7b8ea504c93612ecc36d55a980256.npz
L0,primary,intact,720575940611740569,small,17,0.00035702860318567167,0.00016073157598206521,0.9649999999999999,0.7842806103647211,traces/a0436af8df28b12c8e014b46cd1bf4d1d70a198debd51ace40c13af4a135f2de.npz
L0,primary,intact,720575940611740569,offset,17,0.000656654182363783,0.00041935384142283215,2.3899999999999997,0.44692719513219126,traces/d15994e7cd9fb1c1828c63c9b2af2900439fd6afaf7aca2fea5fbef7c157627d.npz
L0,primary,intact,720575940611740569,shuffle_time,17,0.004468185507237126,0.00985868682337998,2.13,3.5548176669311777,traces/a5a71896883a743bc679a6a95312aa1884e8cbc066604f6c0715f536e078c3eb.npz
L0,primary,intact,720575940611740569,blank,17,0.0,0.0,0.0,0.0,traces/bc112ba7db4fff97c1c768430665a43149f11619bac6b2f416ec41289ccbe6d8.npz
L0,sensitivity,spacing3,720575940611740569,expand,17,0.00037651954067172535,0.0001011194545631134,0.5150000000000001,1.0341304768905775,traces/88f8ffbff2da04e2d88640a14104b6b44b18ec71d3870852b58eee8277cf268e.npz
L0,sensitivity,spacing3,720575940611740569,recede,17,0.002950105919615384,0.0024645121071814,2.2,1.7726445230837586,traces/6d0fa30475849bbe6a0337c0aa9c1874ae17d1d35a602839071a56c516f0ec5b.npz
L0,sensitivity,spacing3,720575940611740569,dim,17,0.0,0.0,0.0,0.0,traces/087ff301a19f28a1f88c8b8fc50910dfe03b214f3685360b60270e9742aae9a2.npz
L0,sensitivity,spacing3,720575940611740569,grating_0,17,0.0010026597922561595,0.0012173769693747576,1.62,0.9410040396036365,traces/485aabe44fb881483bcbfd4ab557b0a039349fd3a57f548637f864037ef06bf7.npz
L0,sensitivity,spacing3,720575940611740569,grating_90,17,0.002439141856872763,0.0032540003639829913,1.975,2.404088649126004,traces/8faf2450ea37c19deef742694f482616a60c720102c110c27f18ab9b53dd187e.npz
L0,sensitivity,spacing3,720575940611740569,grating_180,17,0.003170750715237046,0.004669903712925222,1.13,1.836525256651468,traces/370bcd81da27c50789c9ca342b7678b2c26f77f36193488952a7eab490afa08c.npz
L0,sensitivity,spacing3,720575940611740569,grating_270,17,0.001271175289959501,0.0013940189129251121,2.05,4.573933200499925,traces/e09f563ac346d6e52675673a0fca7bebb424609ac930655d65f2d7fac26c9244.npz
L0,sensitivity,spacing7,720575940611740569,expand,17,0.00035751287400063135,0.00017504212708744417,1.42,0.7050461615020062,traces/1a1de9b80d68a5b3e0f984da295d918c334a02f65c41325f2883f9f56d7ab587.npz
L0,sensitivity,spacing7,720575940611740569,recede,17,0.0016154596015479125,0.0020436602380877146,1.0699999999999998,0.8833606888048116,traces/9ee5d8453f437847410222bbb6f372a064e46af95fed9b1414b0fa1cfbcb6450.npz
L0,sensitivity,spacing7,720575940611740569,dim,17,0.0,0.0,0.0,0.0,traces/c5855ff0529fc9fedea06a3bdd87088bc3e1df43061ab347a8c4247461b864f8.npz
L0,sensitivity,spacing7,720575940611740569,grating_0,17,0.000389369642985006,0.000380174616335212,0.5449999999999999,0.3557930231808655,traces/0d9aa88b6e5609de461a061f9f9e82276a2b9bf466cb4826b712a3daebf151ef.npz
L0,sensitivity,spacing7,720575940611740569,grating_90,17,0.0021131896202357205,0.002864371614769709,1.56,1.581520608078661,traces/3aea5d4e8405d8533c210864de1467c042fa8007212206dc1cca67ce4bdd24a6.npz
L0,sensitivity,spacing7,720575940611740569,grating_180,17,0.002327433382769125,0.003290761312369845,0.8649999999999998,1.279842762081035,traces/bf08f2f13200332198609967a28909c77068216c0a12402c50369e1e8d199233.npz
L0,sensitivity,spacing7,720575940611740569,grating_270,17,0.0016495277664755543,0.001624798123729335,0.565,1.7897844725861263,traces/b42bf29dae0dc2664f8190ecdf8c362ca788b316e658b65c6e9e6cf5347778a8.npz
L0,sensitivity,mirror,720575940611740569,expand,17,0.0010376127220709456,0.001168928994642677,0.605,1.1764302677053875,traces/b392f297c9567b033ebd021265c8d0c12164ad7f5e551ceef1878fbb2fe40fb9.npz
L0,sensitivity,mirror,720575940611740569,recede,17,0.0015312442678683078,0.0013136053163240189,1.9449999999999998,0.8162954670238576,traces/6e54ea5cc1801a592411e1b5e492926e81849fbf29c8df80f1e668e5437fbb03.npz
L0,sensitivity,mirror,720575940611740569,dim,17,0.0,0.0,0.0,0.0,traces/3acab4ffa3f10f3bc50257376eea9b479c854ad986521e59848cde3daa27f9f8.npz
L0,sensitivity,mirror,720575940611740569,grating_0,17,0.0008291787745012148,0.0008890337446691302,2.075,0.9366563805826236,traces/ad476c82e6cfb2ce13018f8ff9b58da79545ff0dc80883efe22ca6395e92eb8b.npz
L0,sensitivity,mirror,720575940611740569,grating_90,17,0.002158993117436283,0.0033720507433501945,1.7650000000000001,2.2430715904562364,traces/91625fe6064cd155d9578646226fa929b1da262aafe7a96d0d53967e8bef2e78.npz
L0,sensitivity,mirror,720575940611740569,grating_180,17,0.0033364026638673756,0.004208856137850168,1.1800000000000002,1.6338401852886717,traces/b1555503053146ed7322bab2017167f52828ab7e4aa0aca65e0dc8bbb8dfb195.npz
L0,sensitivity,mirror,720575940611740569,grating_270,17,0.0016756306510478792,0.0014795832563746416,0.77,3.6704348783593086,traces/9ac5032fa16ead39eccc9a785583186c19908bca2dd4638f4b7493bb644f4b80.npz
L0,sensitivity,axes_minus45,720575940611740569,expand,17,0.00063152793068539,0.000448851878073319,1.045,0.9494087805906268,traces/e5266a8f4ca771122279d2992ad990be812e77d44e9a1b74247f78fbc2c655c3.npz
L0,sensitivity,axes_minus45,720575940611740569,recede,17,0.0020154224470009465,0.002068603831053945,1.605,1.4692103649490718,traces/8a6eafde81bb836038b36b765cb5cd545cb655d18a7f848167f21f56d8fe8bc6.npz
L0,sensitivity,axes_minus45,720575940611740569,dim,17,0.0,0.0,0.0,0.0,traces/48a9b762ff2a54937100a440170cce9d62861dd67aa64d0b971f0a774078b7c0.npz
L0,sensitivity,axes_minus45,720575940611740569,grating_0,17,0.0033472449665206266,0.004183359061138751,1.025,2.8812508609330907,traces/4614ab61ca3d96f3f3b29907ef94faa6109f68fb61ca2c527bbd68a4dece4a3d.npz
L0,sensitivity,axes_minus45,720575940611740569,grating_90,17,0.004304740585285628,0.00745557009222015,0.8249999999999997,3.5172064192828145,traces/e8fa427cfbcaa8b7c8c3a42a99d6916bc23fedf48aa112fad31d1247e89ab5c8.npz
L0,sensitivity,axes_minus45,720575940611740569,grating_180,17,0.004008505793744846,0.005571846172572115,2.045,4.567047583727815,traces/5865375658127efc3ffabbbe6aca72315e5b31e98895239d0bd3a8984780f342.npz
L0,sensitivity,axes_minus45,720575940611740569,grating_270,17,0.0017301531942254202,0.002297233340216347,0.81,3.5121081036365744,traces/16462c3637b97430181d416f142ba4c50b86bb8ff237278e322d753f4207d46f.npz
L0,sensitivity,axes_plus45,720575940611740569,expand,17,0.0009315319315044074,0.0003178979589687167,0.46999999999999975,0.8261294513044469,traces/4fc1a8dff8aac66984963396bc605bea55a03891a8725b94e72688bf137dae2b.npz
L0,sensitivity,axes_plus45,720575940611740569,recede,17,0.0019136744448159273,0.002146062166331883,2.2750000000000004,1.460355083633527,traces/662fefb8168592ceb1e3a39afcdb8997e0f89b2f7707f6be834758f1007ad1a7.npz
L0,sensitivity,axes_plus45,720575940611740569,dim,17,0.0,0.0,0.0,0.0,traces/33436b1348876fa26db41505a2b4f3af0f9c10d8eac6e3dc697c0a52721348e7.npz
L0,sensitivity,axes_plus45,720575940611740569,grating_0,17,0.00173158974923854,0.0022969600970970823,1.13,3.92299240772162,traces/7a5f72a6348723c0dfa30888ee58239a9c6a6a30d900f9015e5bf151179f5841.npz
L0,sensitivity,axes_plus45,720575940611740569,grating_90,17,0.0024641871701631102,0.0041833326413561935,1.83,2.3961743181199697,traces/745b4d9ff018a5d9e0afc26d447c7c72633ad62caef42b0d160d460b0efdd8a8.npz
L0,sensitivity,axes_plus45,720575940611740569,grating_180,17,0.004905601361476252,0.0074582817297423115,1.25,3.7852270914074553,traces/5aba7c4394a45de43af7e41d8061bb63525f70b01df9d967b4f19901b2607d53.npz
L0,sensitivity,axes_plus45,720575940611740569,grating_270,17,0.0037303523141855757,0.005569441006484337,0.815,4.62365811968438,traces/3da05bf850dd996762af12b459dd1dfe1a34fd42fa677343a39fb155191ea4c9.npz
L0,sensitivity,tau20ms,720575940611740569,expand,17,0.00037799264246262255,8.659248589355946e-05,0.9049999999999998,0.6061066934388772,traces/66bb63f5f8dd4796efa8e41b9289d9980b756a56cfe7fddbf4a575de8b16cb44.npz
L0,sensitivity,tau20ms,720575940611740569,recede,17,0.0012610495488665193,0.0009610761245194459,1.835,0.7940192565517654,traces/798c3068d2f804ab8988af8c530c063c7cbec5bc05874e110339d600e0a48ed1.npz
L0,sensitivity,tau20ms,720575940611740569,dim,17,0.0,0.0,0.0,0.0,traces/1e66b8a287b049c8de527fb6feacd543b2337bd29aa64c7d4a5ca8b2fff240f5.npz
L0,sensitivity,tau20ms,720575940611740569,grating_0,17,0.0007625962469470768,0.0003539824906131861,1.0750000000000002,0.8209765715999802,traces/7749f00814aca84fedfe90a4bbba572cc2b0e2077c8aadaa50afb4d813ac5be1.npz
L0,sensitivity,tau20ms,720575940611740569,grating_90,17,0.001694264407307767,0.001357044468774405,0.7250000000000001,2.01355345068787,traces/801f55ac51ad360e6ab34b23ef4204d2c373337b2f50eee58db24288bf81f497.npz
L0,sensitivity,tau20ms,720575940611740569,grating_180,17,0.0025471762805261465,0.0016940570158636252,0.9550000000000001,1.135577064956665,traces/a479446f34b2210cf21b0b7024097a5c8655dab33829ac889f60406d3fb1ac70.npz
L0,sensitivity,tau20ms,720575940611740569,grating_270,17,0.0014900022258317268,0.0006100777617932211,0.7250000000000001,3.1826107714370533,traces/8ede731b4912d5db6f73aa3425930ff09cc6b00578c800d771903f9ce2832674.npz
L0,sensitivity,tau100ms,720575940611740569,expand,17,0.0003708345407835238,0.0002580286448782707,1.0350000000000001,1.1576283701114083,traces/22730401adfcfad1d8a435aad6759a72a09aef56e9ba5ec7a70a501246110593.npz
L0,sensitivity,tau100ms,720575940611740569,recede,17,0.003237620828432455,0.004594266713613086,1.6800000000000002,1.9964470905177587,traces/4cef866fce5e6cd5a812fe66c7f89bd4bdd69089cded826c923d4f87d0c46b0b.npz
L0,sensitivity,tau100ms,720575940611740569,dim,17,0.0,0.0,0.0,0.0,traces/0c13697f46d9e27e994fb757181d84550a8d28e2058b8f3a628be2a8fa55b6b1.npz
L0,sensitivity,tau100ms,720575940611740569,grating_0,17,0.0012580781257258032,0.0018660399614986258,1.17,1.2170730556233609,traces/af35ac38452e6cc1c4e422d6c75ddf58e0bada6b938f434cd8e16e6fd0978627.npz
L0,sensitivity,tau100ms,720575940611740569,grating_90,17,0.003472847336972299,0.006120775663117322,1.9100000000000001,3.3923830273227162,traces/c95e1f0f4b78c60043a0e36768dd76980299190e0b5b655dc87cadbc41a8e8b4.npz
L0,sensitivity,tau100ms,720575940611740569,grating_180,17,0.004482158227737098,0.007613440777895324,1.185,2.551875654782104,traces/21ca6b9a380b69a758bfb2af4214967337592cc494574866c4f484804a9b414b.npz
L0,sensitivity,tau100ms,720575940611740569,grating_270,17,0.0023585775180518425,0.0028101406160755417,0.875,5.334251466745,traces/1891fe04f7a8323c45e737bb92f2882322fb9f0464f8d9df7de8ab3f064050ea.npz
L0,sensitivity,gain_half,720575940611740569,expand,17,0.0001887729336165419,8.489330602260628e-05,0.9649999999999999,0.7842806103647211,traces/a346773f2faf362fef6667f1d64afa6dcc9b0036312ecb95f7c2f09ab9eb77c3.npz
L0,sensitivity,gain_half,720575940611740569,recede,17,0.001020943375682556,0.001200185128520285,1.6400000000000001,1.1999802880450403,traces/f21d92fbde5c4fb79cdc89f968dc9462f842fa747e0ee0639b42a0fda0b411c8.npz
L0,sensitivity,gain_half,720575940611740569,dim,17,0.0,0.0,0.0,0.0,traces/317dbe932119d6400cee2fdbb64ab4d9ca161013d41b1ef06938682fd40bc2ac.npz
L0,sensitivity,gain_half,720575940611740569,grating_0,17,0.00043720423203539807,0.0004446045273915625,1.12,0.9644470569017919,traces/eae69bc18e7ac8a80fad8d2457c4b63421f89fa397a21c527ffb46753ee4b3b2.npz
L0,sensitivity,gain_half,720575940611740569,grating_90,17,0.001081482820115384,0.0016914371554657853,1.7650000000000001,2.2430715904562364,traces/30430a0113fbcb4314ad33252d2bb5b632b9221dfa3ea503a8298ed3e34330f1.npz
L0,sensitivity,gain_half,720575940611740569,grating_180,17,0.0015184998362099292,0.0021045042367913436,1.0,1.7281119191872372,traces/a95fc6d4bb5ea4bf901392d8c2c8597775071b11265dc6e969817541f1e1c281.npz
L0,sensitivity,gain_half,720575940611740569,grating_270,17,0.0008905960893558383,0.000840633864115367,0.77,3.6704348783593086,traces/d326748c259685c5dc052b2d630b13066eea83b175f990b7ee4feef0731e381e.npz
L0,sensitivity,gain_double,720575940611740569,expand,17,0.0006359192488979855,0.0002888827536154137,0.9649999999999999,0.7842806103647211,traces/69d7df12b9640f0a4939c9f02f60e076bcfdb4849e81fa3f6e82b21ca72de9df.npz
L0,sensitivity,gain_double,720575940611740569,recede,17,0.004055718552409107,0.004710548946969897,1.6349999999999998,1.1999802880450403,traces/42df28bfb21f0476908bed238c06011d71de5cc20ba68e2205b09d1ef64e1523.npz
L0,sensitivity,gain_double,720575940611740569,dim,17,0.0,0.0,0.0,0.0,traces/caba9fba13c98cf6ee0c75eb1a61454a0d15e6570622117e1c7905850597cab8.npz
L0,sensitivity,gain_double,720575940611740569,grating_0,17,0.0017488169281415923,0.00177841810956625,1.12,0.9644470569017919,traces/be17f70a65e5e81ec88cf7f1d893cd53e00d8c1530d6fc3758c7cd600c9999d1.npz
L0,sensitivity,gain_double,720575940611740569,grating_90,17,0.004302100268251572,0.006700807216374883,0.7650000000000001,2.2430715904562364,traces/badd3188354782d004e6665ec5ed98e3b8fc6edf91b19e4602b6818f8a7e5955.npz
L0,sensitivity,gain_double,720575940611740569,grating_180,17,0.006073999344839717,0.008418016947165374,1.0,1.7281119191872372,traces/1700a69fc39a2a66c583e24786e765e8f12d6a7b19e0ab73cfa711776b3c6cf5.npz
L0,sensitivity,gain_double,720575940611740569,grating_270,17,0.0029293038534756836,0.002250048850764284,0.77,3.6704348783593086,traces/78c34738c8b7cac88e0c40ab491baad3613b6c9f666be9e2e19ba3a835c917a1.npz
L0,sensitivity,lpi_zero,720575940611740569,expand,17,0.00039806314344286836,0.00017944684498276295,0.9649999999999999,0.7842806103647211,traces/ec5794f4bba71b058cd051aacbbf9689be7a9d56304a27a548b5f779b2b6c6da.npz
L0,sensitivity,lpi_zero,720575940611740569,recede,17,0.0020467485596401187,0.0024156407348775054,1.6400000000000001,1.1999802880450403,traces/478ade21b79cbdf83ff56ea4f0ca9d70f07844c7dd5543c838715c57a5b237b1.npz
L0,sensitivity,lpi_zero,720575940611740569,dim,17,0.0,0.0,0.0,0.0,traces/16e139748ecc417f0ef9add2f043a0a90847da77027d1ac1390d5288b4ca5982.npz
L0,sensitivity,lpi_zero,720575940611740569,grating_0,17,0.0008744084640707961,0.000889209054783125,1.12,0.9644470569017919,traces/becd3c3829f851dcd32d3d59a2b3d4c5960aae3f3b97b19a22ac862da4394ce8.npz
L0,sensitivity,lpi_zero,720575940611740569,grating_90,17,0.002166938163025252,0.003393697878512947,1.7650000000000001,2.2430715904562364,traces/2048aa59facd1229eedfae210f7a7d26c6f9d40444cf3cd274aba579f6e6922c.npz
L0,sensitivity,lpi_zero,720575940611740569,grating_180,17,0.0030369996724198584,0.004209008473582687,1.0,1.7281119191872372,traces/fdc75f5344a74bec40c844750918c4f4eedc346536e1b8191daea72f280ce730.npz
L0,sensitivity,lpi_zero,720575940611740569,grating_270,17,0.0018867581067341468,0.0018903489346164914,1.77,3.6704348783593086,traces/00f9f6137e1595efa67b77a63ba73fcf59b335cd4520a01724824a1087ccc4fd.npz
L0,sensitivity,lpi_half,720575940611740569,expand,17,0.0003775458672330838,0.00016978661204521256,0.9649999999999999,0.7842806103647211,traces/dd11641bd1bbaa2f8ac6abb24afa7b695dd4be30daea815e0d098ec807bdc8c9.npz
L0,sensitivity,lpi_half,720575940611740569,recede,17,0.002041886751365112,0.00240037025704057,1.6400000000000001,1.1999802880450403,traces/d3c92721351e0e4eca0e9c9a02939872e108ecebf8ef0ec7df254bbd6537970b.npz
L0,sensitivity,lpi_half,720575940611740569,dim,17,0.0,0.0,0.0,0.0,traces/9ce8597f7f717b876d4676122780320225e8f27424cd56416fccd9bd819ba941.npz
L0,sensitivity,lpi_half,720575940611740569,grating_0,17,0.0008744084640707961,0.000889209054783125,1.12,0.9644470569017919,traces/f4c7a0e4e59b708e9f513c393963e0c5ebeb36353bed62d391e28c5db09e9619.npz
L0,sensitivity,lpi_half,720575940611740569,grating_90,17,0.002162965640230768,0.0033828743109315705,1.7650000000000001,2.2430715904562364,traces/eb6522a348d5407b3d0a72a5dfaa69a2d108daff509626ac17bdef33f55b2c72.npz
L0,sensitivity,lpi_half,720575940611740569,grating_180,17,0.0030369996724198584,0.004209008473582687,1.0,1.7281119191872372,traces/1ef174eb2177a01349493c74b7cebee01d59ce7c2d226ba15257ade682ae8c77.npz
L0,sensitivity,lpi_half,720575940611740569,grating_270,17,0.0017811921787116766,0.001681267728230734,0.77,3.6704348783593086,traces/72d4a99cc68f5ff4c7d4b24a73ac9693e29db883bf00dc606cf1d5f0f9e6198f.npz
L0,sensitivity,lpi_double,720575940611740569,expand,17,0.00031795962444899277,0.00014444137680770684,0.9649999999999999,0.7842806103647211,traces/def488bcfea4a35c4a1d36379dad85e73116f85f6320aaf2132812f27cdf5c01.npz
L0,sensitivity,lpi_double,720575940611740569,recede,17,0.0020278592762045535,0.0023552744734849484,1.6349999999999998,1.1999802880450403,traces/8220eaa5b2fb07efcd8c69dc34fff4508e455eaa82041eaf1a75b97fbb6c8460.npz
L0,sensitivity,lpi_double,720575940611740569,dim,17,0.0,0.0,0.0,0.0,traces/a38a312effdc35045e95de63da346a06727fe75ba6ead438823193cfa1131d09.npz
L0,sensitivity,lpi_double,720575940611740569,grating_0,17,0.0008744084640707961,0.000889209054783125,1.12,0.9644470569017919,traces/1932e042db9018b9d89ca53e3b308e14c25748aa46fa08c6bd8222895cb79e50.npz
L0,sensitivity,lpi_double,720575940611740569,grating_90,17,0.002151050134125786,0.0033504036081874414,0.7650000000000001,2.2430715904562364,traces/9ea0bd29bedf5e1f5f85f2d74734188b89b8fd249a308de8c4a0426cc996d31e.npz
L0,sensitivity,lpi_double,720575940611740569,grating_180,17,0.0030369996724198584,0.004209008473582687,1.0,1.7281119191872372,traces/69236af741dcc9c379863333031709556019b87b743a6cf1b99d204e27b163c9.npz
L0,sensitivity,lpi_double,720575940611740569,grating_270,17,0.0014646519267378418,0.001125024425382142,0.77,3.6704348783593086,traces/897166a4c212887e5e744dc431038b152d6a1d15697d4028f10ac17abf83b0ac.npz
L0,sensitivity,dt_half,720575940611740569,expand,17,0.00034716983505086557,0.00015766736636588593,0.9649999999999999,0.7662865808096543,traces/f56c993c91003e814b8582cad00988f101de86eb69ee565b704bdcf6681fba33.npz
L0,sensitivity,dt_half,720575940611740569,recede,17,0.0020405821858816083,0.0023837583072974086,1.6350000000000002,1.1963021776095435,traces/34ff7c0fc88baa1bd8d55fc55267574d862a7d2ea14847cc7bd29b9d11c96b21.npz
L0,sensitivity,dt_half,720575940611740569,dim,17,0.0,0.0,0.0,0.0,traces/afc53a78a5ac30a2a29df4dc8e4c3568d8c1413c861e9d3719703db6d9d279d6.npz
L0,sensitivity,dt_half,720575940611740569,grating_0,17,0.0008594087139828959,0.0008898308783427514,1.12,0.9459432021489502,traces/a62954350f9cf6f5b1864d037f6a8d1af22b06da9506fc21f8ba585d6703fc9c.npz
L0,sensitivity,dt_half,720575940611740569,grating_90,17,0.0021365383448595622,0.0033689699962932535,1.7625000000000002,2.209119181553759,traces/e592887622997171308a00252b5d4fb07bbb4e965eb2adec857351d70dc0e1fd.npz
L0,sensitivity,dt_half,720575940611740569,grating_180,17,0.0029962453600781303,0.004205084849992489,0.9975,1.721004493851221,traces/331b9187b73d4d978b4ce578a37e957f11ef0f2afdb27d52ce045ee3d535a7a0.npz
L0,sensitivity,dt_half,720575940611740569,grating_270,17,0.001650558385090239,0.0014777167874790156,0.77,3.61828044931801,traces/785f69114fcc80145c77eb5f2f67d88c9d4bba7a85176e2fe63d1bec8fdf70ef.npz
L0,sensitivity,retained_norm,720575940611740569,expand,17,0.0007561265164812217,0.00034205544256523003,0.9649999999999999,0.7842806103647211,traces/c0f5d48ef6f62c393b5029c4a9f286700dca794e3c8e6f4226aa78d6f30a9e8e.npz
L0,sensitivity,retained_norm,720575940611740569,recede,17,0.004656722082880886,0.005423543267958172,1.6349999999999998,1.1999802880450403,traces/a5cdcce80de1403e575b6c175f37080ae639c7346896053a1b5d8e37267ecb00.npz
L0,sensitivity,retained_norm,720575940611740569,dim,17,0.0,0.0,0.0,0.0,traces/d5d062db3ced5473037a9c23a83ca5a83fb447e83c30745853c8aad8c5631dc2.npz
L0,sensitivity,retained_norm,720575940611740569,grating_0,17,0.0020048031741449262,0.002038737282125948,1.12,0.9644470569017919,traces/7997279b8265b4536b34465493bca3c441508385a889c05e98223a7a0d747ba8.npz
L0,sensitivity,retained_norm,720575940611740569,grating_90,17,0.004937833091291008,0.007697994980076809,0.7650000000000001,2.2430715904562364,traces/d32388737dd8b35653b5343c19414f32c45c516134a0162e53f5cc68a1c5e136.npz
L0,sensitivity,retained_norm,720575940611740569,grating_180,17,0.006963092002562631,0.009650219427837406,1.0,1.7281119191872372,traces/fc4d6b88b33f478c5629177e7946ba84522dd01c70e3bd20a84ebd8de86a431d.npz
L0,sensitivity,retained_norm,720575940611740569,grating_270,17,0.0035107656407871632,0.0028156962694470167,0.77,3.6704348783593086,traces/143a6305f2132dba460a716438b512a7f35ebed858e2c698e81ad3eaaf623daa.npz
L0,intervention,route_remove,720575940611740569,expand,17,0.0,0.0,0.0,0.7842806103647211,traces/48f2a14213927cb353ac2cf77b5d233bdbf9f75481cd3e3cb55cd51598606000.npz
L0,intervention,route_remove,720575940611740569,recede,17,0.0,0.0,0.0,1.1999802880450403,traces/c905efb53f8588a3798b33d366033a298cf001de94549c49b5d2ad8cce1d7dd2.npz
L0,intervention,route_remove,720575940611740569,grating_0,17,0.0,0.0,0.0,0.9644470569017919,traces/d64845a76a93a7ae2acb7ba0eaad3a7c9de29fa55e42f4f1e175c500bce76e4a.npz
L0,intervention,matched_route,720575940611740569,expand,17,0.0003978887961777372,0.00017778313265706962,0.9649999999999999,0.7842806103647211,traces/8d2c3d2e72e1271be1ae73d3796ea25014b92d4a613ee7fd7dc0095ee59f5c18.npz
L0,intervention,matched_route,720575940611740569,recede,17,0.002042839695886622,0.00240775774482547,1.6400000000000001,1.1999802880450403,traces/c62b7c90dfb2d6629d966e26e9ede38f91c70e25a9decf0d69ae0df18df7bb8e.npz
L0,intervention,matched_route,720575940611740569,grating_0,17,0.0008744084640707961,0.000889209054783125,1.12,0.9644470569017919,traces/9fba1fec941047ea3e5e6baf777e49f1ea31c6a48e70e4dd2185eb8e86741859.npz
L0,intervention,lpi_remove,720575940611740569,expand,17,0.00039806314344286836,0.00017944684498276295,0.9649999999999999,0.7842806103647211,traces/c117c69357fb8b78e198a9db18c6f8730d252e27f665f39d082cb411e16a421d.npz
L0,intervention,lpi_remove,720575940611740569,recede,17,0.0020467485596401187,0.0024156407348775054,1.6400000000000001,1.1999802880450403,traces/47dbffaaffa52e0c4f257c98e6e84e45123cbae21f29032235d925ac07792279.npz
L0,intervention,lpi_remove,720575940611740569,grating_0,17,0.0008744084640707961,0.000889209054783125,1.12,0.9644470569017919,traces/dee0bbd8357ee4c37bb422a0a03b1c914e38cd47bff468c1b46d1f124af6e2db.npz
L0,intervention,output_silence,720575940611740569,expand,17,0.0,0.0,0.0,0.7842806103647211,traces/b5e51942a0b79ff4c44ebc36b62ba8621c2cb4d1baf2364b0611143447e620ae.npz
L0,intervention,output_silence,720575940611740569,recede,17,0.0,0.0,0.0,1.1999802880450403,traces/290f4083216733fd50e384b37ca4aa827fcda4a8c9c5b3c93c3e3b006a09bef1.npz
L0,intervention,output_silence,720575940611740569,grating_0,17,0.0,0.0,0.0,0.9644470569017919,traces/a01f82576e0c3ba1a89dd1968540aa39ad53518e2b02108facd1022ff497a457.npz
L0,intervention,shuffle_space,720575940611740569,expand,17,0.0013381358240321995,0.0006935140627128599,1.0550000000000002,0.7842806103647211,traces/ca84428a00218a814bc3611569ccca7024dbe17559a810e474c66245baa2db84.npz
L0,intervention,shuffle_space,720575940611740569,expand,29,0.0009515974174297035,0.000649142832612611,1.625,0.7842806103647211,traces/0a3fe24700e663af06af6703ec15fd3ba0d08b1e852193939740261ea1510126.npz
L0,intervention,shuffle_space,720575940611740569,expand,43,0.0008277399655278414,0.0005289119235866968,1.0699999999999998,0.7842806103647211,traces/2ed526a67ccd19a94f04e1f37e0d402e970982de46488766a3cbe451189adf55.npz
L0,intervention,shuffle_space,720575940611740569,recede,17,0.0015309654808940954,0.0017134172953267813,1.67,1.1999802880450403,traces/6a19a8d8e68827db739259a2f0471469dd5fdf397fcdd6705bd173282dbafb7f.npz
L0,intervention,shuffle_space,720575940611740569,recede,29,0.0011961398339238477,0.0014867014330706692,1.08,1.1999802880450403,traces/385aea001a29afd35088e7789c29198340a1475d81d503770c049dff2dbbab51.npz
L0,intervention,shuffle_space,720575940611740569,recede,43,0.0011838335359218276,0.0016073657916049373,0.7999999999999998,1.1999802880450403,traces/031967a0bc5ac93c9d00085b5d78b3f7984c60eb929eec99ca677e3112f6af33.npz
L0,intervention,shuffle_space,720575940611740569,grating_0,17,0.0008835942327970176,0.0009513705285316408,1.33,0.9644470569017919,traces/a6cbad50a1078a3d79b79c059f7190a503b96e45f33627ebe4f861f52945d68d.npz
L0,intervention,shuffle_space,720575940611740569,grating_0,29,0.000646067423474642,0.0007000793096734857,1.1149999999999998,0.9644470569017919,traces/096c8c42ca3f6c28ef3bbfa7ab9bbab3d86b414316ef7a90139a19b77a72e878.npz
L0,intervention,shuffle_space,720575940611740569,grating_0,43,0.0003656399010424654,0.00038679188787451793,1.1099999999999999,0.9644470569017919,traces/6897a180b4db8cf147cdc9b7b17e926f94c4b7e92adf0cd7ecd2fd38a9066375.npz
L0,intervention,sensory_lesion,720575940611740569,expand,17,0.00035702860318567167,0.0001607315862518726,0.9649999999999999,0.7842806103647211,traces/f90b0adcdee968f84d70309a4c0748b0d032b0812e6fbc7a4e8b2b3bc62b340a.npz
L0,intervention,sensory_lesion,720575940611740569,recede,17,0.0018862744260568372,0.0019057193704250777,1.96,1.1999802880450403,traces/e6c0a92fd30eb183b68eeb605ae0f9e4772bc1c0c2eade6cce487f90027d54a7.npz
L0,intervention,sensory_lesion,720575940611740569,grating_0,17,0.0008744084640707961,0.000889209054783125,1.12,0.9644470569017919,traces/2cb1389dbd8d3eecc61188d3874610990e5ccd5eb3dcc5a37cf2d44c75b7efb3.npz
L0,intervention,matched_sensory,720575940611740569,expand,17,0.00035702860318567167,0.0001607315862518726,0.9649999999999999,0.7842806103647211,traces/00d2c71e95a2b1d13ec90fd0bbf5721bc1bd1c5bbb6657727bf3ae2ce84849e9.npz
L0,intervention,matched_sensory,720575940611740569,recede,17,0.002037163754956482,0.0023853447421721525,1.6349999999999998,1.1876352560841013,traces/47869367e2716d617d1ab5f57b72b8cd027e9e887b3ee58c6f89303931881266.npz
L0,intervention,matched_sensory,720575940611740569,grating_0,17,0.0008744084640707961,0.000889209054783125,1.12,0.9644470569017919,traces/0b4b6d6d812b4d9a65d931b5c216c28ad652ae0b9b2ff46cfffe1b9099aead26.npz
L1,primary,intact,720575940623047629,expand,17,0.0005075235283065331,0.0002384087181553898,0.33000000000000007,0.8738144556037374,traces/01179e6b0709676305ea36f2f08d9bdc6241acef50a452524800e4409a5a9177.npz
L1,primary,intact,720575940623047629,recede,17,0.0016041035992089287,0.0020810715918319136,1.415,1.1648941946681028,traces/97fc8ae01918670b5849b852d03881ce5382624e6e000e6db107065aaa2337ea.npz
L1,primary,intact,720575940623047629,dim,17,0.0,0.0,0.0,0.0,traces/af5c4ceeed73f4b9f0f5cb18077a5e6c362e2f287fcbea4a7f249231fff902f0.npz
L1,primary,intact,720575940623047629,translate,17,0.0009706708199508383,0.0005093522069030207,1.08,1.0419172747256367,traces/63ca6a2043fca490addf254e056c4e7073c3b7b99b86253e31e5671265d196a2.npz
L1,primary,intact,720575940623047629,grating_0,17,0.0009546294835092008,0.0009257974174525284,1.08,1.146174012634744,traces/524cd997ac380702e2f8a0f11c017f741f30f68fa55c3b03ce34e741e5cb35bc.npz
L1,primary,intact,720575940623047629,grating_90,17,0.0018851281847124574,0.002991186162432311,1.005,2.8543823632108576,traces/b470012ce1001c7a24f26549690eae4232ae57c565d7a8165ebe6eabee2c6634.npz
L1,primary,intact,720575940623047629,grating_180,17,0.002906161835610825,0.003570966891406723,2.0300000000000002,1.541651323931052,traces/7d75819bc5a620e0ebd70c7cf5057cc043b4c16d9a54c42b2b1c2904c7287c85.npz
L1,primary,intact,720575940623047629,grating_270,17,0.0009073818895195313,0.0008995509605217859,1.27,3.447923695815512,traces/a1015a02a9f3d281a082b695c84d6ea29331726b4b91f4e5c5227d1e076b9300.npz
L1,primary,intact,720575940623047629,approach_20,17,0.00069145184009246,0.00016675702428175154,0.3849999999999998,2.3912574421452435,traces/f59d393c118004315793a7f9dcab27a6b9f93954cf4f0c8c2f126dc77532c1ac.npz
L1,primary,intact,720575940623047629,approach_40,17,0.000515507012376378,0.0002096941346901956,0.7149999999999999,2.8210148808976223,traces/98fc4b317b14f30609db345c0f5195e7fd76d43e7303b73e47fe40eb428672c4.npz
L1,primary,intact,720575940623047629,approach_80,17,0.00043682690258068225,0.00023535162319059263,1.005,3.0450305977659533,traces/cdcd212e1ae3bf7c3f14caa117df51f1c95506dfc338fbea72f07a556249f52b.npz
L1,primary,intact,720575940623047629,bright,17,0.0002876304747565538,0.00011777547319458123,0.6099999999999999,0.9155197627825279,traces/23c46bc637096d9817940ff8b1be770b138afa27a84da3ba52b4310a7eaffc02.npz
L1,primary,intact,720575940623047629,small,17,0.0005075235283065331,0.0002384362401897081,0.33000000000000007,0.6038925433490556,traces/dd58d4e78959fddecd91c18c473587a27f72f0f092d9299a60b5ed267d744279.npz
L1,primary,intact,720575940623047629,offset,17,0.000236033975720962,0.00016699315409149078,2.2800000000000002,0.5878025681210105,traces/3d32804b8451a82df1e0ca440ca0c9360ce35ff9750212a4b2ef121a196d1909.npz
L1,primary,intact,720575940623047629,shuffle_time,17,0.0035915395611049463,0.008094575340564288,2.13,3.716920552706991,traces/ebebf1ed6c58c7172124dea7bf62d98f2af8d3c0c50ee6c7d00255e6a291d0c3.npz
L1,primary,intact,720575940623047629,blank,17,0.0,0.0,0.0,0.0,traces/94eb63b31b4801314d151df615612e6c43c9c0d4c3a40f5d785d6b4a270c9062.npz
L1,sensitivity,spacing3,720575940623047629,expand,17,0.0004684094818909998,0.00017006062892835762,0.16999999999999993,1.4019670621081814,traces/3a8606dd982307b6873f27510559355f4798196be4690d0fbdff42b6c1845916.npz
L1,sensitivity,spacing3,720575940623047629,recede,17,0.002101164914486889,0.0021412191637184145,2.075,1.7130857357721454,traces/2e751b548478513b41b4083122f3f3371f410e770ee816656b9c2ce0b4992ece.npz
L1,sensitivity,spacing3,720575940623047629,dim,17,0.0,0.0,0.0,0.0,traces/b478f036dfa21a919cdbca17a88144ee7f17f2adae7e01d6aa4fa68ed0b7da53.npz
L1,sensitivity,spacing3,720575940623047629,grating_0,17,0.0008325945399083229,0.0009854324725473245,1.705,0.941448375998504,traces/a30b94d39675ecdabebd7641802897d466d6bce9743e6711e289adc2460e2adb.npz
L1,sensitivity,spacing3,720575940623047629,grating_90,17,0.002134791063540196,0.002970282013637241,1.6949999999999998,3.540616567084113,traces/7b0d3f2994cad5bd530b084c1f0ef5ad7090b49beaa6567513fd49edd817d9db.npz
L1,sensitivity,spacing3,720575940623047629,grating_180,17,0.0025982083955566684,0.003693012840594208,1.915,1.8365252394646627,traces/d3bbfafa700317cba52b2bf0495f5af2fa66aa6616ac6eb0d715422032d53814.npz
L1,sensitivity,spacing3,720575940623047629,grating_270,17,0.0011066736013977442,0.001358256303537633,1.3900000000000001,4.634189195877794,traces/427bedbe62c34c74292ced5d442df1f215660a933a7e0c2080230cd4d8c6a574.npz
L1,sensitivity,spacing7,720575940623047629,expand,17,0.0004695181634586989,0.000254112055812771,0.5350000000000001,0.6131270823817754,traces/f64a2f76c2891c5916b49ac7cb8c00356b2fbd7a46f0b1a368ec72cba0337046.npz
L1,sensitivity,spacing7,720575940623047629,recede,17,0.0013669145576670175,0.0014692627538030504,0.7349999999999999,0.87930870558109,traces/853defa66923c86b3c602e6c6b7fd5d0ea009cecbbb5cd3ca5e4702b0f1590d9.npz
L1,sensitivity,spacing7,720575940623047629,dim,17,0.0,0.0,0.0,0.0,traces/c1cb9b1fb61126c66964a482297663580b2b20f1e4ed3374cc2b4e82743a7161.npz
L1,sensitivity,spacing7,720575940623047629,grating_0,17,0.00040016998041379016,0.00031464864338790117,1.1949999999999998,0.8328716944320376,traces/8330dabfb3998033401cfa580a2ed154b47a6f32d0d21ef732dad0fe6acade2d.npz
L1,sensitivity,spacing7,720575940623047629,grating_90,17,0.001691286876442141,0.002340671197818443,1.21,1.5109438689717152,traces/7924c740b7ce924d74478e180bf52f02e7d95c8da2e098c5d4aae4b0a213db82.npz
L1,sensitivity,spacing7,720575940623047629,grating_180,17,0.002145152348001571,0.0030766429592947353,1.2000000000000002,0.9418260790440065,traces/2268c6b613403776ad8a4cca215a61cd246e6f2dbf28aeea21c8b0a57c7767a9.npz
L1,sensitivity,spacing7,720575940623047629,grating_270,17,0.0004982738552380069,0.0003601143891456508,1.2349999999999999,1.5903352844210323,traces/6a00fa6534ca9e25585bbd2b16f54302402c9fb2f7305a021aa6adaac5785ae9.npz
L1,sensitivity,mirror,720575940623047629,expand,17,0.0007043195617938599,0.0008085175046999337,0.5299999999999998,1.2644248378828276,traces/13911b86022aa3c137bcd4ecd54b28d50bac19ea3d2d95688a7637619cf220e6.npz
L1,sensitivity,mirror,720575940623047629,recede,17,0.0012149412723846621,0.0014047471442082667,2.2649999999999997,0.8452077695485745,traces/f645a80c166c670e1df1b5dbfdfff040e15c0f4acb459a600a13c99269b43ec0.npz
L1,sensitivity,mirror,720575940623047629,dim,17,0.0,0.0,0.0,0.0,traces/d1493948e3153def3090d1e3289be59646b44125868e3eeefec8629116fd8f86.npz
L1,sensitivity,mirror,720575940623047629,grating_0,17,0.001013886271715743,0.000925779920062561,1.1149999999999998,1.0893058885095082,traces/c628c6fedf02578cd158de82301344c7ec56cfcb96d0c8363c5334961e59f97a.npz
L1,sensitivity,mirror,720575940623047629,grating_90,17,0.0018851281847124574,0.002991186162432311,1.005,2.8543823632108576,traces/a801c4381a18f89c402fa5739ec0eb20f3b8a06d76d72342fee4be2b4fddc89c.npz
L1,sensitivity,mirror,720575940623047629,grating_180,17,0.0029797732301712104,0.00357118621912558,1.1549999999999998,1.6369455076018864,traces/27623686d482d456421bb6a6e647f9cdd5c2a519876b11626b9ded23514ffa83.npz
L1,sensitivity,mirror,720575940623047629,grating_270,17,0.0009073818895195313,0.0008995509605217859,1.27,3.447923695815512,traces/9bfc6392768b5babae5c6c984286330d4ad9cc1aeb64a7f5ab859106dac1e1c7.npz
L1,sensitivity,axes_minus45,720575940623047629,expand,17,0.0005979714075988326,0.00030322546532051244,0.6200000000000001,0.8764228323202102,traces/602d48e115873fe2e8a2ccb0f9130ed2e8352cad77fb9a41124d3403c5908fb6.npz
L1,sensitivity,axes_minus45,720575940623047629,recede,17,0.0014340583792279936,0.0019091382157680034,1.0499999999999998,1.2231750813575686,traces/872ad629fbf2090df8e4d0d60011ba0a93ffed9bd0b893aa1c69ee68ada710d1.npz
L1,sensitivity,axes_minus45,720575940623047629,dim,17,0.0,0.0,0.0,0.0,traces/5e036ab4963419e5017f3118ed9e4258a6c3bddedfcdead842060575d7d1e519.npz
L1,sensitivity,axes_minus45,720575940623047629,grating_0,17,0.0027801603546416657,0.0038502505345805785,1.085,3.294187480421626,traces/6a5d2647bcc4413ebeac8f991d69504e1b65c27cf67004709fbbfa4f3dc4b5d2.npz
L1,sensitivity,axes_minus45,720575940623047629,grating_90,17,0.0037790223146648956,0.006470328910874402,1.02,3.6373881767482494,traces/8cab48f0dbac52f88f148a85a811d6ef4a4d6c529807d3020a0926aa955b3963.npz
L1,sensitivity,axes_minus45,720575940623047629,grating_180,17,0.0032028016544940257,0.004383355359164448,1.29,4.3910320047707225,traces/8530d8beb8d10e7939c41eb1c4ed7aacbb3a67cc2ad9d9bf4dbf3692abdc9629.npz
L1,sensitivity,axes_minus45,720575940623047629,grating_270,17,0.0014185245878780217,0.0017751003387156935,0.31999999999999984,3.464223016583606,traces/04ca8f3f236dcd721b0f947715a58b7869d6ab91a38bf0b7cfc4c000e07ff4cc.npz
L1,sensitivity,axes_plus45,720575940623047629,expand,17,0.0007076465762939095,0.00025738985620466556,0.5749999999999997,0.9753269978544752,traces/d2f1cc99ce79228d0387c8e32a617e511f67879d3f9e13b49fee9dcbe71954af.npz
L1,sensitivity,axes_plus45,720575940623047629,recede,17,0.0014652565445067928,0.002007682508898057,1.0299999999999998,1.175374198608088,traces/9a2f668c39a2a284763031493e60bdc516c7a2ea6fedfd59b97f35f496331168.npz
L1,sensitivity,axes_plus45,720575940623047629,dim,17,0.0,0.0,0.0,0.0,traces/1189bb1fbb45cf2dd0251ac32ecb6ee591523bd7f20f110fe8efcf6285eb54a2.npz
L1,sensitivity,axes_plus45,720575940623047629,grating_0,17,0.0015929599473192098,0.0017729149119940005,1.0,3.8504124710515857,traces/9288360e0f0697d90b5e01622d361e64dc4d6a2397f2d4f9bdf74e51157a2e24.npz
L1,sensitivity,axes_plus45,720575940623047629,grating_90,17,0.0023475303618200505,0.0038567169444822602,0.9499999999999997,3.144876300408178,traces/5c0de893832adb2927d2c0c2393bbe2251a7ee613188fafefebe23ef158036f0.npz
L1,sensitivity,axes_plus45,720575940623047629,grating_180,17,0.004485496990512846,0.006461440852941104,1.0699999999999998,3.8179701949030864,traces/396a44c3f3f01622e5fffd6ad9359a83bed0f297189ca02e0d87cce609459776.npz
L1,sensitivity,axes_plus45,720575940623047629,grating_270,17,0.002844897218676006,0.0043883853337738695,1.4049999999999998,4.100745037253252,traces/468a33b391a396ed48f6b48a89373f1f3505245200f688b95a08e94d700f5e63.npz
L1,sensitivity,tau20ms,720575940623047629,expand,17,0.000478937984586237,0.00010978782812671974,0.28500000000000014,0.5452395216822555,traces/4c837f43d81dbdbeafc3de95b1ab0f7470ff7b91e628477fd7932465f8adf3a1.npz
L1,sensitivity,tau20ms,720575940623047629,recede,17,0.0010975705081253417,0.0008380533230604667,1.355,0.6686065793453787,traces/b5dbd8b8fa432273418a4804fb94267e1800feb86906eba46be47ff184c5f63f.npz
L1,sensitivity,tau20ms,720575940623047629,dim,17,0.0,0.0,0.0,0.0,traces/1f11f8642573a4c05addf535289c21f23b9235e52c7cf983ac6cb76e8c963b1b.npz
L1,sensitivity,tau20ms,720575940623047629,grating_0,17,0.000824647801886035,0.00036958870886867905,1.255,0.8210108834773059,traces/82a256178a98eeeb2e39836f06a0f0a4caa26f48d2646165c99482a7d3a866fa.npz
L1,sensitivity,tau20ms,720575940623047629,grating_90,17,0.0016588503805850176,0.0012038104528135471,1.2199999999999998,2.441355490644141,traces/5c997a4f430810fe173a2328633b27a9c3754864d84332814d4e8fb8fdb1cf0c.npz
L1,sensitivity,tau20ms,720575940623047629,grating_180,17,0.0024007363658301614,0.0014373706922330971,0.9849999999999999,1.1325238004440665,traces/6bc0874cb8d46c5af14ec9050305923bbb2eb53de1b124484a68388cf7f76925.npz
L1,sensitivity,tau20ms,720575940623047629,grating_270,17,0.0007647251028024524,0.0003728418611562735,0.22999999999999998,2.970931665677726,traces/7ec9a62c137fe650d28a3f7816e1fe1f6f8f322bdc1affe5b7c94b82f87d7adc.npz
L1,sensitivity,tau100ms,720575940623047629,expand,17,0.000545443556810435,0.00038876186860796507,0.4249999999999998,1.4243524920808066,traces/a7cb356f0ba665ca6c75430942d2d215dd84681025dd6cc10e869e80f320de4b.npz
L1,sensitivity,tau100ms,720575940623047629,recede,17,0.0023060688894096125,0.004057936210344669,1.4699999999999998,1.9749070337089014,traces/9bc216ef52773ba23365d74d4df6ceae6a34d885c99572c1c82ebc8a00433bd2.npz
L1,sensitivity,tau100ms,720575940623047629,dim,17,0.0,0.0,0.0,0.0,traces/ad60bb075e7b3445a80d83fdb08304a569cd6a387c27d34be9f0dd1ea4f97f62.npz
L1,sensitivity,tau100ms,720575940623047629,grating_0,17,0.001364809813788428,0.0018658430685778308,1.3449999999999998,1.6138244835695246,traces/6941af367f74b27b3879a875d6329b41080f72bdeef0328c5eb6f746b45104b0.npz
L1,sensitivity,tau100ms,720575940623047629,grating_90,17,0.002976870542789278,0.005420003255110001,2.0300000000000002,4.313595839936109,traces/56e16127cc571164f5a8b8a9ea4a098cc5352f9e58d1592022f159e2e189dc66.npz
L1,sensitivity,tau100ms,720575940623047629,grating_180,17,0.0038599035547327585,0.0064311521700168295,1.12,2.4356114997137714,traces/74393196b52b8a2de77a4fa3a703f7c2b23e4d6f30574b776aba444422983460.npz
L1,sensitivity,tau100ms,720575940623047629,grating_270,17,0.0013868159699176137,0.0017792515773387303,1.4049999999999998,5.051729389313156,traces/40ffb62a1e09fd04b6ef6dfd510ac4cf9b1b949b374b841b8ced5c0e9ed62ab2.npz
L1,sensitivity,gain_half,720575940623047629,expand,17,0.0002568377303522642,0.00012760308189279016,0.33000000000000007,0.8738144556037374,traces/73171ac484fa7c3b684560c7ebf676f57ee0b1b5bb9f5ca7f7304160c4b552a5.npz
L1,sensitivity,gain_half,720575940623047629,recede,17,0.0008060022621272849,0.0010493809157448273,1.415,1.1648941946681028,traces/c1b31fc4c91b104f125c2408ba2c9122e42f080553eb72130e2d594234f7c05b.npz
L1,sensitivity,gain_half,720575940623047629,dim,17,0.0,0.0,0.0,0.0,traces/a98d8f4ab238b572defa67910b055be95804cc56ad0944a8df47dc5180080515.npz
L1,sensitivity,gain_half,720575940623047629,grating_0,17,0.0004773274223852126,0.0004629118942620668,1.08,1.146174012634744,traces/5ebffbf3d7833b1455ebe822d5db69108bbb242b0eb76fffb0e87b2bd200d344.npz
L1,sensitivity,gain_half,720575940623047629,grating_90,17,0.0009714666115177767,0.0015388869746757153,1.005,2.8543823632108576,traces/f520fc712f456d73e9f456813a8e341bcf0becc5fa8b85bfa3b2f26b48dd1a13.npz
L1,sensitivity,gain_half,720575940623047629,grating_180,17,0.001453080953396504,0.0017854834797247955,2.0300000000000002,1.541651323931052,traces/740914afb669bcdd784cb5a3c69c71c4695aafaf05af208564482851e0991862.npz
L1,sensitivity,gain_half,720575940623047629,grating_270,17,0.0005217462506568048,0.0005674966522589962,1.27,3.447923695815512,traces/e597bf03685d4c84a60f385ff18d901af5bf415a95d3db0e20f1d6afa6ee7e7b.npz
L1,sensitivity,gain_double,720575940623047629,expand,17,0.0009904393270210856,0.00042010663989533237,0.33000000000000007,0.8738144556037374,traces/25cde9ac16cef0f3d999aa25c4d96c0ca49c8d0892bad61622239a9f04c09c84.npz
L1,sensitivity,gain_double,720575940623047629,recede,17,0.003176603498235292,0.004091382225032863,1.415,1.1648941946681028,traces/8007a029e0f6591c786c6d845ff1f6fab6387f0b99b3fc6a9d4a56a436d521bd.npz
L1,sensitivity,gain_double,720575940623047629,dim,17,0.0,0.0,0.0,0.0,traces/297cbc81b6ab67595b4461b7c1b601acdfc8ae10ac365edbc4cc1ef2dd47d7d6.npz
L1,sensitivity,gain_double,720575940623047629,grating_0,17,0.0019091575219735047,0.0018514893506186366,1.08,1.146174012634744,traces/cc595a51b00b59603f6545e18e75b72eb5c165f16a55ff0d32d5cfea8ff95200.npz
L1,sensitivity,gain_double,720575940623047629,grating_90,17,0.003539036216132531,0.005636021177188142,1.005,2.8543823632108576,traces/7b36bac31dc7554ae24b66a15d096f0963a622a39a8984d85d409539f1f2c5a5.npz
L1,sensitivity,gain_double,720575940623047629,grating_180,17,0.005812323386492918,0.0071419335106419745,2.0300000000000002,1.541651323931052,traces/6bce208450cca68ce35bc7992ca7234c74feddc2b3ebd2b6567573c876a37d6d.npz
L1,sensitivity,gain_double,720575940623047629,grating_270,17,0.0013728969977727223,0.000980315975436521,0.2650000000000001,3.447923695815512,traces/ef3ad4db386b5c8c1f0412656bd0abc61c47b0c819401c81c7a7fa7cc7314443.npz
L1,sensitivity,lpi_zero,720575940623047629,expand,17,0.0005198273931025235,0.00027537987007735816,0.33000000000000007,0.8738144556037374,traces/aacb2ae008d38d15ed0e09a6078ed0f6e6f600257f4be2a7f99165e27c1a1476.npz
L1,sensitivity,lpi_zero,720575940623047629,recede,17,0.001619905449300211,0.0021164520711473957,1.415,1.1648941946681028,traces/be233ed9f94d60baee01c40cb0e63ae3b82e1826abe2dab71414595c5d6bde56.npz
L1,sensitivity,lpi_zero,720575940623047629,dim,17,0.0,0.0,0.0,0.0,traces/0d4fa0db359295c0d08e8ae8988422700828648f7b1782c6a9ca9adeb00e6900.npz
L1,sensitivity,lpi_zero,720575940623047629,grating_0,17,0.0009546802060316494,0.0009258501595957385,1.08,1.146174012634744,traces/925d5dc339e5019a7e840a82d2b093941ed06250eb3da38d63bd58a6e6799892.npz
L1,sensitivity,lpi_zero,720575940623047629,grating_90,17,0.0020007382915155645,0.0031643617362705507,2.005,2.8543823632108576,traces/2ea01513402f80ea795e8ba776c7f06a23e275d544babcac12149eb9f06361c5.npz
L1,sensitivity,lpi_zero,720575940623047629,grating_180,17,0.0029061619779751904,0.003570967027492459,2.0300000000000002,1.541651323931052,traces/7633c11efec183f87a84bb487e9a0695a9d3db3baf5246c35e13145570e8aa36.npz
L1,sensitivity,lpi_zero,720575940623047629,grating_270,17,0.0011796094168924744,0.0013839275535041295,1.27,3.447923695815512,traces/df6ec7c0e5bb7aec8270d16fb617c6a67064a14620058553cfe8fe05cbaab6fe.npz
L1,sensitivity,lpi_half,720575940623047629,expand,17,0.0005136754607045284,0.0002552061637855803,0.33000000000000007,0.8738144556037374,traces/772b01610e6e4e638301c96b1bb80bcd38c9c24abdf1fc74a7b28d00d8f3af00.npz
L1,sensitivity,lpi_half,720575940623047629,recede,17,0.0016120045242545699,0.0020987618314896547,1.415,1.1648941946681028,traces/0c745aa698af7330a72bfa3bdc1d5604a24c9a96dbe47976a2e008d0bef6a263.npz
L1,sensitivity,lpi_half,720575940623047629,dim,17,0.0,0.0,0.0,0.0,traces/aaf8057f5a597ccbd23ec8f8f24d58e761a1bb6540b5656d6635d93c3e31a14b.npz
L1,sensitivity,lpi_half,720575940623047629,grating_0,17,0.0009546548447704251,0.0009258237885241336,1.08,1.146174012634744,traces/b2b2373f6ade09a09eeea8e95c5b8ddb1052a5b804bb36dc96721470aefd1578.npz
L1,sensitivity,lpi_half,720575940623047629,grating_90,17,0.0019429332230355533,0.0030777739493514306,1.005,2.8543823632108576,traces/4b5663e835db87036d0557d96b62843ecbf671a2078944589ec3cc1bb748bad5.npz
L1,sensitivity,lpi_half,720575940623047629,grating_180,17,0.002906161906793008,0.003570966959449591,2.0300000000000002,1.541651323931052,traces/c06306777fed4391186db583eeed82353acd772b4f8c460bcfe44e021a571faa.npz
L1,sensitivity,lpi_half,720575940623047629,grating_270,17,0.0010434925013136096,0.0011349933045179924,1.27,3.447923695815512,traces/f452faba5edcbd85b30e393ba5b9a0dc29f0ca7c03b75d19bbb0b02a67147dc9.npz
L1,sensitivity,lpi_double,720575940623047629,expand,17,0.0004952196635105428,0.00021005331994766618,0.33000000000000007,0.8738144556037374,traces/e9907c0e2f513e1cce10ec16492b9b47bdb0949fb6b55cf037693ace84c247df.npz
L1,sensitivity,lpi_double,720575940623047629,recede,17,0.001588301749117646,0.0020456911125164316,1.415,1.1648941946681028,traces/a190c1e36e2fbeb004236ff78144a6bbe68d58e3554310f234b61efb2252c081.npz
L1,sensitivity,lpi_double,720575940623047629,dim,17,0.0,0.0,0.0,0.0,traces/28ad2e74e7cc001095f8f8b9a0040e094f7586c8b543d2be8360b4063be67189.npz
L1,sensitivity,lpi_double,720575940623047629,grating_0,17,0.0009545787609867523,0.0009257446753093183,1.08,1.146174012634744,traces/ed1cc9b8b67ec5b15217fa1c114b76511c3280e9d28e8cf1e153cf1046bd4b2a.npz
L1,sensitivity,lpi_double,720575940623047629,grating_90,17,0.0017695181080662654,0.002818010588594071,1.005,2.8543823632108576,traces/4376f2a72dfc1babb7af66ed4afcf0bb4f76fb3aa5a678f1edfe3eca3250a03d.npz
L1,sensitivity,lpi_double,720575940623047629,grating_180,17,0.002906161693246459,0.0035709667553209873,2.0300000000000002,1.541651323931052,traces/b6cde0165bd6c6126ef8765b0b9aa649d4e8360fcaebe265a6264fa53e1e30a6.npz
L1,sensitivity,lpi_double,720575940623047629,grating_270,17,0.0006864484988863611,0.0004901579877182606,0.2650000000000001,3.447923695815512,traces/630bca80314cb93afacd40eb20992b2ae1c9b7657a3d88e5fd93c023d40dfed2.npz
L1,sensitivity,dt_half,720575940623047629,expand,17,0.0004971243744489697,0.00023728255058032556,0.3275000000000001,0.8701058159827194,traces/453efba041afc76ca2a0bea9fb5c492f55641dc08f0df63e41beb9312678146f.npz
L1,sensitivity,dt_half,720575940623047629,recede,17,0.0015820722947069066,0.002080046864247536,1.415,1.1559059961490026,traces/07c2604579698981c0b5517ca4655d47e694d9038c155dc30f9f1a86e19665fd.npz
L1,sensitivity,dt_half,720575940623047629,dim,17,0.0,0.0,0.0,0.0,traces/50d93434de06c41cb4b1a5f1e759bbed523cf6525c8fa50ec4e2b842e2bb79cf.npz
L1,sensitivity,dt_half,720575940623047629,grating_0,17,0.0009395646672842122,0.0009260500013319388,1.2999999999999998,1.1396469762551138,traces/79ff363eb2e07e27d02509d0b85e83ed064a1b06693009387aae773ace5fe8d7.npz
L1,sensitivity,dt_half,720575940623047629,grating_90,17,0.0018678969031780852,0.0029884336961122945,1.005,2.815210618087977,traces/4f9b2bd803743641ef3836410a011c5ab66a31f6f1247a1ccb0b998a3bf39519.npz
L1,sensitivity,dt_half,720575940623047629,grating_180,17,0.002865788056210099,0.0035675785848387643,2.0300000000000002,1.5442675859147166,traces/5d6aca801118966b8293518730e03971070e65c79cff44c80d315cea46021a3e.npz
L1,sensitivity,dt_half,720575940623047629,grating_270,17,0.0008955637339928448,0.0008983624456416072,1.2675,3.4002727945185187,traces/27391a1d0aefd75f4cb48ae25c6950446a4cc541ccc038c2be1d428554f24a2a.npz
L1,sensitivity,retained_norm,720575940623047629,expand,17,0.0012152222717820228,0.0005324264347785892,0.33000000000000007,0.8738144556037374,traces/f0bc1023a953920f446e87215a92e15a7fea5f0dee525fd427c99cea1d7d6b6d.npz
L1,sensitivity,retained_norm,720575940623047629,recede,17,0.0038811436303819286,0.0050112193239917205,1.415,1.1648941946681028,traces/b11510c943ac0f68043b3b8e6e0628c0c307118e11b325a19d28b5183e45739f.npz
L1,sensitivity,retained_norm,720575940623047629,dim,17,0.0,0.0,0.0,0.0,traces/c6f423064b8c381909309748d1285910ceb59300d2d78420c799146c38fa4953.npz
L1,sensitivity,retained_norm,720575940623047629,grating_0,17,0.002324444214489315,0.0022542350049036116,1.08,1.146174012634744,traces/834345270d69b3733070c2e05bda779d3afe97b5764687a0d8f80bbbcff3c3b9.npz
L1,sensitivity,retained_norm,720575940623047629,grating_90,17,0.0044860923736031715,0.00711925306829534,1.005,2.8543823632108576,traces/bace83a1ebb730004b8f76d27dc5cbc89354b8a6f0cb70e5edb2d70c5c0e2da3.npz
L1,sensitivity,retained_norm,720575940623047629,grating_180,17,0.0070765038491656254,0.008695304169755308,2.0300000000000002,1.541651323931052,traces/eea26a27ba805e0917c768ba6f48c433819a8456691f05a059c5d680803c15b9.npz
L1,sensitivity,retained_norm,720575940623047629,grating_270,17,0.0018306939326741714,0.001466214020477181,0.2650000000000001,3.447923695815512,traces/2442bb575d7cb113e5e78a8c805bfa4a25321e2f42ecc570e56ba3c17f45221a.npz
L1,intervention,route_remove,720575940623047629,expand,17,0.0,0.0,0.0,0.8738144556037374,traces/0ee9ef8073748b0e2ed6523ce1526690c498019e32cf4bd4a69047faa16f6e3f.npz
L1,intervention,route_remove,720575940623047629,recede,17,0.0,0.0,0.0,1.1648941946681028,traces/d5af41083ff5954e5bb71014236b1d7f76e65ff71c09b4cd24626eea2f6901b9.npz
L1,intervention,route_remove,720575940623047629,grating_0,17,0.0,0.0,0.0,1.146174012634744,traces/a0125787e93a4d291335f9d6f2e492a495ade7cf40458326d0a55e17b07e6a49.npz
L1,intervention,matched_route,720575940623047629,expand,17,0.0005189349812101967,0.00026851375904370474,0.33000000000000007,0.8738144556037374,traces/ef7709c1d6fcde3d3104a5fa0cfc13313579dc6800bcefc5dbe96ca0be6857c3.npz
L1,intervention,matched_route,720575940623047629,recede,17,0.0016134111612635396,0.0020978607431831053,1.415,1.1648941946681028,traces/af74ea7a3a00b1d9a0ded8a99e689ddbeba6c3e54d96ca928d2b0e92d1e71aca.npz
L1,intervention,matched_route,720575940623047629,grating_0,17,0.0009546294835092008,0.0009257974174525284,1.08,1.146174012634744,traces/8e9e1e6ba1eaf5b88825e48c769af7529dfd1793c8ab352e8f76088b487e3f63.npz
L1,intervention,lpi_remove,720575940623047629,expand,17,0.0005192581528303238,0.00026877373106594225,0.33000000000000007,0.8738144556037374,traces/4c3d411fc5638abc72853ba7338cc4f087e91f48a3b076b4d25277b40a986952.npz
L1,intervention,lpi_remove,720575940623047629,recede,17,0.0016188443470814228,0.0021139664102597417,1.415,1.1648941946681028,traces/1d87c5025cf19bb7e9b2e1a874f8e01950853b5898fa831a4d83f5a0621adeda.npz
L1,intervention,lpi_remove,720575940623047629,grating_0,17,0.0009546802060316494,0.0009258501595957385,1.08,1.146174012634744,traces/f1f97629de99d88fffa5ab0b4a8d00bfcc94619e5465c821581f2884795c09f6.npz
L1,intervention,output_silence,720575940623047629,expand,17,0.0,0.0,0.0,0.8738144556037374,traces/99421a1e61516454c971a866edb5479b48f116601e6bf6199f4ee733b42ea763.npz
L1,intervention,output_silence,720575940623047629,recede,17,0.0,0.0,0.0,1.1648941946681028,traces/fd6ab1e28a58f69948ced32679a1c2013f1be954538d5a45b912692b95575cdf.npz
L1,intervention,output_silence,720575940623047629,grating_0,17,0.0,0.0,0.0,1.146174012634744,traces/89708bc401459d27eb31b5903afb102ac06751617cc264de1c67777e52c2c20c.npz
L1,intervention,shuffle_space,720575940623047629,expand,17,0.0007394450794622676,0.00035283202213343546,0.75,0.8738144556037374,traces/0fbea53a72797b45f50a4e8323b6155fd140a8bae2724544365d7eda3edf44a7.npz
L1,intervention,shuffle_space,720575940623047629,expand,29,0.000821800355650629,0.00043648826815996213,0.835,0.8738144556037374,traces/1c850b90f2b9bba8e22eaed6a293dbb1d7f0c237faea646997258b645b0c2c90.npz
L1,intervention,shuffle_space,720575940623047629,expand,43,0.0009337905450331886,0.0004441225088464584,0.46499999999999986,0.8738144556037374,traces/e5dac34c6d82951091c2947811c21b6fc1aa6cf9376590d11a354c6411e23724.npz
L1,intervention,shuffle_space,720575940623047629,recede,17,0.001746906031395752,0.001778087130014534,1.71,1.1648941946681028,traces/31056815e3bd82c8046688f1661e63f24159c5805291d0b312ed579aeb00f6a4.npz
L1,intervention,shuffle_space,720575940623047629,recede,29,0.0013250712285015733,0.0015491883168872054,1.25,1.1648941946681028,traces/6828d4899bbc9ecd478421556ea708f2a9b730578b58f03acfc7aeac3c640178.npz
L1,intervention,shuffle_space,720575940623047629,recede,43,0.0014909871360213826,0.0015798603066602447,1.375,1.1648941946681028,traces/241c456cbead84270d11e609a78ce15fb0543eeec58f9a336132c42deeeeb438.npz
L1,intervention,shuffle_space,720575940623047629,grating_0,17,0.0007232048584634293,0.0010260170921117498,1.1099999999999999,1.146174012634744,traces/37a991fada9a7dd44355a19f22bbf43b1b09074a09cef11ff0f7d9c92c35ba9c.npz
L1,intervention,shuffle_space,720575940623047629,grating_0,29,0.0008356306431347347,0.0010251253514669764,1.835,1.146174012634744,traces/7518b7f036065e4c473928d161a779a2244d63693f5b3664381bab8d01d697f6.npz
L1,intervention,shuffle_space,720575940623047629,grating_0,43,0.0009698362371637869,0.0010266100402013365,1.125,1.146174012634744,traces/2664191bdbf9857b6fb6be83bcbea528841fc8c4def6144cefb27564c971acdc.npz
L1,intervention,sensory_lesion,720575940623047629,expand,17,0.0005086410111399115,0.00023884348544313017,0.33000000000000007,0.8738144556037374,traces/8a1d4c40480784f3ba87ff7a65f607e5be35d63ff55fb24a5f098958fc36921b.npz
L1,intervention,sensory_lesion,720575940623047629,recede,17,0.0014795999577442618,0.0017616911851255316,0.9699999999999998,1.1648941946681028,traces/86c410722383b6bd4610676fad13397cd736944268a7d1b98c80d5992423f013.npz
L1,intervention,sensory_lesion,720575940623047629,grating_0,17,0.0009546294835092008,0.0009257974174525284,1.08,1.146174012634744,traces/18d02f67781f55b34084ebbf92984f2c60cf843a872399fff604647c9487acd4.npz
L1,intervention,matched_sensory,720575940623047629,expand,17,0.0005075235283065331,0.0002384087181553898,0.33000000000000007,0.8738139881163354,traces/fb1c316c8d738e5e77f49a77b505b3605eb60d13bb3256b33a2f6af4aa397196.npz
L1,intervention,matched_sensory,720575940623047629,recede,17,0.0016042869711959426,0.0020811185660352836,1.415,1.1648941946681028,traces/537242a5d4fe159cd438e821c5c266cfb1a861f1ab944c10241c9c8a1a8cd5ab.npz
L1,intervention,matched_sensory,720575940623047629,grating_0,17,0.0009546294835092008,0.0009257974174525284,1.08,1.146174012634744,traces/8d223bd307a84846461befcaefc126f4813c80571d802d4565aa72487d33328e.npz
L1,primary,intact,720575940637088602,expand,17,0.0003142900334521272,0.0001673400669750642,0.565,0.9477442157942975,traces/eea193a7a9e8e28e2928d1ffbec59985e91a6ffdca1a2a5a725dbc9fc311ad5a.npz
L1,primary,intact,720575940637088602,recede,17,0.0020334952286984492,0.0020445128300851855,1.9700000000000002,1.5999511257863381,traces/2bc28042941295ab1c607727d4d97da4cce8de9e6d2e9263ae935702db20e971.npz
L1,primary,intact,720575940637088602,dim,17,0.0,0.0,0.0,0.0,traces/eeac8e4ac5d3e037c8f99bdc632abac56feec61280a0c9a9abb565779106f129.npz
L1,primary,intact,720575940637088602,translate,17,0.0015582898469120737,0.0008147729548208106,1.3250000000000002,1.0419172747256367,traces/29a4588aeba481322ffd76ceb0fac447837d64de005b3d315011c6263baf97be.npz
L1,primary,intact,720575940637088602,grating_0,17,0.001560489529979085,0.0013947308497877092,1.3250000000000002,1.115160732878139,traces/07cbb4deff354f22e041f9e16ce58551a93d0ab97fae45fcb7430cc24c6c0419.npz
L1,primary,intact,720575940637088602,grating_90,17,0.0022795923485892646,0.0031957621254666106,1.19,2.833642737232293,traces/665edee8799e98353e280895d3590b76f7c73a3b46abc9e4cfa269714580fbf2.npz
L1,primary,intact,720575940637088602,grating_180,17,0.0017536152674042043,0.0022387112555865485,0.7850000000000001,1.6539334753205754,traces/d1bd5e8007ca5e40ff176cb85da29c562eb8a9369ca19808633ba2f10bcf0966.npz
L1,primary,intact,720575940637088602,grating_270,17,0.0013358592492792932,0.0016417959499802875,1.7199999999999998,3.352341006244494,traces/8ed318a14d4ca59ee439e2201c4206d145f9c0e9ebb13556c822e84dc5e18e13.npz
L1,primary,intact,720575940637088602,approach_20,17,0.0005299331114590588,0.0001113496885553425,0.41500000000000004,2.3811269578755354,traces/fd9818200e3eefd3fbaf451d35cafeaa3c8f665e16f71daee5fde7499947eba8.npz
L1,primary,intact,720575940637088602,approach_40,17,0.000487055280406928,0.00013720621409570543,0.7749999999999999,2.7140035183904763,traces/d7d4e4545c57710c7a10b5989373c8d7850fcdd1ecf732bce99951de427ebc58.npz
L1,primary,intact,720575940637088602,approach_80,17,0.00038427893539312065,0.00015906917096892607,1.5,2.7571510640916967,traces/d0f5ed9d5af28768ae0a23f2f7df96e550e5bb512240601c47da72d458710daf.npz
L1,primary,intact,720575940637088602,bright,17,0.00018029684117580342,3.431788125528417e-05,0.44499999999999984,1.163550922584096,traces/e85da21de80a1ba75d71bf44f0c07cef00bb5d7ac919a5e6c1a9bab66ee6d342.npz
L1,primary,intact,720575940637088602,small,17,0.0003142900334521272,0.00016734006320013895,0.565,0.7595886859358472,traces/cb334e692ed62705f3c6b4bf2ee67a262689bf41e21b995ee23b06b28b0ee837.npz
L1,primary,intact,720575940637088602,offset,17,0.00033512494828927643,0.00017145353374311534,2.8449999999999998,0.4921370577974428,traces/72c66f0543218f6e5173ac9a5d419264b8cfba0e8c42db2de573871bd9c93aed.npz
L1,primary,intact,720575940637088602,shuffle_time,17,0.003936884202365695,0.009005931566512162,1.6400000000000001,3.8695746862474043,traces/a7dd0638092a051148b3db2c2e2a7e56524e1806831e76d85188a1fbb08b32dc.npz
L1,primary,intact,720575940637088602,blank,17,0.0,0.0,0.0,0.0,traces/6e43f759eaa7ce7c7fc972134562d39cf82edf77869ba191893b3ea6f7a46329.npz
L1,sensitivity,spacing3,720575940637088602,expand,17,0.00036883753909980636,0.00012875046631269927,0.4950000000000001,1.3381788358135482,traces/c47d314f7ee924b11cbeea63bded4280395a150eca83296ff7b35395efa1a02b.npz
L1,sensitivity,spacing3,720575940637088602,recede,17,0.0027028466123966413,0.0020158718371784214,2.41,2.208509111802727,traces/680d55592c73fd3ebb9240ea6fc1f142fae3af6a21a48259bb607402d8b223f2.npz
L1,sensitivity,spacing3,720575940637088602,dim,17,0.0,0.0,0.0,0.0,traces/7e2876e25eb325023c4b8acb4961f461dd6c338396df04b801b9e4c0ca2c8fbf.npz
L1,sensitivity,spacing3,720575940637088602,grating_0,17,0.0013253163599232997,0.0015758845742723086,1.495,0.9410120569257727,traces/b558f73c106eaa82c8678109f67bf26f0314d6d9e7e8f80fffe3ffda15904e09.npz
L1,sensitivity,spacing3,720575940637088602,grating_90,17,0.0023636236811202037,0.0030608023604976812,1.815,3.535896722258822,traces/ab4bcb335047a0671efd75a837132a63bcedb6554946c1838c83581161d451e4.npz
L1,sensitivity,spacing3,720575940637088602,grating_180,17,0.0015923604613650303,0.0022193836798307287,1.775,1.844713248318032,traces/6ac95f69586b723770d0bc5a89aea9b4151a7cee83716a38f0bb903fdaaaf640.npz
L1,sensitivity,spacing3,720575940637088602,grating_270,17,0.0012058503180065686,0.0014515956259516447,1.73,4.926966190467913,traces/04bdf5f26449d74f566e77755a7eaa8421692d723544d61ab3800d89ac6d7e1d.npz
L1,sensitivity,spacing7,720575940637088602,expand,17,0.0002650129667302822,0.00016293128899271442,1.2999999999999998,0.7054154810720172,traces/1b0a52aca229183b0f5c4eb95ce9ef24d73866da75ab6c89b96449199799534f.npz
L1,sensitivity,spacing7,720575940637088602,recede,17,0.0016179684265614988,0.0017384633234093017,1.54,1.2163173860676386,traces/a02bf5262a0051fde7d9765340e9ce110519dee48b3e650f57df265a6d28e13c.npz
L1,sensitivity,spacing7,720575940637088602,dim,17,0.0,0.0,0.0,0.0,traces/0e1a8e8b7e1fffc313bbf73d5ef200343b883914b00bf9fb5742df32b9156421.npz
L1,sensitivity,spacing7,720575940637088602,grating_0,17,0.0008035308307811308,0.0005189875223511684,1.225,0.5194488451452068,traces/d180b71de397baab5a48071bfaa2f66995ff53007cc450f8e4397c17bb6afeeb.npz
L1,sensitivity,spacing7,720575940637088602,grating_90,17,0.002020000890242867,0.0026855369228591898,0.9750000000000001,1.7926957537371941,traces/4b2bf04a3e61d4712a04b009cfc090c626104cf1781266308e1590b3ce17ab3c.npz
L1,sensitivity,spacing7,720575940637088602,grating_180,17,0.0011764419537817054,0.0017967205635401721,0.5699999999999998,1.2408947472543184,traces/28ee4778d74a07cdc3d9eec4d8a9ab0daf6ece656f3155edc3c4ce7a35939834.npz
L1,sensitivity,spacing7,720575940637088602,grating_270,17,0.0013477644886007486,0.0015227986153604285,0.48999999999999977,2.070282871062564,traces/047860e596368a6dd23b6487705493a336d72fd7c01f7572d0f8476201da9d00.npz
L1,sensitivity,mirror,720575940637088602,expand,17,0.0010885906880414961,0.0009699254103191578,1.9,1.477988491333782,traces/a83a2ab0abac1695c2e3eb40c3f881eacd0c30068901946f8cf331f7b35b6619.npz
L1,sensitivity,mirror,720575940637088602,recede,17,0.0016849234846062601,0.0011636773525673379,1.98,1.1960272852459695,traces/e21b31eb3ae5a3b0aee8b537499a1bf6588cc1e26f45b47d705d6468ae30a995.npz
L1,sensitivity,mirror,720575940637088602,dim,17,0.0,0.0,0.0,0.0,traces/e124ace1a4553cbdb0e047989cdaba5794afaa991a4d3d168cdbcf130b30538d.npz
L1,sensitivity,mirror,720575940637088602,grating_0,17,0.0014879131308555662,0.001394889753058059,1.87,1.0892907009668225,traces/fe3564f6b44c244cc0260228c9068fe74a7ee03cc922980405c8ba810618a84b.npz
L1,sensitivity,mirror,720575940637088602,grating_90,17,0.0022795923485892646,0.0031957621254666106,1.19,2.833642737232293,traces/4fbd9b193ce38a57a00fbac104268b1de29ebc04fc71e25e1424be77b70a2fb2.npz
L1,sensitivity,mirror,720575940637088602,grating_180,17,0.0018053593227371188,0.002238671735842869,1.4049999999999998,1.645495001615145,traces/a5e2a56c0c098fc1cc161e3773486930e4effcaf23cd691e3c247426402c6581.npz
L1,sensitivity,mirror,720575940637088602,grating_270,17,0.0013358592492792932,0.0016417959499802875,1.7199999999999998,3.352341006244494,traces/fcebc99f0489824dc1ba6e64de90e2a3387f9c0fe9439c5f5d5e4c8a32aef636.npz
L1,sensitivity,axes_minus45,720575940637088602,expand,17,0.0008809597363577852,0.000433557547435228,0.9199999999999999,0.8364204154463208,traces/af572cc3b9694a942c1a9f972be66e06f374be9d1858a75e3cd014c87bf0c432.npz
L1,sensitivity,axes_minus45,720575940637088602,recede,17,0.0014513424208236255,0.0017002915022012472,1.98,1.5407352796791933,traces/a0580af2dddb4dabd506a67dda2ac71d41368a7c93f4c7d6eccff79c25c54b2f.npz
L1,sensitivity,axes_minus45,720575940637088602,dim,17,0.0,0.0,0.0,0.0,traces/8f2c494802555ba2811a5f384705a993a94612dafafcb413a220a4d86e1afca3.npz
L1,sensitivity,axes_minus45,720575940637088602,grating_0,17,0.003129481299051449,0.0045096841135759316,1.44,3.4524583003484244,traces/b2b661632130bc47191b15ae0a49eb099b043aec18eea416d3e130a6b9b897cd.npz
L1,sensitivity,axes_minus45,720575940637088602,grating_90,17,0.003315055688458312,0.005333263360348832,1.4899999999999998,3.716964887629314,traces/b50555aa50dc7d5a040d7591a5662b8855d945c0fa3917c7d9a50a408f96fd28.npz
L1,sensitivity,axes_minus45,720575940637088602,grating_180,17,0.002962010869690193,0.003791496112278101,1.27,4.833078972933908,traces/84cf61248213e6faf93f160d0db9b19cf456bdefa424922963b990c7279fb3c0.npz
L1,sensitivity,axes_minus45,720575940637088602,grating_270,17,0.0018776941921758983,0.0029577213225335493,1.0150000000000001,3.5516877216067626,traces/b46cf50d5253fb7c8b7b2754380a9e3bc32b4abfd19ebed78671facf0a51f23f.npz
L1,sensitivity,axes_plus45,720575940637088602,expand,17,0.0004408680295071015,0.00017587018004942704,0.5749999999999997,1.235485057075477,traces/b54192c0b1bbe2393b795d42fdfa74a7b15eca90f02fdc031ce896cf0d66c526.npz
L1,sensitivity,axes_plus45,720575940637088602,recede,17,0.0020572312390021445,0.0020788196227701497,1.9649999999999999,1.4004671572828227,traces/45f4760d405a64efa8d663c886db1d5eedb249ef5b532a21151c4db99fe58ee5.npz
L1,sensitivity,axes_plus45,720575940637088602,dim,17,0.0,0.0,0.0,0.0,traces/f231fad0996744724d34e376808c0218be8ff5c73cfdc7039207b8a9a22d5a8a.npz
L1,sensitivity,axes_plus45,720575940637088602,grating_0,17,0.0028082421597830534,0.002960507310187932,1.2399999999999998,4.076713653329971,traces/15f63f634d8e826630e4c820bc70e8db70454255a90cb18b564fe45646f92405.npz
L1,sensitivity,axes_plus45,720575940637088602,grating_90,17,0.003158541912979307,0.004503074452458132,1.1349999999999998,3.0300007503192963,traces/f6ebf09010d89727c196eaf8502a5e47284dfc877f14509063adad6ba9c766e5.npz
L1,sensitivity,axes_plus45,720575940637088602,grating_180,17,0.0034639058319355753,0.0053406195620260555,1.045,4.237514429485789,traces/98d2159209a1d193306718011af351c1d31e776f6d2eb17bffa318ee226b9850.npz
L1,sensitivity,axes_plus45,720575940637088602,grating_270,17,0.002633976175706104,0.0037879891618571534,0.8799999999999999,4.277504888059386,traces/7016d3809047095e03912a45f3b41c8ef3fe66d2c5a25c6f822884a7cf955075.npz
L1,sensitivity,tau20ms,720575940637088602,expand,17,0.0002645334720041733,7.253161391697744e-05,0.45500000000000007,0.6277096683283268,traces/48d6a2b68a523ba204a0a35cfd2b664c2e752c9030437c6b9b5b52773a7a5742.npz
L1,sensitivity,tau20ms,720575940637088602,recede,17,0.001171253104250693,0.0008249744437339628,0.9750000000000001,1.0710132200354177,traces/f7f43608550e6ae836a3ed4d9581c3531b849cc44cecb987dfab9f33737c1e92.npz
L1,sensitivity,tau20ms,720575940637088602,dim,17,0.0,0.0,0.0,0.0,traces/ee793ba2325afe60489011581f674fc825a958da1b45829eeece98a9ccc5c376.npz
L1,sensitivity,tau20ms,720575940637088602,grating_0,17,0.0013407075642620204,0.0005596105298939534,1.275,0.8210108833593541,traces/3ee79ab893a941c6b41c53986dcede7cb356a6b9c6f7d33297c6d907aaefb062.npz
L1,sensitivity,tau20ms,720575940637088602,grating_90,17,0.00185599497477304,0.001285560056605319,1.15,2.4406169342194373,traces/f74d997495c243af21c9cf9d0e30478a94251b61fbfa34a58d7b7bf8b0e6e808.npz
L1,sensitivity,tau20ms,720575940637088602,grating_180,17,0.0014384076653094426,0.0009002055165425336,0.7399999999999998,1.1374221912712277,traces/e4a2c3bc877c07634e8eccd2ba099592d012f18aa4880d9a65507963aa601f49.npz
L1,sensitivity,tau20ms,720575940637088602,grating_270,17,0.0011743836896277926,0.0006606632055428264,0.6749999999999998,2.967964128608102,traces/4b4da7ea10fde2be0ecfe9dda962221c3677f821a9f3ab1fe0e64389f5d171ed.npz
L1,sensitivity,tau100ms,720575940637088602,expand,17,0.0003927225481530647,0.0003045894249395161,1.0099999999999998,1.3623745810612906,traces/a70ab4c7599097bdb7a30d819fdb6c07d4343a192618537d18ac3cd9dbc09d67.npz
L1,sensitivity,tau100ms,720575940637088602,recede,17,0.0028999581442999164,0.003993563613675928,2.045,2.416766669137232,traces/b5f7a42cdb312923a43a0d0c5fe7bb4a2253abdb51e46056c2876a4c0bd074dc.npz
L1,sensitivity,tau100ms,720575940637088602,dim,17,0.0,0.0,0.0,0.0,traces/11c1e0b4211615b5f30fa2068e4ad704a6858987d05eff308bb2399d3ddbe57d.npz
L1,sensitivity,tau100ms,720575940637088602,grating_0,17,0.002041104080070945,0.0026269046618682002,1.38,1.4446975557406418,traces/79d9ad8e983ecd2959a5e413770e448cf7c0483ec43d2931b5047dbd6df3483e.npz
L1,sensitivity,tau100ms,720575940637088602,grating_90,17,0.0033955058010370865,0.005816133568379253,1.2999999999999998,4.1667290150998735,traces/aed049db50167a981d9a477c130751220f5be9cfe636dc636a881936941c0bcb.npz
L1,sensitivity,tau100ms,720575940637088602,grating_180,17,0.0024080810956027296,0.004107101728919099,0.8500000000000001,2.5267614729552608,traces/d7f4179af07273f2a1f3de5880095e1220ffaf838acd1a06ed0d5c347971961f.npz
L1,sensitivity,tau100ms,720575940637088602,grating_270,17,0.0019845127662439167,0.0031432412488057206,1.9899999999999998,4.971666633695858,traces/26562f4160e1de3ef6154da9d784001ce353e28081bc0b36752c3a3499b0af79.npz
L1,sensitivity,gain_half,720575940637088602,expand,17,0.00016548417867163085,8.971191328408477e-05,0.565,0.9477442157942975,traces/04282afc3065185032316af0dc7bb925fe0ada8759af47161114ab3811a590c6.npz
L1,sensitivity,gain_half,720575940637088602,recede,17,0.001019949087279694,0.001030283086076846,1.9700000000000002,1.5999511257863381,traces/37b4f3c0ae65206448ec7ef564e8949dea456897df7d2d93fbba6b843391875f.npz
L1,sensitivity,gain_half,720575940637088602,dim,17,0.0,0.0,0.0,0.0,traces/ba2351c9be7c78ae06ea4ba2aab9a20e1ed7280e20463391e0c8c5e2e6206e42.npz
L1,sensitivity,gain_half,720575940637088602,grating_0,17,0.0007802447650714369,0.0006973654846236579,1.3250000000000002,1.115160732878139,traces/01a4e2fc531da0a202bea647640c4cd94ad5ea0ae0e88b74b7a4c1e00120d24b.npz
L1,sensitivity,gain_half,720575940637088602,grating_90,17,0.001172340071932515,0.0016609134453517244,1.19,2.833642737232293,traces/0939a04a5da65fe4ed1f87b30bccc8c1397735d3e5a470d5a0a48fd202988f2f.npz
L1,sensitivity,gain_half,720575940637088602,grating_180,17,0.0008768076926363434,0.0011193787688221768,0.7850000000000001,1.6539334753205754,traces/9ca6adbd488f9823ad1514ab92422fb0c0c8dacfecace4e082c1a43959fe9c62.npz
L1,sensitivity,gain_half,720575940637088602,grating_270,17,0.0007066160209861888,0.0008957664742145721,1.7199999999999998,3.352341006244494,traces/ae8159f2b95ecaec955aa6fff798369a38848c6952da1d2ea28c10953765485d.npz
L1,sensitivity,gain_double,720575940637088602,expand,17,0.0005622336592252855,0.00029315410773596474,0.56,0.9477442157942975,traces/a76b35475f642757b12af24405e76d69e1e8b32d55441f190745975b9093b699.npz
L1,sensitivity,gain_double,720575940637088602,recede,17,0.004041378673953144,0.004025696845094359,1.9700000000000002,1.5999511257863381,traces/e0807764404a74eba408c87f55defbacc84d52475157ab6f17d6c58cc97e53b3.npz
L1,sensitivity,gain_double,720575940637088602,dim,17,0.0,0.0,0.0,0.0,traces/4dba313002c214061b1a0f156ad5cb22f36fa0d0821b5be440ed548a3a332e22.npz
L1,sensitivity,gain_double,720575940637088602,grating_0,17,0.003120979059303014,0.0027894612217369925,1.3250000000000002,1.115160732878139,traces/efd9aeed6e01cc54503a9907998163a507643d0f2a3f8bd4ff4f25c3d5c6b260.npz
L1,sensitivity,gain_double,720575940637088602,grating_90,17,0.004298833516075467,0.0058872651899858665,1.19,2.833642737232293,traces/fa16640ad229a5f66b768db5184eec761e8ce404ffcf5baa017ed0dbc6327e42.npz
L1,sensitivity,gain_double,720575940637088602,grating_180,17,0.003507230063334479,0.004477237382941877,0.7850000000000001,1.6539334753205754,traces/19a147579f17c3e17b2100e33623fd05bc1542008c02d5bcc6624c2f0f9fb617.npz
L1,sensitivity,gain_double,720575940637088602,grating_270,17,0.0023622404519223405,0.0026929704120440385,0.7199999999999998,3.352341006244494,traces/6aef4b21f66987ad8164d48cf0f6023d959683d66f1168a9c1d11bb49954f1d9.npz
L1,sensitivity,lpi_zero,720575940637088602,expand,17,0.00034800823041680713,0.00019288492845277535,0.5699999999999998,0.9477442157942975,traces/27e320d1495fb80377fd0786df5c592ac55bb55fcad33a6e32c71ef8a77a040a.npz
L1,sensitivity,lpi_zero,720575940637088602,recede,17,0.0020463011204203264,0.0020769451033473725,1.9700000000000002,1.5999511257863381,traces/a1327adf9b7929a2cace3aefd746f591959d0adc47de802c1f4ef930161fecda.npz
L1,sensitivity,lpi_zero,720575940637088602,dim,17,0.0,0.0,0.0,0.0,traces/7b46763891f3cbbd3ce1709014fb0e2c84ac193d663bcfa3adaf8a891f3ce731.npz
L1,sensitivity,lpi_zero,720575940637088602,grating_0,17,0.001560489530306663,0.0013947310887069222,1.3250000000000002,1.115160732878139,traces/33d02cc7a5012c28e4cf5235b9908c76127cddfa63751d92def3a95d16a2adf4.npz
L1,sensitivity,lpi_zero,720575940637088602,grating_90,17,0.0024103030656017436,0.0034478916559402876,1.1949999999999998,2.833642737232293,traces/f750ddb15a11a2e39dcd26560a28ee9632c982bfe780a9e5e8422c79b6b15e15.npz
L1,sensitivity,lpi_zero,720575940637088602,grating_180,17,0.0017536155031411696,0.0022388038197021587,0.7850000000000001,1.6539334753205754,traces/f991320a3d354e448b7ec3eb3b187e407a327620a7710e03c974068bd50391bf.npz
L1,sensitivity,lpi_zero,720575940637088602,grating_270,17,0.0014906048346654617,0.0019412699468780012,1.7199999999999998,3.352341006244494,traces/22fb53822b611f1a69fd2c6a6fc72fba0097c7daf4eb7a120fc37b27e0de1e6b.npz
L1,sensitivity,lpi_half,720575940637088602,expand,17,0.0003309683573432617,0.00017942382656816955,0.565,0.9477442157942975,traces/d7aeab07f11c8061b6c18309570311662bc51ceaebeefab8144e38e5a804e853.npz
L1,sensitivity,lpi_half,720575940637088602,recede,17,0.002039898174559388,0.002060566172153692,1.9700000000000002,1.5999511257863381,traces/d278f9bbbb07766bdd118bb131f1170abd1379d15303d3eba556716ee9a6e7f6.npz
L1,sensitivity,lpi_half,720575940637088602,dim,17,0.0,0.0,0.0,0.0,traces/b68ffbcc54182943a2f540290a113debf7a3371e48724391ecc990fb31c77cb8.npz
L1,sensitivity,lpi_half,720575940637088602,grating_0,17,0.0015604895301428738,0.0013947309692473157,1.3250000000000002,1.115160732878139,traces/82f77c84adfbe2ce7621062c025b13cbd0c91d417cd274420c3a32b74ffa1350.npz
L1,sensitivity,lpi_half,720575940637088602,grating_90,17,0.00234468014386503,0.003321826890703449,1.19,2.833642737232293,traces/7a59087907196caf0e8a96e2f1af4b3aec6e02b3e4c2d19232a94288e9fb3e14.npz
L1,sensitivity,lpi_half,720575940637088602,grating_180,17,0.0017536153852726868,0.0022387575376443536,0.7850000000000001,1.6539334753205754,traces/aea6b3289275e0ec877b3719e5876d7efd673b20313a491e4c6a0750e55ae843.npz
L1,sensitivity,lpi_half,720575940637088602,grating_270,17,0.0014132320419723776,0.0017915329484291442,1.7199999999999998,3.352341006244494,traces/0ed7d2c8b437bc2279db99c5074c9373c9e36d5662a972d0188ba89611665a76.npz
L1,sensitivity,lpi_double,720575940637088602,expand,17,0.0002811168296126427,0.00014657705386798237,0.56,0.9477442157942975,traces/c2745a1ce3dd6d60f10ac38bdf3a5ffe140ea28f7ea148c0985c7fcfd53832e3.npz
L1,sensitivity,lpi_double,720575940637088602,recede,17,0.002020689336976572,0.0020128484225471793,1.9700000000000002,1.5999511257863381,traces/7ab09bdf4c9f16e739e88006da05603d3109339602f5ecc3b24558a41554bc58.npz
L1,sensitivity,lpi_double,720575940637088602,dim,17,0.0,0.0,0.0,0.0,traces/ad664b615aea9d042e94c9c11f79bdc93934d5f804ffafed976ae523a6b49e72.npz
L1,sensitivity,lpi_double,720575940637088602,grating_0,17,0.001560489529651507,0.0013947306108684963,1.3250000000000002,1.115160732878139,traces/d1b18fbaec33ac8314543b13e4b693d8e266d7f9c3f9d47cdd63ae4d9f1cfabe.npz
L1,sensitivity,lpi_double,720575940637088602,grating_90,17,0.0021494167580377336,0.0029436325949929332,1.19,2.833642737232293,traces/69decb5843a4668f17586ff6524a82fbb48c8977d539b7bd746b1ae45e93e44e.npz
L1,sensitivity,lpi_double,720575940637088602,grating_180,17,0.0017536150316672394,0.0022386186914709386,0.7850000000000001,1.6539334753205754,traces/db3524f6be10b792d18bc2cdec878be273d76a185cf7b742628c215603fc04ae.npz
L1,sensitivity,lpi_double,720575940637088602,grating_270,17,0.0011811202259611703,0.0013464852060220192,0.7199999999999998,3.352341006244494,traces/14890df82f5307f41f3cb4e0f4e51ba6c2a6e380b099e9d6241c6329fff99007.npz
L1,sensitivity,dt_half,720575940637088602,expand,17,0.0003124021384712277,0.00016691508162874788,0.565,0.9421792262929595,traces/392c24da8f7e9370d9628b22f7b23b75fd2afc8cfc31cf456a29f45a20811a14.npz
L1,sensitivity,dt_half,720575940637088602,recede,17,0.00202550700065712,0.0020438555962983196,1.9700000000000002,1.5902581872225237,traces/45548b423e7c0f6aa24575271f11fdd937b57ed571eb495cf98584bf423ee6c7.npz
L1,sensitivity,dt_half,720575940637088602,dim,17,0.0,0.0,0.0,0.0,traces/959984bd26ce6179227519a30619385d3ed21f2c8b8354c7fe88f05d40215a31.npz
L1,sensitivity,dt_half,720575940637088602,grating_0,17,0.001530196455161366,0.001394049952147761,1.3250000000000002,1.1070607928655096,traces/155f35fc25a0a7c6f2de558c42968fbb006a4171de2d66c37312050e1be996ff.npz
L1,sensitivity,dt_half,720575940637088602,grating_90,17,0.0022524563400220716,0.003193006483958528,1.1925,2.7941974178710547,traces/b1fe2d30d31b7d0855b7b944f577dd3b09dfc4b6d0f5d953014b472bc942060f.npz
L1,sensitivity,dt_half,720575940637088602,grating_180,17,0.0017196726270863993,0.0022369320502989933,0.7850000000000001,1.6518030319661583,traces/87fa3509b7a74452889a9dbf9f3e5ec5a7ce9e032bd07249b0a92c385945b382.npz
L1,sensitivity,dt_half,720575940637088602,grating_270,17,0.0013161609544128949,0.0016412265691354484,1.7174999999999998,3.3077060496024497,traces/3e217b8023a878ca829a7768c2d07a934624e0f201bfe2de19b5aebf09f26272.npz
L1,sensitivity,retained_norm,720575940637088602,expand,17,0.0008254689718061314,0.0004334770995433944,0.565,0.9477442157942975,traces/cd3e5c33ed079aee6548e7c614e6a3bfc127e38befa11eeb2ac5d69087ba4a6e.npz
L1,sensitivity,retained_norm,720575940637088602,recede,17,0.0055702450862575095,0.0055694507482365605,1.9700000000000002,1.5999511257863381,traces/b120bd2366cb8726f9288a9c966907518f770d9caf4d35cda228dc6ec1d8a03e.npz
L1,sensitivity,retained_norm,720575940637088602,dim,17,0.0,0.0,0.0,0.0,traces/db50071d4f790ab5c352cc5c9c14726f5291eee57a553edd9c50e4b603c44593.npz
L1,sensitivity,retained_norm,720575940637088602,grating_0,17,0.004290041449735388,0.003834343254617717,1.3250000000000002,1.115160732878139,traces/4dc152734c0a849abe0de8bb6d32794b10bd581e5a552ce07dc77c51a1345fe8.npz
L1,sensitivity,retained_norm,720575940637088602,grating_90,17,0.006144342973145143,0.008548721493874001,1.19,2.833642737232293,traces/993db8ffe9760f8dcc7caac5b9bfd5386bccbca961c4ef39a2db863239d1744f.npz
L1,sensitivity,retained_norm,720575940637088602,grating_180,17,0.004820975338065663,0.006154421640706674,0.7850000000000001,1.6539334753205754,traces/a7cf7dbec3f0a4c5922e92039a3541a6ae8524b5552ef424848dd8cae56a23bb.npz
L1,sensitivity,retained_norm,720575940637088602,grating_270,17,0.003396543914805466,0.00398298340408698,0.7199999999999998,3.352341006244494,traces/6e9804f847548ed5a6e566300973aaeac0cf9ab3dccfd38f366ee012f2e1e2d5.npz
L1,intervention,route_remove,720575940637088602,expand,17,0.0,0.0,0.0,0.9477442157942975,traces/6af2fd77a3e1ac4a4cfc011f2724bce0cf9d0e37a6045ed53261540d5e32f8f1.npz
L1,intervention,route_remove,720575940637088602,recede,17,0.0,0.0,0.0,1.5999511257863381,traces/f09b9927149ec574a7eed172125d18943e1b794c592df498793102b7a1c697e7.npz
L1,intervention,route_remove,720575940637088602,grating_0,17,0.0,0.0,0.0,1.115160732878139,traces/0689bb86816741cd91bd6515cb6ed680a393665519a78121d6e9cdb74141f923.npz
L1,intervention,matched_route,720575940637088602,expand,17,0.0003434842874380347,0.0001866924717065533,0.5699999999999998,0.9477442157942975,traces/a47150c2503924eb66c176c5d1d2b33a82da639504f597683f10858b666573b9.npz
L1,intervention,matched_route,720575940637088602,recede,17,0.0020406303373205967,0.002062212457989098,1.9700000000000002,1.5999511257863381,traces/2771c23f2db8d8c7d11d52a0bd5872bb4a7d3433cfcb6c6e8e5dc88263425b91.npz
L1,intervention,matched_route,720575940637088602,grating_0,17,0.001560489529979085,0.0013947308497877092,1.3250000000000002,1.115160732878139,traces/1aaba9618979dc419ca73fa1c0b095e8b23912e2c0c19aaac31cad2beeac4bce.npz
L1,intervention,lpi_remove,720575940637088602,expand,17,0.0003244211551923878,0.00017597586547408602,0.565,0.9477442157942975,traces/6ca4b4818cd105d1bd937e3dd157896c0f8163c284f2b23ca47f81ff2bc450a9.npz
L1,intervention,lpi_remove,720575940637088602,recede,17,0.002044035438013507,0.002072147292852982,1.9700000000000002,1.5999511257863381,traces/9ef72f335518aa61b813dd96d9debdc55af8abe4dca24b93c2a953ab411f1664.npz
L1,intervention,lpi_remove,720575940637088602,grating_0,17,0.001560489530306663,0.0013947310887069222,1.3250000000000002,1.115160732878139,traces/e1dcc18b9442c769ea78dc941fde79070a709488942a20af4e5867a5346e8169.npz
L1,intervention,output_silence,720575940637088602,expand,17,0.0,0.0,0.0,0.9477442157942975,traces/69c5ed38b77f60d999b3981c5a9336d999a9d112a8d43d0c959ea5f66abbb303.npz
L1,intervention,output_silence,720575940637088602,recede,17,0.0,0.0,0.0,1.5999511257863381,traces/9951797d56259f83efa04fdd0984fc05a3ada26e8b4c2d4b4b6d8a8c130bc82c.npz
L1,intervention,output_silence,720575940637088602,grating_0,17,0.0,0.0,0.0,1.115160732878139,traces/d6fa20dd39dce60ace900a1df7e317877f21d666ac884b685ea20e5bcd47df06.npz
L1,intervention,shuffle_space,720575940637088602,expand,17,0.0010522022681068546,0.0004105484964208299,0.5749999999999997,0.9477442157942975,traces/0bac35ae77829a78e6d263a16a50e9d87afde0f9147626fc83cdf8039398533d.npz
L1,intervention,shuffle_space,720575940637088602,expand,29,0.00041155959770020187,0.000177520998923292,1.4049999999999998,0.9477442157942975,traces/0858eb093ce12bad5d5a25819191c8bf147b81c94e426740147098b6e76d6a2c.npz
L1,intervention,shuffle_space,720575940637088602,expand,43,0.0006017238153768068,0.00026468734584789725,0.1299999999999999,0.9477442157942975,traces/af4309088a862f7f12cf8161269e01c14fe2b5f9c2d5ed099380f962367a9e51.npz
L1,intervention,shuffle_space,720575940637088602,recede,17,0.0018900290384340826,0.001433348581046217,1.08,1.5999511257863381,traces/b6ab28590736a37848c98ae4c187ec1bcebb2a993a3b6d848f2e9797473a0d07.npz
L1,intervention,shuffle_space,720575940637088602,recede,29,0.0013162551433983688,0.0016811534069431388,0.71,1.5999511257863381,traces/ea0da9670f670b9c1bf4258574b2de5209b85b4724ca2db1a3b7cf04684ea8af.npz
L1,intervention,shuffle_space,720575940637088602,recede,43,0.0014104091470815018,0.0014455192514177327,2.4050000000000002,1.5999511257863381,traces/5a532067fc4636044f6b34309586bc89c8235b6fcc0f7f41585bff895db8f828.npz
L1,intervention,shuffle_space,720575940637088602,grating_0,17,0.0012783647051027042,0.0013939929297284875,1.1099999999999999,1.115160732878139,traces/85550f01cb51903a844a0fdeedc047331f095c70703727d4aa9c849305f0e4a5.npz
L1,intervention,shuffle_space,720575940637088602,grating_0,29,0.0014526733058088815,0.0016363543347958274,1.315,1.115160732878139,traces/040056e880bfe3a189e150cc25f1b3e12316bd6a743096b2decac4526fe8ad18.npz
L1,intervention,shuffle_space,720575940637088602,grating_0,43,0.0011540262900323213,0.0013939384698543893,1.3199999999999998,1.115160732878139,traces/a078275ee82080c3c3d18c8dcced070de5ab272c37650caec345a44a149ff2c4.npz
L1,intervention,sensory_lesion,720575940637088602,expand,17,0.0003142900334521272,0.0001673400669750642,0.565,0.9477442157942975,traces/a41f4bc7b931e9af7b1f83755a2e9841ba453ced550587a87e396d9a4abe6a64.npz
L1,intervention,sensory_lesion,720575940637088602,recede,17,0.0019293404363294484,0.0018168328715434136,1.975,1.5996737607195315,traces/4760ed64b5de774f47d3e52a4fce06905d50f42bbce0e53750365bd820e5a31f.npz
L1,intervention,sensory_lesion,720575940637088602,grating_0,17,0.001560489529979085,0.0013947308497877092,1.3250000000000002,1.115160732878139,traces/686b1780dea7107437d4a912531f545084801eb1d7bea718911055699ca335f5.npz
L1,intervention,matched_sensory,720575940637088602,expand,17,0.0003142900334521272,0.0001673400669750642,0.565,0.945839282071145,traces/5e42299d4db1af7bc5a8fdb6dc7e4befc51cadd5e5dcf65e3c78896fd94fd712.npz
L1,intervention,matched_sensory,720575940637088602,recede,17,0.002033495312168947,0.0020447377274486044,1.9700000000000002,1.5997449765732796,traces/b11bb25447c5d6e8e6996bb9ce0d3965e4230e36b8aa59a60d4f6a19f9e93f18.npz
L1,intervention,matched_sensory,720575940637088602,grating_0,17,0.001560489529979085,0.0013947308497877092,1.3250000000000002,1.115160732878139,traces/7c6e7a9155aa49cabae0be761aec8cad2311e20905a7eb4012eedd216c7c1bc5.npz
L1,primary,intact,720575940611740569,expand,17,0.0003527455447357891,0.0001541642465755381,0.9649999999999999,0.8481066586706105,traces/27abf1be8c646dcb6de3bd2428dceab471c62ed24ee041b7af5268d43c7bcc68.npz
L1,primary,intact,720575940611740569,recede,17,0.0020340421141362185,0.0023783199520179873,1.6349999999999998,1.2004095816932068,traces/891d4009dd36d9fa3678c0384a5015bff12ba347b1f4f5ca2dd646ed2748ad8d.npz
L1,primary,intact,720575940611740569,dim,17,0.0,0.0,0.0,0.0,traces/15c69a46ca42dcbbf151ff8a6c8235609a981e59536c9f067de2ec230acd743e.npz
L1,primary,intact,720575940611740569,translate,17,0.0010953933264593655,0.0006271962407160811,0.8999999999999999,1.0587834686088589,traces/17c7651a9457489e30a9a975bdef06eb8a28b58e541843be8784f1a6f0d0214f.npz
L1,primary,intact,720575940611740569,grating_0,17,0.0008744084640707961,0.000889209054783125,1.12,0.9644470569017919,traces/0d63a744e547c84e0b5e7bdbac6d9278204259631e8723bd453a215e7bb74dc5.npz
L1,primary,intact,720575940611740569,grating_90,17,0.0021151178845865643,0.0032784975223875716,0.7650000000000001,2.5393778559002964,traces/24f1c3f45f533cd445e2ba7d320f90f37569230e9082b8ff1ae9128ef2192812.npz
L1,primary,intact,720575940611740569,grating_180,17,0.0030369996724198584,0.004209008473582687,1.0,1.7281119191872372,traces/5c31d2fcb88959d132ba5d955892a403f19d12f9aca60cc672ed40aea60d028f.npz
L1,primary,intact,720575940611740569,grating_270,17,0.0016752724911554464,0.0014790939172041905,0.77,3.671384019396804,traces/716685071e24b99e6ef84241d3514046731b91c8d1a2c2138d36f8a86dc3d2a4.npz
L1,primary,intact,720575940611740569,approach_20,17,0.00030290530828473646,8.329562060485935e-05,0.41999999999999993,2.6793278985302154,traces/01727fee77de0ee7f5f065442af392e375c6cf1b39525b3a7a861092d9ecb16f.npz
L1,primary,intact,720575940611740569,approach_40,17,0.0003503623283513011,0.0001209186160953425,0.7850000000000001,3.137057500101318,traces/2f21cb704041f416ef252ad948dbae4b40bf7e859240c100da35c2af17816e41.npz
L1,primary,intact,720575940611740569,approach_80,17,0.0003730940297489235,0.0001644199117238453,1.5150000000000001,3.0563161199753197,traces/3b13311663f4a3133c3ceffdc9c47d1ee8226fe4fe0cd0194bfe04d6c2839756.npz
L1,primary,intact,720575940611740569,bright,17,0.000420119101842965,0.00013090816822586596,0.6349999999999998,1.0415031470313543,traces/60b3ecdf528ba382f32b5499919d5b35f953a432f843c436dc01bd14b77da26a.npz
L1,primary,intact,720575940611740569,small,17,0.0003527455447357891,0.0001541642390563849,0.9649999999999999,0.8481066586706105,traces/cdbce5abacf03ce92b2702285a000e55fadc35fd7b205be979a9954670acc343.npz
L1,primary,intact,720575940611740569,offset,17,0.000656654182363783,0.0004192998869954258,2.3899999999999997,0.44692719513219126,traces/8b016f17dc68b2d4ef7429346ff455e9d46f247934cbc47d055d3815cc591130.npz
L1,primary,intact,720575940611740569,shuffle_time,17,0.004441828165883213,0.009782358871273093,2.13,3.748204591776691,traces/4ff9938e43113a5fef7c8b11bae2f13564a73ba2872de3b06c94e7442c0c289d.npz
L1,primary,intact,720575940611740569,blank,17,0.0,0.0,0.0,0.0,traces/35768b295f98d8fd48f6045063a3fb6adcc86cc27d25aae6061f29b8bd29ae45.npz
L1,sensitivity,spacing3,720575940611740569,expand,17,0.0003669689963622356,9.618343081835309e-05,0.5150000000000001,1.3293781016259194,traces/522336f936748215e5f88067eebcd2470af9e095100c8d8997a096ac22b9f0fa.npz
L1,sensitivity,spacing3,720575940611740569,recede,17,0.0029465378226109845,0.002458033215389473,2.2,1.8198850473772976,traces/55ebb4cdfa18d20a5974600a86e2338af181100e0dee7dbc1ba3d4823f16316b.npz
L1,sensitivity,spacing3,720575940611740569,dim,17,0.0,0.0,0.0,0.0,traces/cbf70a81c1fa71eb1736688833d6343a95c7446201313c7f152fce2675616925.npz
L1,sensitivity,spacing3,720575940611740569,grating_0,17,0.0010026597922561595,0.0012173769693747576,1.62,0.9410040396036364,traces/79b83acb98c0b3e8258a7565f2fd87829d9dc1ad9df0781e2976a661c23c107b.npz
L1,sensitivity,spacing3,720575940611740569,grating_90,17,0.0023912493941438645,0.003149662111376356,1.975,3.419815118823744,traces/02121df68a57ffb74167414b37c0d4886ae77eb71cbe6b0368596c4351795653.npz
L1,sensitivity,spacing3,720575940611740569,grating_180,17,0.003170750715237046,0.004669903712925222,1.13,1.836525256651468,traces/360c06236cd2e5a76d95eadc96a49bcacb369571f5733c878cf263aac07cd61f.npz
L1,sensitivity,spacing3,720575940611740569,grating_270,17,0.0012709900448117483,0.0013936087733395787,2.05,4.574196097991711,traces/e0ec465b47b3decffcd5262a52f055a70f48349f3507429fd7c5b5688f9514e6.npz
L1,sensitivity,spacing7,720575940611740569,expand,17,0.0003560762081223263,0.0001686077435926574,1.42,0.7486584471320556,traces/f02b3d6e568eb685adbb138a378800d7996ffa5da8eb92cea62719d691e8b002.npz
L1,sensitivity,spacing7,720575940611740569,recede,17,0.0016125062491821537,0.002037625295067091,1.0699999999999998,0.8833606888048117,traces/c8fab556f42bd6a4d923a4dabfa82b191c97560f252b1adf04a920b21910f193.npz
L1,sensitivity,spacing7,720575940611740569,dim,17,0.0,0.0,0.0,0.0,traces/5b737e3b4cabdd669c37dbe66ae1add34fd38322da1d95fd29ccf43452fa43b9.npz
L1,sensitivity,spacing7,720575940611740569,grating_0,17,0.000389369642985006,0.000380174616335212,0.5449999999999999,0.3557930231808655,traces/a3460cda57cbdf82a27376bac3cd1e7e15e813330c086508fefc0fc0f1f9f77c.npz
L1,sensitivity,spacing7,720575940611740569,grating_90,17,0.0020797535839006086,0.0027847787723927304,1.56,1.6888642133601466,traces/f4b73de3b647d2016509b5fb0ba00a1e4683f019c430e5c50329dc0b1ee49adf.npz
L1,sensitivity,spacing7,720575940611740569,grating_180,17,0.002327433382769125,0.003290761312369845,0.8649999999999998,1.2798427620810349,traces/fb45dc90b0c75caf7ae574cd1e2cd5e12e11334e1a2bbfb1c67f6ac59787cba3.npz
L1,sensitivity,spacing7,720575940611740569,grating_270,17,0.001648709831651782,0.001623029677780633,0.565,1.7901844980370365,traces/c878c34ea843e595e559c08d6e1afa4c1e9c00c36b6cd67f520ece239c5564b1.npz
L1,sensitivity,mirror,720575940611740569,expand,17,0.001032481781208112,0.0011528930289640012,0.605,1.2731478582820448,traces/56be4b11004355572b9bc6bcae0fc4999e3a8d2b3a5d0970f9fd1a240f8a634d.npz
L1,sensitivity,mirror,720575940611740569,recede,17,0.0015297734220740802,0.0013071270084924127,1.9449999999999998,0.8300050660924055,traces/cd4f5e2437fc79bc37e6c74c8212c960a1beb0dacaf19a46d3077f9f1d47a41b.npz
L1,sensitivity,mirror,720575940611740569,dim,17,0.0,0.0,0.0,0.0,traces/7188f5468568c8bc17b86749d8a0571289ab373d4f73cb10b0577c46f1a21d5f.npz
L1,sensitivity,mirror,720575940611740569,grating_0,17,0.0008291787745012148,0.0008890337446691302,2.075,0.9366563805826235,traces/aafa980f8f6eb4561705c501ddf8bc764acaa4ee7409d921fdcf52dd5c3884b3.npz
L1,sensitivity,mirror,720575940611740569,grating_90,17,0.0021151178845865643,0.0032784975223875716,0.7650000000000001,2.5393778559002964,traces/c30d91adc639d10c8630f0e195a876f80b32fd464d727a31eea8ebc586e47e89.npz
L1,sensitivity,mirror,720575940611740569,grating_180,17,0.0033364026638673756,0.004208856137850168,1.1800000000000002,1.6338401852886717,traces/0c93d675f71ac1d5206656887f25b0a677cc22a55ea70f49b5ecccc49e1dd94a.npz
L1,sensitivity,mirror,720575940611740569,grating_270,17,0.0016752724911554464,0.0014790939172041905,0.77,3.671384019396804,traces/fb6ac3919cecd65bebaa1ce5d6913f9a4abe0bc76b1a2dbc393eb75223a48ad7.npz
L1,sensitivity,axes_minus45,720575940611740569,expand,17,0.0006251814348594007,0.00044144997670508455,1.045,1.0776528359791666,traces/231c135b8ac5f31513d714e49591feafdbc3b80aa9d4f3b8f8e5d170b033ef87.npz
L1,sensitivity,axes_minus45,720575940611740569,recede,17,0.0020042556115452055,0.002054087601654378,1.605,1.6454166093696272,traces/527f6d40733111f67c3961cf33b7faeecc509de11d5d908bfc2e899a446e277f.npz
L1,sensitivity,axes_minus45,720575940611740569,dim,17,0.0,0.0,0.0,0.0,traces/fff4ba233fdcabc200b0bf0eb5c4cbd570b3853011e740c754c2e286b212b876.npz
L1,sensitivity,axes_minus45,720575940611740569,grating_0,17,0.003296669175399533,0.004091337999164063,1.025,3.115983164183594,traces/a00677316eab020b1751b9c0b9a9f0bd83134a1896061fb4e9e074677aa0e5cf.npz
L1,sensitivity,axes_minus45,720575940611740569,grating_90,17,0.004263618067331879,0.007363499828131469,0.8249999999999997,3.816589753066528,traces/24629091671fbd6aa1865b713b5a9feafd7f948af0e2c53b9c26397c892072d2.npz
L1,sensitivity,axes_minus45,720575940611740569,grating_180,17,0.004008352872734009,0.005571504570866213,2.045,4.567101449170553,traces/26282bd6d25e6c6df44296b03dd5f17831cbabc8d74b738d96dbb81f07e41624.npz
L1,sensitivity,axes_minus45,720575940611740569,grating_270,17,0.0017298293058126224,0.00229688967927426,0.81,3.5122849197683372,traces/f3c2939592a1a38ebbb4937a5868fea41c9d4eb3d53cd7b2a389bd168a5876b8.npz
L1,sensitivity,axes_plus45,720575940611740569,expand,17,0.0009276334817727044,0.0003040614309482424,0.46999999999999975,0.954620017685065,traces/5af05dacbf755e228231b88f1491d8ee4b1e7db4b18ea6684aa92454ddd48089.npz
L1,sensitivity,axes_plus45,720575940611740569,recede,17,0.0019097984613640994,0.0021427637915568446,2.2750000000000004,1.460355083633527,traces/5f7284c0dbf8845fb122c5d29f96b44614af2662b4458e190787b23b2fbfd135.npz
L1,sensitivity,axes_plus45,720575940611740569,dim,17,0.0,0.0,0.0,0.0,traces/95d7e43c03e6fae3ad785db6005c3a215736a499a7bf77f0fb863d64b9513c2e.npz
L1,sensitivity,axes_plus45,720575940611740569,grating_0,17,0.001731352530776377,0.0022966186207602395,1.13,3.9231784733295587,traces/d421046ab1cc20cce2bf775c7b806359c090f20f053e434fb8ea0d18e82ce9f3.npz
L1,sensitivity,axes_plus45,720575940611740569,grating_90,17,0.0024228244885595553,0.004091262377267514,0.8300000000000001,2.695557650024723,traces/047aa0b13a08248a55e66de8184b4d64c5c8aaad951c86cb44c57a94c8909f40.npz
L1,sensitivity,axes_plus45,720575940611740569,grating_180,17,0.004854847148120211,0.007366248148173587,1.25,3.9411183269489447,traces/f0e01e590cd1f687adef42f1c88c2b4318dce17e370ac272f7d3900d9f62d089.npz
L1,sensitivity,axes_plus45,720575940611740569,grating_270,17,0.003730032635359723,0.00556909734554225,0.815,4.623804738804417,traces/18e831df53723d92356a967b1e692faffc9ca9e9d2467b73ea52dcc88dcb720c.npz
L1,sensitivity,tau20ms,720575940611740569,expand,17,0.00037794087846328796,8.436420411964822e-05,0.9049999999999998,0.6167557014313435,traces/e38963a94f5b05eaf0016f47f073ce49aee2fb1f4aa4c343835368f23be46f0b.npz
L1,sensitivity,tau20ms,720575940611740569,recede,17,0.0012610166260601308,0.0009581142719969779,1.835,0.7940192565517656,traces/2454a4702fc69d424c0f0fbcc4082799a05f569cbff0b23b498fcd7312cb080c.npz
L1,sensitivity,tau20ms,720575940611740569,dim,17,0.0,0.0,0.0,0.0,traces/9e31f8882704b8d4399aa139e3fda4b11033cf00b3dacb357e90888f1008dcec.npz
L1,sensitivity,tau20ms,720575940611740569,grating_0,17,0.0007625962469470768,0.0003539824906131861,1.0750000000000002,0.8209765715999802,traces/31bea1ed5ca9d7587dd0d39b9149aca82137dd3efdd3a1960a4bd524bcd21967.npz
L1,sensitivity,tau20ms,720575940611740569,grating_90,17,0.0016753648835318,0.001319361510733734,0.7250000000000001,2.124208573039603,traces/232bc8401bec9e865affa98ca31bdbee6900c13e5d0f7b8c2218598d66a70945.npz
L1,sensitivity,tau20ms,720575940611740569,grating_180,17,0.0025471762805261465,0.0016940570158636252,0.9550000000000001,1.135577064956665,traces/fda3d95d6ff6f5fa76ad38fd53b316993bc6b220e3464f9980b3e4ba60f462b1.npz
L1,sensitivity,tau20ms,720575940611740569,grating_270,17,0.0014898278858852324,0.0006099670689196838,0.7250000000000001,3.1826108324254228,traces/0f33d82f69144ea21e7445618db0b2300f6bd7b56068b7e16b1223f6054a42e3.npz
L1,sensitivity,tau100ms,720575940611740569,expand,17,0.00035891827103438716,0.00024610037852268283,1.0350000000000001,1.3318953958491728,traces/a37b0725174e7350c03461d624604c10fc1f35ff582ee0bde0c8d9d3480c1461.npz
L1,sensitivity,tau100ms,720575940611740569,recede,17,0.00323375175348175,0.004582424438032862,1.6800000000000002,2.0041854450189494,traces/1f91033e5b6cba8b565bf8f74c8cdedfb2a71e3344169b98551c3c0ed95487fe.npz
L1,sensitivity,tau100ms,720575940611740569,dim,17,0.0,0.0,0.0,0.0,traces/492eaac2a15d33fe172c8181548a36a4065949bf6119cba0492c0979d240ba33.npz
L1,sensitivity,tau100ms,720575940611740569,grating_0,17,0.0012580781257258032,0.0018660399614986258,1.17,1.2170730556233609,traces/a3a5a0e091f3eee48457e9ede0e70d56fcbc0778959497c83019626faef0d0d3.npz
L1,sensitivity,tau100ms,720575940611740569,grating_90,17,0.0033947504628233996,0.005955058781931621,1.9100000000000001,3.860668926251659,traces/1ac5b2c264b5474059477892278bae6b37af707e9725e69cb4205a53f67610ee.npz
L1,sensitivity,tau100ms,720575940611740569,grating_180,17,0.004482158227737098,0.007613440777895324,1.185,2.551875654782104,traces/fa039eb117f88d10a6d8c07209e79cebb48648265a227e066b25384052341a3e.npz
L1,sensitivity,tau100ms,720575940611740569,grating_270,17,0.0023548677091826255,0.0028037528644563603,0.875,5.361230398999872,traces/8757c91ad662858cb26c2332b7269e19962565eefdf9d00bce70169d7392c4df.npz
L1,sensitivity,gain_half,720575940611740569,expand,17,0.00018767514495381712,8.31844296865865e-05,0.9649999999999999,0.8481066586706105,traces/e375f9ef4f256d498d560fc1fe683859677b333d35340c6be751d870f3648af5.npz
L1,sensitivity,gain_half,720575940611740569,recede,17,0.0010201275869575,0.0011984536551082358,1.6349999999999998,1.2004095816932068,traces/38508479ddf859c95cde251cb6cedce9e2dd22644cded4717fee80c3fd259d7b.npz
L1,sensitivity,gain_half,720575940611740569,dim,17,0.0,0.0,0.0,0.0,traces/ba50ad3fa91d4468dced5df91c2f958c3fad33b282129e8a9618d2e191b31903.npz
L1,sensitivity,gain_half,720575940611740569,grating_0,17,0.00043720423203539807,0.0004446045273915625,1.12,0.9644470569017919,traces/bdb325c11da56b0b7e48fc0d631ff8d7d8967cb133d8d45e0e3f382701d505c6.npz
L1,sensitivity,gain_half,720575940611740569,grating_90,17,0.0010705136170446963,0.0016680488502251298,1.7650000000000001,2.5393778559002964,traces/f129f1d06db2eb730f671c08bcac6befa692b54b07c06f35c1e75d9ac011b9a8.npz
L1,sensitivity,gain_half,720575940611740569,grating_180,17,0.0015184998362099292,0.0021045042367913436,1.0,1.7281119191872372,traces/995c4f809b6940ae2a21642c14e20811a60bb7327e488570df26824e30164266.npz
L1,sensitivity,gain_half,720575940611740569,grating_270,17,0.0008905065409404845,0.0008405060765734064,0.77,3.671384019396804,traces/2587f191e79f2de59512d88e61c9ffd21c5e9a3a7889fe01dd6ad4d2794dc447.npz
L1,sensitivity,gain_double,720575940611740569,expand,17,0.000621348260887888,0.00026552719661903393,0.9649999999999999,0.8481066586706105,traces/373a96db7dffa546af4b6ff4bce80cd2041b984a46708cfd6460f3caa720ee05.npz
L1,sensitivity,gain_double,720575940611740569,recede,17,0.0040432319891573094,0.00468300708007877,1.6349999999999998,1.2004095816932068,traces/5966491973d5174d711a05e9ca90bc949d371624d2fbb25a535e8cf9140b0a5b.npz
L1,sensitivity,gain_double,720575940611740569,dim,17,0.0,0.0,0.0,0.0,traces/d70c06ffebf9a9cc5f74dbcf80b9c476b8271e1628ba962205302ac2ed93f3b0.npz
L1,sensitivity,gain_double,720575940611740569,grating_0,17,0.0017488169281415923,0.00177841810956625,1.12,0.9644470569017919,traces/6be3cab6c2543a52bd099ea33d0739c752c8ce3ed31bf7492049b4e58a7b58f4.npz
L1,sensitivity,gain_double,720575940611740569,grating_90,17,0.004126600635443364,0.0063265943325243905,0.7650000000000001,2.5393778559002964,traces/547d29c23f3c215bf7af121a578fa59a0c4e96ff3f0388196190b6415ac1b8eb.npz
L1,sensitivity,gain_double,720575940611740569,grating_180,17,0.006073999344839717,0.008418016947165374,1.0,1.7281119191872372,traces/04b089f76816470a045e8f4569481531b917306979c569b120d296e34cab2f58.npz
L1,sensitivity,gain_double,720575940611740569,grating_270,17,0.002927871725866818,0.0022484473517272036,0.77,3.671384019396804,traces/341bf163478f933dce76608c428221ba051f0a2031823a2194b137fe0d48ce26.npz
L1,sensitivity,lpi_zero,720575940611740569,expand,17,0.00039806314344286836,0.00017944684498276295,0.9649999999999999,0.8481066586706105,traces/14762078b9f7f4bbf89741b53897016604b8748eabd5d1b7584fd27c82985358.npz
L1,sensitivity,lpi_zero,720575940611740569,recede,17,0.0020467485596401187,0.0024156407348775054,1.6400000000000001,1.2004095816932068,traces/fcb30016a0947661b7e8c0f5ae366e840719dc36388de3a2afb9ab3d31f9de98.npz
L1,sensitivity,lpi_zero,720575940611740569,dim,17,0.0,0.0,0.0,0.0,traces/593bd3b9e554a5d0af9ac3bb78608d77cdd145392dbbbb1ab70e6173078d7e6d.npz
L1,sensitivity,lpi_zero,720575940611740569,grating_0,17,0.0008744084640707961,0.000889209054783125,1.12,0.9644470569017919,traces/237fdf6ce99c6b350534c257e28a780ca2dc57e375ee7a48ff408404a188317d.npz
L1,sensitivity,lpi_zero,720575940611740569,grating_90,17,0.002166938163025252,0.003393697878512947,1.7650000000000001,2.5393778559002964,traces/636ea4c7d55db6454a6ca736de0aaca359477099d9362eea554e7dbdfe0a9fe0.npz
L1,sensitivity,lpi_zero,720575940611740569,grating_180,17,0.0030369996724198584,0.004209008473582687,1.0,1.7281119191872372,traces/5bf53785dc5fb5988ea98bb597ec534f8afb349c142755396f7247cdadc3849d.npz
L1,sensitivity,lpi_zero,720575940611740569,grating_270,17,0.0018867581067341468,0.0018903489346164914,1.77,3.671384019396804,traces/26534dbd2499a0114e061e638b3e67b22d943c0d556fadf787f09a4731e2569b.npz
L1,sensitivity,lpi_half,720575940611740569,expand,17,0.00037535028990763424,0.000166368859373173,0.9649999999999999,0.8481066586706105,traces/59398054114e5594aa5c1d1d7c9846f9141789d1c41f771483d40d3503ce400c.npz
L1,sensitivity,lpi_half,720575940611740569,recede,17,0.002040255173915,0.0023969073102164716,1.6349999999999998,1.2004095816932068,traces/c96309a20f32a6a8464d5dc47b8af5f53598a12274f2bef4be69bb0b31fb26f4.npz
L1,sensitivity,lpi_half,720575940611740569,dim,17,0.0,0.0,0.0,0.0,traces/312846417f7729d7a31d9e85f199fe2c03f2747beafec4c445f5b660e0ff673b.npz
L1,sensitivity,lpi_half,720575940611740569,grating_0,17,0.0008744084640707961,0.000889209054783125,1.12,0.9644470569017919,traces/ef8840cb899202e2156f68a19ca30e57f0511b9852bb21b2442cf5af0159372a.npz
L1,sensitivity,lpi_half,720575940611740569,grating_90,17,0.0021410272340893926,0.0033360977004502595,1.7650000000000001,2.5393778559002964,traces/26e2369185074da72d639edaeee96c0247b2a61e522197f3cf3fc8d8e761ba7b.npz
L1,sensitivity,lpi_half,720575940611740569,grating_180,17,0.0030369996724198584,0.004209008473582687,1.0,1.7281119191872372,traces/919b3ff775aec9b6e97d8dfd33cff0942cb8a76fbed28c500098ac481d739616.npz
L1,sensitivity,lpi_half,720575940611740569,grating_270,17,0.001781013081880969,0.001681012153146813,0.77,3.671384019396804,traces/6f9ce4a9cb244aeb0eabfae69ec2221e3d199be9281c418d2f9fd8cfc4f5b5f4.npz
L1,sensitivity,lpi_double,720575940611740569,expand,17,0.000310674130443944,0.00013276359830951696,0.9649999999999999,0.8481066586706105,traces/36d7ad62320d8668fc521c3606872da1bce363bf67bc94dddc3bd53358be1d51.npz
L1,sensitivity,lpi_double,720575940611740569,recede,17,0.0020216159945786547,0.002341503540039385,1.6349999999999998,1.2004095816932068,traces/48d5976244f58bdbdabb2d6757f252e8a3ae4d9179402bebe349d12b51287deb.npz
L1,sensitivity,lpi_double,720575940611740569,dim,17,0.0,0.0,0.0,0.0,traces/85cec8fa12e39dbb2e3711af8ef27efc0286c2793043b313e45723d5b6913a2e.npz
L1,sensitivity,lpi_double,720575940611740569,grating_0,17,0.0008744084640707961,0.000889209054783125,1.12,0.9644470569017919,traces/3b96acbb600704c369faf06ff44a836f20584a5e7c503ad70b7bc50ce9856217.npz
L1,sensitivity,lpi_double,720575940611740569,grating_90,17,0.002063300317721682,0.0031632971662621952,0.7650000000000001,2.5393778559002964,traces/b0a5941df1a9f8f52b0c2b1ccd459cdcdb11759011de82cb0676660e761253d4.npz
L1,sensitivity,lpi_double,720575940611740569,grating_180,17,0.0030369996724198584,0.004209008473582687,1.0,1.7281119191872372,traces/f887f7de39e70128547dc94f690a3bc81d51ccfa0525bf5fe0b7651be88c639e.npz
L1,sensitivity,lpi_double,720575940611740569,grating_270,17,0.001463935862933409,0.0011242236758636018,0.77,3.671384019396804,traces/6d82bc2933f1c345d3934a3818d6943e948e7e94c195640f6ce11a41e4989100.npz
L1,sensitivity,dt_half,720575940611740569,expand,17,0.00034283704278568593,0.00015110695245869855,0.9649999999999999,0.8303797721805003,traces/5f8cb63dc557cde21dfd0e4230b1f0b6562e9258d1745a9a26e28a63438618bb.npz
L1,sensitivity,dt_half,720575940611740569,recede,17,0.0020373943471717966,0.0023768838179845818,1.6350000000000002,1.196802361714152,traces/17ae3a7d4fd486e8bff8f73801bf8ab7ff1cb66151f2232e0e4734dc99d7e3a8.npz
L1,sensitivity,dt_half,720575940611740569,dim,17,0.0,0.0,0.0,0.0,traces/8d7f1aa0311d000f4b8156642feeedbf6b1b57ac8e845425546cf0911bd695d6.npz
L1,sensitivity,dt_half,720575940611740569,grating_0,17,0.0008594087139828959,0.0008898308783427514,1.12,0.9459432021489502,traces/91af4db40fcfb84ca019ef265f7d3d3773d8f076f15481461ef2bdbb9970c857.npz
L1,sensitivity,dt_half,720575940611740569,grating_90,17,0.0020926625847382304,0.0032755158096743923,0.7625000000000002,2.5088555890335025,traces/d6d0e09535038baa1d8df00d281ad0727444f66405bc4a9df8937d18da358609.npz
L1,sensitivity,dt_half,720575940611740569,grating_180,17,0.0029962453600781303,0.004205084849992489,0.9975,1.721004493851221,traces/c119660fdf3317c96422c4be55bf3dc6472cce3c63f5a0206cd708a06921c2d5.npz
L1,sensitivity,dt_half,720575940611740569,grating_270,17,0.001650180694807134,0.0014771948497279454,0.77,3.6193747995916845,traces/37d77447a91c4e7794e7a4bef88c9c84a4380f7cc1ed3e477da3711ce7bd2dc5.npz
L1,sensitivity,retained_norm,720575940611740569,expand,17,0.000735732527507561,0.0003193401212679095,0.9649999999999999,0.8481066586706105,traces/33988e628694a010aa5be41f5975f8c610fe0146933ccf71ba6cc85f027bb135.npz
L1,sensitivity,retained_norm,720575940611740569,recede,17,0.004593690443304455,0.005340022463893633,1.6349999999999998,1.2004095816932068,traces/35a59ddc4c01e4ed7ea39cadecd00dbe7fde68af4e7e1d0f793c0f7da30ea122.npz
L1,sensitivity,retained_norm,720575940611740569,dim,17,0.0,0.0,0.0,0.0,traces/aa2c0282ecc0937fabd25f2d4620edbda3699426803a6dd7d1fdc72763ee9bf8.npz
L1,sensitivity,retained_norm,720575940611740569,grating_0,17,0.0019818254873352425,0.002015370665711897,1.12,0.9644470569017919,traces/6f9c52475a3be02314c41b45d2314b98df471aac2fecc7668019f1ae74c421ad.npz
L1,sensitivity,retained_norm,720575940611740569,grating_90,17,0.004745552849308312,0.0073204282465144915,0.7650000000000001,2.5393778559002964,traces/972daad5099198d1364f1863543145eb1134197290be1afa00188ca556d8612a.npz
L1,sensitivity,retained_norm,720575940611740569,grating_180,17,0.006883285790498877,0.009539615193707465,1.0,1.7281119191872372,traces/395219812641cd8f96d4f03a4f83f2d879adf723c85e1a3afce20c402a85077f.npz
L1,sensitivity,retained_norm,720575940611740569,grating_270,17,0.003469416626983148,0.00278208556331377,0.77,3.671384019396804,traces/06687a7ad30ae1558daa4532bc1e4ef6c42291e639e3ceaa1b7217da1f0c4ae3.npz
L1,intervention,route_remove,720575940611740569,expand,17,0.0,0.0,0.0,0.8481066586706105,traces/0146444a28c8e32e006f776849f1cb8f456290a1869fa74f2531ce7ae193e2f2.npz
L1,intervention,route_remove,720575940611740569,recede,17,0.0,0.0,0.0,1.2004095816932068,traces/eda498d7944d0b10776bc62cc5eb98287ba0b67137704c832f9e053f3ad7e5f9.npz
L1,intervention,route_remove,720575940611740569,grating_0,17,0.0,0.0,0.0,0.9644470569017919,traces/139f35047d128f7d730dae8bd55aeec346529595af5bf2120ce45cda8a835221.npz
L1,intervention,matched_route,720575940611740569,expand,17,0.000387696627143424,0.00017387537136034987,0.9649999999999999,0.8481066586706105,traces/411762bd5e476e1905c10ad30d3d9f141b47e86f22d5e83ce440e442db861c84.npz
L1,intervention,matched_route,720575940611740569,recede,17,0.0020387540654986966,0.002398458886487152,1.6349999999999998,1.2004095816932068,traces/bcff3e97e696d3146223a23a8874f1fe9bd8e8110cb90a76136aa9932d66a381.npz
L1,intervention,matched_route,720575940611740569,grating_0,17,0.0008744084640707961,0.000889209054783125,1.12,0.9644470569017919,traces/d09b1f3b481f4109530cdcd45d4f3572705404d99d6488c6aeafe6b027e1700c.npz
L1,intervention,lpi_remove,720575940611740569,expand,17,0.00039367198879196915,0.00017206581830183352,0.9649999999999999,0.8481066586706105,traces/5e045e4a692f6a5538bfc5ceeff436ec67db8180fdd155d321213cdfea764c4f.npz
L1,intervention,lpi_remove,720575940611740569,recede,17,0.0020434633412229454,0.00240871017878731,1.6400000000000001,1.2004095816932068,traces/6646168cbb7a1ef0f74cdaa06e151ac0621ef9923dddee3228c0d38de3457a78.npz
L1,intervention,lpi_remove,720575940611740569,grating_0,17,0.0008744084640707961,0.000889209054783125,1.12,0.9644470569017919,traces/14602375dc726e4e3b1ba2634891f703f488a77940fd049b2a3806ec9a7987d6.npz
L1,intervention,output_silence,720575940611740569,expand,17,0.0,0.0,0.0,0.8481066586706105,traces/aff41a05fb49fd2dc2be14db18540163f19b4676963e94a69e5add18c5b3d6d6.npz
L1,intervention,output_silence,720575940611740569,recede,17,0.0,0.0,0.0,1.2004095816932068,traces/2f18871319289e44382da44d542ba221b60abe2999fa3fc6c58c181231939a6c.npz
L1,intervention,output_silence,720575940611740569,grating_0,17,0.0,0.0,0.0,0.9644470569017919,traces/73323e9a177ec83925ccd8137e0f6c3eff7943611af72aac373218917729a81f.npz
L1,intervention,shuffle_space,720575940611740569,expand,17,0.0013299817138526025,0.000680804649627408,1.0550000000000002,0.8481066586706105,traces/f8f098f3f944e3b2b92eea86329a9d799f5dec7e3c73a78651c6123457ca3637.npz
L1,intervention,shuffle_space,720575940611740569,expand,29,0.0009381856912371669,0.0006362117543321176,1.625,0.8481066586706105,traces/fb41da052de8e5289aa717a561f74c1660b769e716e6320116ce7550034d9d20.npz
L1,intervention,shuffle_space,720575940611740569,expand,43,0.0008183248598190382,0.0005174193480799523,1.0699999999999998,0.8481066586706105,traces/cc99bb3c0554ef86b69bd86af31a0070f24e8a290ba09f8dfb6a7f4bb9b9a20a.npz
L1,intervention,shuffle_space,720575940611740569,recede,17,0.0015265764567316716,0.0017065921113731282,1.67,1.2004095816932068,traces/581687676ed1e33d898ab103569145225343ebb862c3d806540d34d8ae75a65b.npz
L1,intervention,shuffle_space,720575940611740569,recede,29,0.0011944493999723191,0.0014798298604085014,1.08,1.2004095816932068,traces/d87b7e0db5e777688480744be536d7f7b4582e3a51920e84d3e0a461557d6c20.npz
L1,intervention,shuffle_space,720575940611740569,recede,43,0.00118226975733745,0.001600733581527423,0.7999999999999998,1.2004095816932068,traces/fd7b7c35cc97ffe457f613bc2d6168a71be5c591c8d99e9876c80877cdd77e59.npz
L1,intervention,shuffle_space,720575940611740569,grating_0,17,0.0008835942327970176,0.0009513705285316408,1.33,0.9644470569017919,traces/7a9b59379be707b67b8ab1a975d9e95a8ae7b884bb0d9b0252494690a900fa60.npz
L1,intervention,shuffle_space,720575940611740569,grating_0,29,0.000646067423474642,0.0007000793096734857,1.1149999999999998,0.9644470569017919,traces/47f6c978d6eff2f47ae66b4e3e1be48f72ac447b8695551f633b532271d46bb8.npz
L1,intervention,shuffle_space,720575940611740569,grating_0,43,0.0003656399010424654,0.00038679188787451793,1.1099999999999999,0.9644470569017919,traces/295ecc2e516f9256cd83ce2e81783e825f809366b6f302c85e30d99fbd52d1c7.npz
L1,intervention,sensory_lesion,720575940611740569,expand,17,0.0003527455447357891,0.0001541642465755381,0.9649999999999999,0.8481066586706105,traces/330cf7c1f08e8dca3f1f452caeb45b6489b1a95452a399468909b1d4d53c8740.npz
L1,intervention,sensory_lesion,720575940611740569,recede,17,0.0018849087975530343,0.0019014378971317187,1.96,1.2004095816932068,traces/e1ae73e847a5d92c3f490a1e7589df5d697b0c22f96c2612bb9a89440339eb23.npz
L1,intervention,sensory_lesion,720575940611740569,grating_0,17,0.0008744084640707961,0.000889209054783125,1.12,0.9644470569017919,traces/0ac86a30ae94eade6f5734fa883cbc239c46eb2a0982185880681ba0ce77fdb6.npz
L1,intervention,matched_sensory,720575940611740569,expand,17,0.0003527455447357891,0.0001541642465755381,0.9649999999999999,0.8481066586706105,traces/265c7f28602eb882f567d4641de41ba2a051c1f685f6b691de88ec78f5bc651d.npz
L1,intervention,matched_sensory,720575940611740569,recede,17,0.0020340421141530514,0.002378385641031685,1.6349999999999998,1.1885567916624704,traces/8e0d1610856c16c1e5197a2208424d592be31b5e2f34b7738f1b3ec199ab9515.npz
L1,intervention,matched_sensory,720575940611740569,grating_0,17,0.0008744084640707961,0.000889209054783125,1.12,0.9644470569017919,traces/3fe82de32c7f0ff3ebb577a39393c31ef421d907484a9996049d3e2718ed635c.npz
