run,cue,paired_cue,cue_role,contrast,source_left,source_right,source_units,source_sign_set,numerical_ambiguity,family,identification_set,labels
app-1701-A-intact,A,A,paired,response_change,0.031242881346135586,0.07078002072329878,dimensionless frozen model readout,[-1],False,E,"[-1, 0, 1]","[""ROBUST ONLY UNDER RESTRICTED CONDITIONAL FAMILY"", ""TRANSFER-SENSITIVE / NON-ROBUST"", ""NULL-COMPATIBLE""]"
app-1701-A-intact,A,A,paired,response_change,0.031242881346135586,0.07078002072329878,dimensionless frozen model readout,[-1],False,Z,[0],"[""ROBUST ONLY UNDER RESTRICTED CONDITIONAL FAMILY"", ""TRANSFER-SENSITIVE / NON-ROBUST"", ""NULL-COMPATIBLE""]"
app-1701-A-intact,A,A,paired,response_change,0.031242881346135586,0.07078002072329878,dimensionless frozen model readout,[-1],False,P,[-1],"[""ROBUST ONLY UNDER RESTRICTED CONDITIONAL FAMILY"", ""TRANSFER-SENSITIVE / NON-ROBUST"", ""NULL-COMPATIBLE""]"
app-1701-A-intact,A,A,paired,response_change,0.031242881346135586,0.07078002072329878,dimensionless frozen model readout,[-1],False,R,[1],"[""ROBUST ONLY UNDER RESTRICTED CONDITIONAL FAMILY"", ""TRANSFER-SENSITIVE / NON-ROBUST"", ""NULL-COMPATIBLE""]"
app-1701-A-intact,A,A,paired,response_change,0.031242881346135586,0.07078002072329878,dimensionless frozen model readout,[-1],False,WP,"[-1, 0]","[""ROBUST ONLY UNDER RESTRICTED CONDITIONAL FAMILY"", ""TRANSFER-SENSITIVE / NON-ROBUST"", ""NULL-COMPATIBLE""]"
app-1701-A-intact,A,A,paired,response_change,0.031242881346135586,0.07078002072329878,dimensionless frozen model readout,[-1],False,WR,"[0, 1]","[""ROBUST ONLY UNDER RESTRICTED CONDITIONAL FAMILY"", ""TRANSFER-SENSITIVE / NON-ROBUST"", ""NULL-COMPATIBLE""]"
app-1701-A-intact,A,A,paired,response_change,0.031242881346135586,0.07078002072329878,dimensionless frozen model readout,[-1],False,H,"[-1, 0, 1]","[""ROBUST ONLY UNDER RESTRICTED CONDITIONAL FAMILY"", ""TRANSFER-SENSITIVE / NON-ROBUST"", ""NULL-COMPATIBLE""]"
app-1701-A-intact,A,A,paired,response_change,0.031242881346135586,0.07078002072329878,dimensionless frozen model readout,[-1],False,U,"[-1, 0, 1]","[""ROBUST ONLY UNDER RESTRICTED CONDITIONAL FAMILY"", ""TRANSFER-SENSITIVE / NON-ROBUST"", ""NULL-COMPATIBLE""]"
app-1701-A-intact,A,A,paired,response_change,0.031242881346135586,0.07078002072329878,dimensionless frozen model readout,[-1],False,N,"[-1, 0, 1]","[""ROBUST ONLY UNDER RESTRICTED CONDITIONAL FAMILY"", ""TRANSFER-SENSITIVE / NON-ROBUST"", ""NULL-COMPATIBLE""]"
app-1701-A-intact,A,A,paired,restoration_check,0.07078002072329878,0.07078002072329878,dimensionless frozen model readout,[0],False,E,"[-1, 0, 1]","[""ROBUST ONLY UNDER RESTRICTED CONDITIONAL FAMILY"", ""TRANSFER-SENSITIVE / NON-ROBUST"", ""NULL-COMPATIBLE""]"
app-1701-A-intact,A,A,paired,restoration_check,0.07078002072329878,0.07078002072329878,dimensionless frozen model readout,[0],False,Z,[0],"[""ROBUST ONLY UNDER RESTRICTED CONDITIONAL FAMILY"", ""TRANSFER-SENSITIVE / NON-ROBUST"", ""NULL-COMPATIBLE""]"
app-1701-A-intact,A,A,paired,restoration_check,0.07078002072329878,0.07078002072329878,dimensionless frozen model readout,[0],False,P,[0],"[""ROBUST ONLY UNDER RESTRICTED CONDITIONAL FAMILY"", ""TRANSFER-SENSITIVE / NON-ROBUST"", ""NULL-COMPATIBLE""]"
app-1701-A-intact,A,A,paired,restoration_check,0.07078002072329878,0.07078002072329878,dimensionless frozen model readout,[0],False,R,[0],"[""ROBUST ONLY UNDER RESTRICTED CONDITIONAL FAMILY"", ""TRANSFER-SENSITIVE / NON-ROBUST"", ""NULL-COMPATIBLE""]"
app-1701-A-intact,A,A,paired,restoration_check,0.07078002072329878,0.07078002072329878,dimensionless frozen model readout,[0],False,WP,[0],"[""ROBUST ONLY UNDER RESTRICTED CONDITIONAL FAMILY"", ""TRANSFER-SENSITIVE / NON-ROBUST"", ""NULL-COMPATIBLE""]"
app-1701-A-intact,A,A,paired,restoration_check,0.07078002072329878,0.07078002072329878,dimensionless frozen model readout,[0],False,WR,[0],"[""ROBUST ONLY UNDER RESTRICTED CONDITIONAL FAMILY"", ""TRANSFER-SENSITIVE / NON-ROBUST"", ""NULL-COMPATIBLE""]"
app-1701-A-intact,A,A,paired,restoration_check,0.07078002072329878,0.07078002072329878,dimensionless frozen model readout,[0],False,H,[0],"[""ROBUST ONLY UNDER RESTRICTED CONDITIONAL FAMILY"", ""TRANSFER-SENSITIVE / NON-ROBUST"", ""NULL-COMPATIBLE""]"
app-1701-A-intact,A,A,paired,restoration_check,0.07078002072329878,0.07078002072329878,dimensionless frozen model readout,[0],False,U,[0],"[""ROBUST ONLY UNDER RESTRICTED CONDITIONAL FAMILY"", ""TRANSFER-SENSITIVE / NON-ROBUST"", ""NULL-COMPATIBLE""]"
app-1701-A-intact,A,A,paired,restoration_check,0.07078002072329878,0.07078002072329878,dimensionless frozen model readout,[0],False,N,"[-1, 0, 1]","[""ROBUST ONLY UNDER RESTRICTED CONDITIONAL FAMILY"", ""TRANSFER-SENSITIVE / NON-ROBUST"", ""NULL-COMPATIBLE""]"
app-1701-A-intact,A,A,paired,plastic_state_retention,0.031242881346135586,0.07078002072329878,dimensionless frozen model readout,[-1],False,E,"[-1, 0, 1]","[""ROBUST ONLY UNDER RESTRICTED CONDITIONAL FAMILY"", ""TRANSFER-SENSITIVE / NON-ROBUST"", ""NULL-COMPATIBLE""]"
app-1701-A-intact,A,A,paired,plastic_state_retention,0.031242881346135586,0.07078002072329878,dimensionless frozen model readout,[-1],False,Z,[0],"[""ROBUST ONLY UNDER RESTRICTED CONDITIONAL FAMILY"", ""TRANSFER-SENSITIVE / NON-ROBUST"", ""NULL-COMPATIBLE""]"
app-1701-A-intact,A,A,paired,plastic_state_retention,0.031242881346135586,0.07078002072329878,dimensionless frozen model readout,[-1],False,P,[-1],"[""ROBUST ONLY UNDER RESTRICTED CONDITIONAL FAMILY"", ""TRANSFER-SENSITIVE / NON-ROBUST"", ""NULL-COMPATIBLE""]"
app-1701-A-intact,A,A,paired,plastic_state_retention,0.031242881346135586,0.07078002072329878,dimensionless frozen model readout,[-1],False,R,[1],"[""ROBUST ONLY UNDER RESTRICTED CONDITIONAL FAMILY"", ""TRANSFER-SENSITIVE / NON-ROBUST"", ""NULL-COMPATIBLE""]"
app-1701-A-intact,A,A,paired,plastic_state_retention,0.031242881346135586,0.07078002072329878,dimensionless frozen model readout,[-1],False,WP,"[-1, 0]","[""ROBUST ONLY UNDER RESTRICTED CONDITIONAL FAMILY"", ""TRANSFER-SENSITIVE / NON-ROBUST"", ""NULL-COMPATIBLE""]"
app-1701-A-intact,A,A,paired,plastic_state_retention,0.031242881346135586,0.07078002072329878,dimensionless frozen model readout,[-1],False,WR,"[0, 1]","[""ROBUST ONLY UNDER RESTRICTED CONDITIONAL FAMILY"", ""TRANSFER-SENSITIVE / NON-ROBUST"", ""NULL-COMPATIBLE""]"
app-1701-A-intact,A,A,paired,plastic_state_retention,0.031242881346135586,0.07078002072329878,dimensionless frozen model readout,[-1],False,H,"[-1, 0, 1]","[""ROBUST ONLY UNDER RESTRICTED CONDITIONAL FAMILY"", ""TRANSFER-SENSITIVE / NON-ROBUST"", ""NULL-COMPATIBLE""]"
app-1701-A-intact,A,A,paired,plastic_state_retention,0.031242881346135586,0.07078002072329878,dimensionless frozen model readout,[-1],False,U,"[-1, 0, 1]","[""ROBUST ONLY UNDER RESTRICTED CONDITIONAL FAMILY"", ""TRANSFER-SENSITIVE / NON-ROBUST"", ""NULL-COMPATIBLE""]"
app-1701-A-intact,A,A,paired,plastic_state_retention,0.031242881346135586,0.07078002072329878,dimensionless frozen model readout,[-1],False,N,"[-1, 0, 1]","[""ROBUST ONLY UNDER RESTRICTED CONDITIONAL FAMILY"", ""TRANSFER-SENSITIVE / NON-ROBUST"", ""NULL-COMPATIBLE""]"
app-1701-A-intact,A,A,paired,learned_state_comparison,0.031242881346135586,0.07078002072329878,dimensionless frozen model readout,[-1],False,E,"[-1, 0, 1]","[""ROBUST ONLY UNDER RESTRICTED CONDITIONAL FAMILY"", ""TRANSFER-SENSITIVE / NON-ROBUST"", ""NULL-COMPATIBLE""]"
app-1701-A-intact,A,A,paired,learned_state_comparison,0.031242881346135586,0.07078002072329878,dimensionless frozen model readout,[-1],False,Z,[0],"[""ROBUST ONLY UNDER RESTRICTED CONDITIONAL FAMILY"", ""TRANSFER-SENSITIVE / NON-ROBUST"", ""NULL-COMPATIBLE""]"
app-1701-A-intact,A,A,paired,learned_state_comparison,0.031242881346135586,0.07078002072329878,dimensionless frozen model readout,[-1],False,P,[-1],"[""ROBUST ONLY UNDER RESTRICTED CONDITIONAL FAMILY"", ""TRANSFER-SENSITIVE / NON-ROBUST"", ""NULL-COMPATIBLE""]"
app-1701-A-intact,A,A,paired,learned_state_comparison,0.031242881346135586,0.07078002072329878,dimensionless frozen model readout,[-1],False,R,[1],"[""ROBUST ONLY UNDER RESTRICTED CONDITIONAL FAMILY"", ""TRANSFER-SENSITIVE / NON-ROBUST"", ""NULL-COMPATIBLE""]"
app-1701-A-intact,A,A,paired,learned_state_comparison,0.031242881346135586,0.07078002072329878,dimensionless frozen model readout,[-1],False,WP,"[-1, 0]","[""ROBUST ONLY UNDER RESTRICTED CONDITIONAL FAMILY"", ""TRANSFER-SENSITIVE / NON-ROBUST"", ""NULL-COMPATIBLE""]"
app-1701-A-intact,A,A,paired,learned_state_comparison,0.031242881346135586,0.07078002072329878,dimensionless frozen model readout,[-1],False,WR,"[0, 1]","[""ROBUST ONLY UNDER RESTRICTED CONDITIONAL FAMILY"", ""TRANSFER-SENSITIVE / NON-ROBUST"", ""NULL-COMPATIBLE""]"
app-1701-A-intact,A,A,paired,learned_state_comparison,0.031242881346135586,0.07078002072329878,dimensionless frozen model readout,[-1],False,H,"[-1, 0, 1]","[""ROBUST ONLY UNDER RESTRICTED CONDITIONAL FAMILY"", ""TRANSFER-SENSITIVE / NON-ROBUST"", ""NULL-COMPATIBLE""]"
app-1701-A-intact,A,A,paired,learned_state_comparison,0.031242881346135586,0.07078002072329878,dimensionless frozen model readout,[-1],False,U,"[-1, 0, 1]","[""ROBUST ONLY UNDER RESTRICTED CONDITIONAL FAMILY"", ""TRANSFER-SENSITIVE / NON-ROBUST"", ""NULL-COMPATIBLE""]"
app-1701-A-intact,A,A,paired,learned_state_comparison,0.031242881346135586,0.07078002072329878,dimensionless frozen model readout,[-1],False,N,"[-1, 0, 1]","[""ROBUST ONLY UNDER RESTRICTED CONDITIONAL FAMILY"", ""TRANSFER-SENSITIVE / NON-ROBUST"", ""NULL-COMPATIBLE""]"
app-1701-A-intact,B,A,unpaired,response_change,0.10623365142923634,0.112911179723297,dimensionless frozen model readout,[-1],False,E,"[-1, 0, 1]","[""ROBUST ONLY UNDER RESTRICTED CONDITIONAL FAMILY"", ""TRANSFER-SENSITIVE / NON-ROBUST"", ""NULL-COMPATIBLE""]"
app-1701-A-intact,B,A,unpaired,response_change,0.10623365142923634,0.112911179723297,dimensionless frozen model readout,[-1],False,Z,[0],"[""ROBUST ONLY UNDER RESTRICTED CONDITIONAL FAMILY"", ""TRANSFER-SENSITIVE / NON-ROBUST"", ""NULL-COMPATIBLE""]"
app-1701-A-intact,B,A,unpaired,response_change,0.10623365142923634,0.112911179723297,dimensionless frozen model readout,[-1],False,P,[-1],"[""ROBUST ONLY UNDER RESTRICTED CONDITIONAL FAMILY"", ""TRANSFER-SENSITIVE / NON-ROBUST"", ""NULL-COMPATIBLE""]"
app-1701-A-intact,B,A,unpaired,response_change,0.10623365142923634,0.112911179723297,dimensionless frozen model readout,[-1],False,R,[1],"[""ROBUST ONLY UNDER RESTRICTED CONDITIONAL FAMILY"", ""TRANSFER-SENSITIVE / NON-ROBUST"", ""NULL-COMPATIBLE""]"
app-1701-A-intact,B,A,unpaired,response_change,0.10623365142923634,0.112911179723297,dimensionless frozen model readout,[-1],False,WP,"[-1, 0]","[""ROBUST ONLY UNDER RESTRICTED CONDITIONAL FAMILY"", ""TRANSFER-SENSITIVE / NON-ROBUST"", ""NULL-COMPATIBLE""]"
app-1701-A-intact,B,A,unpaired,response_change,0.10623365142923634,0.112911179723297,dimensionless frozen model readout,[-1],False,WR,"[0, 1]","[""ROBUST ONLY UNDER RESTRICTED CONDITIONAL FAMILY"", ""TRANSFER-SENSITIVE / NON-ROBUST"", ""NULL-COMPATIBLE""]"
app-1701-A-intact,B,A,unpaired,response_change,0.10623365142923634,0.112911179723297,dimensionless frozen model readout,[-1],False,H,"[-1, 0, 1]","[""ROBUST ONLY UNDER RESTRICTED CONDITIONAL FAMILY"", ""TRANSFER-SENSITIVE / NON-ROBUST"", ""NULL-COMPATIBLE""]"
app-1701-A-intact,B,A,unpaired,response_change,0.10623365142923634,0.112911179723297,dimensionless frozen model readout,[-1],False,U,"[-1, 0, 1]","[""ROBUST ONLY UNDER RESTRICTED CONDITIONAL FAMILY"", ""TRANSFER-SENSITIVE / NON-ROBUST"", ""NULL-COMPATIBLE""]"
app-1701-A-intact,B,A,unpaired,response_change,0.10623365142923634,0.112911179723297,dimensionless frozen model readout,[-1],False,N,"[-1, 0, 1]","[""ROBUST ONLY UNDER RESTRICTED CONDITIONAL FAMILY"", ""TRANSFER-SENSITIVE / NON-ROBUST"", ""NULL-COMPATIBLE""]"
app-1701-A-intact,B,A,unpaired,restoration_check,0.112911179723297,0.112911179723297,dimensionless frozen model readout,[0],False,E,"[-1, 0, 1]","[""ROBUST ONLY UNDER RESTRICTED CONDITIONAL FAMILY"", ""TRANSFER-SENSITIVE / NON-ROBUST"", ""NULL-COMPATIBLE""]"
app-1701-A-intact,B,A,unpaired,restoration_check,0.112911179723297,0.112911179723297,dimensionless frozen model readout,[0],False,Z,[0],"[""ROBUST ONLY UNDER RESTRICTED CONDITIONAL FAMILY"", ""TRANSFER-SENSITIVE / NON-ROBUST"", ""NULL-COMPATIBLE""]"
app-1701-A-intact,B,A,unpaired,restoration_check,0.112911179723297,0.112911179723297,dimensionless frozen model readout,[0],False,P,[0],"[""ROBUST ONLY UNDER RESTRICTED CONDITIONAL FAMILY"", ""TRANSFER-SENSITIVE / NON-ROBUST"", ""NULL-COMPATIBLE""]"
app-1701-A-intact,B,A,unpaired,restoration_check,0.112911179723297,0.112911179723297,dimensionless frozen model readout,[0],False,R,[0],"[""ROBUST ONLY UNDER RESTRICTED CONDITIONAL FAMILY"", ""TRANSFER-SENSITIVE / NON-ROBUST"", ""NULL-COMPATIBLE""]"
app-1701-A-intact,B,A,unpaired,restoration_check,0.112911179723297,0.112911179723297,dimensionless frozen model readout,[0],False,WP,[0],"[""ROBUST ONLY UNDER RESTRICTED CONDITIONAL FAMILY"", ""TRANSFER-SENSITIVE / NON-ROBUST"", ""NULL-COMPATIBLE""]"
app-1701-A-intact,B,A,unpaired,restoration_check,0.112911179723297,0.112911179723297,dimensionless frozen model readout,[0],False,WR,[0],"[""ROBUST ONLY UNDER RESTRICTED CONDITIONAL FAMILY"", ""TRANSFER-SENSITIVE / NON-ROBUST"", ""NULL-COMPATIBLE""]"
app-1701-A-intact,B,A,unpaired,restoration_check,0.112911179723297,0.112911179723297,dimensionless frozen model readout,[0],False,H,[0],"[""ROBUST ONLY UNDER RESTRICTED CONDITIONAL FAMILY"", ""TRANSFER-SENSITIVE / NON-ROBUST"", ""NULL-COMPATIBLE""]"
app-1701-A-intact,B,A,unpaired,restoration_check,0.112911179723297,0.112911179723297,dimensionless frozen model readout,[0],False,U,[0],"[""ROBUST ONLY UNDER RESTRICTED CONDITIONAL FAMILY"", ""TRANSFER-SENSITIVE / NON-ROBUST"", ""NULL-COMPATIBLE""]"
app-1701-A-intact,B,A,unpaired,restoration_check,0.112911179723297,0.112911179723297,dimensionless frozen model readout,[0],False,N,"[-1, 0, 1]","[""ROBUST ONLY UNDER RESTRICTED CONDITIONAL FAMILY"", ""TRANSFER-SENSITIVE / NON-ROBUST"", ""NULL-COMPATIBLE""]"
app-1701-A-intact,B,A,unpaired,plastic_state_retention,0.10623365142923634,0.112911179723297,dimensionless frozen model readout,[-1],False,E,"[-1, 0, 1]","[""ROBUST ONLY UNDER RESTRICTED CONDITIONAL FAMILY"", ""TRANSFER-SENSITIVE / NON-ROBUST"", ""NULL-COMPATIBLE""]"
app-1701-A-intact,B,A,unpaired,plastic_state_retention,0.10623365142923634,0.112911179723297,dimensionless frozen model readout,[-1],False,Z,[0],"[""ROBUST ONLY UNDER RESTRICTED CONDITIONAL FAMILY"", ""TRANSFER-SENSITIVE / NON-ROBUST"", ""NULL-COMPATIBLE""]"
app-1701-A-intact,B,A,unpaired,plastic_state_retention,0.10623365142923634,0.112911179723297,dimensionless frozen model readout,[-1],False,P,[-1],"[""ROBUST ONLY UNDER RESTRICTED CONDITIONAL FAMILY"", ""TRANSFER-SENSITIVE / NON-ROBUST"", ""NULL-COMPATIBLE""]"
app-1701-A-intact,B,A,unpaired,plastic_state_retention,0.10623365142923634,0.112911179723297,dimensionless frozen model readout,[-1],False,R,[1],"[""ROBUST ONLY UNDER RESTRICTED CONDITIONAL FAMILY"", ""TRANSFER-SENSITIVE / NON-ROBUST"", ""NULL-COMPATIBLE""]"
app-1701-A-intact,B,A,unpaired,plastic_state_retention,0.10623365142923634,0.112911179723297,dimensionless frozen model readout,[-1],False,WP,"[-1, 0]","[""ROBUST ONLY UNDER RESTRICTED CONDITIONAL FAMILY"", ""TRANSFER-SENSITIVE / NON-ROBUST"", ""NULL-COMPATIBLE""]"
app-1701-A-intact,B,A,unpaired,plastic_state_retention,0.10623365142923634,0.112911179723297,dimensionless frozen model readout,[-1],False,WR,"[0, 1]","[""ROBUST ONLY UNDER RESTRICTED CONDITIONAL FAMILY"", ""TRANSFER-SENSITIVE / NON-ROBUST"", ""NULL-COMPATIBLE""]"
app-1701-A-intact,B,A,unpaired,plastic_state_retention,0.10623365142923634,0.112911179723297,dimensionless frozen model readout,[-1],False,H,"[-1, 0, 1]","[""ROBUST ONLY UNDER RESTRICTED CONDITIONAL FAMILY"", ""TRANSFER-SENSITIVE / NON-ROBUST"", ""NULL-COMPATIBLE""]"
app-1701-A-intact,B,A,unpaired,plastic_state_retention,0.10623365142923634,0.112911179723297,dimensionless frozen model readout,[-1],False,U,"[-1, 0, 1]","[""ROBUST ONLY UNDER RESTRICTED CONDITIONAL FAMILY"", ""TRANSFER-SENSITIVE / NON-ROBUST"", ""NULL-COMPATIBLE""]"
app-1701-A-intact,B,A,unpaired,plastic_state_retention,0.10623365142923634,0.112911179723297,dimensionless frozen model readout,[-1],False,N,"[-1, 0, 1]","[""ROBUST ONLY UNDER RESTRICTED CONDITIONAL FAMILY"", ""TRANSFER-SENSITIVE / NON-ROBUST"", ""NULL-COMPATIBLE""]"
app-1701-A-intact,B,A,unpaired,learned_state_comparison,0.10623365142923634,0.112911179723297,dimensionless frozen model readout,[-1],False,E,"[-1, 0, 1]","[""ROBUST ONLY UNDER RESTRICTED CONDITIONAL FAMILY"", ""TRANSFER-SENSITIVE / NON-ROBUST"", ""NULL-COMPATIBLE""]"
app-1701-A-intact,B,A,unpaired,learned_state_comparison,0.10623365142923634,0.112911179723297,dimensionless frozen model readout,[-1],False,Z,[0],"[""ROBUST ONLY UNDER RESTRICTED CONDITIONAL FAMILY"", ""TRANSFER-SENSITIVE / NON-ROBUST"", ""NULL-COMPATIBLE""]"
app-1701-A-intact,B,A,unpaired,learned_state_comparison,0.10623365142923634,0.112911179723297,dimensionless frozen model readout,[-1],False,P,[-1],"[""ROBUST ONLY UNDER RESTRICTED CONDITIONAL FAMILY"", ""TRANSFER-SENSITIVE / NON-ROBUST"", ""NULL-COMPATIBLE""]"
app-1701-A-intact,B,A,unpaired,learned_state_comparison,0.10623365142923634,0.112911179723297,dimensionless frozen model readout,[-1],False,R,[1],"[""ROBUST ONLY UNDER RESTRICTED CONDITIONAL FAMILY"", ""TRANSFER-SENSITIVE / NON-ROBUST"", ""NULL-COMPATIBLE""]"
app-1701-A-intact,B,A,unpaired,learned_state_comparison,0.10623365142923634,0.112911179723297,dimensionless frozen model readout,[-1],False,WP,"[-1, 0]","[""ROBUST ONLY UNDER RESTRICTED CONDITIONAL FAMILY"", ""TRANSFER-SENSITIVE / NON-ROBUST"", ""NULL-COMPATIBLE""]"
app-1701-A-intact,B,A,unpaired,learned_state_comparison,0.10623365142923634,0.112911179723297,dimensionless frozen model readout,[-1],False,WR,"[0, 1]","[""ROBUST ONLY UNDER RESTRICTED CONDITIONAL FAMILY"", ""TRANSFER-SENSITIVE / NON-ROBUST"", ""NULL-COMPATIBLE""]"
app-1701-A-intact,B,A,unpaired,learned_state_comparison,0.10623365142923634,0.112911179723297,dimensionless frozen model readout,[-1],False,H,"[-1, 0, 1]","[""ROBUST ONLY UNDER RESTRICTED CONDITIONAL FAMILY"", ""TRANSFER-SENSITIVE / NON-ROBUST"", ""NULL-COMPATIBLE""]"
app-1701-A-intact,B,A,unpaired,learned_state_comparison,0.10623365142923634,0.112911179723297,dimensionless frozen model readout,[-1],False,U,"[-1, 0, 1]","[""ROBUST ONLY UNDER RESTRICTED CONDITIONAL FAMILY"", ""TRANSFER-SENSITIVE / NON-ROBUST"", ""NULL-COMPATIBLE""]"
app-1701-A-intact,B,A,unpaired,learned_state_comparison,0.10623365142923634,0.112911179723297,dimensionless frozen model readout,[-1],False,N,"[-1, 0, 1]","[""ROBUST ONLY UNDER RESTRICTED CONDITIONAL FAMILY"", ""TRANSFER-SENSITIVE / NON-ROBUST"", ""NULL-COMPATIBLE""]"
app-1701-B-intact,A,B,unpaired,response_change,0.06379344239588472,0.07078002072329878,dimensionless frozen model readout,[-1],False,E,"[-1, 0, 1]","[""ROBUST ONLY UNDER RESTRICTED CONDITIONAL FAMILY"", ""TRANSFER-SENSITIVE / NON-ROBUST"", ""NULL-COMPATIBLE""]"
app-1701-B-intact,A,B,unpaired,response_change,0.06379344239588472,0.07078002072329878,dimensionless frozen model readout,[-1],False,Z,[0],"[""ROBUST ONLY UNDER RESTRICTED CONDITIONAL FAMILY"", ""TRANSFER-SENSITIVE / NON-ROBUST"", ""NULL-COMPATIBLE""]"
app-1701-B-intact,A,B,unpaired,response_change,0.06379344239588472,0.07078002072329878,dimensionless frozen model readout,[-1],False,P,[-1],"[""ROBUST ONLY UNDER RESTRICTED CONDITIONAL FAMILY"", ""TRANSFER-SENSITIVE / NON-ROBUST"", ""NULL-COMPATIBLE""]"
app-1701-B-intact,A,B,unpaired,response_change,0.06379344239588472,0.07078002072329878,dimensionless frozen model readout,[-1],False,R,[1],"[""ROBUST ONLY UNDER RESTRICTED CONDITIONAL FAMILY"", ""TRANSFER-SENSITIVE / NON-ROBUST"", ""NULL-COMPATIBLE""]"
app-1701-B-intact,A,B,unpaired,response_change,0.06379344239588472,0.07078002072329878,dimensionless frozen model readout,[-1],False,WP,"[-1, 0]","[""ROBUST ONLY UNDER RESTRICTED CONDITIONAL FAMILY"", ""TRANSFER-SENSITIVE / NON-ROBUST"", ""NULL-COMPATIBLE""]"
app-1701-B-intact,A,B,unpaired,response_change,0.06379344239588472,0.07078002072329878,dimensionless frozen model readout,[-1],False,WR,"[0, 1]","[""ROBUST ONLY UNDER RESTRICTED CONDITIONAL FAMILY"", ""TRANSFER-SENSITIVE / NON-ROBUST"", ""NULL-COMPATIBLE""]"
app-1701-B-intact,A,B,unpaired,response_change,0.06379344239588472,0.07078002072329878,dimensionless frozen model readout,[-1],False,H,"[-1, 0, 1]","[""ROBUST ONLY UNDER RESTRICTED CONDITIONAL FAMILY"", ""TRANSFER-SENSITIVE / NON-ROBUST"", ""NULL-COMPATIBLE""]"
app-1701-B-intact,A,B,unpaired,response_change,0.06379344239588472,0.07078002072329878,dimensionless frozen model readout,[-1],False,U,"[-1, 0, 1]","[""ROBUST ONLY UNDER RESTRICTED CONDITIONAL FAMILY"", ""TRANSFER-SENSITIVE / NON-ROBUST"", ""NULL-COMPATIBLE""]"
app-1701-B-intact,A,B,unpaired,response_change,0.06379344239588472,0.07078002072329878,dimensionless frozen model readout,[-1],False,N,"[-1, 0, 1]","[""ROBUST ONLY UNDER RESTRICTED CONDITIONAL FAMILY"", ""TRANSFER-SENSITIVE / NON-ROBUST"", ""NULL-COMPATIBLE""]"
app-1701-B-intact,A,B,unpaired,restoration_check,0.07078002072329878,0.07078002072329878,dimensionless frozen model readout,[0],False,E,"[-1, 0, 1]","[""ROBUST ONLY UNDER RESTRICTED CONDITIONAL FAMILY"", ""TRANSFER-SENSITIVE / NON-ROBUST"", ""NULL-COMPATIBLE""]"
app-1701-B-intact,A,B,unpaired,restoration_check,0.07078002072329878,0.07078002072329878,dimensionless frozen model readout,[0],False,Z,[0],"[""ROBUST ONLY UNDER RESTRICTED CONDITIONAL FAMILY"", ""TRANSFER-SENSITIVE / NON-ROBUST"", ""NULL-COMPATIBLE""]"
app-1701-B-intact,A,B,unpaired,restoration_check,0.07078002072329878,0.07078002072329878,dimensionless frozen model readout,[0],False,P,[0],"[""ROBUST ONLY UNDER RESTRICTED CONDITIONAL FAMILY"", ""TRANSFER-SENSITIVE / NON-ROBUST"", ""NULL-COMPATIBLE""]"
app-1701-B-intact,A,B,unpaired,restoration_check,0.07078002072329878,0.07078002072329878,dimensionless frozen model readout,[0],False,R,[0],"[""ROBUST ONLY UNDER RESTRICTED CONDITIONAL FAMILY"", ""TRANSFER-SENSITIVE / NON-ROBUST"", ""NULL-COMPATIBLE""]"
app-1701-B-intact,A,B,unpaired,restoration_check,0.07078002072329878,0.07078002072329878,dimensionless frozen model readout,[0],False,WP,[0],"[""ROBUST ONLY UNDER RESTRICTED CONDITIONAL FAMILY"", ""TRANSFER-SENSITIVE / NON-ROBUST"", ""NULL-COMPATIBLE""]"
app-1701-B-intact,A,B,unpaired,restoration_check,0.07078002072329878,0.07078002072329878,dimensionless frozen model readout,[0],False,WR,[0],"[""ROBUST ONLY UNDER RESTRICTED CONDITIONAL FAMILY"", ""TRANSFER-SENSITIVE / NON-ROBUST"", ""NULL-COMPATIBLE""]"
app-1701-B-intact,A,B,unpaired,restoration_check,0.07078002072329878,0.07078002072329878,dimensionless frozen model readout,[0],False,H,[0],"[""ROBUST ONLY UNDER RESTRICTED CONDITIONAL FAMILY"", ""TRANSFER-SENSITIVE / NON-ROBUST"", ""NULL-COMPATIBLE""]"
app-1701-B-intact,A,B,unpaired,restoration_check,0.07078002072329878,0.07078002072329878,dimensionless frozen model readout,[0],False,U,[0],"[""ROBUST ONLY UNDER RESTRICTED CONDITIONAL FAMILY"", ""TRANSFER-SENSITIVE / NON-ROBUST"", ""NULL-COMPATIBLE""]"
app-1701-B-intact,A,B,unpaired,restoration_check,0.07078002072329878,0.07078002072329878,dimensionless frozen model readout,[0],False,N,"[-1, 0, 1]","[""ROBUST ONLY UNDER RESTRICTED CONDITIONAL FAMILY"", ""TRANSFER-SENSITIVE / NON-ROBUST"", ""NULL-COMPATIBLE""]"
app-1701-B-intact,A,B,unpaired,plastic_state_retention,0.06379344239588472,0.07078002072329878,dimensionless frozen model readout,[-1],False,E,"[-1, 0, 1]","[""ROBUST ONLY UNDER RESTRICTED CONDITIONAL FAMILY"", ""TRANSFER-SENSITIVE / NON-ROBUST"", ""NULL-COMPATIBLE""]"
app-1701-B-intact,A,B,unpaired,plastic_state_retention,0.06379344239588472,0.07078002072329878,dimensionless frozen model readout,[-1],False,Z,[0],"[""ROBUST ONLY UNDER RESTRICTED CONDITIONAL FAMILY"", ""TRANSFER-SENSITIVE / NON-ROBUST"", ""NULL-COMPATIBLE""]"
app-1701-B-intact,A,B,unpaired,plastic_state_retention,0.06379344239588472,0.07078002072329878,dimensionless frozen model readout,[-1],False,P,[-1],"[""ROBUST ONLY UNDER RESTRICTED CONDITIONAL FAMILY"", ""TRANSFER-SENSITIVE / NON-ROBUST"", ""NULL-COMPATIBLE""]"
app-1701-B-intact,A,B,unpaired,plastic_state_retention,0.06379344239588472,0.07078002072329878,dimensionless frozen model readout,[-1],False,R,[1],"[""ROBUST ONLY UNDER RESTRICTED CONDITIONAL FAMILY"", ""TRANSFER-SENSITIVE / NON-ROBUST"", ""NULL-COMPATIBLE""]"
app-1701-B-intact,A,B,unpaired,plastic_state_retention,0.06379344239588472,0.07078002072329878,dimensionless frozen model readout,[-1],False,WP,"[-1, 0]","[""ROBUST ONLY UNDER RESTRICTED CONDITIONAL FAMILY"", ""TRANSFER-SENSITIVE / NON-ROBUST"", ""NULL-COMPATIBLE""]"
app-1701-B-intact,A,B,unpaired,plastic_state_retention,0.06379344239588472,0.07078002072329878,dimensionless frozen model readout,[-1],False,WR,"[0, 1]","[""ROBUST ONLY UNDER RESTRICTED CONDITIONAL FAMILY"", ""TRANSFER-SENSITIVE / NON-ROBUST"", ""NULL-COMPATIBLE""]"
app-1701-B-intact,A,B,unpaired,plastic_state_retention,0.06379344239588472,0.07078002072329878,dimensionless frozen model readout,[-1],False,H,"[-1, 0, 1]","[""ROBUST ONLY UNDER RESTRICTED CONDITIONAL FAMILY"", ""TRANSFER-SENSITIVE / NON-ROBUST"", ""NULL-COMPATIBLE""]"
app-1701-B-intact,A,B,unpaired,plastic_state_retention,0.06379344239588472,0.07078002072329878,dimensionless frozen model readout,[-1],False,U,"[-1, 0, 1]","[""ROBUST ONLY UNDER RESTRICTED CONDITIONAL FAMILY"", ""TRANSFER-SENSITIVE / NON-ROBUST"", ""NULL-COMPATIBLE""]"
app-1701-B-intact,A,B,unpaired,plastic_state_retention,0.06379344239588472,0.07078002072329878,dimensionless frozen model readout,[-1],False,N,"[-1, 0, 1]","[""ROBUST ONLY UNDER RESTRICTED CONDITIONAL FAMILY"", ""TRANSFER-SENSITIVE / NON-ROBUST"", ""NULL-COMPATIBLE""]"
app-1701-B-intact,A,B,unpaired,learned_state_comparison,0.06379344239588472,0.07078002072329878,dimensionless frozen model readout,[-1],False,E,"[-1, 0, 1]","[""ROBUST ONLY UNDER RESTRICTED CONDITIONAL FAMILY"", ""TRANSFER-SENSITIVE / NON-ROBUST"", ""NULL-COMPATIBLE""]"
app-1701-B-intact,A,B,unpaired,learned_state_comparison,0.06379344239588472,0.07078002072329878,dimensionless frozen model readout,[-1],False,Z,[0],"[""ROBUST ONLY UNDER RESTRICTED CONDITIONAL FAMILY"", ""TRANSFER-SENSITIVE / NON-ROBUST"", ""NULL-COMPATIBLE""]"
app-1701-B-intact,A,B,unpaired,learned_state_comparison,0.06379344239588472,0.07078002072329878,dimensionless frozen model readout,[-1],False,P,[-1],"[""ROBUST ONLY UNDER RESTRICTED CONDITIONAL FAMILY"", ""TRANSFER-SENSITIVE / NON-ROBUST"", ""NULL-COMPATIBLE""]"
app-1701-B-intact,A,B,unpaired,learned_state_comparison,0.06379344239588472,0.07078002072329878,dimensionless frozen model readout,[-1],False,R,[1],"[""ROBUST ONLY UNDER RESTRICTED CONDITIONAL FAMILY"", ""TRANSFER-SENSITIVE / NON-ROBUST"", ""NULL-COMPATIBLE""]"
app-1701-B-intact,A,B,unpaired,learned_state_comparison,0.06379344239588472,0.07078002072329878,dimensionless frozen model readout,[-1],False,WP,"[-1, 0]","[""ROBUST ONLY UNDER RESTRICTED CONDITIONAL FAMILY"", ""TRANSFER-SENSITIVE / NON-ROBUST"", ""NULL-COMPATIBLE""]"
app-1701-B-intact,A,B,unpaired,learned_state_comparison,0.06379344239588472,0.07078002072329878,dimensionless frozen model readout,[-1],False,WR,"[0, 1]","[""ROBUST ONLY UNDER RESTRICTED CONDITIONAL FAMILY"", ""TRANSFER-SENSITIVE / NON-ROBUST"", ""NULL-COMPATIBLE""]"
app-1701-B-intact,A,B,unpaired,learned_state_comparison,0.06379344239588472,0.07078002072329878,dimensionless frozen model readout,[-1],False,H,"[-1, 0, 1]","[""ROBUST ONLY UNDER RESTRICTED CONDITIONAL FAMILY"", ""TRANSFER-SENSITIVE / NON-ROBUST"", ""NULL-COMPATIBLE""]"
app-1701-B-intact,A,B,unpaired,learned_state_comparison,0.06379344239588472,0.07078002072329878,dimensionless frozen model readout,[-1],False,U,"[-1, 0, 1]","[""ROBUST ONLY UNDER RESTRICTED CONDITIONAL FAMILY"", ""TRANSFER-SENSITIVE / NON-ROBUST"", ""NULL-COMPATIBLE""]"
app-1701-B-intact,A,B,unpaired,learned_state_comparison,0.06379344239588472,0.07078002072329878,dimensionless frozen model readout,[-1],False,N,"[-1, 0, 1]","[""ROBUST ONLY UNDER RESTRICTED CONDITIONAL FAMILY"", ""TRANSFER-SENSITIVE / NON-ROBUST"", ""NULL-COMPATIBLE""]"
app-1701-B-intact,B,B,paired,response_change,0.05922886523949428,0.112911179723297,dimensionless frozen model readout,[-1],False,E,"[-1, 0, 1]","[""ROBUST ONLY UNDER RESTRICTED CONDITIONAL FAMILY"", ""TRANSFER-SENSITIVE / NON-ROBUST"", ""NULL-COMPATIBLE""]"
app-1701-B-intact,B,B,paired,response_change,0.05922886523949428,0.112911179723297,dimensionless frozen model readout,[-1],False,Z,[0],"[""ROBUST ONLY UNDER RESTRICTED CONDITIONAL FAMILY"", ""TRANSFER-SENSITIVE / NON-ROBUST"", ""NULL-COMPATIBLE""]"
app-1701-B-intact,B,B,paired,response_change,0.05922886523949428,0.112911179723297,dimensionless frozen model readout,[-1],False,P,[-1],"[""ROBUST ONLY UNDER RESTRICTED CONDITIONAL FAMILY"", ""TRANSFER-SENSITIVE / NON-ROBUST"", ""NULL-COMPATIBLE""]"
app-1701-B-intact,B,B,paired,response_change,0.05922886523949428,0.112911179723297,dimensionless frozen model readout,[-1],False,R,[1],"[""ROBUST ONLY UNDER RESTRICTED CONDITIONAL FAMILY"", ""TRANSFER-SENSITIVE / NON-ROBUST"", ""NULL-COMPATIBLE""]"
app-1701-B-intact,B,B,paired,response_change,0.05922886523949428,0.112911179723297,dimensionless frozen model readout,[-1],False,WP,"[-1, 0]","[""ROBUST ONLY UNDER RESTRICTED CONDITIONAL FAMILY"", ""TRANSFER-SENSITIVE / NON-ROBUST"", ""NULL-COMPATIBLE""]"
app-1701-B-intact,B,B,paired,response_change,0.05922886523949428,0.112911179723297,dimensionless frozen model readout,[-1],False,WR,"[0, 1]","[""ROBUST ONLY UNDER RESTRICTED CONDITIONAL FAMILY"", ""TRANSFER-SENSITIVE / NON-ROBUST"", ""NULL-COMPATIBLE""]"
app-1701-B-intact,B,B,paired,response_change,0.05922886523949428,0.112911179723297,dimensionless frozen model readout,[-1],False,H,"[-1, 0, 1]","[""ROBUST ONLY UNDER RESTRICTED CONDITIONAL FAMILY"", ""TRANSFER-SENSITIVE / NON-ROBUST"", ""NULL-COMPATIBLE""]"
app-1701-B-intact,B,B,paired,response_change,0.05922886523949428,0.112911179723297,dimensionless frozen model readout,[-1],False,U,"[-1, 0, 1]","[""ROBUST ONLY UNDER RESTRICTED CONDITIONAL FAMILY"", ""TRANSFER-SENSITIVE / NON-ROBUST"", ""NULL-COMPATIBLE""]"
app-1701-B-intact,B,B,paired,response_change,0.05922886523949428,0.112911179723297,dimensionless frozen model readout,[-1],False,N,"[-1, 0, 1]","[""ROBUST ONLY UNDER RESTRICTED CONDITIONAL FAMILY"", ""TRANSFER-SENSITIVE / NON-ROBUST"", ""NULL-COMPATIBLE""]"
app-1701-B-intact,B,B,paired,restoration_check,0.112911179723297,0.112911179723297,dimensionless frozen model readout,[0],False,E,"[-1, 0, 1]","[""ROBUST ONLY UNDER RESTRICTED CONDITIONAL FAMILY"", ""TRANSFER-SENSITIVE / NON-ROBUST"", ""NULL-COMPATIBLE""]"
app-1701-B-intact,B,B,paired,restoration_check,0.112911179723297,0.112911179723297,dimensionless frozen model readout,[0],False,Z,[0],"[""ROBUST ONLY UNDER RESTRICTED CONDITIONAL FAMILY"", ""TRANSFER-SENSITIVE / NON-ROBUST"", ""NULL-COMPATIBLE""]"
app-1701-B-intact,B,B,paired,restoration_check,0.112911179723297,0.112911179723297,dimensionless frozen model readout,[0],False,P,[0],"[""ROBUST ONLY UNDER RESTRICTED CONDITIONAL FAMILY"", ""TRANSFER-SENSITIVE / NON-ROBUST"", ""NULL-COMPATIBLE""]"
app-1701-B-intact,B,B,paired,restoration_check,0.112911179723297,0.112911179723297,dimensionless frozen model readout,[0],False,R,[0],"[""ROBUST ONLY UNDER RESTRICTED CONDITIONAL FAMILY"", ""TRANSFER-SENSITIVE / NON-ROBUST"", ""NULL-COMPATIBLE""]"
app-1701-B-intact,B,B,paired,restoration_check,0.112911179723297,0.112911179723297,dimensionless frozen model readout,[0],False,WP,[0],"[""ROBUST ONLY UNDER RESTRICTED CONDITIONAL FAMILY"", ""TRANSFER-SENSITIVE / NON-ROBUST"", ""NULL-COMPATIBLE""]"
app-1701-B-intact,B,B,paired,restoration_check,0.112911179723297,0.112911179723297,dimensionless frozen model readout,[0],False,WR,[0],"[""ROBUST ONLY UNDER RESTRICTED CONDITIONAL FAMILY"", ""TRANSFER-SENSITIVE / NON-ROBUST"", ""NULL-COMPATIBLE""]"
app-1701-B-intact,B,B,paired,restoration_check,0.112911179723297,0.112911179723297,dimensionless frozen model readout,[0],False,H,[0],"[""ROBUST ONLY UNDER RESTRICTED CONDITIONAL FAMILY"", ""TRANSFER-SENSITIVE / NON-ROBUST"", ""NULL-COMPATIBLE""]"
app-1701-B-intact,B,B,paired,restoration_check,0.112911179723297,0.112911179723297,dimensionless frozen model readout,[0],False,U,[0],"[""ROBUST ONLY UNDER RESTRICTED CONDITIONAL FAMILY"", ""TRANSFER-SENSITIVE / NON-ROBUST"", ""NULL-COMPATIBLE""]"
app-1701-B-intact,B,B,paired,restoration_check,0.112911179723297,0.112911179723297,dimensionless frozen model readout,[0],False,N,"[-1, 0, 1]","[""ROBUST ONLY UNDER RESTRICTED CONDITIONAL FAMILY"", ""TRANSFER-SENSITIVE / NON-ROBUST"", ""NULL-COMPATIBLE""]"
app-1701-B-intact,B,B,paired,plastic_state_retention,0.05922886523949428,0.112911179723297,dimensionless frozen model readout,[-1],False,E,"[-1, 0, 1]","[""ROBUST ONLY UNDER RESTRICTED CONDITIONAL FAMILY"", ""TRANSFER-SENSITIVE / NON-ROBUST"", ""NULL-COMPATIBLE""]"
app-1701-B-intact,B,B,paired,plastic_state_retention,0.05922886523949428,0.112911179723297,dimensionless frozen model readout,[-1],False,Z,[0],"[""ROBUST ONLY UNDER RESTRICTED CONDITIONAL FAMILY"", ""TRANSFER-SENSITIVE / NON-ROBUST"", ""NULL-COMPATIBLE""]"
app-1701-B-intact,B,B,paired,plastic_state_retention,0.05922886523949428,0.112911179723297,dimensionless frozen model readout,[-1],False,P,[-1],"[""ROBUST ONLY UNDER RESTRICTED CONDITIONAL FAMILY"", ""TRANSFER-SENSITIVE / NON-ROBUST"", ""NULL-COMPATIBLE""]"
app-1701-B-intact,B,B,paired,plastic_state_retention,0.05922886523949428,0.112911179723297,dimensionless frozen model readout,[-1],False,R,[1],"[""ROBUST ONLY UNDER RESTRICTED CONDITIONAL FAMILY"", ""TRANSFER-SENSITIVE / NON-ROBUST"", ""NULL-COMPATIBLE""]"
app-1701-B-intact,B,B,paired,plastic_state_retention,0.05922886523949428,0.112911179723297,dimensionless frozen model readout,[-1],False,WP,"[-1, 0]","[""ROBUST ONLY UNDER RESTRICTED CONDITIONAL FAMILY"", ""TRANSFER-SENSITIVE / NON-ROBUST"", ""NULL-COMPATIBLE""]"
app-1701-B-intact,B,B,paired,plastic_state_retention,0.05922886523949428,0.112911179723297,dimensionless frozen model readout,[-1],False,WR,"[0, 1]","[""ROBUST ONLY UNDER RESTRICTED CONDITIONAL FAMILY"", ""TRANSFER-SENSITIVE / NON-ROBUST"", ""NULL-COMPATIBLE""]"
app-1701-B-intact,B,B,paired,plastic_state_retention,0.05922886523949428,0.112911179723297,dimensionless frozen model readout,[-1],False,H,"[-1, 0, 1]","[""ROBUST ONLY UNDER RESTRICTED CONDITIONAL FAMILY"", ""TRANSFER-SENSITIVE / NON-ROBUST"", ""NULL-COMPATIBLE""]"
app-1701-B-intact,B,B,paired,plastic_state_retention,0.05922886523949428,0.112911179723297,dimensionless frozen model readout,[-1],False,U,"[-1, 0, 1]","[""ROBUST ONLY UNDER RESTRICTED CONDITIONAL FAMILY"", ""TRANSFER-SENSITIVE / NON-ROBUST"", ""NULL-COMPATIBLE""]"
app-1701-B-intact,B,B,paired,plastic_state_retention,0.05922886523949428,0.112911179723297,dimensionless frozen model readout,[-1],False,N,"[-1, 0, 1]","[""ROBUST ONLY UNDER RESTRICTED CONDITIONAL FAMILY"", ""TRANSFER-SENSITIVE / NON-ROBUST"", ""NULL-COMPATIBLE""]"
app-1701-B-intact,B,B,paired,learned_state_comparison,0.05922886523949428,0.112911179723297,dimensionless frozen model readout,[-1],False,E,"[-1, 0, 1]","[""ROBUST ONLY UNDER RESTRICTED CONDITIONAL FAMILY"", ""TRANSFER-SENSITIVE / NON-ROBUST"", ""NULL-COMPATIBLE""]"
app-1701-B-intact,B,B,paired,learned_state_comparison,0.05922886523949428,0.112911179723297,dimensionless frozen model readout,[-1],False,Z,[0],"[""ROBUST ONLY UNDER RESTRICTED CONDITIONAL FAMILY"", ""TRANSFER-SENSITIVE / NON-ROBUST"", ""NULL-COMPATIBLE""]"
app-1701-B-intact,B,B,paired,learned_state_comparison,0.05922886523949428,0.112911179723297,dimensionless frozen model readout,[-1],False,P,[-1],"[""ROBUST ONLY UNDER RESTRICTED CONDITIONAL FAMILY"", ""TRANSFER-SENSITIVE / NON-ROBUST"", ""NULL-COMPATIBLE""]"
app-1701-B-intact,B,B,paired,learned_state_comparison,0.05922886523949428,0.112911179723297,dimensionless frozen model readout,[-1],False,R,[1],"[""ROBUST ONLY UNDER RESTRICTED CONDITIONAL FAMILY"", ""TRANSFER-SENSITIVE / NON-ROBUST"", ""NULL-COMPATIBLE""]"
app-1701-B-intact,B,B,paired,learned_state_comparison,0.05922886523949428,0.112911179723297,dimensionless frozen model readout,[-1],False,WP,"[-1, 0]","[""ROBUST ONLY UNDER RESTRICTED CONDITIONAL FAMILY"", ""TRANSFER-SENSITIVE / NON-ROBUST"", ""NULL-COMPATIBLE""]"
app-1701-B-intact,B,B,paired,learned_state_comparison,0.05922886523949428,0.112911179723297,dimensionless frozen model readout,[-1],False,WR,"[0, 1]","[""ROBUST ONLY UNDER RESTRICTED CONDITIONAL FAMILY"", ""TRANSFER-SENSITIVE / NON-ROBUST"", ""NULL-COMPATIBLE""]"
app-1701-B-intact,B,B,paired,learned_state_comparison,0.05922886523949428,0.112911179723297,dimensionless frozen model readout,[-1],False,H,"[-1, 0, 1]","[""ROBUST ONLY UNDER RESTRICTED CONDITIONAL FAMILY"", ""TRANSFER-SENSITIVE / NON-ROBUST"", ""NULL-COMPATIBLE""]"
app-1701-B-intact,B,B,paired,learned_state_comparison,0.05922886523949428,0.112911179723297,dimensionless frozen model readout,[-1],False,U,"[-1, 0, 1]","[""ROBUST ONLY UNDER RESTRICTED CONDITIONAL FAMILY"", ""TRANSFER-SENSITIVE / NON-ROBUST"", ""NULL-COMPATIBLE""]"
app-1701-B-intact,B,B,paired,learned_state_comparison,0.05922886523949428,0.112911179723297,dimensionless frozen model readout,[-1],False,N,"[-1, 0, 1]","[""ROBUST ONLY UNDER RESTRICTED CONDITIONAL FAMILY"", ""TRANSFER-SENSITIVE / NON-ROBUST"", ""NULL-COMPATIBLE""]"
app-1702-A-intact,A,A,paired,response_change,0.03930374287564303,0.08816910162194032,dimensionless frozen model readout,[-1],False,E,"[-1, 0, 1]","[""ROBUST ONLY UNDER RESTRICTED CONDITIONAL FAMILY"", ""TRANSFER-SENSITIVE / NON-ROBUST"", ""NULL-COMPATIBLE""]"
app-1702-A-intact,A,A,paired,response_change,0.03930374287564303,0.08816910162194032,dimensionless frozen model readout,[-1],False,Z,[0],"[""ROBUST ONLY UNDER RESTRICTED CONDITIONAL FAMILY"", ""TRANSFER-SENSITIVE / NON-ROBUST"", ""NULL-COMPATIBLE""]"
app-1702-A-intact,A,A,paired,response_change,0.03930374287564303,0.08816910162194032,dimensionless frozen model readout,[-1],False,P,[-1],"[""ROBUST ONLY UNDER RESTRICTED CONDITIONAL FAMILY"", ""TRANSFER-SENSITIVE / NON-ROBUST"", ""NULL-COMPATIBLE""]"
app-1702-A-intact,A,A,paired,response_change,0.03930374287564303,0.08816910162194032,dimensionless frozen model readout,[-1],False,R,[1],"[""ROBUST ONLY UNDER RESTRICTED CONDITIONAL FAMILY"", ""TRANSFER-SENSITIVE / NON-ROBUST"", ""NULL-COMPATIBLE""]"
app-1702-A-intact,A,A,paired,response_change,0.03930374287564303,0.08816910162194032,dimensionless frozen model readout,[-1],False,WP,"[-1, 0]","[""ROBUST ONLY UNDER RESTRICTED CONDITIONAL FAMILY"", ""TRANSFER-SENSITIVE / NON-ROBUST"", ""NULL-COMPATIBLE""]"
app-1702-A-intact,A,A,paired,response_change,0.03930374287564303,0.08816910162194032,dimensionless frozen model readout,[-1],False,WR,"[0, 1]","[""ROBUST ONLY UNDER RESTRICTED CONDITIONAL FAMILY"", ""TRANSFER-SENSITIVE / NON-ROBUST"", ""NULL-COMPATIBLE""]"
app-1702-A-intact,A,A,paired,response_change,0.03930374287564303,0.08816910162194032,dimensionless frozen model readout,[-1],False,H,"[-1, 0, 1]","[""ROBUST ONLY UNDER RESTRICTED CONDITIONAL FAMILY"", ""TRANSFER-SENSITIVE / NON-ROBUST"", ""NULL-COMPATIBLE""]"
app-1702-A-intact,A,A,paired,response_change,0.03930374287564303,0.08816910162194032,dimensionless frozen model readout,[-1],False,U,"[-1, 0, 1]","[""ROBUST ONLY UNDER RESTRICTED CONDITIONAL FAMILY"", ""TRANSFER-SENSITIVE / NON-ROBUST"", ""NULL-COMPATIBLE""]"
app-1702-A-intact,A,A,paired,response_change,0.03930374287564303,0.08816910162194032,dimensionless frozen model readout,[-1],False,N,"[-1, 0, 1]","[""ROBUST ONLY UNDER RESTRICTED CONDITIONAL FAMILY"", ""TRANSFER-SENSITIVE / NON-ROBUST"", ""NULL-COMPATIBLE""]"
app-1702-A-intact,A,A,paired,restoration_check,0.08816910162194032,0.08816910162194032,dimensionless frozen model readout,[0],False,E,"[-1, 0, 1]","[""ROBUST ONLY UNDER RESTRICTED CONDITIONAL FAMILY"", ""TRANSFER-SENSITIVE / NON-ROBUST"", ""NULL-COMPATIBLE""]"
app-1702-A-intact,A,A,paired,restoration_check,0.08816910162194032,0.08816910162194032,dimensionless frozen model readout,[0],False,Z,[0],"[""ROBUST ONLY UNDER RESTRICTED CONDITIONAL FAMILY"", ""TRANSFER-SENSITIVE / NON-ROBUST"", ""NULL-COMPATIBLE""]"
app-1702-A-intact,A,A,paired,restoration_check,0.08816910162194032,0.08816910162194032,dimensionless frozen model readout,[0],False,P,[0],"[""ROBUST ONLY UNDER RESTRICTED CONDITIONAL FAMILY"", ""TRANSFER-SENSITIVE / NON-ROBUST"", ""NULL-COMPATIBLE""]"
app-1702-A-intact,A,A,paired,restoration_check,0.08816910162194032,0.08816910162194032,dimensionless frozen model readout,[0],False,R,[0],"[""ROBUST ONLY UNDER RESTRICTED CONDITIONAL FAMILY"", ""TRANSFER-SENSITIVE / NON-ROBUST"", ""NULL-COMPATIBLE""]"
app-1702-A-intact,A,A,paired,restoration_check,0.08816910162194032,0.08816910162194032,dimensionless frozen model readout,[0],False,WP,[0],"[""ROBUST ONLY UNDER RESTRICTED CONDITIONAL FAMILY"", ""TRANSFER-SENSITIVE / NON-ROBUST"", ""NULL-COMPATIBLE""]"
app-1702-A-intact,A,A,paired,restoration_check,0.08816910162194032,0.08816910162194032,dimensionless frozen model readout,[0],False,WR,[0],"[""ROBUST ONLY UNDER RESTRICTED CONDITIONAL FAMILY"", ""TRANSFER-SENSITIVE / NON-ROBUST"", ""NULL-COMPATIBLE""]"
app-1702-A-intact,A,A,paired,restoration_check,0.08816910162194032,0.08816910162194032,dimensionless frozen model readout,[0],False,H,[0],"[""ROBUST ONLY UNDER RESTRICTED CONDITIONAL FAMILY"", ""TRANSFER-SENSITIVE / NON-ROBUST"", ""NULL-COMPATIBLE""]"
app-1702-A-intact,A,A,paired,restoration_check,0.08816910162194032,0.08816910162194032,dimensionless frozen model readout,[0],False,U,[0],"[""ROBUST ONLY UNDER RESTRICTED CONDITIONAL FAMILY"", ""TRANSFER-SENSITIVE / NON-ROBUST"", ""NULL-COMPATIBLE""]"
app-1702-A-intact,A,A,paired,restoration_check,0.08816910162194032,0.08816910162194032,dimensionless frozen model readout,[0],False,N,"[-1, 0, 1]","[""ROBUST ONLY UNDER RESTRICTED CONDITIONAL FAMILY"", ""TRANSFER-SENSITIVE / NON-ROBUST"", ""NULL-COMPATIBLE""]"
app-1702-A-intact,A,A,paired,plastic_state_retention,0.03930374287564303,0.08816910162194032,dimensionless frozen model readout,[-1],False,E,"[-1, 0, 1]","[""ROBUST ONLY UNDER RESTRICTED CONDITIONAL FAMILY"", ""TRANSFER-SENSITIVE / NON-ROBUST"", ""NULL-COMPATIBLE""]"
app-1702-A-intact,A,A,paired,plastic_state_retention,0.03930374287564303,0.08816910162194032,dimensionless frozen model readout,[-1],False,Z,[0],"[""ROBUST ONLY UNDER RESTRICTED CONDITIONAL FAMILY"", ""TRANSFER-SENSITIVE / NON-ROBUST"", ""NULL-COMPATIBLE""]"
app-1702-A-intact,A,A,paired,plastic_state_retention,0.03930374287564303,0.08816910162194032,dimensionless frozen model readout,[-1],False,P,[-1],"[""ROBUST ONLY UNDER RESTRICTED CONDITIONAL FAMILY"", ""TRANSFER-SENSITIVE / NON-ROBUST"", ""NULL-COMPATIBLE""]"
app-1702-A-intact,A,A,paired,plastic_state_retention,0.03930374287564303,0.08816910162194032,dimensionless frozen model readout,[-1],False,R,[1],"[""ROBUST ONLY UNDER RESTRICTED CONDITIONAL FAMILY"", ""TRANSFER-SENSITIVE / NON-ROBUST"", ""NULL-COMPATIBLE""]"
app-1702-A-intact,A,A,paired,plastic_state_retention,0.03930374287564303,0.08816910162194032,dimensionless frozen model readout,[-1],False,WP,"[-1, 0]","[""ROBUST ONLY UNDER RESTRICTED CONDITIONAL FAMILY"", ""TRANSFER-SENSITIVE / NON-ROBUST"", ""NULL-COMPATIBLE""]"
app-1702-A-intact,A,A,paired,plastic_state_retention,0.03930374287564303,0.08816910162194032,dimensionless frozen model readout,[-1],False,WR,"[0, 1]","[""ROBUST ONLY UNDER RESTRICTED CONDITIONAL FAMILY"", ""TRANSFER-SENSITIVE / NON-ROBUST"", ""NULL-COMPATIBLE""]"
app-1702-A-intact,A,A,paired,plastic_state_retention,0.03930374287564303,0.08816910162194032,dimensionless frozen model readout,[-1],False,H,"[-1, 0, 1]","[""ROBUST ONLY UNDER RESTRICTED CONDITIONAL FAMILY"", ""TRANSFER-SENSITIVE / NON-ROBUST"", ""NULL-COMPATIBLE""]"
app-1702-A-intact,A,A,paired,plastic_state_retention,0.03930374287564303,0.08816910162194032,dimensionless frozen model readout,[-1],False,U,"[-1, 0, 1]","[""ROBUST ONLY UNDER RESTRICTED CONDITIONAL FAMILY"", ""TRANSFER-SENSITIVE / NON-ROBUST"", ""NULL-COMPATIBLE""]"
app-1702-A-intact,A,A,paired,plastic_state_retention,0.03930374287564303,0.08816910162194032,dimensionless frozen model readout,[-1],False,N,"[-1, 0, 1]","[""ROBUST ONLY UNDER RESTRICTED CONDITIONAL FAMILY"", ""TRANSFER-SENSITIVE / NON-ROBUST"", ""NULL-COMPATIBLE""]"
app-1702-A-intact,A,A,paired,learned_state_comparison,0.03930374287564303,0.08816910162194032,dimensionless frozen model readout,[-1],False,E,"[-1, 0, 1]","[""ROBUST ONLY UNDER RESTRICTED CONDITIONAL FAMILY"", ""TRANSFER-SENSITIVE / NON-ROBUST"", ""NULL-COMPATIBLE""]"
app-1702-A-intact,A,A,paired,learned_state_comparison,0.03930374287564303,0.08816910162194032,dimensionless frozen model readout,[-1],False,Z,[0],"[""ROBUST ONLY UNDER RESTRICTED CONDITIONAL FAMILY"", ""TRANSFER-SENSITIVE / NON-ROBUST"", ""NULL-COMPATIBLE""]"
app-1702-A-intact,A,A,paired,learned_state_comparison,0.03930374287564303,0.08816910162194032,dimensionless frozen model readout,[-1],False,P,[-1],"[""ROBUST ONLY UNDER RESTRICTED CONDITIONAL FAMILY"", ""TRANSFER-SENSITIVE / NON-ROBUST"", ""NULL-COMPATIBLE""]"
app-1702-A-intact,A,A,paired,learned_state_comparison,0.03930374287564303,0.08816910162194032,dimensionless frozen model readout,[-1],False,R,[1],"[""ROBUST ONLY UNDER RESTRICTED CONDITIONAL FAMILY"", ""TRANSFER-SENSITIVE / NON-ROBUST"", ""NULL-COMPATIBLE""]"
app-1702-A-intact,A,A,paired,learned_state_comparison,0.03930374287564303,0.08816910162194032,dimensionless frozen model readout,[-1],False,WP,"[-1, 0]","[""ROBUST ONLY UNDER RESTRICTED CONDITIONAL FAMILY"", ""TRANSFER-SENSITIVE / NON-ROBUST"", ""NULL-COMPATIBLE""]"
app-1702-A-intact,A,A,paired,learned_state_comparison,0.03930374287564303,0.08816910162194032,dimensionless frozen model readout,[-1],False,WR,"[0, 1]","[""ROBUST ONLY UNDER RESTRICTED CONDITIONAL FAMILY"", ""TRANSFER-SENSITIVE / NON-ROBUST"", ""NULL-COMPATIBLE""]"
app-1702-A-intact,A,A,paired,learned_state_comparison,0.03930374287564303,0.08816910162194032,dimensionless frozen model readout,[-1],False,H,"[-1, 0, 1]","[""ROBUST ONLY UNDER RESTRICTED CONDITIONAL FAMILY"", ""TRANSFER-SENSITIVE / NON-ROBUST"", ""NULL-COMPATIBLE""]"
app-1702-A-intact,A,A,paired,learned_state_comparison,0.03930374287564303,0.08816910162194032,dimensionless frozen model readout,[-1],False,U,"[-1, 0, 1]","[""ROBUST ONLY UNDER RESTRICTED CONDITIONAL FAMILY"", ""TRANSFER-SENSITIVE / NON-ROBUST"", ""NULL-COMPATIBLE""]"
app-1702-A-intact,A,A,paired,learned_state_comparison,0.03930374287564303,0.08816910162194032,dimensionless frozen model readout,[-1],False,N,"[-1, 0, 1]","[""ROBUST ONLY UNDER RESTRICTED CONDITIONAL FAMILY"", ""TRANSFER-SENSITIVE / NON-ROBUST"", ""NULL-COMPATIBLE""]"
app-1702-A-intact,B,A,unpaired,response_change,0.06212610843937151,0.06804916976984553,dimensionless frozen model readout,[-1],False,E,"[-1, 0, 1]","[""ROBUST ONLY UNDER RESTRICTED CONDITIONAL FAMILY"", ""TRANSFER-SENSITIVE / NON-ROBUST"", ""NULL-COMPATIBLE""]"
app-1702-A-intact,B,A,unpaired,response_change,0.06212610843937151,0.06804916976984553,dimensionless frozen model readout,[-1],False,Z,[0],"[""ROBUST ONLY UNDER RESTRICTED CONDITIONAL FAMILY"", ""TRANSFER-SENSITIVE / NON-ROBUST"", ""NULL-COMPATIBLE""]"
app-1702-A-intact,B,A,unpaired,response_change,0.06212610843937151,0.06804916976984553,dimensionless frozen model readout,[-1],False,P,[-1],"[""ROBUST ONLY UNDER RESTRICTED CONDITIONAL FAMILY"", ""TRANSFER-SENSITIVE / NON-ROBUST"", ""NULL-COMPATIBLE""]"
app-1702-A-intact,B,A,unpaired,response_change,0.06212610843937151,0.06804916976984553,dimensionless frozen model readout,[-1],False,R,[1],"[""ROBUST ONLY UNDER RESTRICTED CONDITIONAL FAMILY"", ""TRANSFER-SENSITIVE / NON-ROBUST"", ""NULL-COMPATIBLE""]"
app-1702-A-intact,B,A,unpaired,response_change,0.06212610843937151,0.06804916976984553,dimensionless frozen model readout,[-1],False,WP,"[-1, 0]","[""ROBUST ONLY UNDER RESTRICTED CONDITIONAL FAMILY"", ""TRANSFER-SENSITIVE / NON-ROBUST"", ""NULL-COMPATIBLE""]"
app-1702-A-intact,B,A,unpaired,response_change,0.06212610843937151,0.06804916976984553,dimensionless frozen model readout,[-1],False,WR,"[0, 1]","[""ROBUST ONLY UNDER RESTRICTED CONDITIONAL FAMILY"", ""TRANSFER-SENSITIVE / NON-ROBUST"", ""NULL-COMPATIBLE""]"
app-1702-A-intact,B,A,unpaired,response_change,0.06212610843937151,0.06804916976984553,dimensionless frozen model readout,[-1],False,H,"[-1, 0, 1]","[""ROBUST ONLY UNDER RESTRICTED CONDITIONAL FAMILY"", ""TRANSFER-SENSITIVE / NON-ROBUST"", ""NULL-COMPATIBLE""]"
app-1702-A-intact,B,A,unpaired,response_change,0.06212610843937151,0.06804916976984553,dimensionless frozen model readout,[-1],False,U,"[-1, 0, 1]","[""ROBUST ONLY UNDER RESTRICTED CONDITIONAL FAMILY"", ""TRANSFER-SENSITIVE / NON-ROBUST"", ""NULL-COMPATIBLE""]"
app-1702-A-intact,B,A,unpaired,response_change,0.06212610843937151,0.06804916976984553,dimensionless frozen model readout,[-1],False,N,"[-1, 0, 1]","[""ROBUST ONLY UNDER RESTRICTED CONDITIONAL FAMILY"", ""TRANSFER-SENSITIVE / NON-ROBUST"", ""NULL-COMPATIBLE""]"
app-1702-A-intact,B,A,unpaired,restoration_check,0.06804916976984553,0.06804916976984553,dimensionless frozen model readout,[0],False,E,"[-1, 0, 1]","[""ROBUST ONLY UNDER RESTRICTED CONDITIONAL FAMILY"", ""TRANSFER-SENSITIVE / NON-ROBUST"", ""NULL-COMPATIBLE""]"
app-1702-A-intact,B,A,unpaired,restoration_check,0.06804916976984553,0.06804916976984553,dimensionless frozen model readout,[0],False,Z,[0],"[""ROBUST ONLY UNDER RESTRICTED CONDITIONAL FAMILY"", ""TRANSFER-SENSITIVE / NON-ROBUST"", ""NULL-COMPATIBLE""]"
app-1702-A-intact,B,A,unpaired,restoration_check,0.06804916976984553,0.06804916976984553,dimensionless frozen model readout,[0],False,P,[0],"[""ROBUST ONLY UNDER RESTRICTED CONDITIONAL FAMILY"", ""TRANSFER-SENSITIVE / NON-ROBUST"", ""NULL-COMPATIBLE""]"
app-1702-A-intact,B,A,unpaired,restoration_check,0.06804916976984553,0.06804916976984553,dimensionless frozen model readout,[0],False,R,[0],"[""ROBUST ONLY UNDER RESTRICTED CONDITIONAL FAMILY"", ""TRANSFER-SENSITIVE / NON-ROBUST"", ""NULL-COMPATIBLE""]"
app-1702-A-intact,B,A,unpaired,restoration_check,0.06804916976984553,0.06804916976984553,dimensionless frozen model readout,[0],False,WP,[0],"[""ROBUST ONLY UNDER RESTRICTED CONDITIONAL FAMILY"", ""TRANSFER-SENSITIVE / NON-ROBUST"", ""NULL-COMPATIBLE""]"
app-1702-A-intact,B,A,unpaired,restoration_check,0.06804916976984553,0.06804916976984553,dimensionless frozen model readout,[0],False,WR,[0],"[""ROBUST ONLY UNDER RESTRICTED CONDITIONAL FAMILY"", ""TRANSFER-SENSITIVE / NON-ROBUST"", ""NULL-COMPATIBLE""]"
app-1702-A-intact,B,A,unpaired,restoration_check,0.06804916976984553,0.06804916976984553,dimensionless frozen model readout,[0],False,H,[0],"[""ROBUST ONLY UNDER RESTRICTED CONDITIONAL FAMILY"", ""TRANSFER-SENSITIVE / NON-ROBUST"", ""NULL-COMPATIBLE""]"
app-1702-A-intact,B,A,unpaired,restoration_check,0.06804916976984553,0.06804916976984553,dimensionless frozen model readout,[0],False,U,[0],"[""ROBUST ONLY UNDER RESTRICTED CONDITIONAL FAMILY"", ""TRANSFER-SENSITIVE / NON-ROBUST"", ""NULL-COMPATIBLE""]"
app-1702-A-intact,B,A,unpaired,restoration_check,0.06804916976984553,0.06804916976984553,dimensionless frozen model readout,[0],False,N,"[-1, 0, 1]","[""ROBUST ONLY UNDER RESTRICTED CONDITIONAL FAMILY"", ""TRANSFER-SENSITIVE / NON-ROBUST"", ""NULL-COMPATIBLE""]"
app-1702-A-intact,B,A,unpaired,plastic_state_retention,0.06212610843937151,0.06804916976984553,dimensionless frozen model readout,[-1],False,E,"[-1, 0, 1]","[""ROBUST ONLY UNDER RESTRICTED CONDITIONAL FAMILY"", ""TRANSFER-SENSITIVE / NON-ROBUST"", ""NULL-COMPATIBLE""]"
app-1702-A-intact,B,A,unpaired,plastic_state_retention,0.06212610843937151,0.06804916976984553,dimensionless frozen model readout,[-1],False,Z,[0],"[""ROBUST ONLY UNDER RESTRICTED CONDITIONAL FAMILY"", ""TRANSFER-SENSITIVE / NON-ROBUST"", ""NULL-COMPATIBLE""]"
app-1702-A-intact,B,A,unpaired,plastic_state_retention,0.06212610843937151,0.06804916976984553,dimensionless frozen model readout,[-1],False,P,[-1],"[""ROBUST ONLY UNDER RESTRICTED CONDITIONAL FAMILY"", ""TRANSFER-SENSITIVE / NON-ROBUST"", ""NULL-COMPATIBLE""]"
app-1702-A-intact,B,A,unpaired,plastic_state_retention,0.06212610843937151,0.06804916976984553,dimensionless frozen model readout,[-1],False,R,[1],"[""ROBUST ONLY UNDER RESTRICTED CONDITIONAL FAMILY"", ""TRANSFER-SENSITIVE / NON-ROBUST"", ""NULL-COMPATIBLE""]"
app-1702-A-intact,B,A,unpaired,plastic_state_retention,0.06212610843937151,0.06804916976984553,dimensionless frozen model readout,[-1],False,WP,"[-1, 0]","[""ROBUST ONLY UNDER RESTRICTED CONDITIONAL FAMILY"", ""TRANSFER-SENSITIVE / NON-ROBUST"", ""NULL-COMPATIBLE""]"
app-1702-A-intact,B,A,unpaired,plastic_state_retention,0.06212610843937151,0.06804916976984553,dimensionless frozen model readout,[-1],False,WR,"[0, 1]","[""ROBUST ONLY UNDER RESTRICTED CONDITIONAL FAMILY"", ""TRANSFER-SENSITIVE / NON-ROBUST"", ""NULL-COMPATIBLE""]"
app-1702-A-intact,B,A,unpaired,plastic_state_retention,0.06212610843937151,0.06804916976984553,dimensionless frozen model readout,[-1],False,H,"[-1, 0, 1]","[""ROBUST ONLY UNDER RESTRICTED CONDITIONAL FAMILY"", ""TRANSFER-SENSITIVE / NON-ROBUST"", ""NULL-COMPATIBLE""]"
app-1702-A-intact,B,A,unpaired,plastic_state_retention,0.06212610843937151,0.06804916976984553,dimensionless frozen model readout,[-1],False,U,"[-1, 0, 1]","[""ROBUST ONLY UNDER RESTRICTED CONDITIONAL FAMILY"", ""TRANSFER-SENSITIVE / NON-ROBUST"", ""NULL-COMPATIBLE""]"
app-1702-A-intact,B,A,unpaired,plastic_state_retention,0.06212610843937151,0.06804916976984553,dimensionless frozen model readout,[-1],False,N,"[-1, 0, 1]","[""ROBUST ONLY UNDER RESTRICTED CONDITIONAL FAMILY"", ""TRANSFER-SENSITIVE / NON-ROBUST"", ""NULL-COMPATIBLE""]"
app-1702-A-intact,B,A,unpaired,learned_state_comparison,0.06212610843937151,0.06804916976984553,dimensionless frozen model readout,[-1],False,E,"[-1, 0, 1]","[""ROBUST ONLY UNDER RESTRICTED CONDITIONAL FAMILY"", ""TRANSFER-SENSITIVE / NON-ROBUST"", ""NULL-COMPATIBLE""]"
app-1702-A-intact,B,A,unpaired,learned_state_comparison,0.06212610843937151,0.06804916976984553,dimensionless frozen model readout,[-1],False,Z,[0],"[""ROBUST ONLY UNDER RESTRICTED CONDITIONAL FAMILY"", ""TRANSFER-SENSITIVE / NON-ROBUST"", ""NULL-COMPATIBLE""]"
app-1702-A-intact,B,A,unpaired,learned_state_comparison,0.06212610843937151,0.06804916976984553,dimensionless frozen model readout,[-1],False,P,[-1],"[""ROBUST ONLY UNDER RESTRICTED CONDITIONAL FAMILY"", ""TRANSFER-SENSITIVE / NON-ROBUST"", ""NULL-COMPATIBLE""]"
app-1702-A-intact,B,A,unpaired,learned_state_comparison,0.06212610843937151,0.06804916976984553,dimensionless frozen model readout,[-1],False,R,[1],"[""ROBUST ONLY UNDER RESTRICTED CONDITIONAL FAMILY"", ""TRANSFER-SENSITIVE / NON-ROBUST"", ""NULL-COMPATIBLE""]"
app-1702-A-intact,B,A,unpaired,learned_state_comparison,0.06212610843937151,0.06804916976984553,dimensionless frozen model readout,[-1],False,WP,"[-1, 0]","[""ROBUST ONLY UNDER RESTRICTED CONDITIONAL FAMILY"", ""TRANSFER-SENSITIVE / NON-ROBUST"", ""NULL-COMPATIBLE""]"
app-1702-A-intact,B,A,unpaired,learned_state_comparison,0.06212610843937151,0.06804916976984553,dimensionless frozen model readout,[-1],False,WR,"[0, 1]","[""ROBUST ONLY UNDER RESTRICTED CONDITIONAL FAMILY"", ""TRANSFER-SENSITIVE / NON-ROBUST"", ""NULL-COMPATIBLE""]"
app-1702-A-intact,B,A,unpaired,learned_state_comparison,0.06212610843937151,0.06804916976984553,dimensionless frozen model readout,[-1],False,H,"[-1, 0, 1]","[""ROBUST ONLY UNDER RESTRICTED CONDITIONAL FAMILY"", ""TRANSFER-SENSITIVE / NON-ROBUST"", ""NULL-COMPATIBLE""]"
app-1702-A-intact,B,A,unpaired,learned_state_comparison,0.06212610843937151,0.06804916976984553,dimensionless frozen model readout,[-1],False,U,"[-1, 0, 1]","[""ROBUST ONLY UNDER RESTRICTED CONDITIONAL FAMILY"", ""TRANSFER-SENSITIVE / NON-ROBUST"", ""NULL-COMPATIBLE""]"
app-1702-A-intact,B,A,unpaired,learned_state_comparison,0.06212610843937151,0.06804916976984553,dimensionless frozen model readout,[-1],False,N,"[-1, 0, 1]","[""ROBUST ONLY UNDER RESTRICTED CONDITIONAL FAMILY"", ""TRANSFER-SENSITIVE / NON-ROBUST"", ""NULL-COMPATIBLE""]"
app-1702-B-intact,A,B,unpaired,response_change,0.08145000657174886,0.08816910162194032,dimensionless frozen model readout,[-1],False,E,"[-1, 0, 1]","[""ROBUST ONLY UNDER RESTRICTED CONDITIONAL FAMILY"", ""TRANSFER-SENSITIVE / NON-ROBUST"", ""NULL-COMPATIBLE""]"
app-1702-B-intact,A,B,unpaired,response_change,0.08145000657174886,0.08816910162194032,dimensionless frozen model readout,[-1],False,Z,[0],"[""ROBUST ONLY UNDER RESTRICTED CONDITIONAL FAMILY"", ""TRANSFER-SENSITIVE / NON-ROBUST"", ""NULL-COMPATIBLE""]"
app-1702-B-intact,A,B,unpaired,response_change,0.08145000657174886,0.08816910162194032,dimensionless frozen model readout,[-1],False,P,[-1],"[""ROBUST ONLY UNDER RESTRICTED CONDITIONAL FAMILY"", ""TRANSFER-SENSITIVE / NON-ROBUST"", ""NULL-COMPATIBLE""]"
app-1702-B-intact,A,B,unpaired,response_change,0.08145000657174886,0.08816910162194032,dimensionless frozen model readout,[-1],False,R,[1],"[""ROBUST ONLY UNDER RESTRICTED CONDITIONAL FAMILY"", ""TRANSFER-SENSITIVE / NON-ROBUST"", ""NULL-COMPATIBLE""]"
app-1702-B-intact,A,B,unpaired,response_change,0.08145000657174886,0.08816910162194032,dimensionless frozen model readout,[-1],False,WP,"[-1, 0]","[""ROBUST ONLY UNDER RESTRICTED CONDITIONAL FAMILY"", ""TRANSFER-SENSITIVE / NON-ROBUST"", ""NULL-COMPATIBLE""]"
app-1702-B-intact,A,B,unpaired,response_change,0.08145000657174886,0.08816910162194032,dimensionless frozen model readout,[-1],False,WR,"[0, 1]","[""ROBUST ONLY UNDER RESTRICTED CONDITIONAL FAMILY"", ""TRANSFER-SENSITIVE / NON-ROBUST"", ""NULL-COMPATIBLE""]"
app-1702-B-intact,A,B,unpaired,response_change,0.08145000657174886,0.08816910162194032,dimensionless frozen model readout,[-1],False,H,"[-1, 0, 1]","[""ROBUST ONLY UNDER RESTRICTED CONDITIONAL FAMILY"", ""TRANSFER-SENSITIVE / NON-ROBUST"", ""NULL-COMPATIBLE""]"
app-1702-B-intact,A,B,unpaired,response_change,0.08145000657174886,0.08816910162194032,dimensionless frozen model readout,[-1],False,U,"[-1, 0, 1]","[""ROBUST ONLY UNDER RESTRICTED CONDITIONAL FAMILY"", ""TRANSFER-SENSITIVE / NON-ROBUST"", ""NULL-COMPATIBLE""]"
app-1702-B-intact,A,B,unpaired,response_change,0.08145000657174886,0.08816910162194032,dimensionless frozen model readout,[-1],False,N,"[-1, 0, 1]","[""ROBUST ONLY UNDER RESTRICTED CONDITIONAL FAMILY"", ""TRANSFER-SENSITIVE / NON-ROBUST"", ""NULL-COMPATIBLE""]"
app-1702-B-intact,A,B,unpaired,restoration_check,0.08816910162194032,0.08816910162194032,dimensionless frozen model readout,[0],False,E,"[-1, 0, 1]","[""ROBUST ONLY UNDER RESTRICTED CONDITIONAL FAMILY"", ""TRANSFER-SENSITIVE / NON-ROBUST"", ""NULL-COMPATIBLE""]"
app-1702-B-intact,A,B,unpaired,restoration_check,0.08816910162194032,0.08816910162194032,dimensionless frozen model readout,[0],False,Z,[0],"[""ROBUST ONLY UNDER RESTRICTED CONDITIONAL FAMILY"", ""TRANSFER-SENSITIVE / NON-ROBUST"", ""NULL-COMPATIBLE""]"
app-1702-B-intact,A,B,unpaired,restoration_check,0.08816910162194032,0.08816910162194032,dimensionless frozen model readout,[0],False,P,[0],"[""ROBUST ONLY UNDER RESTRICTED CONDITIONAL FAMILY"", ""TRANSFER-SENSITIVE / NON-ROBUST"", ""NULL-COMPATIBLE""]"
app-1702-B-intact,A,B,unpaired,restoration_check,0.08816910162194032,0.08816910162194032,dimensionless frozen model readout,[0],False,R,[0],"[""ROBUST ONLY UNDER RESTRICTED CONDITIONAL FAMILY"", ""TRANSFER-SENSITIVE / NON-ROBUST"", ""NULL-COMPATIBLE""]"
app-1702-B-intact,A,B,unpaired,restoration_check,0.08816910162194032,0.08816910162194032,dimensionless frozen model readout,[0],False,WP,[0],"[""ROBUST ONLY UNDER RESTRICTED CONDITIONAL FAMILY"", ""TRANSFER-SENSITIVE / NON-ROBUST"", ""NULL-COMPATIBLE""]"
app-1702-B-intact,A,B,unpaired,restoration_check,0.08816910162194032,0.08816910162194032,dimensionless frozen model readout,[0],False,WR,[0],"[""ROBUST ONLY UNDER RESTRICTED CONDITIONAL FAMILY"", ""TRANSFER-SENSITIVE / NON-ROBUST"", ""NULL-COMPATIBLE""]"
app-1702-B-intact,A,B,unpaired,restoration_check,0.08816910162194032,0.08816910162194032,dimensionless frozen model readout,[0],False,H,[0],"[""ROBUST ONLY UNDER RESTRICTED CONDITIONAL FAMILY"", ""TRANSFER-SENSITIVE / NON-ROBUST"", ""NULL-COMPATIBLE""]"
app-1702-B-intact,A,B,unpaired,restoration_check,0.08816910162194032,0.08816910162194032,dimensionless frozen model readout,[0],False,U,[0],"[""ROBUST ONLY UNDER RESTRICTED CONDITIONAL FAMILY"", ""TRANSFER-SENSITIVE / NON-ROBUST"", ""NULL-COMPATIBLE""]"
app-1702-B-intact,A,B,unpaired,restoration_check,0.08816910162194032,0.08816910162194032,dimensionless frozen model readout,[0],False,N,"[-1, 0, 1]","[""ROBUST ONLY UNDER RESTRICTED CONDITIONAL FAMILY"", ""TRANSFER-SENSITIVE / NON-ROBUST"", ""NULL-COMPATIBLE""]"
app-1702-B-intact,A,B,unpaired,plastic_state_retention,0.08145000657174886,0.08816910162194032,dimensionless frozen model readout,[-1],False,E,"[-1, 0, 1]","[""ROBUST ONLY UNDER RESTRICTED CONDITIONAL FAMILY"", ""TRANSFER-SENSITIVE / NON-ROBUST"", ""NULL-COMPATIBLE""]"
app-1702-B-intact,A,B,unpaired,plastic_state_retention,0.08145000657174886,0.08816910162194032,dimensionless frozen model readout,[-1],False,Z,[0],"[""ROBUST ONLY UNDER RESTRICTED CONDITIONAL FAMILY"", ""TRANSFER-SENSITIVE / NON-ROBUST"", ""NULL-COMPATIBLE""]"
app-1702-B-intact,A,B,unpaired,plastic_state_retention,0.08145000657174886,0.08816910162194032,dimensionless frozen model readout,[-1],False,P,[-1],"[""ROBUST ONLY UNDER RESTRICTED CONDITIONAL FAMILY"", ""TRANSFER-SENSITIVE / NON-ROBUST"", ""NULL-COMPATIBLE""]"
app-1702-B-intact,A,B,unpaired,plastic_state_retention,0.08145000657174886,0.08816910162194032,dimensionless frozen model readout,[-1],False,R,[1],"[""ROBUST ONLY UNDER RESTRICTED CONDITIONAL FAMILY"", ""TRANSFER-SENSITIVE / NON-ROBUST"", ""NULL-COMPATIBLE""]"
app-1702-B-intact,A,B,unpaired,plastic_state_retention,0.08145000657174886,0.08816910162194032,dimensionless frozen model readout,[-1],False,WP,"[-1, 0]","[""ROBUST ONLY UNDER RESTRICTED CONDITIONAL FAMILY"", ""TRANSFER-SENSITIVE / NON-ROBUST"", ""NULL-COMPATIBLE""]"
app-1702-B-intact,A,B,unpaired,plastic_state_retention,0.08145000657174886,0.08816910162194032,dimensionless frozen model readout,[-1],False,WR,"[0, 1]","[""ROBUST ONLY UNDER RESTRICTED CONDITIONAL FAMILY"", ""TRANSFER-SENSITIVE / NON-ROBUST"", ""NULL-COMPATIBLE""]"
app-1702-B-intact,A,B,unpaired,plastic_state_retention,0.08145000657174886,0.08816910162194032,dimensionless frozen model readout,[-1],False,H,"[-1, 0, 1]","[""ROBUST ONLY UNDER RESTRICTED CONDITIONAL FAMILY"", ""TRANSFER-SENSITIVE / NON-ROBUST"", ""NULL-COMPATIBLE""]"
app-1702-B-intact,A,B,unpaired,plastic_state_retention,0.08145000657174886,0.08816910162194032,dimensionless frozen model readout,[-1],False,U,"[-1, 0, 1]","[""ROBUST ONLY UNDER RESTRICTED CONDITIONAL FAMILY"", ""TRANSFER-SENSITIVE / NON-ROBUST"", ""NULL-COMPATIBLE""]"
app-1702-B-intact,A,B,unpaired,plastic_state_retention,0.08145000657174886,0.08816910162194032,dimensionless frozen model readout,[-1],False,N,"[-1, 0, 1]","[""ROBUST ONLY UNDER RESTRICTED CONDITIONAL FAMILY"", ""TRANSFER-SENSITIVE / NON-ROBUST"", ""NULL-COMPATIBLE""]"
app-1702-B-intact,A,B,unpaired,learned_state_comparison,0.08145000657174886,0.08816910162194032,dimensionless frozen model readout,[-1],False,E,"[-1, 0, 1]","[""ROBUST ONLY UNDER RESTRICTED CONDITIONAL FAMILY"", ""TRANSFER-SENSITIVE / NON-ROBUST"", ""NULL-COMPATIBLE""]"
app-1702-B-intact,A,B,unpaired,learned_state_comparison,0.08145000657174886,0.08816910162194032,dimensionless frozen model readout,[-1],False,Z,[0],"[""ROBUST ONLY UNDER RESTRICTED CONDITIONAL FAMILY"", ""TRANSFER-SENSITIVE / NON-ROBUST"", ""NULL-COMPATIBLE""]"
app-1702-B-intact,A,B,unpaired,learned_state_comparison,0.08145000657174886,0.08816910162194032,dimensionless frozen model readout,[-1],False,P,[-1],"[""ROBUST ONLY UNDER RESTRICTED CONDITIONAL FAMILY"", ""TRANSFER-SENSITIVE / NON-ROBUST"", ""NULL-COMPATIBLE""]"
app-1702-B-intact,A,B,unpaired,learned_state_comparison,0.08145000657174886,0.08816910162194032,dimensionless frozen model readout,[-1],False,R,[1],"[""ROBUST ONLY UNDER RESTRICTED CONDITIONAL FAMILY"", ""TRANSFER-SENSITIVE / NON-ROBUST"", ""NULL-COMPATIBLE""]"
app-1702-B-intact,A,B,unpaired,learned_state_comparison,0.08145000657174886,0.08816910162194032,dimensionless frozen model readout,[-1],False,WP,"[-1, 0]","[""ROBUST ONLY UNDER RESTRICTED CONDITIONAL FAMILY"", ""TRANSFER-SENSITIVE / NON-ROBUST"", ""NULL-COMPATIBLE""]"
app-1702-B-intact,A,B,unpaired,learned_state_comparison,0.08145000657174886,0.08816910162194032,dimensionless frozen model readout,[-1],False,WR,"[0, 1]","[""ROBUST ONLY UNDER RESTRICTED CONDITIONAL FAMILY"", ""TRANSFER-SENSITIVE / NON-ROBUST"", ""NULL-COMPATIBLE""]"
app-1702-B-intact,A,B,unpaired,learned_state_comparison,0.08145000657174886,0.08816910162194032,dimensionless frozen model readout,[-1],False,H,"[-1, 0, 1]","[""ROBUST ONLY UNDER RESTRICTED CONDITIONAL FAMILY"", ""TRANSFER-SENSITIVE / NON-ROBUST"", ""NULL-COMPATIBLE""]"
app-1702-B-intact,A,B,unpaired,learned_state_comparison,0.08145000657174886,0.08816910162194032,dimensionless frozen model readout,[-1],False,U,"[-1, 0, 1]","[""ROBUST ONLY UNDER RESTRICTED CONDITIONAL FAMILY"", ""TRANSFER-SENSITIVE / NON-ROBUST"", ""NULL-COMPATIBLE""]"
app-1702-B-intact,A,B,unpaired,learned_state_comparison,0.08145000657174886,0.08816910162194032,dimensionless frozen model readout,[-1],False,N,"[-1, 0, 1]","[""ROBUST ONLY UNDER RESTRICTED CONDITIONAL FAMILY"", ""TRANSFER-SENSITIVE / NON-ROBUST"", ""NULL-COMPATIBLE""]"
app-1702-B-intact,B,B,paired,response_change,0.0378427093186726,0.06804916976984553,dimensionless frozen model readout,[-1],False,E,"[-1, 0, 1]","[""ROBUST ONLY UNDER RESTRICTED CONDITIONAL FAMILY"", ""TRANSFER-SENSITIVE / NON-ROBUST"", ""NULL-COMPATIBLE""]"
app-1702-B-intact,B,B,paired,response_change,0.0378427093186726,0.06804916976984553,dimensionless frozen model readout,[-1],False,Z,[0],"[""ROBUST ONLY UNDER RESTRICTED CONDITIONAL FAMILY"", ""TRANSFER-SENSITIVE / NON-ROBUST"", ""NULL-COMPATIBLE""]"
app-1702-B-intact,B,B,paired,response_change,0.0378427093186726,0.06804916976984553,dimensionless frozen model readout,[-1],False,P,[-1],"[""ROBUST ONLY UNDER RESTRICTED CONDITIONAL FAMILY"", ""TRANSFER-SENSITIVE / NON-ROBUST"", ""NULL-COMPATIBLE""]"
app-1702-B-intact,B,B,paired,response_change,0.0378427093186726,0.06804916976984553,dimensionless frozen model readout,[-1],False,R,[1],"[""ROBUST ONLY UNDER RESTRICTED CONDITIONAL FAMILY"", ""TRANSFER-SENSITIVE / NON-ROBUST"", ""NULL-COMPATIBLE""]"
app-1702-B-intact,B,B,paired,response_change,0.0378427093186726,0.06804916976984553,dimensionless frozen model readout,[-1],False,WP,"[-1, 0]","[""ROBUST ONLY UNDER RESTRICTED CONDITIONAL FAMILY"", ""TRANSFER-SENSITIVE / NON-ROBUST"", ""NULL-COMPATIBLE""]"
app-1702-B-intact,B,B,paired,response_change,0.0378427093186726,0.06804916976984553,dimensionless frozen model readout,[-1],False,WR,"[0, 1]","[""ROBUST ONLY UNDER RESTRICTED CONDITIONAL FAMILY"", ""TRANSFER-SENSITIVE / NON-ROBUST"", ""NULL-COMPATIBLE""]"
app-1702-B-intact,B,B,paired,response_change,0.0378427093186726,0.06804916976984553,dimensionless frozen model readout,[-1],False,H,"[-1, 0, 1]","[""ROBUST ONLY UNDER RESTRICTED CONDITIONAL FAMILY"", ""TRANSFER-SENSITIVE / NON-ROBUST"", ""NULL-COMPATIBLE""]"
app-1702-B-intact,B,B,paired,response_change,0.0378427093186726,0.06804916976984553,dimensionless frozen model readout,[-1],False,U,"[-1, 0, 1]","[""ROBUST ONLY UNDER RESTRICTED CONDITIONAL FAMILY"", ""TRANSFER-SENSITIVE / NON-ROBUST"", ""NULL-COMPATIBLE""]"
app-1702-B-intact,B,B,paired,response_change,0.0378427093186726,0.06804916976984553,dimensionless frozen model readout,[-1],False,N,"[-1, 0, 1]","[""ROBUST ONLY UNDER RESTRICTED CONDITIONAL FAMILY"", ""TRANSFER-SENSITIVE / NON-ROBUST"", ""NULL-COMPATIBLE""]"
app-1702-B-intact,B,B,paired,restoration_check,0.06804916976984553,0.06804916976984553,dimensionless frozen model readout,[0],False,E,"[-1, 0, 1]","[""ROBUST ONLY UNDER RESTRICTED CONDITIONAL FAMILY"", ""TRANSFER-SENSITIVE / NON-ROBUST"", ""NULL-COMPATIBLE""]"
app-1702-B-intact,B,B,paired,restoration_check,0.06804916976984553,0.06804916976984553,dimensionless frozen model readout,[0],False,Z,[0],"[""ROBUST ONLY UNDER RESTRICTED CONDITIONAL FAMILY"", ""TRANSFER-SENSITIVE / NON-ROBUST"", ""NULL-COMPATIBLE""]"
app-1702-B-intact,B,B,paired,restoration_check,0.06804916976984553,0.06804916976984553,dimensionless frozen model readout,[0],False,P,[0],"[""ROBUST ONLY UNDER RESTRICTED CONDITIONAL FAMILY"", ""TRANSFER-SENSITIVE / NON-ROBUST"", ""NULL-COMPATIBLE""]"
app-1702-B-intact,B,B,paired,restoration_check,0.06804916976984553,0.06804916976984553,dimensionless frozen model readout,[0],False,R,[0],"[""ROBUST ONLY UNDER RESTRICTED CONDITIONAL FAMILY"", ""TRANSFER-SENSITIVE / NON-ROBUST"", ""NULL-COMPATIBLE""]"
app-1702-B-intact,B,B,paired,restoration_check,0.06804916976984553,0.06804916976984553,dimensionless frozen model readout,[0],False,WP,[0],"[""ROBUST ONLY UNDER RESTRICTED CONDITIONAL FAMILY"", ""TRANSFER-SENSITIVE / NON-ROBUST"", ""NULL-COMPATIBLE""]"
app-1702-B-intact,B,B,paired,restoration_check,0.06804916976984553,0.06804916976984553,dimensionless frozen model readout,[0],False,WR,[0],"[""ROBUST ONLY UNDER RESTRICTED CONDITIONAL FAMILY"", ""TRANSFER-SENSITIVE / NON-ROBUST"", ""NULL-COMPATIBLE""]"
app-1702-B-intact,B,B,paired,restoration_check,0.06804916976984553,0.06804916976984553,dimensionless frozen model readout,[0],False,H,[0],"[""ROBUST ONLY UNDER RESTRICTED CONDITIONAL FAMILY"", ""TRANSFER-SENSITIVE / NON-ROBUST"", ""NULL-COMPATIBLE""]"
app-1702-B-intact,B,B,paired,restoration_check,0.06804916976984553,0.06804916976984553,dimensionless frozen model readout,[0],False,U,[0],"[""ROBUST ONLY UNDER RESTRICTED CONDITIONAL FAMILY"", ""TRANSFER-SENSITIVE / NON-ROBUST"", ""NULL-COMPATIBLE""]"
app-1702-B-intact,B,B,paired,restoration_check,0.06804916976984553,0.06804916976984553,dimensionless frozen model readout,[0],False,N,"[-1, 0, 1]","[""ROBUST ONLY UNDER RESTRICTED CONDITIONAL FAMILY"", ""TRANSFER-SENSITIVE / NON-ROBUST"", ""NULL-COMPATIBLE""]"
app-1702-B-intact,B,B,paired,plastic_state_retention,0.0378427093186726,0.06804916976984553,dimensionless frozen model readout,[-1],False,E,"[-1, 0, 1]","[""ROBUST ONLY UNDER RESTRICTED CONDITIONAL FAMILY"", ""TRANSFER-SENSITIVE / NON-ROBUST"", ""NULL-COMPATIBLE""]"
app-1702-B-intact,B,B,paired,plastic_state_retention,0.0378427093186726,0.06804916976984553,dimensionless frozen model readout,[-1],False,Z,[0],"[""ROBUST ONLY UNDER RESTRICTED CONDITIONAL FAMILY"", ""TRANSFER-SENSITIVE / NON-ROBUST"", ""NULL-COMPATIBLE""]"
app-1702-B-intact,B,B,paired,plastic_state_retention,0.0378427093186726,0.06804916976984553,dimensionless frozen model readout,[-1],False,P,[-1],"[""ROBUST ONLY UNDER RESTRICTED CONDITIONAL FAMILY"", ""TRANSFER-SENSITIVE / NON-ROBUST"", ""NULL-COMPATIBLE""]"
app-1702-B-intact,B,B,paired,plastic_state_retention,0.0378427093186726,0.06804916976984553,dimensionless frozen model readout,[-1],False,R,[1],"[""ROBUST ONLY UNDER RESTRICTED CONDITIONAL FAMILY"", ""TRANSFER-SENSITIVE / NON-ROBUST"", ""NULL-COMPATIBLE""]"
app-1702-B-intact,B,B,paired,plastic_state_retention,0.0378427093186726,0.06804916976984553,dimensionless frozen model readout,[-1],False,WP,"[-1, 0]","[""ROBUST ONLY UNDER RESTRICTED CONDITIONAL FAMILY"", ""TRANSFER-SENSITIVE / NON-ROBUST"", ""NULL-COMPATIBLE""]"
app-1702-B-intact,B,B,paired,plastic_state_retention,0.0378427093186726,0.06804916976984553,dimensionless frozen model readout,[-1],False,WR,"[0, 1]","[""ROBUST ONLY UNDER RESTRICTED CONDITIONAL FAMILY"", ""TRANSFER-SENSITIVE / NON-ROBUST"", ""NULL-COMPATIBLE""]"
app-1702-B-intact,B,B,paired,plastic_state_retention,0.0378427093186726,0.06804916976984553,dimensionless frozen model readout,[-1],False,H,"[-1, 0, 1]","[""ROBUST ONLY UNDER RESTRICTED CONDITIONAL FAMILY"", ""TRANSFER-SENSITIVE / NON-ROBUST"", ""NULL-COMPATIBLE""]"
app-1702-B-intact,B,B,paired,plastic_state_retention,0.0378427093186726,0.06804916976984553,dimensionless frozen model readout,[-1],False,U,"[-1, 0, 1]","[""ROBUST ONLY UNDER RESTRICTED CONDITIONAL FAMILY"", ""TRANSFER-SENSITIVE / NON-ROBUST"", ""NULL-COMPATIBLE""]"
app-1702-B-intact,B,B,paired,plastic_state_retention,0.0378427093186726,0.06804916976984553,dimensionless frozen model readout,[-1],False,N,"[-1, 0, 1]","[""ROBUST ONLY UNDER RESTRICTED CONDITIONAL FAMILY"", ""TRANSFER-SENSITIVE / NON-ROBUST"", ""NULL-COMPATIBLE""]"
app-1702-B-intact,B,B,paired,learned_state_comparison,0.0378427093186726,0.06804916976984553,dimensionless frozen model readout,[-1],False,E,"[-1, 0, 1]","[""ROBUST ONLY UNDER RESTRICTED CONDITIONAL FAMILY"", ""TRANSFER-SENSITIVE / NON-ROBUST"", ""NULL-COMPATIBLE""]"
app-1702-B-intact,B,B,paired,learned_state_comparison,0.0378427093186726,0.06804916976984553,dimensionless frozen model readout,[-1],False,Z,[0],"[""ROBUST ONLY UNDER RESTRICTED CONDITIONAL FAMILY"", ""TRANSFER-SENSITIVE / NON-ROBUST"", ""NULL-COMPATIBLE""]"
app-1702-B-intact,B,B,paired,learned_state_comparison,0.0378427093186726,0.06804916976984553,dimensionless frozen model readout,[-1],False,P,[-1],"[""ROBUST ONLY UNDER RESTRICTED CONDITIONAL FAMILY"", ""TRANSFER-SENSITIVE / NON-ROBUST"", ""NULL-COMPATIBLE""]"
app-1702-B-intact,B,B,paired,learned_state_comparison,0.0378427093186726,0.06804916976984553,dimensionless frozen model readout,[-1],False,R,[1],"[""ROBUST ONLY UNDER RESTRICTED CONDITIONAL FAMILY"", ""TRANSFER-SENSITIVE / NON-ROBUST"", ""NULL-COMPATIBLE""]"
app-1702-B-intact,B,B,paired,learned_state_comparison,0.0378427093186726,0.06804916976984553,dimensionless frozen model readout,[-1],False,WP,"[-1, 0]","[""ROBUST ONLY UNDER RESTRICTED CONDITIONAL FAMILY"", ""TRANSFER-SENSITIVE / NON-ROBUST"", ""NULL-COMPATIBLE""]"
app-1702-B-intact,B,B,paired,learned_state_comparison,0.0378427093186726,0.06804916976984553,dimensionless frozen model readout,[-1],False,WR,"[0, 1]","[""ROBUST ONLY UNDER RESTRICTED CONDITIONAL FAMILY"", ""TRANSFER-SENSITIVE / NON-ROBUST"", ""NULL-COMPATIBLE""]"
app-1702-B-intact,B,B,paired,learned_state_comparison,0.0378427093186726,0.06804916976984553,dimensionless frozen model readout,[-1],False,H,"[-1, 0, 1]","[""ROBUST ONLY UNDER RESTRICTED CONDITIONAL FAMILY"", ""TRANSFER-SENSITIVE / NON-ROBUST"", ""NULL-COMPATIBLE""]"
app-1702-B-intact,B,B,paired,learned_state_comparison,0.0378427093186726,0.06804916976984553,dimensionless frozen model readout,[-1],False,U,"[-1, 0, 1]","[""ROBUST ONLY UNDER RESTRICTED CONDITIONAL FAMILY"", ""TRANSFER-SENSITIVE / NON-ROBUST"", ""NULL-COMPATIBLE""]"
app-1702-B-intact,B,B,paired,learned_state_comparison,0.0378427093186726,0.06804916976984553,dimensionless frozen model readout,[-1],False,N,"[-1, 0, 1]","[""ROBUST ONLY UNDER RESTRICTED CONDITIONAL FAMILY"", ""TRANSFER-SENSITIVE / NON-ROBUST"", ""NULL-COMPATIBLE""]"
app-1703-A-intact,A,A,paired,response_change,0.05579426161507439,0.10683513841031661,dimensionless frozen model readout,[-1],False,E,"[-1, 0, 1]","[""ROBUST ONLY UNDER RESTRICTED CONDITIONAL FAMILY"", ""TRANSFER-SENSITIVE / NON-ROBUST"", ""NULL-COMPATIBLE""]"
app-1703-A-intact,A,A,paired,response_change,0.05579426161507439,0.10683513841031661,dimensionless frozen model readout,[-1],False,Z,[0],"[""ROBUST ONLY UNDER RESTRICTED CONDITIONAL FAMILY"", ""TRANSFER-SENSITIVE / NON-ROBUST"", ""NULL-COMPATIBLE""]"
app-1703-A-intact,A,A,paired,response_change,0.05579426161507439,0.10683513841031661,dimensionless frozen model readout,[-1],False,P,[-1],"[""ROBUST ONLY UNDER RESTRICTED CONDITIONAL FAMILY"", ""TRANSFER-SENSITIVE / NON-ROBUST"", ""NULL-COMPATIBLE""]"
app-1703-A-intact,A,A,paired,response_change,0.05579426161507439,0.10683513841031661,dimensionless frozen model readout,[-1],False,R,[1],"[""ROBUST ONLY UNDER RESTRICTED CONDITIONAL FAMILY"", ""TRANSFER-SENSITIVE / NON-ROBUST"", ""NULL-COMPATIBLE""]"
app-1703-A-intact,A,A,paired,response_change,0.05579426161507439,0.10683513841031661,dimensionless frozen model readout,[-1],False,WP,"[-1, 0]","[""ROBUST ONLY UNDER RESTRICTED CONDITIONAL FAMILY"", ""TRANSFER-SENSITIVE / NON-ROBUST"", ""NULL-COMPATIBLE""]"
app-1703-A-intact,A,A,paired,response_change,0.05579426161507439,0.10683513841031661,dimensionless frozen model readout,[-1],False,WR,"[0, 1]","[""ROBUST ONLY UNDER RESTRICTED CONDITIONAL FAMILY"", ""TRANSFER-SENSITIVE / NON-ROBUST"", ""NULL-COMPATIBLE""]"
app-1703-A-intact,A,A,paired,response_change,0.05579426161507439,0.10683513841031661,dimensionless frozen model readout,[-1],False,H,"[-1, 0, 1]","[""ROBUST ONLY UNDER RESTRICTED CONDITIONAL FAMILY"", ""TRANSFER-SENSITIVE / NON-ROBUST"", ""NULL-COMPATIBLE""]"
app-1703-A-intact,A,A,paired,response_change,0.05579426161507439,0.10683513841031661,dimensionless frozen model readout,[-1],False,U,"[-1, 0, 1]","[""ROBUST ONLY UNDER RESTRICTED CONDITIONAL FAMILY"", ""TRANSFER-SENSITIVE / NON-ROBUST"", ""NULL-COMPATIBLE""]"
app-1703-A-intact,A,A,paired,response_change,0.05579426161507439,0.10683513841031661,dimensionless frozen model readout,[-1],False,N,"[-1, 0, 1]","[""ROBUST ONLY UNDER RESTRICTED CONDITIONAL FAMILY"", ""TRANSFER-SENSITIVE / NON-ROBUST"", ""NULL-COMPATIBLE""]"
app-1703-A-intact,A,A,paired,restoration_check,0.10683513841031661,0.10683513841031661,dimensionless frozen model readout,[0],False,E,"[-1, 0, 1]","[""ROBUST ONLY UNDER RESTRICTED CONDITIONAL FAMILY"", ""TRANSFER-SENSITIVE / NON-ROBUST"", ""NULL-COMPATIBLE""]"
app-1703-A-intact,A,A,paired,restoration_check,0.10683513841031661,0.10683513841031661,dimensionless frozen model readout,[0],False,Z,[0],"[""ROBUST ONLY UNDER RESTRICTED CONDITIONAL FAMILY"", ""TRANSFER-SENSITIVE / NON-ROBUST"", ""NULL-COMPATIBLE""]"
app-1703-A-intact,A,A,paired,restoration_check,0.10683513841031661,0.10683513841031661,dimensionless frozen model readout,[0],False,P,[0],"[""ROBUST ONLY UNDER RESTRICTED CONDITIONAL FAMILY"", ""TRANSFER-SENSITIVE / NON-ROBUST"", ""NULL-COMPATIBLE""]"
app-1703-A-intact,A,A,paired,restoration_check,0.10683513841031661,0.10683513841031661,dimensionless frozen model readout,[0],False,R,[0],"[""ROBUST ONLY UNDER RESTRICTED CONDITIONAL FAMILY"", ""TRANSFER-SENSITIVE / NON-ROBUST"", ""NULL-COMPATIBLE""]"
app-1703-A-intact,A,A,paired,restoration_check,0.10683513841031661,0.10683513841031661,dimensionless frozen model readout,[0],False,WP,[0],"[""ROBUST ONLY UNDER RESTRICTED CONDITIONAL FAMILY"", ""TRANSFER-SENSITIVE / NON-ROBUST"", ""NULL-COMPATIBLE""]"
app-1703-A-intact,A,A,paired,restoration_check,0.10683513841031661,0.10683513841031661,dimensionless frozen model readout,[0],False,WR,[0],"[""ROBUST ONLY UNDER RESTRICTED CONDITIONAL FAMILY"", ""TRANSFER-SENSITIVE / NON-ROBUST"", ""NULL-COMPATIBLE""]"
app-1703-A-intact,A,A,paired,restoration_check,0.10683513841031661,0.10683513841031661,dimensionless frozen model readout,[0],False,H,[0],"[""ROBUST ONLY UNDER RESTRICTED CONDITIONAL FAMILY"", ""TRANSFER-SENSITIVE / NON-ROBUST"", ""NULL-COMPATIBLE""]"
app-1703-A-intact,A,A,paired,restoration_check,0.10683513841031661,0.10683513841031661,dimensionless frozen model readout,[0],False,U,[0],"[""ROBUST ONLY UNDER RESTRICTED CONDITIONAL FAMILY"", ""TRANSFER-SENSITIVE / NON-ROBUST"", ""NULL-COMPATIBLE""]"
app-1703-A-intact,A,A,paired,restoration_check,0.10683513841031661,0.10683513841031661,dimensionless frozen model readout,[0],False,N,"[-1, 0, 1]","[""ROBUST ONLY UNDER RESTRICTED CONDITIONAL FAMILY"", ""TRANSFER-SENSITIVE / NON-ROBUST"", ""NULL-COMPATIBLE""]"
app-1703-A-intact,A,A,paired,plastic_state_retention,0.05579426161507439,0.10683513841031661,dimensionless frozen model readout,[-1],False,E,"[-1, 0, 1]","[""ROBUST ONLY UNDER RESTRICTED CONDITIONAL FAMILY"", ""TRANSFER-SENSITIVE / NON-ROBUST"", ""NULL-COMPATIBLE""]"
app-1703-A-intact,A,A,paired,plastic_state_retention,0.05579426161507439,0.10683513841031661,dimensionless frozen model readout,[-1],False,Z,[0],"[""ROBUST ONLY UNDER RESTRICTED CONDITIONAL FAMILY"", ""TRANSFER-SENSITIVE / NON-ROBUST"", ""NULL-COMPATIBLE""]"
app-1703-A-intact,A,A,paired,plastic_state_retention,0.05579426161507439,0.10683513841031661,dimensionless frozen model readout,[-1],False,P,[-1],"[""ROBUST ONLY UNDER RESTRICTED CONDITIONAL FAMILY"", ""TRANSFER-SENSITIVE / NON-ROBUST"", ""NULL-COMPATIBLE""]"
app-1703-A-intact,A,A,paired,plastic_state_retention,0.05579426161507439,0.10683513841031661,dimensionless frozen model readout,[-1],False,R,[1],"[""ROBUST ONLY UNDER RESTRICTED CONDITIONAL FAMILY"", ""TRANSFER-SENSITIVE / NON-ROBUST"", ""NULL-COMPATIBLE""]"
app-1703-A-intact,A,A,paired,plastic_state_retention,0.05579426161507439,0.10683513841031661,dimensionless frozen model readout,[-1],False,WP,"[-1, 0]","[""ROBUST ONLY UNDER RESTRICTED CONDITIONAL FAMILY"", ""TRANSFER-SENSITIVE / NON-ROBUST"", ""NULL-COMPATIBLE""]"
app-1703-A-intact,A,A,paired,plastic_state_retention,0.05579426161507439,0.10683513841031661,dimensionless frozen model readout,[-1],False,WR,"[0, 1]","[""ROBUST ONLY UNDER RESTRICTED CONDITIONAL FAMILY"", ""TRANSFER-SENSITIVE / NON-ROBUST"", ""NULL-COMPATIBLE""]"
app-1703-A-intact,A,A,paired,plastic_state_retention,0.05579426161507439,0.10683513841031661,dimensionless frozen model readout,[-1],False,H,"[-1, 0, 1]","[""ROBUST ONLY UNDER RESTRICTED CONDITIONAL FAMILY"", ""TRANSFER-SENSITIVE / NON-ROBUST"", ""NULL-COMPATIBLE""]"
app-1703-A-intact,A,A,paired,plastic_state_retention,0.05579426161507439,0.10683513841031661,dimensionless frozen model readout,[-1],False,U,"[-1, 0, 1]","[""ROBUST ONLY UNDER RESTRICTED CONDITIONAL FAMILY"", ""TRANSFER-SENSITIVE / NON-ROBUST"", ""NULL-COMPATIBLE""]"
app-1703-A-intact,A,A,paired,plastic_state_retention,0.05579426161507439,0.10683513841031661,dimensionless frozen model readout,[-1],False,N,"[-1, 0, 1]","[""ROBUST ONLY UNDER RESTRICTED CONDITIONAL FAMILY"", ""TRANSFER-SENSITIVE / NON-ROBUST"", ""NULL-COMPATIBLE""]"
app-1703-A-intact,A,A,paired,learned_state_comparison,0.05579426161507439,0.10683513841031661,dimensionless frozen model readout,[-1],False,E,"[-1, 0, 1]","[""ROBUST ONLY UNDER RESTRICTED CONDITIONAL FAMILY"", ""TRANSFER-SENSITIVE / NON-ROBUST"", ""NULL-COMPATIBLE""]"
app-1703-A-intact,A,A,paired,learned_state_comparison,0.05579426161507439,0.10683513841031661,dimensionless frozen model readout,[-1],False,Z,[0],"[""ROBUST ONLY UNDER RESTRICTED CONDITIONAL FAMILY"", ""TRANSFER-SENSITIVE / NON-ROBUST"", ""NULL-COMPATIBLE""]"
app-1703-A-intact,A,A,paired,learned_state_comparison,0.05579426161507439,0.10683513841031661,dimensionless frozen model readout,[-1],False,P,[-1],"[""ROBUST ONLY UNDER RESTRICTED CONDITIONAL FAMILY"", ""TRANSFER-SENSITIVE / NON-ROBUST"", ""NULL-COMPATIBLE""]"
app-1703-A-intact,A,A,paired,learned_state_comparison,0.05579426161507439,0.10683513841031661,dimensionless frozen model readout,[-1],False,R,[1],"[""ROBUST ONLY UNDER RESTRICTED CONDITIONAL FAMILY"", ""TRANSFER-SENSITIVE / NON-ROBUST"", ""NULL-COMPATIBLE""]"
app-1703-A-intact,A,A,paired,learned_state_comparison,0.05579426161507439,0.10683513841031661,dimensionless frozen model readout,[-1],False,WP,"[-1, 0]","[""ROBUST ONLY UNDER RESTRICTED CONDITIONAL FAMILY"", ""TRANSFER-SENSITIVE / NON-ROBUST"", ""NULL-COMPATIBLE""]"
app-1703-A-intact,A,A,paired,learned_state_comparison,0.05579426161507439,0.10683513841031661,dimensionless frozen model readout,[-1],False,WR,"[0, 1]","[""ROBUST ONLY UNDER RESTRICTED CONDITIONAL FAMILY"", ""TRANSFER-SENSITIVE / NON-ROBUST"", ""NULL-COMPATIBLE""]"
app-1703-A-intact,A,A,paired,learned_state_comparison,0.05579426161507439,0.10683513841031661,dimensionless frozen model readout,[-1],False,H,"[-1, 0, 1]","[""ROBUST ONLY UNDER RESTRICTED CONDITIONAL FAMILY"", ""TRANSFER-SENSITIVE / NON-ROBUST"", ""NULL-COMPATIBLE""]"
app-1703-A-intact,A,A,paired,learned_state_comparison,0.05579426161507439,0.10683513841031661,dimensionless frozen model readout,[-1],False,U,"[-1, 0, 1]","[""ROBUST ONLY UNDER RESTRICTED CONDITIONAL FAMILY"", ""TRANSFER-SENSITIVE / NON-ROBUST"", ""NULL-COMPATIBLE""]"
app-1703-A-intact,A,A,paired,learned_state_comparison,0.05579426161507439,0.10683513841031661,dimensionless frozen model readout,[-1],False,N,"[-1, 0, 1]","[""ROBUST ONLY UNDER RESTRICTED CONDITIONAL FAMILY"", ""TRANSFER-SENSITIVE / NON-ROBUST"", ""NULL-COMPATIBLE""]"
app-1703-A-intact,B,A,unpaired,response_change,0.06317430549381813,0.07244064892428279,dimensionless frozen model readout,[-1],False,E,"[-1, 0, 1]","[""ROBUST ONLY UNDER RESTRICTED CONDITIONAL FAMILY"", ""TRANSFER-SENSITIVE / NON-ROBUST"", ""NULL-COMPATIBLE""]"
app-1703-A-intact,B,A,unpaired,response_change,0.06317430549381813,0.07244064892428279,dimensionless frozen model readout,[-1],False,Z,[0],"[""ROBUST ONLY UNDER RESTRICTED CONDITIONAL FAMILY"", ""TRANSFER-SENSITIVE / NON-ROBUST"", ""NULL-COMPATIBLE""]"
app-1703-A-intact,B,A,unpaired,response_change,0.06317430549381813,0.07244064892428279,dimensionless frozen model readout,[-1],False,P,[-1],"[""ROBUST ONLY UNDER RESTRICTED CONDITIONAL FAMILY"", ""TRANSFER-SENSITIVE / NON-ROBUST"", ""NULL-COMPATIBLE""]"
app-1703-A-intact,B,A,unpaired,response_change,0.06317430549381813,0.07244064892428279,dimensionless frozen model readout,[-1],False,R,[1],"[""ROBUST ONLY UNDER RESTRICTED CONDITIONAL FAMILY"", ""TRANSFER-SENSITIVE / NON-ROBUST"", ""NULL-COMPATIBLE""]"
app-1703-A-intact,B,A,unpaired,response_change,0.06317430549381813,0.07244064892428279,dimensionless frozen model readout,[-1],False,WP,"[-1, 0]","[""ROBUST ONLY UNDER RESTRICTED CONDITIONAL FAMILY"", ""TRANSFER-SENSITIVE / NON-ROBUST"", ""NULL-COMPATIBLE""]"
app-1703-A-intact,B,A,unpaired,response_change,0.06317430549381813,0.07244064892428279,dimensionless frozen model readout,[-1],False,WR,"[0, 1]","[""ROBUST ONLY UNDER RESTRICTED CONDITIONAL FAMILY"", ""TRANSFER-SENSITIVE / NON-ROBUST"", ""NULL-COMPATIBLE""]"
app-1703-A-intact,B,A,unpaired,response_change,0.06317430549381813,0.07244064892428279,dimensionless frozen model readout,[-1],False,H,"[-1, 0, 1]","[""ROBUST ONLY UNDER RESTRICTED CONDITIONAL FAMILY"", ""TRANSFER-SENSITIVE / NON-ROBUST"", ""NULL-COMPATIBLE""]"
app-1703-A-intact,B,A,unpaired,response_change,0.06317430549381813,0.07244064892428279,dimensionless frozen model readout,[-1],False,U,"[-1, 0, 1]","[""ROBUST ONLY UNDER RESTRICTED CONDITIONAL FAMILY"", ""TRANSFER-SENSITIVE / NON-ROBUST"", ""NULL-COMPATIBLE""]"
app-1703-A-intact,B,A,unpaired,response_change,0.06317430549381813,0.07244064892428279,dimensionless frozen model readout,[-1],False,N,"[-1, 0, 1]","[""ROBUST ONLY UNDER RESTRICTED CONDITIONAL FAMILY"", ""TRANSFER-SENSITIVE / NON-ROBUST"", ""NULL-COMPATIBLE""]"
app-1703-A-intact,B,A,unpaired,restoration_check,0.07244064892428279,0.07244064892428279,dimensionless frozen model readout,[0],False,E,"[-1, 0, 1]","[""ROBUST ONLY UNDER RESTRICTED CONDITIONAL FAMILY"", ""TRANSFER-SENSITIVE / NON-ROBUST"", ""NULL-COMPATIBLE""]"
app-1703-A-intact,B,A,unpaired,restoration_check,0.07244064892428279,0.07244064892428279,dimensionless frozen model readout,[0],False,Z,[0],"[""ROBUST ONLY UNDER RESTRICTED CONDITIONAL FAMILY"", ""TRANSFER-SENSITIVE / NON-ROBUST"", ""NULL-COMPATIBLE""]"
app-1703-A-intact,B,A,unpaired,restoration_check,0.07244064892428279,0.07244064892428279,dimensionless frozen model readout,[0],False,P,[0],"[""ROBUST ONLY UNDER RESTRICTED CONDITIONAL FAMILY"", ""TRANSFER-SENSITIVE / NON-ROBUST"", ""NULL-COMPATIBLE""]"
app-1703-A-intact,B,A,unpaired,restoration_check,0.07244064892428279,0.07244064892428279,dimensionless frozen model readout,[0],False,R,[0],"[""ROBUST ONLY UNDER RESTRICTED CONDITIONAL FAMILY"", ""TRANSFER-SENSITIVE / NON-ROBUST"", ""NULL-COMPATIBLE""]"
app-1703-A-intact,B,A,unpaired,restoration_check,0.07244064892428279,0.07244064892428279,dimensionless frozen model readout,[0],False,WP,[0],"[""ROBUST ONLY UNDER RESTRICTED CONDITIONAL FAMILY"", ""TRANSFER-SENSITIVE / NON-ROBUST"", ""NULL-COMPATIBLE""]"
app-1703-A-intact,B,A,unpaired,restoration_check,0.07244064892428279,0.07244064892428279,dimensionless frozen model readout,[0],False,WR,[0],"[""ROBUST ONLY UNDER RESTRICTED CONDITIONAL FAMILY"", ""TRANSFER-SENSITIVE / NON-ROBUST"", ""NULL-COMPATIBLE""]"
app-1703-A-intact,B,A,unpaired,restoration_check,0.07244064892428279,0.07244064892428279,dimensionless frozen model readout,[0],False,H,[0],"[""ROBUST ONLY UNDER RESTRICTED CONDITIONAL FAMILY"", ""TRANSFER-SENSITIVE / NON-ROBUST"", ""NULL-COMPATIBLE""]"
app-1703-A-intact,B,A,unpaired,restoration_check,0.07244064892428279,0.07244064892428279,dimensionless frozen model readout,[0],False,U,[0],"[""ROBUST ONLY UNDER RESTRICTED CONDITIONAL FAMILY"", ""TRANSFER-SENSITIVE / NON-ROBUST"", ""NULL-COMPATIBLE""]"
app-1703-A-intact,B,A,unpaired,restoration_check,0.07244064892428279,0.07244064892428279,dimensionless frozen model readout,[0],False,N,"[-1, 0, 1]","[""ROBUST ONLY UNDER RESTRICTED CONDITIONAL FAMILY"", ""TRANSFER-SENSITIVE / NON-ROBUST"", ""NULL-COMPATIBLE""]"
app-1703-A-intact,B,A,unpaired,plastic_state_retention,0.06317430549381813,0.07244064892428279,dimensionless frozen model readout,[-1],False,E,"[-1, 0, 1]","[""ROBUST ONLY UNDER RESTRICTED CONDITIONAL FAMILY"", ""TRANSFER-SENSITIVE / NON-ROBUST"", ""NULL-COMPATIBLE""]"
app-1703-A-intact,B,A,unpaired,plastic_state_retention,0.06317430549381813,0.07244064892428279,dimensionless frozen model readout,[-1],False,Z,[0],"[""ROBUST ONLY UNDER RESTRICTED CONDITIONAL FAMILY"", ""TRANSFER-SENSITIVE / NON-ROBUST"", ""NULL-COMPATIBLE""]"
app-1703-A-intact,B,A,unpaired,plastic_state_retention,0.06317430549381813,0.07244064892428279,dimensionless frozen model readout,[-1],False,P,[-1],"[""ROBUST ONLY UNDER RESTRICTED CONDITIONAL FAMILY"", ""TRANSFER-SENSITIVE / NON-ROBUST"", ""NULL-COMPATIBLE""]"
app-1703-A-intact,B,A,unpaired,plastic_state_retention,0.06317430549381813,0.07244064892428279,dimensionless frozen model readout,[-1],False,R,[1],"[""ROBUST ONLY UNDER RESTRICTED CONDITIONAL FAMILY"", ""TRANSFER-SENSITIVE / NON-ROBUST"", ""NULL-COMPATIBLE""]"
app-1703-A-intact,B,A,unpaired,plastic_state_retention,0.06317430549381813,0.07244064892428279,dimensionless frozen model readout,[-1],False,WP,"[-1, 0]","[""ROBUST ONLY UNDER RESTRICTED CONDITIONAL FAMILY"", ""TRANSFER-SENSITIVE / NON-ROBUST"", ""NULL-COMPATIBLE""]"
app-1703-A-intact,B,A,unpaired,plastic_state_retention,0.06317430549381813,0.07244064892428279,dimensionless frozen model readout,[-1],False,WR,"[0, 1]","[""ROBUST ONLY UNDER RESTRICTED CONDITIONAL FAMILY"", ""TRANSFER-SENSITIVE / NON-ROBUST"", ""NULL-COMPATIBLE""]"
app-1703-A-intact,B,A,unpaired,plastic_state_retention,0.06317430549381813,0.07244064892428279,dimensionless frozen model readout,[-1],False,H,"[-1, 0, 1]","[""ROBUST ONLY UNDER RESTRICTED CONDITIONAL FAMILY"", ""TRANSFER-SENSITIVE / NON-ROBUST"", ""NULL-COMPATIBLE""]"
app-1703-A-intact,B,A,unpaired,plastic_state_retention,0.06317430549381813,0.07244064892428279,dimensionless frozen model readout,[-1],False,U,"[-1, 0, 1]","[""ROBUST ONLY UNDER RESTRICTED CONDITIONAL FAMILY"", ""TRANSFER-SENSITIVE / NON-ROBUST"", ""NULL-COMPATIBLE""]"
app-1703-A-intact,B,A,unpaired,plastic_state_retention,0.06317430549381813,0.07244064892428279,dimensionless frozen model readout,[-1],False,N,"[-1, 0, 1]","[""ROBUST ONLY UNDER RESTRICTED CONDITIONAL FAMILY"", ""TRANSFER-SENSITIVE / NON-ROBUST"", ""NULL-COMPATIBLE""]"
app-1703-A-intact,B,A,unpaired,learned_state_comparison,0.06317430549381813,0.07244064892428279,dimensionless frozen model readout,[-1],False,E,"[-1, 0, 1]","[""ROBUST ONLY UNDER RESTRICTED CONDITIONAL FAMILY"", ""TRANSFER-SENSITIVE / NON-ROBUST"", ""NULL-COMPATIBLE""]"
app-1703-A-intact,B,A,unpaired,learned_state_comparison,0.06317430549381813,0.07244064892428279,dimensionless frozen model readout,[-1],False,Z,[0],"[""ROBUST ONLY UNDER RESTRICTED CONDITIONAL FAMILY"", ""TRANSFER-SENSITIVE / NON-ROBUST"", ""NULL-COMPATIBLE""]"
app-1703-A-intact,B,A,unpaired,learned_state_comparison,0.06317430549381813,0.07244064892428279,dimensionless frozen model readout,[-1],False,P,[-1],"[""ROBUST ONLY UNDER RESTRICTED CONDITIONAL FAMILY"", ""TRANSFER-SENSITIVE / NON-ROBUST"", ""NULL-COMPATIBLE""]"
app-1703-A-intact,B,A,unpaired,learned_state_comparison,0.06317430549381813,0.07244064892428279,dimensionless frozen model readout,[-1],False,R,[1],"[""ROBUST ONLY UNDER RESTRICTED CONDITIONAL FAMILY"", ""TRANSFER-SENSITIVE / NON-ROBUST"", ""NULL-COMPATIBLE""]"
app-1703-A-intact,B,A,unpaired,learned_state_comparison,0.06317430549381813,0.07244064892428279,dimensionless frozen model readout,[-1],False,WP,"[-1, 0]","[""ROBUST ONLY UNDER RESTRICTED CONDITIONAL FAMILY"", ""TRANSFER-SENSITIVE / NON-ROBUST"", ""NULL-COMPATIBLE""]"
app-1703-A-intact,B,A,unpaired,learned_state_comparison,0.06317430549381813,0.07244064892428279,dimensionless frozen model readout,[-1],False,WR,"[0, 1]","[""ROBUST ONLY UNDER RESTRICTED CONDITIONAL FAMILY"", ""TRANSFER-SENSITIVE / NON-ROBUST"", ""NULL-COMPATIBLE""]"
app-1703-A-intact,B,A,unpaired,learned_state_comparison,0.06317430549381813,0.07244064892428279,dimensionless frozen model readout,[-1],False,H,"[-1, 0, 1]","[""ROBUST ONLY UNDER RESTRICTED CONDITIONAL FAMILY"", ""TRANSFER-SENSITIVE / NON-ROBUST"", ""NULL-COMPATIBLE""]"
app-1703-A-intact,B,A,unpaired,learned_state_comparison,0.06317430549381813,0.07244064892428279,dimensionless frozen model readout,[-1],False,U,"[-1, 0, 1]","[""ROBUST ONLY UNDER RESTRICTED CONDITIONAL FAMILY"", ""TRANSFER-SENSITIVE / NON-ROBUST"", ""NULL-COMPATIBLE""]"
app-1703-A-intact,B,A,unpaired,learned_state_comparison,0.06317430549381813,0.07244064892428279,dimensionless frozen model readout,[-1],False,N,"[-1, 0, 1]","[""ROBUST ONLY UNDER RESTRICTED CONDITIONAL FAMILY"", ""TRANSFER-SENSITIVE / NON-ROBUST"", ""NULL-COMPATIBLE""]"
app-1703-B-intact,A,B,unpaired,response_change,0.09789215041129451,0.10683513841031661,dimensionless frozen model readout,[-1],False,E,"[-1, 0, 1]","[""ROBUST ONLY UNDER RESTRICTED CONDITIONAL FAMILY"", ""TRANSFER-SENSITIVE / NON-ROBUST"", ""NULL-COMPATIBLE""]"
app-1703-B-intact,A,B,unpaired,response_change,0.09789215041129451,0.10683513841031661,dimensionless frozen model readout,[-1],False,Z,[0],"[""ROBUST ONLY UNDER RESTRICTED CONDITIONAL FAMILY"", ""TRANSFER-SENSITIVE / NON-ROBUST"", ""NULL-COMPATIBLE""]"
app-1703-B-intact,A,B,unpaired,response_change,0.09789215041129451,0.10683513841031661,dimensionless frozen model readout,[-1],False,P,[-1],"[""ROBUST ONLY UNDER RESTRICTED CONDITIONAL FAMILY"", ""TRANSFER-SENSITIVE / NON-ROBUST"", ""NULL-COMPATIBLE""]"
app-1703-B-intact,A,B,unpaired,response_change,0.09789215041129451,0.10683513841031661,dimensionless frozen model readout,[-1],False,R,[1],"[""ROBUST ONLY UNDER RESTRICTED CONDITIONAL FAMILY"", ""TRANSFER-SENSITIVE / NON-ROBUST"", ""NULL-COMPATIBLE""]"
app-1703-B-intact,A,B,unpaired,response_change,0.09789215041129451,0.10683513841031661,dimensionless frozen model readout,[-1],False,WP,"[-1, 0]","[""ROBUST ONLY UNDER RESTRICTED CONDITIONAL FAMILY"", ""TRANSFER-SENSITIVE / NON-ROBUST"", ""NULL-COMPATIBLE""]"
app-1703-B-intact,A,B,unpaired,response_change,0.09789215041129451,0.10683513841031661,dimensionless frozen model readout,[-1],False,WR,"[0, 1]","[""ROBUST ONLY UNDER RESTRICTED CONDITIONAL FAMILY"", ""TRANSFER-SENSITIVE / NON-ROBUST"", ""NULL-COMPATIBLE""]"
app-1703-B-intact,A,B,unpaired,response_change,0.09789215041129451,0.10683513841031661,dimensionless frozen model readout,[-1],False,H,"[-1, 0, 1]","[""ROBUST ONLY UNDER RESTRICTED CONDITIONAL FAMILY"", ""TRANSFER-SENSITIVE / NON-ROBUST"", ""NULL-COMPATIBLE""]"
app-1703-B-intact,A,B,unpaired,response_change,0.09789215041129451,0.10683513841031661,dimensionless frozen model readout,[-1],False,U,"[-1, 0, 1]","[""ROBUST ONLY UNDER RESTRICTED CONDITIONAL FAMILY"", ""TRANSFER-SENSITIVE / NON-ROBUST"", ""NULL-COMPATIBLE""]"
app-1703-B-intact,A,B,unpaired,response_change,0.09789215041129451,0.10683513841031661,dimensionless frozen model readout,[-1],False,N,"[-1, 0, 1]","[""ROBUST ONLY UNDER RESTRICTED CONDITIONAL FAMILY"", ""TRANSFER-SENSITIVE / NON-ROBUST"", ""NULL-COMPATIBLE""]"
app-1703-B-intact,A,B,unpaired,restoration_check,0.10683513841031661,0.10683513841031661,dimensionless frozen model readout,[0],False,E,"[-1, 0, 1]","[""ROBUST ONLY UNDER RESTRICTED CONDITIONAL FAMILY"", ""TRANSFER-SENSITIVE / NON-ROBUST"", ""NULL-COMPATIBLE""]"
app-1703-B-intact,A,B,unpaired,restoration_check,0.10683513841031661,0.10683513841031661,dimensionless frozen model readout,[0],False,Z,[0],"[""ROBUST ONLY UNDER RESTRICTED CONDITIONAL FAMILY"", ""TRANSFER-SENSITIVE / NON-ROBUST"", ""NULL-COMPATIBLE""]"
app-1703-B-intact,A,B,unpaired,restoration_check,0.10683513841031661,0.10683513841031661,dimensionless frozen model readout,[0],False,P,[0],"[""ROBUST ONLY UNDER RESTRICTED CONDITIONAL FAMILY"", ""TRANSFER-SENSITIVE / NON-ROBUST"", ""NULL-COMPATIBLE""]"
app-1703-B-intact,A,B,unpaired,restoration_check,0.10683513841031661,0.10683513841031661,dimensionless frozen model readout,[0],False,R,[0],"[""ROBUST ONLY UNDER RESTRICTED CONDITIONAL FAMILY"", ""TRANSFER-SENSITIVE / NON-ROBUST"", ""NULL-COMPATIBLE""]"
app-1703-B-intact,A,B,unpaired,restoration_check,0.10683513841031661,0.10683513841031661,dimensionless frozen model readout,[0],False,WP,[0],"[""ROBUST ONLY UNDER RESTRICTED CONDITIONAL FAMILY"", ""TRANSFER-SENSITIVE / NON-ROBUST"", ""NULL-COMPATIBLE""]"
app-1703-B-intact,A,B,unpaired,restoration_check,0.10683513841031661,0.10683513841031661,dimensionless frozen model readout,[0],False,WR,[0],"[""ROBUST ONLY UNDER RESTRICTED CONDITIONAL FAMILY"", ""TRANSFER-SENSITIVE / NON-ROBUST"", ""NULL-COMPATIBLE""]"
app-1703-B-intact,A,B,unpaired,restoration_check,0.10683513841031661,0.10683513841031661,dimensionless frozen model readout,[0],False,H,[0],"[""ROBUST ONLY UNDER RESTRICTED CONDITIONAL FAMILY"", ""TRANSFER-SENSITIVE / NON-ROBUST"", ""NULL-COMPATIBLE""]"
app-1703-B-intact,A,B,unpaired,restoration_check,0.10683513841031661,0.10683513841031661,dimensionless frozen model readout,[0],False,U,[0],"[""ROBUST ONLY UNDER RESTRICTED CONDITIONAL FAMILY"", ""TRANSFER-SENSITIVE / NON-ROBUST"", ""NULL-COMPATIBLE""]"
app-1703-B-intact,A,B,unpaired,restoration_check,0.10683513841031661,0.10683513841031661,dimensionless frozen model readout,[0],False,N,"[-1, 0, 1]","[""ROBUST ONLY UNDER RESTRICTED CONDITIONAL FAMILY"", ""TRANSFER-SENSITIVE / NON-ROBUST"", ""NULL-COMPATIBLE""]"
app-1703-B-intact,A,B,unpaired,plastic_state_retention,0.09789215041129451,0.10683513841031661,dimensionless frozen model readout,[-1],False,E,"[-1, 0, 1]","[""ROBUST ONLY UNDER RESTRICTED CONDITIONAL FAMILY"", ""TRANSFER-SENSITIVE / NON-ROBUST"", ""NULL-COMPATIBLE""]"
app-1703-B-intact,A,B,unpaired,plastic_state_retention,0.09789215041129451,0.10683513841031661,dimensionless frozen model readout,[-1],False,Z,[0],"[""ROBUST ONLY UNDER RESTRICTED CONDITIONAL FAMILY"", ""TRANSFER-SENSITIVE / NON-ROBUST"", ""NULL-COMPATIBLE""]"
app-1703-B-intact,A,B,unpaired,plastic_state_retention,0.09789215041129451,0.10683513841031661,dimensionless frozen model readout,[-1],False,P,[-1],"[""ROBUST ONLY UNDER RESTRICTED CONDITIONAL FAMILY"", ""TRANSFER-SENSITIVE / NON-ROBUST"", ""NULL-COMPATIBLE""]"
app-1703-B-intact,A,B,unpaired,plastic_state_retention,0.09789215041129451,0.10683513841031661,dimensionless frozen model readout,[-1],False,R,[1],"[""ROBUST ONLY UNDER RESTRICTED CONDITIONAL FAMILY"", ""TRANSFER-SENSITIVE / NON-ROBUST"", ""NULL-COMPATIBLE""]"
app-1703-B-intact,A,B,unpaired,plastic_state_retention,0.09789215041129451,0.10683513841031661,dimensionless frozen model readout,[-1],False,WP,"[-1, 0]","[""ROBUST ONLY UNDER RESTRICTED CONDITIONAL FAMILY"", ""TRANSFER-SENSITIVE / NON-ROBUST"", ""NULL-COMPATIBLE""]"
app-1703-B-intact,A,B,unpaired,plastic_state_retention,0.09789215041129451,0.10683513841031661,dimensionless frozen model readout,[-1],False,WR,"[0, 1]","[""ROBUST ONLY UNDER RESTRICTED CONDITIONAL FAMILY"", ""TRANSFER-SENSITIVE / NON-ROBUST"", ""NULL-COMPATIBLE""]"
app-1703-B-intact,A,B,unpaired,plastic_state_retention,0.09789215041129451,0.10683513841031661,dimensionless frozen model readout,[-1],False,H,"[-1, 0, 1]","[""ROBUST ONLY UNDER RESTRICTED CONDITIONAL FAMILY"", ""TRANSFER-SENSITIVE / NON-ROBUST"", ""NULL-COMPATIBLE""]"
app-1703-B-intact,A,B,unpaired,plastic_state_retention,0.09789215041129451,0.10683513841031661,dimensionless frozen model readout,[-1],False,U,"[-1, 0, 1]","[""ROBUST ONLY UNDER RESTRICTED CONDITIONAL FAMILY"", ""TRANSFER-SENSITIVE / NON-ROBUST"", ""NULL-COMPATIBLE""]"
app-1703-B-intact,A,B,unpaired,plastic_state_retention,0.09789215041129451,0.10683513841031661,dimensionless frozen model readout,[-1],False,N,"[-1, 0, 1]","[""ROBUST ONLY UNDER RESTRICTED CONDITIONAL FAMILY"", ""TRANSFER-SENSITIVE / NON-ROBUST"", ""NULL-COMPATIBLE""]"
app-1703-B-intact,A,B,unpaired,learned_state_comparison,0.09789215041129451,0.10683513841031661,dimensionless frozen model readout,[-1],False,E,"[-1, 0, 1]","[""ROBUST ONLY UNDER RESTRICTED CONDITIONAL FAMILY"", ""TRANSFER-SENSITIVE / NON-ROBUST"", ""NULL-COMPATIBLE""]"
app-1703-B-intact,A,B,unpaired,learned_state_comparison,0.09789215041129451,0.10683513841031661,dimensionless frozen model readout,[-1],False,Z,[0],"[""ROBUST ONLY UNDER RESTRICTED CONDITIONAL FAMILY"", ""TRANSFER-SENSITIVE / NON-ROBUST"", ""NULL-COMPATIBLE""]"
app-1703-B-intact,A,B,unpaired,learned_state_comparison,0.09789215041129451,0.10683513841031661,dimensionless frozen model readout,[-1],False,P,[-1],"[""ROBUST ONLY UNDER RESTRICTED CONDITIONAL FAMILY"", ""TRANSFER-SENSITIVE / NON-ROBUST"", ""NULL-COMPATIBLE""]"
app-1703-B-intact,A,B,unpaired,learned_state_comparison,0.09789215041129451,0.10683513841031661,dimensionless frozen model readout,[-1],False,R,[1],"[""ROBUST ONLY UNDER RESTRICTED CONDITIONAL FAMILY"", ""TRANSFER-SENSITIVE / NON-ROBUST"", ""NULL-COMPATIBLE""]"
app-1703-B-intact,A,B,unpaired,learned_state_comparison,0.09789215041129451,0.10683513841031661,dimensionless frozen model readout,[-1],False,WP,"[-1, 0]","[""ROBUST ONLY UNDER RESTRICTED CONDITIONAL FAMILY"", ""TRANSFER-SENSITIVE / NON-ROBUST"", ""NULL-COMPATIBLE""]"
app-1703-B-intact,A,B,unpaired,learned_state_comparison,0.09789215041129451,0.10683513841031661,dimensionless frozen model readout,[-1],False,WR,"[0, 1]","[""ROBUST ONLY UNDER RESTRICTED CONDITIONAL FAMILY"", ""TRANSFER-SENSITIVE / NON-ROBUST"", ""NULL-COMPATIBLE""]"
app-1703-B-intact,A,B,unpaired,learned_state_comparison,0.09789215041129451,0.10683513841031661,dimensionless frozen model readout,[-1],False,H,"[-1, 0, 1]","[""ROBUST ONLY UNDER RESTRICTED CONDITIONAL FAMILY"", ""TRANSFER-SENSITIVE / NON-ROBUST"", ""NULL-COMPATIBLE""]"
app-1703-B-intact,A,B,unpaired,learned_state_comparison,0.09789215041129451,0.10683513841031661,dimensionless frozen model readout,[-1],False,U,"[-1, 0, 1]","[""ROBUST ONLY UNDER RESTRICTED CONDITIONAL FAMILY"", ""TRANSFER-SENSITIVE / NON-ROBUST"", ""NULL-COMPATIBLE""]"
app-1703-B-intact,A,B,unpaired,learned_state_comparison,0.09789215041129451,0.10683513841031661,dimensionless frozen model readout,[-1],False,N,"[-1, 0, 1]","[""ROBUST ONLY UNDER RESTRICTED CONDITIONAL FAMILY"", ""TRANSFER-SENSITIVE / NON-ROBUST"", ""NULL-COMPATIBLE""]"
app-1703-B-intact,B,B,paired,response_change,0.03205303330943461,0.07244064892428279,dimensionless frozen model readout,[-1],False,E,"[-1, 0, 1]","[""ROBUST ONLY UNDER RESTRICTED CONDITIONAL FAMILY"", ""TRANSFER-SENSITIVE / NON-ROBUST"", ""NULL-COMPATIBLE""]"
app-1703-B-intact,B,B,paired,response_change,0.03205303330943461,0.07244064892428279,dimensionless frozen model readout,[-1],False,Z,[0],"[""ROBUST ONLY UNDER RESTRICTED CONDITIONAL FAMILY"", ""TRANSFER-SENSITIVE / NON-ROBUST"", ""NULL-COMPATIBLE""]"
app-1703-B-intact,B,B,paired,response_change,0.03205303330943461,0.07244064892428279,dimensionless frozen model readout,[-1],False,P,[-1],"[""ROBUST ONLY UNDER RESTRICTED CONDITIONAL FAMILY"", ""TRANSFER-SENSITIVE / NON-ROBUST"", ""NULL-COMPATIBLE""]"
app-1703-B-intact,B,B,paired,response_change,0.03205303330943461,0.07244064892428279,dimensionless frozen model readout,[-1],False,R,[1],"[""ROBUST ONLY UNDER RESTRICTED CONDITIONAL FAMILY"", ""TRANSFER-SENSITIVE / NON-ROBUST"", ""NULL-COMPATIBLE""]"
app-1703-B-intact,B,B,paired,response_change,0.03205303330943461,0.07244064892428279,dimensionless frozen model readout,[-1],False,WP,"[-1, 0]","[""ROBUST ONLY UNDER RESTRICTED CONDITIONAL FAMILY"", ""TRANSFER-SENSITIVE / NON-ROBUST"", ""NULL-COMPATIBLE""]"
app-1703-B-intact,B,B,paired,response_change,0.03205303330943461,0.07244064892428279,dimensionless frozen model readout,[-1],False,WR,"[0, 1]","[""ROBUST ONLY UNDER RESTRICTED CONDITIONAL FAMILY"", ""TRANSFER-SENSITIVE / NON-ROBUST"", ""NULL-COMPATIBLE""]"
app-1703-B-intact,B,B,paired,response_change,0.03205303330943461,0.07244064892428279,dimensionless frozen model readout,[-1],False,H,"[-1, 0, 1]","[""ROBUST ONLY UNDER RESTRICTED CONDITIONAL FAMILY"", ""TRANSFER-SENSITIVE / NON-ROBUST"", ""NULL-COMPATIBLE""]"
app-1703-B-intact,B,B,paired,response_change,0.03205303330943461,0.07244064892428279,dimensionless frozen model readout,[-1],False,U,"[-1, 0, 1]","[""ROBUST ONLY UNDER RESTRICTED CONDITIONAL FAMILY"", ""TRANSFER-SENSITIVE / NON-ROBUST"", ""NULL-COMPATIBLE""]"
app-1703-B-intact,B,B,paired,response_change,0.03205303330943461,0.07244064892428279,dimensionless frozen model readout,[-1],False,N,"[-1, 0, 1]","[""ROBUST ONLY UNDER RESTRICTED CONDITIONAL FAMILY"", ""TRANSFER-SENSITIVE / NON-ROBUST"", ""NULL-COMPATIBLE""]"
app-1703-B-intact,B,B,paired,restoration_check,0.07244064892428279,0.07244064892428279,dimensionless frozen model readout,[0],False,E,"[-1, 0, 1]","[""ROBUST ONLY UNDER RESTRICTED CONDITIONAL FAMILY"", ""TRANSFER-SENSITIVE / NON-ROBUST"", ""NULL-COMPATIBLE""]"
app-1703-B-intact,B,B,paired,restoration_check,0.07244064892428279,0.07244064892428279,dimensionless frozen model readout,[0],False,Z,[0],"[""ROBUST ONLY UNDER RESTRICTED CONDITIONAL FAMILY"", ""TRANSFER-SENSITIVE / NON-ROBUST"", ""NULL-COMPATIBLE""]"
app-1703-B-intact,B,B,paired,restoration_check,0.07244064892428279,0.07244064892428279,dimensionless frozen model readout,[0],False,P,[0],"[""ROBUST ONLY UNDER RESTRICTED CONDITIONAL FAMILY"", ""TRANSFER-SENSITIVE / NON-ROBUST"", ""NULL-COMPATIBLE""]"
app-1703-B-intact,B,B,paired,restoration_check,0.07244064892428279,0.07244064892428279,dimensionless frozen model readout,[0],False,R,[0],"[""ROBUST ONLY UNDER RESTRICTED CONDITIONAL FAMILY"", ""TRANSFER-SENSITIVE / NON-ROBUST"", ""NULL-COMPATIBLE""]"
app-1703-B-intact,B,B,paired,restoration_check,0.07244064892428279,0.07244064892428279,dimensionless frozen model readout,[0],False,WP,[0],"[""ROBUST ONLY UNDER RESTRICTED CONDITIONAL FAMILY"", ""TRANSFER-SENSITIVE / NON-ROBUST"", ""NULL-COMPATIBLE""]"
app-1703-B-intact,B,B,paired,restoration_check,0.07244064892428279,0.07244064892428279,dimensionless frozen model readout,[0],False,WR,[0],"[""ROBUST ONLY UNDER RESTRICTED CONDITIONAL FAMILY"", ""TRANSFER-SENSITIVE / NON-ROBUST"", ""NULL-COMPATIBLE""]"
app-1703-B-intact,B,B,paired,restoration_check,0.07244064892428279,0.07244064892428279,dimensionless frozen model readout,[0],False,H,[0],"[""ROBUST ONLY UNDER RESTRICTED CONDITIONAL FAMILY"", ""TRANSFER-SENSITIVE / NON-ROBUST"", ""NULL-COMPATIBLE""]"
app-1703-B-intact,B,B,paired,restoration_check,0.07244064892428279,0.07244064892428279,dimensionless frozen model readout,[0],False,U,[0],"[""ROBUST ONLY UNDER RESTRICTED CONDITIONAL FAMILY"", ""TRANSFER-SENSITIVE / NON-ROBUST"", ""NULL-COMPATIBLE""]"
app-1703-B-intact,B,B,paired,restoration_check,0.07244064892428279,0.07244064892428279,dimensionless frozen model readout,[0],False,N,"[-1, 0, 1]","[""ROBUST ONLY UNDER RESTRICTED CONDITIONAL FAMILY"", ""TRANSFER-SENSITIVE / NON-ROBUST"", ""NULL-COMPATIBLE""]"
app-1703-B-intact,B,B,paired,plastic_state_retention,0.03205303330943461,0.07244064892428279,dimensionless frozen model readout,[-1],False,E,"[-1, 0, 1]","[""ROBUST ONLY UNDER RESTRICTED CONDITIONAL FAMILY"", ""TRANSFER-SENSITIVE / NON-ROBUST"", ""NULL-COMPATIBLE""]"
app-1703-B-intact,B,B,paired,plastic_state_retention,0.03205303330943461,0.07244064892428279,dimensionless frozen model readout,[-1],False,Z,[0],"[""ROBUST ONLY UNDER RESTRICTED CONDITIONAL FAMILY"", ""TRANSFER-SENSITIVE / NON-ROBUST"", ""NULL-COMPATIBLE""]"
app-1703-B-intact,B,B,paired,plastic_state_retention,0.03205303330943461,0.07244064892428279,dimensionless frozen model readout,[-1],False,P,[-1],"[""ROBUST ONLY UNDER RESTRICTED CONDITIONAL FAMILY"", ""TRANSFER-SENSITIVE / NON-ROBUST"", ""NULL-COMPATIBLE""]"
app-1703-B-intact,B,B,paired,plastic_state_retention,0.03205303330943461,0.07244064892428279,dimensionless frozen model readout,[-1],False,R,[1],"[""ROBUST ONLY UNDER RESTRICTED CONDITIONAL FAMILY"", ""TRANSFER-SENSITIVE / NON-ROBUST"", ""NULL-COMPATIBLE""]"
app-1703-B-intact,B,B,paired,plastic_state_retention,0.03205303330943461,0.07244064892428279,dimensionless frozen model readout,[-1],False,WP,"[-1, 0]","[""ROBUST ONLY UNDER RESTRICTED CONDITIONAL FAMILY"", ""TRANSFER-SENSITIVE / NON-ROBUST"", ""NULL-COMPATIBLE""]"
app-1703-B-intact,B,B,paired,plastic_state_retention,0.03205303330943461,0.07244064892428279,dimensionless frozen model readout,[-1],False,WR,"[0, 1]","[""ROBUST ONLY UNDER RESTRICTED CONDITIONAL FAMILY"", ""TRANSFER-SENSITIVE / NON-ROBUST"", ""NULL-COMPATIBLE""]"
app-1703-B-intact,B,B,paired,plastic_state_retention,0.03205303330943461,0.07244064892428279,dimensionless frozen model readout,[-1],False,H,"[-1, 0, 1]","[""ROBUST ONLY UNDER RESTRICTED CONDITIONAL FAMILY"", ""TRANSFER-SENSITIVE / NON-ROBUST"", ""NULL-COMPATIBLE""]"
app-1703-B-intact,B,B,paired,plastic_state_retention,0.03205303330943461,0.07244064892428279,dimensionless frozen model readout,[-1],False,U,"[-1, 0, 1]","[""ROBUST ONLY UNDER RESTRICTED CONDITIONAL FAMILY"", ""TRANSFER-SENSITIVE / NON-ROBUST"", ""NULL-COMPATIBLE""]"
app-1703-B-intact,B,B,paired,plastic_state_retention,0.03205303330943461,0.07244064892428279,dimensionless frozen model readout,[-1],False,N,"[-1, 0, 1]","[""ROBUST ONLY UNDER RESTRICTED CONDITIONAL FAMILY"", ""TRANSFER-SENSITIVE / NON-ROBUST"", ""NULL-COMPATIBLE""]"
app-1703-B-intact,B,B,paired,learned_state_comparison,0.03205303330943461,0.07244064892428279,dimensionless frozen model readout,[-1],False,E,"[-1, 0, 1]","[""ROBUST ONLY UNDER RESTRICTED CONDITIONAL FAMILY"", ""TRANSFER-SENSITIVE / NON-ROBUST"", ""NULL-COMPATIBLE""]"
app-1703-B-intact,B,B,paired,learned_state_comparison,0.03205303330943461,0.07244064892428279,dimensionless frozen model readout,[-1],False,Z,[0],"[""ROBUST ONLY UNDER RESTRICTED CONDITIONAL FAMILY"", ""TRANSFER-SENSITIVE / NON-ROBUST"", ""NULL-COMPATIBLE""]"
app-1703-B-intact,B,B,paired,learned_state_comparison,0.03205303330943461,0.07244064892428279,dimensionless frozen model readout,[-1],False,P,[-1],"[""ROBUST ONLY UNDER RESTRICTED CONDITIONAL FAMILY"", ""TRANSFER-SENSITIVE / NON-ROBUST"", ""NULL-COMPATIBLE""]"
app-1703-B-intact,B,B,paired,learned_state_comparison,0.03205303330943461,0.07244064892428279,dimensionless frozen model readout,[-1],False,R,[1],"[""ROBUST ONLY UNDER RESTRICTED CONDITIONAL FAMILY"", ""TRANSFER-SENSITIVE / NON-ROBUST"", ""NULL-COMPATIBLE""]"
app-1703-B-intact,B,B,paired,learned_state_comparison,0.03205303330943461,0.07244064892428279,dimensionless frozen model readout,[-1],False,WP,"[-1, 0]","[""ROBUST ONLY UNDER RESTRICTED CONDITIONAL FAMILY"", ""TRANSFER-SENSITIVE / NON-ROBUST"", ""NULL-COMPATIBLE""]"
app-1703-B-intact,B,B,paired,learned_state_comparison,0.03205303330943461,0.07244064892428279,dimensionless frozen model readout,[-1],False,WR,"[0, 1]","[""ROBUST ONLY UNDER RESTRICTED CONDITIONAL FAMILY"", ""TRANSFER-SENSITIVE / NON-ROBUST"", ""NULL-COMPATIBLE""]"
app-1703-B-intact,B,B,paired,learned_state_comparison,0.03205303330943461,0.07244064892428279,dimensionless frozen model readout,[-1],False,H,"[-1, 0, 1]","[""ROBUST ONLY UNDER RESTRICTED CONDITIONAL FAMILY"", ""TRANSFER-SENSITIVE / NON-ROBUST"", ""NULL-COMPATIBLE""]"
app-1703-B-intact,B,B,paired,learned_state_comparison,0.03205303330943461,0.07244064892428279,dimensionless frozen model readout,[-1],False,U,"[-1, 0, 1]","[""ROBUST ONLY UNDER RESTRICTED CONDITIONAL FAMILY"", ""TRANSFER-SENSITIVE / NON-ROBUST"", ""NULL-COMPATIBLE""]"
app-1703-B-intact,B,B,paired,learned_state_comparison,0.03205303330943461,0.07244064892428279,dimensionless frozen model readout,[-1],False,N,"[-1, 0, 1]","[""ROBUST ONLY UNDER RESTRICTED CONDITIONAL FAMILY"", ""TRANSFER-SENSITIVE / NON-ROBUST"", ""NULL-COMPATIBLE""]"
app-1701-A-freeze,A,A,paired,response_change,0.07078002072329878,0.07078002072329878,dimensionless frozen model readout,[0],False,E,"[-1, 0, 1]","[""ROBUST ONLY UNDER RESTRICTED CONDITIONAL FAMILY"", ""TRANSFER-SENSITIVE / NON-ROBUST"", ""NULL-COMPATIBLE""]"
app-1701-A-freeze,A,A,paired,response_change,0.07078002072329878,0.07078002072329878,dimensionless frozen model readout,[0],False,Z,[0],"[""ROBUST ONLY UNDER RESTRICTED CONDITIONAL FAMILY"", ""TRANSFER-SENSITIVE / NON-ROBUST"", ""NULL-COMPATIBLE""]"
app-1701-A-freeze,A,A,paired,response_change,0.07078002072329878,0.07078002072329878,dimensionless frozen model readout,[0],False,P,[0],"[""ROBUST ONLY UNDER RESTRICTED CONDITIONAL FAMILY"", ""TRANSFER-SENSITIVE / NON-ROBUST"", ""NULL-COMPATIBLE""]"
app-1701-A-freeze,A,A,paired,response_change,0.07078002072329878,0.07078002072329878,dimensionless frozen model readout,[0],False,R,[0],"[""ROBUST ONLY UNDER RESTRICTED CONDITIONAL FAMILY"", ""TRANSFER-SENSITIVE / NON-ROBUST"", ""NULL-COMPATIBLE""]"
app-1701-A-freeze,A,A,paired,response_change,0.07078002072329878,0.07078002072329878,dimensionless frozen model readout,[0],False,WP,[0],"[""ROBUST ONLY UNDER RESTRICTED CONDITIONAL FAMILY"", ""TRANSFER-SENSITIVE / NON-ROBUST"", ""NULL-COMPATIBLE""]"
app-1701-A-freeze,A,A,paired,response_change,0.07078002072329878,0.07078002072329878,dimensionless frozen model readout,[0],False,WR,[0],"[""ROBUST ONLY UNDER RESTRICTED CONDITIONAL FAMILY"", ""TRANSFER-SENSITIVE / NON-ROBUST"", ""NULL-COMPATIBLE""]"
app-1701-A-freeze,A,A,paired,response_change,0.07078002072329878,0.07078002072329878,dimensionless frozen model readout,[0],False,H,[0],"[""ROBUST ONLY UNDER RESTRICTED CONDITIONAL FAMILY"", ""TRANSFER-SENSITIVE / NON-ROBUST"", ""NULL-COMPATIBLE""]"
app-1701-A-freeze,A,A,paired,response_change,0.07078002072329878,0.07078002072329878,dimensionless frozen model readout,[0],False,U,[0],"[""ROBUST ONLY UNDER RESTRICTED CONDITIONAL FAMILY"", ""TRANSFER-SENSITIVE / NON-ROBUST"", ""NULL-COMPATIBLE""]"
app-1701-A-freeze,A,A,paired,response_change,0.07078002072329878,0.07078002072329878,dimensionless frozen model readout,[0],False,N,"[-1, 0, 1]","[""ROBUST ONLY UNDER RESTRICTED CONDITIONAL FAMILY"", ""TRANSFER-SENSITIVE / NON-ROBUST"", ""NULL-COMPATIBLE""]"
app-1701-A-freeze,A,A,paired,restoration_check,0.07078002072329878,0.07078002072329878,dimensionless frozen model readout,[0],False,E,"[-1, 0, 1]","[""ROBUST ONLY UNDER RESTRICTED CONDITIONAL FAMILY"", ""TRANSFER-SENSITIVE / NON-ROBUST"", ""NULL-COMPATIBLE""]"
app-1701-A-freeze,A,A,paired,restoration_check,0.07078002072329878,0.07078002072329878,dimensionless frozen model readout,[0],False,Z,[0],"[""ROBUST ONLY UNDER RESTRICTED CONDITIONAL FAMILY"", ""TRANSFER-SENSITIVE / NON-ROBUST"", ""NULL-COMPATIBLE""]"
app-1701-A-freeze,A,A,paired,restoration_check,0.07078002072329878,0.07078002072329878,dimensionless frozen model readout,[0],False,P,[0],"[""ROBUST ONLY UNDER RESTRICTED CONDITIONAL FAMILY"", ""TRANSFER-SENSITIVE / NON-ROBUST"", ""NULL-COMPATIBLE""]"
app-1701-A-freeze,A,A,paired,restoration_check,0.07078002072329878,0.07078002072329878,dimensionless frozen model readout,[0],False,R,[0],"[""ROBUST ONLY UNDER RESTRICTED CONDITIONAL FAMILY"", ""TRANSFER-SENSITIVE / NON-ROBUST"", ""NULL-COMPATIBLE""]"
app-1701-A-freeze,A,A,paired,restoration_check,0.07078002072329878,0.07078002072329878,dimensionless frozen model readout,[0],False,WP,[0],"[""ROBUST ONLY UNDER RESTRICTED CONDITIONAL FAMILY"", ""TRANSFER-SENSITIVE / NON-ROBUST"", ""NULL-COMPATIBLE""]"
app-1701-A-freeze,A,A,paired,restoration_check,0.07078002072329878,0.07078002072329878,dimensionless frozen model readout,[0],False,WR,[0],"[""ROBUST ONLY UNDER RESTRICTED CONDITIONAL FAMILY"", ""TRANSFER-SENSITIVE / NON-ROBUST"", ""NULL-COMPATIBLE""]"
app-1701-A-freeze,A,A,paired,restoration_check,0.07078002072329878,0.07078002072329878,dimensionless frozen model readout,[0],False,H,[0],"[""ROBUST ONLY UNDER RESTRICTED CONDITIONAL FAMILY"", ""TRANSFER-SENSITIVE / NON-ROBUST"", ""NULL-COMPATIBLE""]"
app-1701-A-freeze,A,A,paired,restoration_check,0.07078002072329878,0.07078002072329878,dimensionless frozen model readout,[0],False,U,[0],"[""ROBUST ONLY UNDER RESTRICTED CONDITIONAL FAMILY"", ""TRANSFER-SENSITIVE / NON-ROBUST"", ""NULL-COMPATIBLE""]"
app-1701-A-freeze,A,A,paired,restoration_check,0.07078002072329878,0.07078002072329878,dimensionless frozen model readout,[0],False,N,"[-1, 0, 1]","[""ROBUST ONLY UNDER RESTRICTED CONDITIONAL FAMILY"", ""TRANSFER-SENSITIVE / NON-ROBUST"", ""NULL-COMPATIBLE""]"
app-1701-A-freeze,A,A,paired,plastic_state_retention,0.07078002072329878,0.07078002072329878,dimensionless frozen model readout,[0],False,E,"[-1, 0, 1]","[""ROBUST ONLY UNDER RESTRICTED CONDITIONAL FAMILY"", ""TRANSFER-SENSITIVE / NON-ROBUST"", ""NULL-COMPATIBLE""]"
app-1701-A-freeze,A,A,paired,plastic_state_retention,0.07078002072329878,0.07078002072329878,dimensionless frozen model readout,[0],False,Z,[0],"[""ROBUST ONLY UNDER RESTRICTED CONDITIONAL FAMILY"", ""TRANSFER-SENSITIVE / NON-ROBUST"", ""NULL-COMPATIBLE""]"
app-1701-A-freeze,A,A,paired,plastic_state_retention,0.07078002072329878,0.07078002072329878,dimensionless frozen model readout,[0],False,P,[0],"[""ROBUST ONLY UNDER RESTRICTED CONDITIONAL FAMILY"", ""TRANSFER-SENSITIVE / NON-ROBUST"", ""NULL-COMPATIBLE""]"
app-1701-A-freeze,A,A,paired,plastic_state_retention,0.07078002072329878,0.07078002072329878,dimensionless frozen model readout,[0],False,R,[0],"[""ROBUST ONLY UNDER RESTRICTED CONDITIONAL FAMILY"", ""TRANSFER-SENSITIVE / NON-ROBUST"", ""NULL-COMPATIBLE""]"
app-1701-A-freeze,A,A,paired,plastic_state_retention,0.07078002072329878,0.07078002072329878,dimensionless frozen model readout,[0],False,WP,[0],"[""ROBUST ONLY UNDER RESTRICTED CONDITIONAL FAMILY"", ""TRANSFER-SENSITIVE / NON-ROBUST"", ""NULL-COMPATIBLE""]"
app-1701-A-freeze,A,A,paired,plastic_state_retention,0.07078002072329878,0.07078002072329878,dimensionless frozen model readout,[0],False,WR,[0],"[""ROBUST ONLY UNDER RESTRICTED CONDITIONAL FAMILY"", ""TRANSFER-SENSITIVE / NON-ROBUST"", ""NULL-COMPATIBLE""]"
app-1701-A-freeze,A,A,paired,plastic_state_retention,0.07078002072329878,0.07078002072329878,dimensionless frozen model readout,[0],False,H,[0],"[""ROBUST ONLY UNDER RESTRICTED CONDITIONAL FAMILY"", ""TRANSFER-SENSITIVE / NON-ROBUST"", ""NULL-COMPATIBLE""]"
app-1701-A-freeze,A,A,paired,plastic_state_retention,0.07078002072329878,0.07078002072329878,dimensionless frozen model readout,[0],False,U,[0],"[""ROBUST ONLY UNDER RESTRICTED CONDITIONAL FAMILY"", ""TRANSFER-SENSITIVE / NON-ROBUST"", ""NULL-COMPATIBLE""]"
app-1701-A-freeze,A,A,paired,plastic_state_retention,0.07078002072329878,0.07078002072329878,dimensionless frozen model readout,[0],False,N,"[-1, 0, 1]","[""ROBUST ONLY UNDER RESTRICTED CONDITIONAL FAMILY"", ""TRANSFER-SENSITIVE / NON-ROBUST"", ""NULL-COMPATIBLE""]"
app-1701-A-freeze,A,A,paired,learned_state_comparison,0.07078002072329878,0.07078002072329878,dimensionless frozen model readout,[0],False,E,"[-1, 0, 1]","[""ROBUST ONLY UNDER RESTRICTED CONDITIONAL FAMILY"", ""TRANSFER-SENSITIVE / NON-ROBUST"", ""NULL-COMPATIBLE""]"
app-1701-A-freeze,A,A,paired,learned_state_comparison,0.07078002072329878,0.07078002072329878,dimensionless frozen model readout,[0],False,Z,[0],"[""ROBUST ONLY UNDER RESTRICTED CONDITIONAL FAMILY"", ""TRANSFER-SENSITIVE / NON-ROBUST"", ""NULL-COMPATIBLE""]"
app-1701-A-freeze,A,A,paired,learned_state_comparison,0.07078002072329878,0.07078002072329878,dimensionless frozen model readout,[0],False,P,[0],"[""ROBUST ONLY UNDER RESTRICTED CONDITIONAL FAMILY"", ""TRANSFER-SENSITIVE / NON-ROBUST"", ""NULL-COMPATIBLE""]"
app-1701-A-freeze,A,A,paired,learned_state_comparison,0.07078002072329878,0.07078002072329878,dimensionless frozen model readout,[0],False,R,[0],"[""ROBUST ONLY UNDER RESTRICTED CONDITIONAL FAMILY"", ""TRANSFER-SENSITIVE / NON-ROBUST"", ""NULL-COMPATIBLE""]"
app-1701-A-freeze,A,A,paired,learned_state_comparison,0.07078002072329878,0.07078002072329878,dimensionless frozen model readout,[0],False,WP,[0],"[""ROBUST ONLY UNDER RESTRICTED CONDITIONAL FAMILY"", ""TRANSFER-SENSITIVE / NON-ROBUST"", ""NULL-COMPATIBLE""]"
app-1701-A-freeze,A,A,paired,learned_state_comparison,0.07078002072329878,0.07078002072329878,dimensionless frozen model readout,[0],False,WR,[0],"[""ROBUST ONLY UNDER RESTRICTED CONDITIONAL FAMILY"", ""TRANSFER-SENSITIVE / NON-ROBUST"", ""NULL-COMPATIBLE""]"
app-1701-A-freeze,A,A,paired,learned_state_comparison,0.07078002072329878,0.07078002072329878,dimensionless frozen model readout,[0],False,H,[0],"[""ROBUST ONLY UNDER RESTRICTED CONDITIONAL FAMILY"", ""TRANSFER-SENSITIVE / NON-ROBUST"", ""NULL-COMPATIBLE""]"
app-1701-A-freeze,A,A,paired,learned_state_comparison,0.07078002072329878,0.07078002072329878,dimensionless frozen model readout,[0],False,U,[0],"[""ROBUST ONLY UNDER RESTRICTED CONDITIONAL FAMILY"", ""TRANSFER-SENSITIVE / NON-ROBUST"", ""NULL-COMPATIBLE""]"
app-1701-A-freeze,A,A,paired,learned_state_comparison,0.07078002072329878,0.07078002072329878,dimensionless frozen model readout,[0],False,N,"[-1, 0, 1]","[""ROBUST ONLY UNDER RESTRICTED CONDITIONAL FAMILY"", ""TRANSFER-SENSITIVE / NON-ROBUST"", ""NULL-COMPATIBLE""]"
app-1701-A-freeze,B,A,unpaired,response_change,0.112911179723297,0.112911179723297,dimensionless frozen model readout,[0],False,E,"[-1, 0, 1]","[""ROBUST ONLY UNDER RESTRICTED CONDITIONAL FAMILY"", ""TRANSFER-SENSITIVE / NON-ROBUST"", ""NULL-COMPATIBLE""]"
app-1701-A-freeze,B,A,unpaired,response_change,0.112911179723297,0.112911179723297,dimensionless frozen model readout,[0],False,Z,[0],"[""ROBUST ONLY UNDER RESTRICTED CONDITIONAL FAMILY"", ""TRANSFER-SENSITIVE / NON-ROBUST"", ""NULL-COMPATIBLE""]"
app-1701-A-freeze,B,A,unpaired,response_change,0.112911179723297,0.112911179723297,dimensionless frozen model readout,[0],False,P,[0],"[""ROBUST ONLY UNDER RESTRICTED CONDITIONAL FAMILY"", ""TRANSFER-SENSITIVE / NON-ROBUST"", ""NULL-COMPATIBLE""]"
app-1701-A-freeze,B,A,unpaired,response_change,0.112911179723297,0.112911179723297,dimensionless frozen model readout,[0],False,R,[0],"[""ROBUST ONLY UNDER RESTRICTED CONDITIONAL FAMILY"", ""TRANSFER-SENSITIVE / NON-ROBUST"", ""NULL-COMPATIBLE""]"
app-1701-A-freeze,B,A,unpaired,response_change,0.112911179723297,0.112911179723297,dimensionless frozen model readout,[0],False,WP,[0],"[""ROBUST ONLY UNDER RESTRICTED CONDITIONAL FAMILY"", ""TRANSFER-SENSITIVE / NON-ROBUST"", ""NULL-COMPATIBLE""]"
app-1701-A-freeze,B,A,unpaired,response_change,0.112911179723297,0.112911179723297,dimensionless frozen model readout,[0],False,WR,[0],"[""ROBUST ONLY UNDER RESTRICTED CONDITIONAL FAMILY"", ""TRANSFER-SENSITIVE / NON-ROBUST"", ""NULL-COMPATIBLE""]"
app-1701-A-freeze,B,A,unpaired,response_change,0.112911179723297,0.112911179723297,dimensionless frozen model readout,[0],False,H,[0],"[""ROBUST ONLY UNDER RESTRICTED CONDITIONAL FAMILY"", ""TRANSFER-SENSITIVE / NON-ROBUST"", ""NULL-COMPATIBLE""]"
app-1701-A-freeze,B,A,unpaired,response_change,0.112911179723297,0.112911179723297,dimensionless frozen model readout,[0],False,U,[0],"[""ROBUST ONLY UNDER RESTRICTED CONDITIONAL FAMILY"", ""TRANSFER-SENSITIVE / NON-ROBUST"", ""NULL-COMPATIBLE""]"
app-1701-A-freeze,B,A,unpaired,response_change,0.112911179723297,0.112911179723297,dimensionless frozen model readout,[0],False,N,"[-1, 0, 1]","[""ROBUST ONLY UNDER RESTRICTED CONDITIONAL FAMILY"", ""TRANSFER-SENSITIVE / NON-ROBUST"", ""NULL-COMPATIBLE""]"
app-1701-A-freeze,B,A,unpaired,restoration_check,0.112911179723297,0.112911179723297,dimensionless frozen model readout,[0],False,E,"[-1, 0, 1]","[""ROBUST ONLY UNDER RESTRICTED CONDITIONAL FAMILY"", ""TRANSFER-SENSITIVE / NON-ROBUST"", ""NULL-COMPATIBLE""]"
app-1701-A-freeze,B,A,unpaired,restoration_check,0.112911179723297,0.112911179723297,dimensionless frozen model readout,[0],False,Z,[0],"[""ROBUST ONLY UNDER RESTRICTED CONDITIONAL FAMILY"", ""TRANSFER-SENSITIVE / NON-ROBUST"", ""NULL-COMPATIBLE""]"
app-1701-A-freeze,B,A,unpaired,restoration_check,0.112911179723297,0.112911179723297,dimensionless frozen model readout,[0],False,P,[0],"[""ROBUST ONLY UNDER RESTRICTED CONDITIONAL FAMILY"", ""TRANSFER-SENSITIVE / NON-ROBUST"", ""NULL-COMPATIBLE""]"
app-1701-A-freeze,B,A,unpaired,restoration_check,0.112911179723297,0.112911179723297,dimensionless frozen model readout,[0],False,R,[0],"[""ROBUST ONLY UNDER RESTRICTED CONDITIONAL FAMILY"", ""TRANSFER-SENSITIVE / NON-ROBUST"", ""NULL-COMPATIBLE""]"
app-1701-A-freeze,B,A,unpaired,restoration_check,0.112911179723297,0.112911179723297,dimensionless frozen model readout,[0],False,WP,[0],"[""ROBUST ONLY UNDER RESTRICTED CONDITIONAL FAMILY"", ""TRANSFER-SENSITIVE / NON-ROBUST"", ""NULL-COMPATIBLE""]"
app-1701-A-freeze,B,A,unpaired,restoration_check,0.112911179723297,0.112911179723297,dimensionless frozen model readout,[0],False,WR,[0],"[""ROBUST ONLY UNDER RESTRICTED CONDITIONAL FAMILY"", ""TRANSFER-SENSITIVE / NON-ROBUST"", ""NULL-COMPATIBLE""]"
app-1701-A-freeze,B,A,unpaired,restoration_check,0.112911179723297,0.112911179723297,dimensionless frozen model readout,[0],False,H,[0],"[""ROBUST ONLY UNDER RESTRICTED CONDITIONAL FAMILY"", ""TRANSFER-SENSITIVE / NON-ROBUST"", ""NULL-COMPATIBLE""]"
app-1701-A-freeze,B,A,unpaired,restoration_check,0.112911179723297,0.112911179723297,dimensionless frozen model readout,[0],False,U,[0],"[""ROBUST ONLY UNDER RESTRICTED CONDITIONAL FAMILY"", ""TRANSFER-SENSITIVE / NON-ROBUST"", ""NULL-COMPATIBLE""]"
app-1701-A-freeze,B,A,unpaired,restoration_check,0.112911179723297,0.112911179723297,dimensionless frozen model readout,[0],False,N,"[-1, 0, 1]","[""ROBUST ONLY UNDER RESTRICTED CONDITIONAL FAMILY"", ""TRANSFER-SENSITIVE / NON-ROBUST"", ""NULL-COMPATIBLE""]"
app-1701-A-freeze,B,A,unpaired,plastic_state_retention,0.112911179723297,0.112911179723297,dimensionless frozen model readout,[0],False,E,"[-1, 0, 1]","[""ROBUST ONLY UNDER RESTRICTED CONDITIONAL FAMILY"", ""TRANSFER-SENSITIVE / NON-ROBUST"", ""NULL-COMPATIBLE""]"
app-1701-A-freeze,B,A,unpaired,plastic_state_retention,0.112911179723297,0.112911179723297,dimensionless frozen model readout,[0],False,Z,[0],"[""ROBUST ONLY UNDER RESTRICTED CONDITIONAL FAMILY"", ""TRANSFER-SENSITIVE / NON-ROBUST"", ""NULL-COMPATIBLE""]"
app-1701-A-freeze,B,A,unpaired,plastic_state_retention,0.112911179723297,0.112911179723297,dimensionless frozen model readout,[0],False,P,[0],"[""ROBUST ONLY UNDER RESTRICTED CONDITIONAL FAMILY"", ""TRANSFER-SENSITIVE / NON-ROBUST"", ""NULL-COMPATIBLE""]"
app-1701-A-freeze,B,A,unpaired,plastic_state_retention,0.112911179723297,0.112911179723297,dimensionless frozen model readout,[0],False,R,[0],"[""ROBUST ONLY UNDER RESTRICTED CONDITIONAL FAMILY"", ""TRANSFER-SENSITIVE / NON-ROBUST"", ""NULL-COMPATIBLE""]"
app-1701-A-freeze,B,A,unpaired,plastic_state_retention,0.112911179723297,0.112911179723297,dimensionless frozen model readout,[0],False,WP,[0],"[""ROBUST ONLY UNDER RESTRICTED CONDITIONAL FAMILY"", ""TRANSFER-SENSITIVE / NON-ROBUST"", ""NULL-COMPATIBLE""]"
app-1701-A-freeze,B,A,unpaired,plastic_state_retention,0.112911179723297,0.112911179723297,dimensionless frozen model readout,[0],False,WR,[0],"[""ROBUST ONLY UNDER RESTRICTED CONDITIONAL FAMILY"", ""TRANSFER-SENSITIVE / NON-ROBUST"", ""NULL-COMPATIBLE""]"
app-1701-A-freeze,B,A,unpaired,plastic_state_retention,0.112911179723297,0.112911179723297,dimensionless frozen model readout,[0],False,H,[0],"[""ROBUST ONLY UNDER RESTRICTED CONDITIONAL FAMILY"", ""TRANSFER-SENSITIVE / NON-ROBUST"", ""NULL-COMPATIBLE""]"
app-1701-A-freeze,B,A,unpaired,plastic_state_retention,0.112911179723297,0.112911179723297,dimensionless frozen model readout,[0],False,U,[0],"[""ROBUST ONLY UNDER RESTRICTED CONDITIONAL FAMILY"", ""TRANSFER-SENSITIVE / NON-ROBUST"", ""NULL-COMPATIBLE""]"
app-1701-A-freeze,B,A,unpaired,plastic_state_retention,0.112911179723297,0.112911179723297,dimensionless frozen model readout,[0],False,N,"[-1, 0, 1]","[""ROBUST ONLY UNDER RESTRICTED CONDITIONAL FAMILY"", ""TRANSFER-SENSITIVE / NON-ROBUST"", ""NULL-COMPATIBLE""]"
app-1701-A-freeze,B,A,unpaired,learned_state_comparison,0.112911179723297,0.112911179723297,dimensionless frozen model readout,[0],False,E,"[-1, 0, 1]","[""ROBUST ONLY UNDER RESTRICTED CONDITIONAL FAMILY"", ""TRANSFER-SENSITIVE / NON-ROBUST"", ""NULL-COMPATIBLE""]"
app-1701-A-freeze,B,A,unpaired,learned_state_comparison,0.112911179723297,0.112911179723297,dimensionless frozen model readout,[0],False,Z,[0],"[""ROBUST ONLY UNDER RESTRICTED CONDITIONAL FAMILY"", ""TRANSFER-SENSITIVE / NON-ROBUST"", ""NULL-COMPATIBLE""]"
app-1701-A-freeze,B,A,unpaired,learned_state_comparison,0.112911179723297,0.112911179723297,dimensionless frozen model readout,[0],False,P,[0],"[""ROBUST ONLY UNDER RESTRICTED CONDITIONAL FAMILY"", ""TRANSFER-SENSITIVE / NON-ROBUST"", ""NULL-COMPATIBLE""]"
app-1701-A-freeze,B,A,unpaired,learned_state_comparison,0.112911179723297,0.112911179723297,dimensionless frozen model readout,[0],False,R,[0],"[""ROBUST ONLY UNDER RESTRICTED CONDITIONAL FAMILY"", ""TRANSFER-SENSITIVE / NON-ROBUST"", ""NULL-COMPATIBLE""]"
app-1701-A-freeze,B,A,unpaired,learned_state_comparison,0.112911179723297,0.112911179723297,dimensionless frozen model readout,[0],False,WP,[0],"[""ROBUST ONLY UNDER RESTRICTED CONDITIONAL FAMILY"", ""TRANSFER-SENSITIVE / NON-ROBUST"", ""NULL-COMPATIBLE""]"
app-1701-A-freeze,B,A,unpaired,learned_state_comparison,0.112911179723297,0.112911179723297,dimensionless frozen model readout,[0],False,WR,[0],"[""ROBUST ONLY UNDER RESTRICTED CONDITIONAL FAMILY"", ""TRANSFER-SENSITIVE / NON-ROBUST"", ""NULL-COMPATIBLE""]"
app-1701-A-freeze,B,A,unpaired,learned_state_comparison,0.112911179723297,0.112911179723297,dimensionless frozen model readout,[0],False,H,[0],"[""ROBUST ONLY UNDER RESTRICTED CONDITIONAL FAMILY"", ""TRANSFER-SENSITIVE / NON-ROBUST"", ""NULL-COMPATIBLE""]"
app-1701-A-freeze,B,A,unpaired,learned_state_comparison,0.112911179723297,0.112911179723297,dimensionless frozen model readout,[0],False,U,[0],"[""ROBUST ONLY UNDER RESTRICTED CONDITIONAL FAMILY"", ""TRANSFER-SENSITIVE / NON-ROBUST"", ""NULL-COMPATIBLE""]"
app-1701-A-freeze,B,A,unpaired,learned_state_comparison,0.112911179723297,0.112911179723297,dimensionless frozen model readout,[0],False,N,"[-1, 0, 1]","[""ROBUST ONLY UNDER RESTRICTED CONDITIONAL FAMILY"", ""TRANSFER-SENSITIVE / NON-ROBUST"", ""NULL-COMPATIBLE""]"
app-1701-B-freeze,A,B,unpaired,response_change,0.07078002072329878,0.07078002072329878,dimensionless frozen model readout,[0],False,E,"[-1, 0, 1]","[""ROBUST ONLY UNDER RESTRICTED CONDITIONAL FAMILY"", ""TRANSFER-SENSITIVE / NON-ROBUST"", ""NULL-COMPATIBLE""]"
app-1701-B-freeze,A,B,unpaired,response_change,0.07078002072329878,0.07078002072329878,dimensionless frozen model readout,[0],False,Z,[0],"[""ROBUST ONLY UNDER RESTRICTED CONDITIONAL FAMILY"", ""TRANSFER-SENSITIVE / NON-ROBUST"", ""NULL-COMPATIBLE""]"
app-1701-B-freeze,A,B,unpaired,response_change,0.07078002072329878,0.07078002072329878,dimensionless frozen model readout,[0],False,P,[0],"[""ROBUST ONLY UNDER RESTRICTED CONDITIONAL FAMILY"", ""TRANSFER-SENSITIVE / NON-ROBUST"", ""NULL-COMPATIBLE""]"
app-1701-B-freeze,A,B,unpaired,response_change,0.07078002072329878,0.07078002072329878,dimensionless frozen model readout,[0],False,R,[0],"[""ROBUST ONLY UNDER RESTRICTED CONDITIONAL FAMILY"", ""TRANSFER-SENSITIVE / NON-ROBUST"", ""NULL-COMPATIBLE""]"
app-1701-B-freeze,A,B,unpaired,response_change,0.07078002072329878,0.07078002072329878,dimensionless frozen model readout,[0],False,WP,[0],"[""ROBUST ONLY UNDER RESTRICTED CONDITIONAL FAMILY"", ""TRANSFER-SENSITIVE / NON-ROBUST"", ""NULL-COMPATIBLE""]"
app-1701-B-freeze,A,B,unpaired,response_change,0.07078002072329878,0.07078002072329878,dimensionless frozen model readout,[0],False,WR,[0],"[""ROBUST ONLY UNDER RESTRICTED CONDITIONAL FAMILY"", ""TRANSFER-SENSITIVE / NON-ROBUST"", ""NULL-COMPATIBLE""]"
app-1701-B-freeze,A,B,unpaired,response_change,0.07078002072329878,0.07078002072329878,dimensionless frozen model readout,[0],False,H,[0],"[""ROBUST ONLY UNDER RESTRICTED CONDITIONAL FAMILY"", ""TRANSFER-SENSITIVE / NON-ROBUST"", ""NULL-COMPATIBLE""]"
app-1701-B-freeze,A,B,unpaired,response_change,0.07078002072329878,0.07078002072329878,dimensionless frozen model readout,[0],False,U,[0],"[""ROBUST ONLY UNDER RESTRICTED CONDITIONAL FAMILY"", ""TRANSFER-SENSITIVE / NON-ROBUST"", ""NULL-COMPATIBLE""]"
app-1701-B-freeze,A,B,unpaired,response_change,0.07078002072329878,0.07078002072329878,dimensionless frozen model readout,[0],False,N,"[-1, 0, 1]","[""ROBUST ONLY UNDER RESTRICTED CONDITIONAL FAMILY"", ""TRANSFER-SENSITIVE / NON-ROBUST"", ""NULL-COMPATIBLE""]"
app-1701-B-freeze,A,B,unpaired,restoration_check,0.07078002072329878,0.07078002072329878,dimensionless frozen model readout,[0],False,E,"[-1, 0, 1]","[""ROBUST ONLY UNDER RESTRICTED CONDITIONAL FAMILY"", ""TRANSFER-SENSITIVE / NON-ROBUST"", ""NULL-COMPATIBLE""]"
app-1701-B-freeze,A,B,unpaired,restoration_check,0.07078002072329878,0.07078002072329878,dimensionless frozen model readout,[0],False,Z,[0],"[""ROBUST ONLY UNDER RESTRICTED CONDITIONAL FAMILY"", ""TRANSFER-SENSITIVE / NON-ROBUST"", ""NULL-COMPATIBLE""]"
app-1701-B-freeze,A,B,unpaired,restoration_check,0.07078002072329878,0.07078002072329878,dimensionless frozen model readout,[0],False,P,[0],"[""ROBUST ONLY UNDER RESTRICTED CONDITIONAL FAMILY"", ""TRANSFER-SENSITIVE / NON-ROBUST"", ""NULL-COMPATIBLE""]"
app-1701-B-freeze,A,B,unpaired,restoration_check,0.07078002072329878,0.07078002072329878,dimensionless frozen model readout,[0],False,R,[0],"[""ROBUST ONLY UNDER RESTRICTED CONDITIONAL FAMILY"", ""TRANSFER-SENSITIVE / NON-ROBUST"", ""NULL-COMPATIBLE""]"
app-1701-B-freeze,A,B,unpaired,restoration_check,0.07078002072329878,0.07078002072329878,dimensionless frozen model readout,[0],False,WP,[0],"[""ROBUST ONLY UNDER RESTRICTED CONDITIONAL FAMILY"", ""TRANSFER-SENSITIVE / NON-ROBUST"", ""NULL-COMPATIBLE""]"
app-1701-B-freeze,A,B,unpaired,restoration_check,0.07078002072329878,0.07078002072329878,dimensionless frozen model readout,[0],False,WR,[0],"[""ROBUST ONLY UNDER RESTRICTED CONDITIONAL FAMILY"", ""TRANSFER-SENSITIVE / NON-ROBUST"", ""NULL-COMPATIBLE""]"
app-1701-B-freeze,A,B,unpaired,restoration_check,0.07078002072329878,0.07078002072329878,dimensionless frozen model readout,[0],False,H,[0],"[""ROBUST ONLY UNDER RESTRICTED CONDITIONAL FAMILY"", ""TRANSFER-SENSITIVE / NON-ROBUST"", ""NULL-COMPATIBLE""]"
app-1701-B-freeze,A,B,unpaired,restoration_check,0.07078002072329878,0.07078002072329878,dimensionless frozen model readout,[0],False,U,[0],"[""ROBUST ONLY UNDER RESTRICTED CONDITIONAL FAMILY"", ""TRANSFER-SENSITIVE / NON-ROBUST"", ""NULL-COMPATIBLE""]"
app-1701-B-freeze,A,B,unpaired,restoration_check,0.07078002072329878,0.07078002072329878,dimensionless frozen model readout,[0],False,N,"[-1, 0, 1]","[""ROBUST ONLY UNDER RESTRICTED CONDITIONAL FAMILY"", ""TRANSFER-SENSITIVE / NON-ROBUST"", ""NULL-COMPATIBLE""]"
app-1701-B-freeze,A,B,unpaired,plastic_state_retention,0.07078002072329878,0.07078002072329878,dimensionless frozen model readout,[0],False,E,"[-1, 0, 1]","[""ROBUST ONLY UNDER RESTRICTED CONDITIONAL FAMILY"", ""TRANSFER-SENSITIVE / NON-ROBUST"", ""NULL-COMPATIBLE""]"
app-1701-B-freeze,A,B,unpaired,plastic_state_retention,0.07078002072329878,0.07078002072329878,dimensionless frozen model readout,[0],False,Z,[0],"[""ROBUST ONLY UNDER RESTRICTED CONDITIONAL FAMILY"", ""TRANSFER-SENSITIVE / NON-ROBUST"", ""NULL-COMPATIBLE""]"
app-1701-B-freeze,A,B,unpaired,plastic_state_retention,0.07078002072329878,0.07078002072329878,dimensionless frozen model readout,[0],False,P,[0],"[""ROBUST ONLY UNDER RESTRICTED CONDITIONAL FAMILY"", ""TRANSFER-SENSITIVE / NON-ROBUST"", ""NULL-COMPATIBLE""]"
app-1701-B-freeze,A,B,unpaired,plastic_state_retention,0.07078002072329878,0.07078002072329878,dimensionless frozen model readout,[0],False,R,[0],"[""ROBUST ONLY UNDER RESTRICTED CONDITIONAL FAMILY"", ""TRANSFER-SENSITIVE / NON-ROBUST"", ""NULL-COMPATIBLE""]"
app-1701-B-freeze,A,B,unpaired,plastic_state_retention,0.07078002072329878,0.07078002072329878,dimensionless frozen model readout,[0],False,WP,[0],"[""ROBUST ONLY UNDER RESTRICTED CONDITIONAL FAMILY"", ""TRANSFER-SENSITIVE / NON-ROBUST"", ""NULL-COMPATIBLE""]"
app-1701-B-freeze,A,B,unpaired,plastic_state_retention,0.07078002072329878,0.07078002072329878,dimensionless frozen model readout,[0],False,WR,[0],"[""ROBUST ONLY UNDER RESTRICTED CONDITIONAL FAMILY"", ""TRANSFER-SENSITIVE / NON-ROBUST"", ""NULL-COMPATIBLE""]"
app-1701-B-freeze,A,B,unpaired,plastic_state_retention,0.07078002072329878,0.07078002072329878,dimensionless frozen model readout,[0],False,H,[0],"[""ROBUST ONLY UNDER RESTRICTED CONDITIONAL FAMILY"", ""TRANSFER-SENSITIVE / NON-ROBUST"", ""NULL-COMPATIBLE""]"
app-1701-B-freeze,A,B,unpaired,plastic_state_retention,0.07078002072329878,0.07078002072329878,dimensionless frozen model readout,[0],False,U,[0],"[""ROBUST ONLY UNDER RESTRICTED CONDITIONAL FAMILY"", ""TRANSFER-SENSITIVE / NON-ROBUST"", ""NULL-COMPATIBLE""]"
app-1701-B-freeze,A,B,unpaired,plastic_state_retention,0.07078002072329878,0.07078002072329878,dimensionless frozen model readout,[0],False,N,"[-1, 0, 1]","[""ROBUST ONLY UNDER RESTRICTED CONDITIONAL FAMILY"", ""TRANSFER-SENSITIVE / NON-ROBUST"", ""NULL-COMPATIBLE""]"
app-1701-B-freeze,A,B,unpaired,learned_state_comparison,0.07078002072329878,0.07078002072329878,dimensionless frozen model readout,[0],False,E,"[-1, 0, 1]","[""ROBUST ONLY UNDER RESTRICTED CONDITIONAL FAMILY"", ""TRANSFER-SENSITIVE / NON-ROBUST"", ""NULL-COMPATIBLE""]"
app-1701-B-freeze,A,B,unpaired,learned_state_comparison,0.07078002072329878,0.07078002072329878,dimensionless frozen model readout,[0],False,Z,[0],"[""ROBUST ONLY UNDER RESTRICTED CONDITIONAL FAMILY"", ""TRANSFER-SENSITIVE / NON-ROBUST"", ""NULL-COMPATIBLE""]"
app-1701-B-freeze,A,B,unpaired,learned_state_comparison,0.07078002072329878,0.07078002072329878,dimensionless frozen model readout,[0],False,P,[0],"[""ROBUST ONLY UNDER RESTRICTED CONDITIONAL FAMILY"", ""TRANSFER-SENSITIVE / NON-ROBUST"", ""NULL-COMPATIBLE""]"
app-1701-B-freeze,A,B,unpaired,learned_state_comparison,0.07078002072329878,0.07078002072329878,dimensionless frozen model readout,[0],False,R,[0],"[""ROBUST ONLY UNDER RESTRICTED CONDITIONAL FAMILY"", ""TRANSFER-SENSITIVE / NON-ROBUST"", ""NULL-COMPATIBLE""]"
app-1701-B-freeze,A,B,unpaired,learned_state_comparison,0.07078002072329878,0.07078002072329878,dimensionless frozen model readout,[0],False,WP,[0],"[""ROBUST ONLY UNDER RESTRICTED CONDITIONAL FAMILY"", ""TRANSFER-SENSITIVE / NON-ROBUST"", ""NULL-COMPATIBLE""]"
app-1701-B-freeze,A,B,unpaired,learned_state_comparison,0.07078002072329878,0.07078002072329878,dimensionless frozen model readout,[0],False,WR,[0],"[""ROBUST ONLY UNDER RESTRICTED CONDITIONAL FAMILY"", ""TRANSFER-SENSITIVE / NON-ROBUST"", ""NULL-COMPATIBLE""]"
app-1701-B-freeze,A,B,unpaired,learned_state_comparison,0.07078002072329878,0.07078002072329878,dimensionless frozen model readout,[0],False,H,[0],"[""ROBUST ONLY UNDER RESTRICTED CONDITIONAL FAMILY"", ""TRANSFER-SENSITIVE / NON-ROBUST"", ""NULL-COMPATIBLE""]"
app-1701-B-freeze,A,B,unpaired,learned_state_comparison,0.07078002072329878,0.07078002072329878,dimensionless frozen model readout,[0],False,U,[0],"[""ROBUST ONLY UNDER RESTRICTED CONDITIONAL FAMILY"", ""TRANSFER-SENSITIVE / NON-ROBUST"", ""NULL-COMPATIBLE""]"
app-1701-B-freeze,A,B,unpaired,learned_state_comparison,0.07078002072329878,0.07078002072329878,dimensionless frozen model readout,[0],False,N,"[-1, 0, 1]","[""ROBUST ONLY UNDER RESTRICTED CONDITIONAL FAMILY"", ""TRANSFER-SENSITIVE / NON-ROBUST"", ""NULL-COMPATIBLE""]"
app-1701-B-freeze,B,B,paired,response_change,0.112911179723297,0.112911179723297,dimensionless frozen model readout,[0],False,E,"[-1, 0, 1]","[""ROBUST ONLY UNDER RESTRICTED CONDITIONAL FAMILY"", ""TRANSFER-SENSITIVE / NON-ROBUST"", ""NULL-COMPATIBLE""]"
app-1701-B-freeze,B,B,paired,response_change,0.112911179723297,0.112911179723297,dimensionless frozen model readout,[0],False,Z,[0],"[""ROBUST ONLY UNDER RESTRICTED CONDITIONAL FAMILY"", ""TRANSFER-SENSITIVE / NON-ROBUST"", ""NULL-COMPATIBLE""]"
app-1701-B-freeze,B,B,paired,response_change,0.112911179723297,0.112911179723297,dimensionless frozen model readout,[0],False,P,[0],"[""ROBUST ONLY UNDER RESTRICTED CONDITIONAL FAMILY"", ""TRANSFER-SENSITIVE / NON-ROBUST"", ""NULL-COMPATIBLE""]"
app-1701-B-freeze,B,B,paired,response_change,0.112911179723297,0.112911179723297,dimensionless frozen model readout,[0],False,R,[0],"[""ROBUST ONLY UNDER RESTRICTED CONDITIONAL FAMILY"", ""TRANSFER-SENSITIVE / NON-ROBUST"", ""NULL-COMPATIBLE""]"
app-1701-B-freeze,B,B,paired,response_change,0.112911179723297,0.112911179723297,dimensionless frozen model readout,[0],False,WP,[0],"[""ROBUST ONLY UNDER RESTRICTED CONDITIONAL FAMILY"", ""TRANSFER-SENSITIVE / NON-ROBUST"", ""NULL-COMPATIBLE""]"
app-1701-B-freeze,B,B,paired,response_change,0.112911179723297,0.112911179723297,dimensionless frozen model readout,[0],False,WR,[0],"[""ROBUST ONLY UNDER RESTRICTED CONDITIONAL FAMILY"", ""TRANSFER-SENSITIVE / NON-ROBUST"", ""NULL-COMPATIBLE""]"
app-1701-B-freeze,B,B,paired,response_change,0.112911179723297,0.112911179723297,dimensionless frozen model readout,[0],False,H,[0],"[""ROBUST ONLY UNDER RESTRICTED CONDITIONAL FAMILY"", ""TRANSFER-SENSITIVE / NON-ROBUST"", ""NULL-COMPATIBLE""]"
app-1701-B-freeze,B,B,paired,response_change,0.112911179723297,0.112911179723297,dimensionless frozen model readout,[0],False,U,[0],"[""ROBUST ONLY UNDER RESTRICTED CONDITIONAL FAMILY"", ""TRANSFER-SENSITIVE / NON-ROBUST"", ""NULL-COMPATIBLE""]"
app-1701-B-freeze,B,B,paired,response_change,0.112911179723297,0.112911179723297,dimensionless frozen model readout,[0],False,N,"[-1, 0, 1]","[""ROBUST ONLY UNDER RESTRICTED CONDITIONAL FAMILY"", ""TRANSFER-SENSITIVE / NON-ROBUST"", ""NULL-COMPATIBLE""]"
app-1701-B-freeze,B,B,paired,restoration_check,0.112911179723297,0.112911179723297,dimensionless frozen model readout,[0],False,E,"[-1, 0, 1]","[""ROBUST ONLY UNDER RESTRICTED CONDITIONAL FAMILY"", ""TRANSFER-SENSITIVE / NON-ROBUST"", ""NULL-COMPATIBLE""]"
app-1701-B-freeze,B,B,paired,restoration_check,0.112911179723297,0.112911179723297,dimensionless frozen model readout,[0],False,Z,[0],"[""ROBUST ONLY UNDER RESTRICTED CONDITIONAL FAMILY"", ""TRANSFER-SENSITIVE / NON-ROBUST"", ""NULL-COMPATIBLE""]"
app-1701-B-freeze,B,B,paired,restoration_check,0.112911179723297,0.112911179723297,dimensionless frozen model readout,[0],False,P,[0],"[""ROBUST ONLY UNDER RESTRICTED CONDITIONAL FAMILY"", ""TRANSFER-SENSITIVE / NON-ROBUST"", ""NULL-COMPATIBLE""]"
app-1701-B-freeze,B,B,paired,restoration_check,0.112911179723297,0.112911179723297,dimensionless frozen model readout,[0],False,R,[0],"[""ROBUST ONLY UNDER RESTRICTED CONDITIONAL FAMILY"", ""TRANSFER-SENSITIVE / NON-ROBUST"", ""NULL-COMPATIBLE""]"
app-1701-B-freeze,B,B,paired,restoration_check,0.112911179723297,0.112911179723297,dimensionless frozen model readout,[0],False,WP,[0],"[""ROBUST ONLY UNDER RESTRICTED CONDITIONAL FAMILY"", ""TRANSFER-SENSITIVE / NON-ROBUST"", ""NULL-COMPATIBLE""]"
app-1701-B-freeze,B,B,paired,restoration_check,0.112911179723297,0.112911179723297,dimensionless frozen model readout,[0],False,WR,[0],"[""ROBUST ONLY UNDER RESTRICTED CONDITIONAL FAMILY"", ""TRANSFER-SENSITIVE / NON-ROBUST"", ""NULL-COMPATIBLE""]"
app-1701-B-freeze,B,B,paired,restoration_check,0.112911179723297,0.112911179723297,dimensionless frozen model readout,[0],False,H,[0],"[""ROBUST ONLY UNDER RESTRICTED CONDITIONAL FAMILY"", ""TRANSFER-SENSITIVE / NON-ROBUST"", ""NULL-COMPATIBLE""]"
app-1701-B-freeze,B,B,paired,restoration_check,0.112911179723297,0.112911179723297,dimensionless frozen model readout,[0],False,U,[0],"[""ROBUST ONLY UNDER RESTRICTED CONDITIONAL FAMILY"", ""TRANSFER-SENSITIVE / NON-ROBUST"", ""NULL-COMPATIBLE""]"
app-1701-B-freeze,B,B,paired,restoration_check,0.112911179723297,0.112911179723297,dimensionless frozen model readout,[0],False,N,"[-1, 0, 1]","[""ROBUST ONLY UNDER RESTRICTED CONDITIONAL FAMILY"", ""TRANSFER-SENSITIVE / NON-ROBUST"", ""NULL-COMPATIBLE""]"
app-1701-B-freeze,B,B,paired,plastic_state_retention,0.112911179723297,0.112911179723297,dimensionless frozen model readout,[0],False,E,"[-1, 0, 1]","[""ROBUST ONLY UNDER RESTRICTED CONDITIONAL FAMILY"", ""TRANSFER-SENSITIVE / NON-ROBUST"", ""NULL-COMPATIBLE""]"
app-1701-B-freeze,B,B,paired,plastic_state_retention,0.112911179723297,0.112911179723297,dimensionless frozen model readout,[0],False,Z,[0],"[""ROBUST ONLY UNDER RESTRICTED CONDITIONAL FAMILY"", ""TRANSFER-SENSITIVE / NON-ROBUST"", ""NULL-COMPATIBLE""]"
app-1701-B-freeze,B,B,paired,plastic_state_retention,0.112911179723297,0.112911179723297,dimensionless frozen model readout,[0],False,P,[0],"[""ROBUST ONLY UNDER RESTRICTED CONDITIONAL FAMILY"", ""TRANSFER-SENSITIVE / NON-ROBUST"", ""NULL-COMPATIBLE""]"
app-1701-B-freeze,B,B,paired,plastic_state_retention,0.112911179723297,0.112911179723297,dimensionless frozen model readout,[0],False,R,[0],"[""ROBUST ONLY UNDER RESTRICTED CONDITIONAL FAMILY"", ""TRANSFER-SENSITIVE / NON-ROBUST"", ""NULL-COMPATIBLE""]"
app-1701-B-freeze,B,B,paired,plastic_state_retention,0.112911179723297,0.112911179723297,dimensionless frozen model readout,[0],False,WP,[0],"[""ROBUST ONLY UNDER RESTRICTED CONDITIONAL FAMILY"", ""TRANSFER-SENSITIVE / NON-ROBUST"", ""NULL-COMPATIBLE""]"
app-1701-B-freeze,B,B,paired,plastic_state_retention,0.112911179723297,0.112911179723297,dimensionless frozen model readout,[0],False,WR,[0],"[""ROBUST ONLY UNDER RESTRICTED CONDITIONAL FAMILY"", ""TRANSFER-SENSITIVE / NON-ROBUST"", ""NULL-COMPATIBLE""]"
app-1701-B-freeze,B,B,paired,plastic_state_retention,0.112911179723297,0.112911179723297,dimensionless frozen model readout,[0],False,H,[0],"[""ROBUST ONLY UNDER RESTRICTED CONDITIONAL FAMILY"", ""TRANSFER-SENSITIVE / NON-ROBUST"", ""NULL-COMPATIBLE""]"
app-1701-B-freeze,B,B,paired,plastic_state_retention,0.112911179723297,0.112911179723297,dimensionless frozen model readout,[0],False,U,[0],"[""ROBUST ONLY UNDER RESTRICTED CONDITIONAL FAMILY"", ""TRANSFER-SENSITIVE / NON-ROBUST"", ""NULL-COMPATIBLE""]"
app-1701-B-freeze,B,B,paired,plastic_state_retention,0.112911179723297,0.112911179723297,dimensionless frozen model readout,[0],False,N,"[-1, 0, 1]","[""ROBUST ONLY UNDER RESTRICTED CONDITIONAL FAMILY"", ""TRANSFER-SENSITIVE / NON-ROBUST"", ""NULL-COMPATIBLE""]"
app-1701-B-freeze,B,B,paired,learned_state_comparison,0.112911179723297,0.112911179723297,dimensionless frozen model readout,[0],False,E,"[-1, 0, 1]","[""ROBUST ONLY UNDER RESTRICTED CONDITIONAL FAMILY"", ""TRANSFER-SENSITIVE / NON-ROBUST"", ""NULL-COMPATIBLE""]"
app-1701-B-freeze,B,B,paired,learned_state_comparison,0.112911179723297,0.112911179723297,dimensionless frozen model readout,[0],False,Z,[0],"[""ROBUST ONLY UNDER RESTRICTED CONDITIONAL FAMILY"", ""TRANSFER-SENSITIVE / NON-ROBUST"", ""NULL-COMPATIBLE""]"
app-1701-B-freeze,B,B,paired,learned_state_comparison,0.112911179723297,0.112911179723297,dimensionless frozen model readout,[0],False,P,[0],"[""ROBUST ONLY UNDER RESTRICTED CONDITIONAL FAMILY"", ""TRANSFER-SENSITIVE / NON-ROBUST"", ""NULL-COMPATIBLE""]"
app-1701-B-freeze,B,B,paired,learned_state_comparison,0.112911179723297,0.112911179723297,dimensionless frozen model readout,[0],False,R,[0],"[""ROBUST ONLY UNDER RESTRICTED CONDITIONAL FAMILY"", ""TRANSFER-SENSITIVE / NON-ROBUST"", ""NULL-COMPATIBLE""]"
app-1701-B-freeze,B,B,paired,learned_state_comparison,0.112911179723297,0.112911179723297,dimensionless frozen model readout,[0],False,WP,[0],"[""ROBUST ONLY UNDER RESTRICTED CONDITIONAL FAMILY"", ""TRANSFER-SENSITIVE / NON-ROBUST"", ""NULL-COMPATIBLE""]"
app-1701-B-freeze,B,B,paired,learned_state_comparison,0.112911179723297,0.112911179723297,dimensionless frozen model readout,[0],False,WR,[0],"[""ROBUST ONLY UNDER RESTRICTED CONDITIONAL FAMILY"", ""TRANSFER-SENSITIVE / NON-ROBUST"", ""NULL-COMPATIBLE""]"
app-1701-B-freeze,B,B,paired,learned_state_comparison,0.112911179723297,0.112911179723297,dimensionless frozen model readout,[0],False,H,[0],"[""ROBUST ONLY UNDER RESTRICTED CONDITIONAL FAMILY"", ""TRANSFER-SENSITIVE / NON-ROBUST"", ""NULL-COMPATIBLE""]"
app-1701-B-freeze,B,B,paired,learned_state_comparison,0.112911179723297,0.112911179723297,dimensionless frozen model readout,[0],False,U,[0],"[""ROBUST ONLY UNDER RESTRICTED CONDITIONAL FAMILY"", ""TRANSFER-SENSITIVE / NON-ROBUST"", ""NULL-COMPATIBLE""]"
app-1701-B-freeze,B,B,paired,learned_state_comparison,0.112911179723297,0.112911179723297,dimensionless frozen model readout,[0],False,N,"[-1, 0, 1]","[""ROBUST ONLY UNDER RESTRICTED CONDITIONAL FAMILY"", ""TRANSFER-SENSITIVE / NON-ROBUST"", ""NULL-COMPATIBLE""]"
app-1701-A-silence_dan,A,A,paired,response_change,0.07078002072329878,0.07078002072329878,dimensionless frozen model readout,[0],False,E,"[-1, 0, 1]","[""ROBUST ONLY UNDER RESTRICTED CONDITIONAL FAMILY"", ""TRANSFER-SENSITIVE / NON-ROBUST"", ""NULL-COMPATIBLE""]"
app-1701-A-silence_dan,A,A,paired,response_change,0.07078002072329878,0.07078002072329878,dimensionless frozen model readout,[0],False,Z,[0],"[""ROBUST ONLY UNDER RESTRICTED CONDITIONAL FAMILY"", ""TRANSFER-SENSITIVE / NON-ROBUST"", ""NULL-COMPATIBLE""]"
app-1701-A-silence_dan,A,A,paired,response_change,0.07078002072329878,0.07078002072329878,dimensionless frozen model readout,[0],False,P,[0],"[""ROBUST ONLY UNDER RESTRICTED CONDITIONAL FAMILY"", ""TRANSFER-SENSITIVE / NON-ROBUST"", ""NULL-COMPATIBLE""]"
app-1701-A-silence_dan,A,A,paired,response_change,0.07078002072329878,0.07078002072329878,dimensionless frozen model readout,[0],False,R,[0],"[""ROBUST ONLY UNDER RESTRICTED CONDITIONAL FAMILY"", ""TRANSFER-SENSITIVE / NON-ROBUST"", ""NULL-COMPATIBLE""]"
app-1701-A-silence_dan,A,A,paired,response_change,0.07078002072329878,0.07078002072329878,dimensionless frozen model readout,[0],False,WP,[0],"[""ROBUST ONLY UNDER RESTRICTED CONDITIONAL FAMILY"", ""TRANSFER-SENSITIVE / NON-ROBUST"", ""NULL-COMPATIBLE""]"
app-1701-A-silence_dan,A,A,paired,response_change,0.07078002072329878,0.07078002072329878,dimensionless frozen model readout,[0],False,WR,[0],"[""ROBUST ONLY UNDER RESTRICTED CONDITIONAL FAMILY"", ""TRANSFER-SENSITIVE / NON-ROBUST"", ""NULL-COMPATIBLE""]"
app-1701-A-silence_dan,A,A,paired,response_change,0.07078002072329878,0.07078002072329878,dimensionless frozen model readout,[0],False,H,[0],"[""ROBUST ONLY UNDER RESTRICTED CONDITIONAL FAMILY"", ""TRANSFER-SENSITIVE / NON-ROBUST"", ""NULL-COMPATIBLE""]"
app-1701-A-silence_dan,A,A,paired,response_change,0.07078002072329878,0.07078002072329878,dimensionless frozen model readout,[0],False,U,[0],"[""ROBUST ONLY UNDER RESTRICTED CONDITIONAL FAMILY"", ""TRANSFER-SENSITIVE / NON-ROBUST"", ""NULL-COMPATIBLE""]"
app-1701-A-silence_dan,A,A,paired,response_change,0.07078002072329878,0.07078002072329878,dimensionless frozen model readout,[0],False,N,"[-1, 0, 1]","[""ROBUST ONLY UNDER RESTRICTED CONDITIONAL FAMILY"", ""TRANSFER-SENSITIVE / NON-ROBUST"", ""NULL-COMPATIBLE""]"
app-1701-A-silence_dan,A,A,paired,restoration_check,0.07078002072329878,0.07078002072329878,dimensionless frozen model readout,[0],False,E,"[-1, 0, 1]","[""ROBUST ONLY UNDER RESTRICTED CONDITIONAL FAMILY"", ""TRANSFER-SENSITIVE / NON-ROBUST"", ""NULL-COMPATIBLE""]"
app-1701-A-silence_dan,A,A,paired,restoration_check,0.07078002072329878,0.07078002072329878,dimensionless frozen model readout,[0],False,Z,[0],"[""ROBUST ONLY UNDER RESTRICTED CONDITIONAL FAMILY"", ""TRANSFER-SENSITIVE / NON-ROBUST"", ""NULL-COMPATIBLE""]"
app-1701-A-silence_dan,A,A,paired,restoration_check,0.07078002072329878,0.07078002072329878,dimensionless frozen model readout,[0],False,P,[0],"[""ROBUST ONLY UNDER RESTRICTED CONDITIONAL FAMILY"", ""TRANSFER-SENSITIVE / NON-ROBUST"", ""NULL-COMPATIBLE""]"
app-1701-A-silence_dan,A,A,paired,restoration_check,0.07078002072329878,0.07078002072329878,dimensionless frozen model readout,[0],False,R,[0],"[""ROBUST ONLY UNDER RESTRICTED CONDITIONAL FAMILY"", ""TRANSFER-SENSITIVE / NON-ROBUST"", ""NULL-COMPATIBLE""]"
app-1701-A-silence_dan,A,A,paired,restoration_check,0.07078002072329878,0.07078002072329878,dimensionless frozen model readout,[0],False,WP,[0],"[""ROBUST ONLY UNDER RESTRICTED CONDITIONAL FAMILY"", ""TRANSFER-SENSITIVE / NON-ROBUST"", ""NULL-COMPATIBLE""]"
app-1701-A-silence_dan,A,A,paired,restoration_check,0.07078002072329878,0.07078002072329878,dimensionless frozen model readout,[0],False,WR,[0],"[""ROBUST ONLY UNDER RESTRICTED CONDITIONAL FAMILY"", ""TRANSFER-SENSITIVE / NON-ROBUST"", ""NULL-COMPATIBLE""]"
app-1701-A-silence_dan,A,A,paired,restoration_check,0.07078002072329878,0.07078002072329878,dimensionless frozen model readout,[0],False,H,[0],"[""ROBUST ONLY UNDER RESTRICTED CONDITIONAL FAMILY"", ""TRANSFER-SENSITIVE / NON-ROBUST"", ""NULL-COMPATIBLE""]"
app-1701-A-silence_dan,A,A,paired,restoration_check,0.07078002072329878,0.07078002072329878,dimensionless frozen model readout,[0],False,U,[0],"[""ROBUST ONLY UNDER RESTRICTED CONDITIONAL FAMILY"", ""TRANSFER-SENSITIVE / NON-ROBUST"", ""NULL-COMPATIBLE""]"
app-1701-A-silence_dan,A,A,paired,restoration_check,0.07078002072329878,0.07078002072329878,dimensionless frozen model readout,[0],False,N,"[-1, 0, 1]","[""ROBUST ONLY UNDER RESTRICTED CONDITIONAL FAMILY"", ""TRANSFER-SENSITIVE / NON-ROBUST"", ""NULL-COMPATIBLE""]"
app-1701-A-silence_dan,A,A,paired,plastic_state_retention,0.07078002072329878,0.07078002072329878,dimensionless frozen model readout,[0],False,E,"[-1, 0, 1]","[""ROBUST ONLY UNDER RESTRICTED CONDITIONAL FAMILY"", ""TRANSFER-SENSITIVE / NON-ROBUST"", ""NULL-COMPATIBLE""]"
app-1701-A-silence_dan,A,A,paired,plastic_state_retention,0.07078002072329878,0.07078002072329878,dimensionless frozen model readout,[0],False,Z,[0],"[""ROBUST ONLY UNDER RESTRICTED CONDITIONAL FAMILY"", ""TRANSFER-SENSITIVE / NON-ROBUST"", ""NULL-COMPATIBLE""]"
app-1701-A-silence_dan,A,A,paired,plastic_state_retention,0.07078002072329878,0.07078002072329878,dimensionless frozen model readout,[0],False,P,[0],"[""ROBUST ONLY UNDER RESTRICTED CONDITIONAL FAMILY"", ""TRANSFER-SENSITIVE / NON-ROBUST"", ""NULL-COMPATIBLE""]"
app-1701-A-silence_dan,A,A,paired,plastic_state_retention,0.07078002072329878,0.07078002072329878,dimensionless frozen model readout,[0],False,R,[0],"[""ROBUST ONLY UNDER RESTRICTED CONDITIONAL FAMILY"", ""TRANSFER-SENSITIVE / NON-ROBUST"", ""NULL-COMPATIBLE""]"
app-1701-A-silence_dan,A,A,paired,plastic_state_retention,0.07078002072329878,0.07078002072329878,dimensionless frozen model readout,[0],False,WP,[0],"[""ROBUST ONLY UNDER RESTRICTED CONDITIONAL FAMILY"", ""TRANSFER-SENSITIVE / NON-ROBUST"", ""NULL-COMPATIBLE""]"
app-1701-A-silence_dan,A,A,paired,plastic_state_retention,0.07078002072329878,0.07078002072329878,dimensionless frozen model readout,[0],False,WR,[0],"[""ROBUST ONLY UNDER RESTRICTED CONDITIONAL FAMILY"", ""TRANSFER-SENSITIVE / NON-ROBUST"", ""NULL-COMPATIBLE""]"
app-1701-A-silence_dan,A,A,paired,plastic_state_retention,0.07078002072329878,0.07078002072329878,dimensionless frozen model readout,[0],False,H,[0],"[""ROBUST ONLY UNDER RESTRICTED CONDITIONAL FAMILY"", ""TRANSFER-SENSITIVE / NON-ROBUST"", ""NULL-COMPATIBLE""]"
app-1701-A-silence_dan,A,A,paired,plastic_state_retention,0.07078002072329878,0.07078002072329878,dimensionless frozen model readout,[0],False,U,[0],"[""ROBUST ONLY UNDER RESTRICTED CONDITIONAL FAMILY"", ""TRANSFER-SENSITIVE / NON-ROBUST"", ""NULL-COMPATIBLE""]"
app-1701-A-silence_dan,A,A,paired,plastic_state_retention,0.07078002072329878,0.07078002072329878,dimensionless frozen model readout,[0],False,N,"[-1, 0, 1]","[""ROBUST ONLY UNDER RESTRICTED CONDITIONAL FAMILY"", ""TRANSFER-SENSITIVE / NON-ROBUST"", ""NULL-COMPATIBLE""]"
app-1701-A-silence_dan,A,A,paired,learned_state_comparison,0.07078002072329878,0.07078002072329878,dimensionless frozen model readout,[0],False,E,"[-1, 0, 1]","[""ROBUST ONLY UNDER RESTRICTED CONDITIONAL FAMILY"", ""TRANSFER-SENSITIVE / NON-ROBUST"", ""NULL-COMPATIBLE""]"
app-1701-A-silence_dan,A,A,paired,learned_state_comparison,0.07078002072329878,0.07078002072329878,dimensionless frozen model readout,[0],False,Z,[0],"[""ROBUST ONLY UNDER RESTRICTED CONDITIONAL FAMILY"", ""TRANSFER-SENSITIVE / NON-ROBUST"", ""NULL-COMPATIBLE""]"
app-1701-A-silence_dan,A,A,paired,learned_state_comparison,0.07078002072329878,0.07078002072329878,dimensionless frozen model readout,[0],False,P,[0],"[""ROBUST ONLY UNDER RESTRICTED CONDITIONAL FAMILY"", ""TRANSFER-SENSITIVE / NON-ROBUST"", ""NULL-COMPATIBLE""]"
app-1701-A-silence_dan,A,A,paired,learned_state_comparison,0.07078002072329878,0.07078002072329878,dimensionless frozen model readout,[0],False,R,[0],"[""ROBUST ONLY UNDER RESTRICTED CONDITIONAL FAMILY"", ""TRANSFER-SENSITIVE / NON-ROBUST"", ""NULL-COMPATIBLE""]"
app-1701-A-silence_dan,A,A,paired,learned_state_comparison,0.07078002072329878,0.07078002072329878,dimensionless frozen model readout,[0],False,WP,[0],"[""ROBUST ONLY UNDER RESTRICTED CONDITIONAL FAMILY"", ""TRANSFER-SENSITIVE / NON-ROBUST"", ""NULL-COMPATIBLE""]"
app-1701-A-silence_dan,A,A,paired,learned_state_comparison,0.07078002072329878,0.07078002072329878,dimensionless frozen model readout,[0],False,WR,[0],"[""ROBUST ONLY UNDER RESTRICTED CONDITIONAL FAMILY"", ""TRANSFER-SENSITIVE / NON-ROBUST"", ""NULL-COMPATIBLE""]"
app-1701-A-silence_dan,A,A,paired,learned_state_comparison,0.07078002072329878,0.07078002072329878,dimensionless frozen model readout,[0],False,H,[0],"[""ROBUST ONLY UNDER RESTRICTED CONDITIONAL FAMILY"", ""TRANSFER-SENSITIVE / NON-ROBUST"", ""NULL-COMPATIBLE""]"
app-1701-A-silence_dan,A,A,paired,learned_state_comparison,0.07078002072329878,0.07078002072329878,dimensionless frozen model readout,[0],False,U,[0],"[""ROBUST ONLY UNDER RESTRICTED CONDITIONAL FAMILY"", ""TRANSFER-SENSITIVE / NON-ROBUST"", ""NULL-COMPATIBLE""]"
app-1701-A-silence_dan,A,A,paired,learned_state_comparison,0.07078002072329878,0.07078002072329878,dimensionless frozen model readout,[0],False,N,"[-1, 0, 1]","[""ROBUST ONLY UNDER RESTRICTED CONDITIONAL FAMILY"", ""TRANSFER-SENSITIVE / NON-ROBUST"", ""NULL-COMPATIBLE""]"
app-1701-A-silence_dan,B,A,unpaired,response_change,0.112911179723297,0.112911179723297,dimensionless frozen model readout,[0],False,E,"[-1, 0, 1]","[""ROBUST ONLY UNDER RESTRICTED CONDITIONAL FAMILY"", ""TRANSFER-SENSITIVE / NON-ROBUST"", ""NULL-COMPATIBLE""]"
app-1701-A-silence_dan,B,A,unpaired,response_change,0.112911179723297,0.112911179723297,dimensionless frozen model readout,[0],False,Z,[0],"[""ROBUST ONLY UNDER RESTRICTED CONDITIONAL FAMILY"", ""TRANSFER-SENSITIVE / NON-ROBUST"", ""NULL-COMPATIBLE""]"
app-1701-A-silence_dan,B,A,unpaired,response_change,0.112911179723297,0.112911179723297,dimensionless frozen model readout,[0],False,P,[0],"[""ROBUST ONLY UNDER RESTRICTED CONDITIONAL FAMILY"", ""TRANSFER-SENSITIVE / NON-ROBUST"", ""NULL-COMPATIBLE""]"
app-1701-A-silence_dan,B,A,unpaired,response_change,0.112911179723297,0.112911179723297,dimensionless frozen model readout,[0],False,R,[0],"[""ROBUST ONLY UNDER RESTRICTED CONDITIONAL FAMILY"", ""TRANSFER-SENSITIVE / NON-ROBUST"", ""NULL-COMPATIBLE""]"
app-1701-A-silence_dan,B,A,unpaired,response_change,0.112911179723297,0.112911179723297,dimensionless frozen model readout,[0],False,WP,[0],"[""ROBUST ONLY UNDER RESTRICTED CONDITIONAL FAMILY"", ""TRANSFER-SENSITIVE / NON-ROBUST"", ""NULL-COMPATIBLE""]"
app-1701-A-silence_dan,B,A,unpaired,response_change,0.112911179723297,0.112911179723297,dimensionless frozen model readout,[0],False,WR,[0],"[""ROBUST ONLY UNDER RESTRICTED CONDITIONAL FAMILY"", ""TRANSFER-SENSITIVE / NON-ROBUST"", ""NULL-COMPATIBLE""]"
app-1701-A-silence_dan,B,A,unpaired,response_change,0.112911179723297,0.112911179723297,dimensionless frozen model readout,[0],False,H,[0],"[""ROBUST ONLY UNDER RESTRICTED CONDITIONAL FAMILY"", ""TRANSFER-SENSITIVE / NON-ROBUST"", ""NULL-COMPATIBLE""]"
app-1701-A-silence_dan,B,A,unpaired,response_change,0.112911179723297,0.112911179723297,dimensionless frozen model readout,[0],False,U,[0],"[""ROBUST ONLY UNDER RESTRICTED CONDITIONAL FAMILY"", ""TRANSFER-SENSITIVE / NON-ROBUST"", ""NULL-COMPATIBLE""]"
app-1701-A-silence_dan,B,A,unpaired,response_change,0.112911179723297,0.112911179723297,dimensionless frozen model readout,[0],False,N,"[-1, 0, 1]","[""ROBUST ONLY UNDER RESTRICTED CONDITIONAL FAMILY"", ""TRANSFER-SENSITIVE / NON-ROBUST"", ""NULL-COMPATIBLE""]"
app-1701-A-silence_dan,B,A,unpaired,restoration_check,0.112911179723297,0.112911179723297,dimensionless frozen model readout,[0],False,E,"[-1, 0, 1]","[""ROBUST ONLY UNDER RESTRICTED CONDITIONAL FAMILY"", ""TRANSFER-SENSITIVE / NON-ROBUST"", ""NULL-COMPATIBLE""]"
app-1701-A-silence_dan,B,A,unpaired,restoration_check,0.112911179723297,0.112911179723297,dimensionless frozen model readout,[0],False,Z,[0],"[""ROBUST ONLY UNDER RESTRICTED CONDITIONAL FAMILY"", ""TRANSFER-SENSITIVE / NON-ROBUST"", ""NULL-COMPATIBLE""]"
app-1701-A-silence_dan,B,A,unpaired,restoration_check,0.112911179723297,0.112911179723297,dimensionless frozen model readout,[0],False,P,[0],"[""ROBUST ONLY UNDER RESTRICTED CONDITIONAL FAMILY"", ""TRANSFER-SENSITIVE / NON-ROBUST"", ""NULL-COMPATIBLE""]"
app-1701-A-silence_dan,B,A,unpaired,restoration_check,0.112911179723297,0.112911179723297,dimensionless frozen model readout,[0],False,R,[0],"[""ROBUST ONLY UNDER RESTRICTED CONDITIONAL FAMILY"", ""TRANSFER-SENSITIVE / NON-ROBUST"", ""NULL-COMPATIBLE""]"
app-1701-A-silence_dan,B,A,unpaired,restoration_check,0.112911179723297,0.112911179723297,dimensionless frozen model readout,[0],False,WP,[0],"[""ROBUST ONLY UNDER RESTRICTED CONDITIONAL FAMILY"", ""TRANSFER-SENSITIVE / NON-ROBUST"", ""NULL-COMPATIBLE""]"
app-1701-A-silence_dan,B,A,unpaired,restoration_check,0.112911179723297,0.112911179723297,dimensionless frozen model readout,[0],False,WR,[0],"[""ROBUST ONLY UNDER RESTRICTED CONDITIONAL FAMILY"", ""TRANSFER-SENSITIVE / NON-ROBUST"", ""NULL-COMPATIBLE""]"
app-1701-A-silence_dan,B,A,unpaired,restoration_check,0.112911179723297,0.112911179723297,dimensionless frozen model readout,[0],False,H,[0],"[""ROBUST ONLY UNDER RESTRICTED CONDITIONAL FAMILY"", ""TRANSFER-SENSITIVE / NON-ROBUST"", ""NULL-COMPATIBLE""]"
app-1701-A-silence_dan,B,A,unpaired,restoration_check,0.112911179723297,0.112911179723297,dimensionless frozen model readout,[0],False,U,[0],"[""ROBUST ONLY UNDER RESTRICTED CONDITIONAL FAMILY"", ""TRANSFER-SENSITIVE / NON-ROBUST"", ""NULL-COMPATIBLE""]"
app-1701-A-silence_dan,B,A,unpaired,restoration_check,0.112911179723297,0.112911179723297,dimensionless frozen model readout,[0],False,N,"[-1, 0, 1]","[""ROBUST ONLY UNDER RESTRICTED CONDITIONAL FAMILY"", ""TRANSFER-SENSITIVE / NON-ROBUST"", ""NULL-COMPATIBLE""]"
app-1701-A-silence_dan,B,A,unpaired,plastic_state_retention,0.112911179723297,0.112911179723297,dimensionless frozen model readout,[0],False,E,"[-1, 0, 1]","[""ROBUST ONLY UNDER RESTRICTED CONDITIONAL FAMILY"", ""TRANSFER-SENSITIVE / NON-ROBUST"", ""NULL-COMPATIBLE""]"
app-1701-A-silence_dan,B,A,unpaired,plastic_state_retention,0.112911179723297,0.112911179723297,dimensionless frozen model readout,[0],False,Z,[0],"[""ROBUST ONLY UNDER RESTRICTED CONDITIONAL FAMILY"", ""TRANSFER-SENSITIVE / NON-ROBUST"", ""NULL-COMPATIBLE""]"
app-1701-A-silence_dan,B,A,unpaired,plastic_state_retention,0.112911179723297,0.112911179723297,dimensionless frozen model readout,[0],False,P,[0],"[""ROBUST ONLY UNDER RESTRICTED CONDITIONAL FAMILY"", ""TRANSFER-SENSITIVE / NON-ROBUST"", ""NULL-COMPATIBLE""]"
app-1701-A-silence_dan,B,A,unpaired,plastic_state_retention,0.112911179723297,0.112911179723297,dimensionless frozen model readout,[0],False,R,[0],"[""ROBUST ONLY UNDER RESTRICTED CONDITIONAL FAMILY"", ""TRANSFER-SENSITIVE / NON-ROBUST"", ""NULL-COMPATIBLE""]"
app-1701-A-silence_dan,B,A,unpaired,plastic_state_retention,0.112911179723297,0.112911179723297,dimensionless frozen model readout,[0],False,WP,[0],"[""ROBUST ONLY UNDER RESTRICTED CONDITIONAL FAMILY"", ""TRANSFER-SENSITIVE / NON-ROBUST"", ""NULL-COMPATIBLE""]"
app-1701-A-silence_dan,B,A,unpaired,plastic_state_retention,0.112911179723297,0.112911179723297,dimensionless frozen model readout,[0],False,WR,[0],"[""ROBUST ONLY UNDER RESTRICTED CONDITIONAL FAMILY"", ""TRANSFER-SENSITIVE / NON-ROBUST"", ""NULL-COMPATIBLE""]"
app-1701-A-silence_dan,B,A,unpaired,plastic_state_retention,0.112911179723297,0.112911179723297,dimensionless frozen model readout,[0],False,H,[0],"[""ROBUST ONLY UNDER RESTRICTED CONDITIONAL FAMILY"", ""TRANSFER-SENSITIVE / NON-ROBUST"", ""NULL-COMPATIBLE""]"
app-1701-A-silence_dan,B,A,unpaired,plastic_state_retention,0.112911179723297,0.112911179723297,dimensionless frozen model readout,[0],False,U,[0],"[""ROBUST ONLY UNDER RESTRICTED CONDITIONAL FAMILY"", ""TRANSFER-SENSITIVE / NON-ROBUST"", ""NULL-COMPATIBLE""]"
app-1701-A-silence_dan,B,A,unpaired,plastic_state_retention,0.112911179723297,0.112911179723297,dimensionless frozen model readout,[0],False,N,"[-1, 0, 1]","[""ROBUST ONLY UNDER RESTRICTED CONDITIONAL FAMILY"", ""TRANSFER-SENSITIVE / NON-ROBUST"", ""NULL-COMPATIBLE""]"
app-1701-A-silence_dan,B,A,unpaired,learned_state_comparison,0.112911179723297,0.112911179723297,dimensionless frozen model readout,[0],False,E,"[-1, 0, 1]","[""ROBUST ONLY UNDER RESTRICTED CONDITIONAL FAMILY"", ""TRANSFER-SENSITIVE / NON-ROBUST"", ""NULL-COMPATIBLE""]"
app-1701-A-silence_dan,B,A,unpaired,learned_state_comparison,0.112911179723297,0.112911179723297,dimensionless frozen model readout,[0],False,Z,[0],"[""ROBUST ONLY UNDER RESTRICTED CONDITIONAL FAMILY"", ""TRANSFER-SENSITIVE / NON-ROBUST"", ""NULL-COMPATIBLE""]"
app-1701-A-silence_dan,B,A,unpaired,learned_state_comparison,0.112911179723297,0.112911179723297,dimensionless frozen model readout,[0],False,P,[0],"[""ROBUST ONLY UNDER RESTRICTED CONDITIONAL FAMILY"", ""TRANSFER-SENSITIVE / NON-ROBUST"", ""NULL-COMPATIBLE""]"
app-1701-A-silence_dan,B,A,unpaired,learned_state_comparison,0.112911179723297,0.112911179723297,dimensionless frozen model readout,[0],False,R,[0],"[""ROBUST ONLY UNDER RESTRICTED CONDITIONAL FAMILY"", ""TRANSFER-SENSITIVE / NON-ROBUST"", ""NULL-COMPATIBLE""]"
app-1701-A-silence_dan,B,A,unpaired,learned_state_comparison,0.112911179723297,0.112911179723297,dimensionless frozen model readout,[0],False,WP,[0],"[""ROBUST ONLY UNDER RESTRICTED CONDITIONAL FAMILY"", ""TRANSFER-SENSITIVE / NON-ROBUST"", ""NULL-COMPATIBLE""]"
app-1701-A-silence_dan,B,A,unpaired,learned_state_comparison,0.112911179723297,0.112911179723297,dimensionless frozen model readout,[0],False,WR,[0],"[""ROBUST ONLY UNDER RESTRICTED CONDITIONAL FAMILY"", ""TRANSFER-SENSITIVE / NON-ROBUST"", ""NULL-COMPATIBLE""]"
app-1701-A-silence_dan,B,A,unpaired,learned_state_comparison,0.112911179723297,0.112911179723297,dimensionless frozen model readout,[0],False,H,[0],"[""ROBUST ONLY UNDER RESTRICTED CONDITIONAL FAMILY"", ""TRANSFER-SENSITIVE / NON-ROBUST"", ""NULL-COMPATIBLE""]"
app-1701-A-silence_dan,B,A,unpaired,learned_state_comparison,0.112911179723297,0.112911179723297,dimensionless frozen model readout,[0],False,U,[0],"[""ROBUST ONLY UNDER RESTRICTED CONDITIONAL FAMILY"", ""TRANSFER-SENSITIVE / NON-ROBUST"", ""NULL-COMPATIBLE""]"
app-1701-A-silence_dan,B,A,unpaired,learned_state_comparison,0.112911179723297,0.112911179723297,dimensionless frozen model readout,[0],False,N,"[-1, 0, 1]","[""ROBUST ONLY UNDER RESTRICTED CONDITIONAL FAMILY"", ""TRANSFER-SENSITIVE / NON-ROBUST"", ""NULL-COMPATIBLE""]"
app-1701-B-silence_dan,A,B,unpaired,response_change,0.07078002072329878,0.07078002072329878,dimensionless frozen model readout,[0],False,E,"[-1, 0, 1]","[""ROBUST ONLY UNDER RESTRICTED CONDITIONAL FAMILY"", ""TRANSFER-SENSITIVE / NON-ROBUST"", ""NULL-COMPATIBLE""]"
app-1701-B-silence_dan,A,B,unpaired,response_change,0.07078002072329878,0.07078002072329878,dimensionless frozen model readout,[0],False,Z,[0],"[""ROBUST ONLY UNDER RESTRICTED CONDITIONAL FAMILY"", ""TRANSFER-SENSITIVE / NON-ROBUST"", ""NULL-COMPATIBLE""]"
app-1701-B-silence_dan,A,B,unpaired,response_change,0.07078002072329878,0.07078002072329878,dimensionless frozen model readout,[0],False,P,[0],"[""ROBUST ONLY UNDER RESTRICTED CONDITIONAL FAMILY"", ""TRANSFER-SENSITIVE / NON-ROBUST"", ""NULL-COMPATIBLE""]"
app-1701-B-silence_dan,A,B,unpaired,response_change,0.07078002072329878,0.07078002072329878,dimensionless frozen model readout,[0],False,R,[0],"[""ROBUST ONLY UNDER RESTRICTED CONDITIONAL FAMILY"", ""TRANSFER-SENSITIVE / NON-ROBUST"", ""NULL-COMPATIBLE""]"
app-1701-B-silence_dan,A,B,unpaired,response_change,0.07078002072329878,0.07078002072329878,dimensionless frozen model readout,[0],False,WP,[0],"[""ROBUST ONLY UNDER RESTRICTED CONDITIONAL FAMILY"", ""TRANSFER-SENSITIVE / NON-ROBUST"", ""NULL-COMPATIBLE""]"
app-1701-B-silence_dan,A,B,unpaired,response_change,0.07078002072329878,0.07078002072329878,dimensionless frozen model readout,[0],False,WR,[0],"[""ROBUST ONLY UNDER RESTRICTED CONDITIONAL FAMILY"", ""TRANSFER-SENSITIVE / NON-ROBUST"", ""NULL-COMPATIBLE""]"
app-1701-B-silence_dan,A,B,unpaired,response_change,0.07078002072329878,0.07078002072329878,dimensionless frozen model readout,[0],False,H,[0],"[""ROBUST ONLY UNDER RESTRICTED CONDITIONAL FAMILY"", ""TRANSFER-SENSITIVE / NON-ROBUST"", ""NULL-COMPATIBLE""]"
app-1701-B-silence_dan,A,B,unpaired,response_change,0.07078002072329878,0.07078002072329878,dimensionless frozen model readout,[0],False,U,[0],"[""ROBUST ONLY UNDER RESTRICTED CONDITIONAL FAMILY"", ""TRANSFER-SENSITIVE / NON-ROBUST"", ""NULL-COMPATIBLE""]"
app-1701-B-silence_dan,A,B,unpaired,response_change,0.07078002072329878,0.07078002072329878,dimensionless frozen model readout,[0],False,N,"[-1, 0, 1]","[""ROBUST ONLY UNDER RESTRICTED CONDITIONAL FAMILY"", ""TRANSFER-SENSITIVE / NON-ROBUST"", ""NULL-COMPATIBLE""]"
app-1701-B-silence_dan,A,B,unpaired,restoration_check,0.07078002072329878,0.07078002072329878,dimensionless frozen model readout,[0],False,E,"[-1, 0, 1]","[""ROBUST ONLY UNDER RESTRICTED CONDITIONAL FAMILY"", ""TRANSFER-SENSITIVE / NON-ROBUST"", ""NULL-COMPATIBLE""]"
app-1701-B-silence_dan,A,B,unpaired,restoration_check,0.07078002072329878,0.07078002072329878,dimensionless frozen model readout,[0],False,Z,[0],"[""ROBUST ONLY UNDER RESTRICTED CONDITIONAL FAMILY"", ""TRANSFER-SENSITIVE / NON-ROBUST"", ""NULL-COMPATIBLE""]"
app-1701-B-silence_dan,A,B,unpaired,restoration_check,0.07078002072329878,0.07078002072329878,dimensionless frozen model readout,[0],False,P,[0],"[""ROBUST ONLY UNDER RESTRICTED CONDITIONAL FAMILY"", ""TRANSFER-SENSITIVE / NON-ROBUST"", ""NULL-COMPATIBLE""]"
app-1701-B-silence_dan,A,B,unpaired,restoration_check,0.07078002072329878,0.07078002072329878,dimensionless frozen model readout,[0],False,R,[0],"[""ROBUST ONLY UNDER RESTRICTED CONDITIONAL FAMILY"", ""TRANSFER-SENSITIVE / NON-ROBUST"", ""NULL-COMPATIBLE""]"
app-1701-B-silence_dan,A,B,unpaired,restoration_check,0.07078002072329878,0.07078002072329878,dimensionless frozen model readout,[0],False,WP,[0],"[""ROBUST ONLY UNDER RESTRICTED CONDITIONAL FAMILY"", ""TRANSFER-SENSITIVE / NON-ROBUST"", ""NULL-COMPATIBLE""]"
app-1701-B-silence_dan,A,B,unpaired,restoration_check,0.07078002072329878,0.07078002072329878,dimensionless frozen model readout,[0],False,WR,[0],"[""ROBUST ONLY UNDER RESTRICTED CONDITIONAL FAMILY"", ""TRANSFER-SENSITIVE / NON-ROBUST"", ""NULL-COMPATIBLE""]"
app-1701-B-silence_dan,A,B,unpaired,restoration_check,0.07078002072329878,0.07078002072329878,dimensionless frozen model readout,[0],False,H,[0],"[""ROBUST ONLY UNDER RESTRICTED CONDITIONAL FAMILY"", ""TRANSFER-SENSITIVE / NON-ROBUST"", ""NULL-COMPATIBLE""]"
app-1701-B-silence_dan,A,B,unpaired,restoration_check,0.07078002072329878,0.07078002072329878,dimensionless frozen model readout,[0],False,U,[0],"[""ROBUST ONLY UNDER RESTRICTED CONDITIONAL FAMILY"", ""TRANSFER-SENSITIVE / NON-ROBUST"", ""NULL-COMPATIBLE""]"
app-1701-B-silence_dan,A,B,unpaired,restoration_check,0.07078002072329878,0.07078002072329878,dimensionless frozen model readout,[0],False,N,"[-1, 0, 1]","[""ROBUST ONLY UNDER RESTRICTED CONDITIONAL FAMILY"", ""TRANSFER-SENSITIVE / NON-ROBUST"", ""NULL-COMPATIBLE""]"
app-1701-B-silence_dan,A,B,unpaired,plastic_state_retention,0.07078002072329878,0.07078002072329878,dimensionless frozen model readout,[0],False,E,"[-1, 0, 1]","[""ROBUST ONLY UNDER RESTRICTED CONDITIONAL FAMILY"", ""TRANSFER-SENSITIVE / NON-ROBUST"", ""NULL-COMPATIBLE""]"
app-1701-B-silence_dan,A,B,unpaired,plastic_state_retention,0.07078002072329878,0.07078002072329878,dimensionless frozen model readout,[0],False,Z,[0],"[""ROBUST ONLY UNDER RESTRICTED CONDITIONAL FAMILY"", ""TRANSFER-SENSITIVE / NON-ROBUST"", ""NULL-COMPATIBLE""]"
app-1701-B-silence_dan,A,B,unpaired,plastic_state_retention,0.07078002072329878,0.07078002072329878,dimensionless frozen model readout,[0],False,P,[0],"[""ROBUST ONLY UNDER RESTRICTED CONDITIONAL FAMILY"", ""TRANSFER-SENSITIVE / NON-ROBUST"", ""NULL-COMPATIBLE""]"
app-1701-B-silence_dan,A,B,unpaired,plastic_state_retention,0.07078002072329878,0.07078002072329878,dimensionless frozen model readout,[0],False,R,[0],"[""ROBUST ONLY UNDER RESTRICTED CONDITIONAL FAMILY"", ""TRANSFER-SENSITIVE / NON-ROBUST"", ""NULL-COMPATIBLE""]"
app-1701-B-silence_dan,A,B,unpaired,plastic_state_retention,0.07078002072329878,0.07078002072329878,dimensionless frozen model readout,[0],False,WP,[0],"[""ROBUST ONLY UNDER RESTRICTED CONDITIONAL FAMILY"", ""TRANSFER-SENSITIVE / NON-ROBUST"", ""NULL-COMPATIBLE""]"
app-1701-B-silence_dan,A,B,unpaired,plastic_state_retention,0.07078002072329878,0.07078002072329878,dimensionless frozen model readout,[0],False,WR,[0],"[""ROBUST ONLY UNDER RESTRICTED CONDITIONAL FAMILY"", ""TRANSFER-SENSITIVE / NON-ROBUST"", ""NULL-COMPATIBLE""]"
app-1701-B-silence_dan,A,B,unpaired,plastic_state_retention,0.07078002072329878,0.07078002072329878,dimensionless frozen model readout,[0],False,H,[0],"[""ROBUST ONLY UNDER RESTRICTED CONDITIONAL FAMILY"", ""TRANSFER-SENSITIVE / NON-ROBUST"", ""NULL-COMPATIBLE""]"
app-1701-B-silence_dan,A,B,unpaired,plastic_state_retention,0.07078002072329878,0.07078002072329878,dimensionless frozen model readout,[0],False,U,[0],"[""ROBUST ONLY UNDER RESTRICTED CONDITIONAL FAMILY"", ""TRANSFER-SENSITIVE / NON-ROBUST"", ""NULL-COMPATIBLE""]"
app-1701-B-silence_dan,A,B,unpaired,plastic_state_retention,0.07078002072329878,0.07078002072329878,dimensionless frozen model readout,[0],False,N,"[-1, 0, 1]","[""ROBUST ONLY UNDER RESTRICTED CONDITIONAL FAMILY"", ""TRANSFER-SENSITIVE / NON-ROBUST"", ""NULL-COMPATIBLE""]"
app-1701-B-silence_dan,A,B,unpaired,learned_state_comparison,0.07078002072329878,0.07078002072329878,dimensionless frozen model readout,[0],False,E,"[-1, 0, 1]","[""ROBUST ONLY UNDER RESTRICTED CONDITIONAL FAMILY"", ""TRANSFER-SENSITIVE / NON-ROBUST"", ""NULL-COMPATIBLE""]"
app-1701-B-silence_dan,A,B,unpaired,learned_state_comparison,0.07078002072329878,0.07078002072329878,dimensionless frozen model readout,[0],False,Z,[0],"[""ROBUST ONLY UNDER RESTRICTED CONDITIONAL FAMILY"", ""TRANSFER-SENSITIVE / NON-ROBUST"", ""NULL-COMPATIBLE""]"
app-1701-B-silence_dan,A,B,unpaired,learned_state_comparison,0.07078002072329878,0.07078002072329878,dimensionless frozen model readout,[0],False,P,[0],"[""ROBUST ONLY UNDER RESTRICTED CONDITIONAL FAMILY"", ""TRANSFER-SENSITIVE / NON-ROBUST"", ""NULL-COMPATIBLE""]"
app-1701-B-silence_dan,A,B,unpaired,learned_state_comparison,0.07078002072329878,0.07078002072329878,dimensionless frozen model readout,[0],False,R,[0],"[""ROBUST ONLY UNDER RESTRICTED CONDITIONAL FAMILY"", ""TRANSFER-SENSITIVE / NON-ROBUST"", ""NULL-COMPATIBLE""]"
app-1701-B-silence_dan,A,B,unpaired,learned_state_comparison,0.07078002072329878,0.07078002072329878,dimensionless frozen model readout,[0],False,WP,[0],"[""ROBUST ONLY UNDER RESTRICTED CONDITIONAL FAMILY"", ""TRANSFER-SENSITIVE / NON-ROBUST"", ""NULL-COMPATIBLE""]"
app-1701-B-silence_dan,A,B,unpaired,learned_state_comparison,0.07078002072329878,0.07078002072329878,dimensionless frozen model readout,[0],False,WR,[0],"[""ROBUST ONLY UNDER RESTRICTED CONDITIONAL FAMILY"", ""TRANSFER-SENSITIVE / NON-ROBUST"", ""NULL-COMPATIBLE""]"
app-1701-B-silence_dan,A,B,unpaired,learned_state_comparison,0.07078002072329878,0.07078002072329878,dimensionless frozen model readout,[0],False,H,[0],"[""ROBUST ONLY UNDER RESTRICTED CONDITIONAL FAMILY"", ""TRANSFER-SENSITIVE / NON-ROBUST"", ""NULL-COMPATIBLE""]"
app-1701-B-silence_dan,A,B,unpaired,learned_state_comparison,0.07078002072329878,0.07078002072329878,dimensionless frozen model readout,[0],False,U,[0],"[""ROBUST ONLY UNDER RESTRICTED CONDITIONAL FAMILY"", ""TRANSFER-SENSITIVE / NON-ROBUST"", ""NULL-COMPATIBLE""]"
app-1701-B-silence_dan,A,B,unpaired,learned_state_comparison,0.07078002072329878,0.07078002072329878,dimensionless frozen model readout,[0],False,N,"[-1, 0, 1]","[""ROBUST ONLY UNDER RESTRICTED CONDITIONAL FAMILY"", ""TRANSFER-SENSITIVE / NON-ROBUST"", ""NULL-COMPATIBLE""]"
app-1701-B-silence_dan,B,B,paired,response_change,0.112911179723297,0.112911179723297,dimensionless frozen model readout,[0],False,E,"[-1, 0, 1]","[""ROBUST ONLY UNDER RESTRICTED CONDITIONAL FAMILY"", ""TRANSFER-SENSITIVE / NON-ROBUST"", ""NULL-COMPATIBLE""]"
app-1701-B-silence_dan,B,B,paired,response_change,0.112911179723297,0.112911179723297,dimensionless frozen model readout,[0],False,Z,[0],"[""ROBUST ONLY UNDER RESTRICTED CONDITIONAL FAMILY"", ""TRANSFER-SENSITIVE / NON-ROBUST"", ""NULL-COMPATIBLE""]"
app-1701-B-silence_dan,B,B,paired,response_change,0.112911179723297,0.112911179723297,dimensionless frozen model readout,[0],False,P,[0],"[""ROBUST ONLY UNDER RESTRICTED CONDITIONAL FAMILY"", ""TRANSFER-SENSITIVE / NON-ROBUST"", ""NULL-COMPATIBLE""]"
app-1701-B-silence_dan,B,B,paired,response_change,0.112911179723297,0.112911179723297,dimensionless frozen model readout,[0],False,R,[0],"[""ROBUST ONLY UNDER RESTRICTED CONDITIONAL FAMILY"", ""TRANSFER-SENSITIVE / NON-ROBUST"", ""NULL-COMPATIBLE""]"
app-1701-B-silence_dan,B,B,paired,response_change,0.112911179723297,0.112911179723297,dimensionless frozen model readout,[0],False,WP,[0],"[""ROBUST ONLY UNDER RESTRICTED CONDITIONAL FAMILY"", ""TRANSFER-SENSITIVE / NON-ROBUST"", ""NULL-COMPATIBLE""]"
app-1701-B-silence_dan,B,B,paired,response_change,0.112911179723297,0.112911179723297,dimensionless frozen model readout,[0],False,WR,[0],"[""ROBUST ONLY UNDER RESTRICTED CONDITIONAL FAMILY"", ""TRANSFER-SENSITIVE / NON-ROBUST"", ""NULL-COMPATIBLE""]"
app-1701-B-silence_dan,B,B,paired,response_change,0.112911179723297,0.112911179723297,dimensionless frozen model readout,[0],False,H,[0],"[""ROBUST ONLY UNDER RESTRICTED CONDITIONAL FAMILY"", ""TRANSFER-SENSITIVE / NON-ROBUST"", ""NULL-COMPATIBLE""]"
app-1701-B-silence_dan,B,B,paired,response_change,0.112911179723297,0.112911179723297,dimensionless frozen model readout,[0],False,U,[0],"[""ROBUST ONLY UNDER RESTRICTED CONDITIONAL FAMILY"", ""TRANSFER-SENSITIVE / NON-ROBUST"", ""NULL-COMPATIBLE""]"
app-1701-B-silence_dan,B,B,paired,response_change,0.112911179723297,0.112911179723297,dimensionless frozen model readout,[0],False,N,"[-1, 0, 1]","[""ROBUST ONLY UNDER RESTRICTED CONDITIONAL FAMILY"", ""TRANSFER-SENSITIVE / NON-ROBUST"", ""NULL-COMPATIBLE""]"
app-1701-B-silence_dan,B,B,paired,restoration_check,0.112911179723297,0.112911179723297,dimensionless frozen model readout,[0],False,E,"[-1, 0, 1]","[""ROBUST ONLY UNDER RESTRICTED CONDITIONAL FAMILY"", ""TRANSFER-SENSITIVE / NON-ROBUST"", ""NULL-COMPATIBLE""]"
app-1701-B-silence_dan,B,B,paired,restoration_check,0.112911179723297,0.112911179723297,dimensionless frozen model readout,[0],False,Z,[0],"[""ROBUST ONLY UNDER RESTRICTED CONDITIONAL FAMILY"", ""TRANSFER-SENSITIVE / NON-ROBUST"", ""NULL-COMPATIBLE""]"
app-1701-B-silence_dan,B,B,paired,restoration_check,0.112911179723297,0.112911179723297,dimensionless frozen model readout,[0],False,P,[0],"[""ROBUST ONLY UNDER RESTRICTED CONDITIONAL FAMILY"", ""TRANSFER-SENSITIVE / NON-ROBUST"", ""NULL-COMPATIBLE""]"
app-1701-B-silence_dan,B,B,paired,restoration_check,0.112911179723297,0.112911179723297,dimensionless frozen model readout,[0],False,R,[0],"[""ROBUST ONLY UNDER RESTRICTED CONDITIONAL FAMILY"", ""TRANSFER-SENSITIVE / NON-ROBUST"", ""NULL-COMPATIBLE""]"
app-1701-B-silence_dan,B,B,paired,restoration_check,0.112911179723297,0.112911179723297,dimensionless frozen model readout,[0],False,WP,[0],"[""ROBUST ONLY UNDER RESTRICTED CONDITIONAL FAMILY"", ""TRANSFER-SENSITIVE / NON-ROBUST"", ""NULL-COMPATIBLE""]"
app-1701-B-silence_dan,B,B,paired,restoration_check,0.112911179723297,0.112911179723297,dimensionless frozen model readout,[0],False,WR,[0],"[""ROBUST ONLY UNDER RESTRICTED CONDITIONAL FAMILY"", ""TRANSFER-SENSITIVE / NON-ROBUST"", ""NULL-COMPATIBLE""]"
app-1701-B-silence_dan,B,B,paired,restoration_check,0.112911179723297,0.112911179723297,dimensionless frozen model readout,[0],False,H,[0],"[""ROBUST ONLY UNDER RESTRICTED CONDITIONAL FAMILY"", ""TRANSFER-SENSITIVE / NON-ROBUST"", ""NULL-COMPATIBLE""]"
app-1701-B-silence_dan,B,B,paired,restoration_check,0.112911179723297,0.112911179723297,dimensionless frozen model readout,[0],False,U,[0],"[""ROBUST ONLY UNDER RESTRICTED CONDITIONAL FAMILY"", ""TRANSFER-SENSITIVE / NON-ROBUST"", ""NULL-COMPATIBLE""]"
app-1701-B-silence_dan,B,B,paired,restoration_check,0.112911179723297,0.112911179723297,dimensionless frozen model readout,[0],False,N,"[-1, 0, 1]","[""ROBUST ONLY UNDER RESTRICTED CONDITIONAL FAMILY"", ""TRANSFER-SENSITIVE / NON-ROBUST"", ""NULL-COMPATIBLE""]"
app-1701-B-silence_dan,B,B,paired,plastic_state_retention,0.112911179723297,0.112911179723297,dimensionless frozen model readout,[0],False,E,"[-1, 0, 1]","[""ROBUST ONLY UNDER RESTRICTED CONDITIONAL FAMILY"", ""TRANSFER-SENSITIVE / NON-ROBUST"", ""NULL-COMPATIBLE""]"
app-1701-B-silence_dan,B,B,paired,plastic_state_retention,0.112911179723297,0.112911179723297,dimensionless frozen model readout,[0],False,Z,[0],"[""ROBUST ONLY UNDER RESTRICTED CONDITIONAL FAMILY"", ""TRANSFER-SENSITIVE / NON-ROBUST"", ""NULL-COMPATIBLE""]"
app-1701-B-silence_dan,B,B,paired,plastic_state_retention,0.112911179723297,0.112911179723297,dimensionless frozen model readout,[0],False,P,[0],"[""ROBUST ONLY UNDER RESTRICTED CONDITIONAL FAMILY"", ""TRANSFER-SENSITIVE / NON-ROBUST"", ""NULL-COMPATIBLE""]"
app-1701-B-silence_dan,B,B,paired,plastic_state_retention,0.112911179723297,0.112911179723297,dimensionless frozen model readout,[0],False,R,[0],"[""ROBUST ONLY UNDER RESTRICTED CONDITIONAL FAMILY"", ""TRANSFER-SENSITIVE / NON-ROBUST"", ""NULL-COMPATIBLE""]"
app-1701-B-silence_dan,B,B,paired,plastic_state_retention,0.112911179723297,0.112911179723297,dimensionless frozen model readout,[0],False,WP,[0],"[""ROBUST ONLY UNDER RESTRICTED CONDITIONAL FAMILY"", ""TRANSFER-SENSITIVE / NON-ROBUST"", ""NULL-COMPATIBLE""]"
app-1701-B-silence_dan,B,B,paired,plastic_state_retention,0.112911179723297,0.112911179723297,dimensionless frozen model readout,[0],False,WR,[0],"[""ROBUST ONLY UNDER RESTRICTED CONDITIONAL FAMILY"", ""TRANSFER-SENSITIVE / NON-ROBUST"", ""NULL-COMPATIBLE""]"
app-1701-B-silence_dan,B,B,paired,plastic_state_retention,0.112911179723297,0.112911179723297,dimensionless frozen model readout,[0],False,H,[0],"[""ROBUST ONLY UNDER RESTRICTED CONDITIONAL FAMILY"", ""TRANSFER-SENSITIVE / NON-ROBUST"", ""NULL-COMPATIBLE""]"
app-1701-B-silence_dan,B,B,paired,plastic_state_retention,0.112911179723297,0.112911179723297,dimensionless frozen model readout,[0],False,U,[0],"[""ROBUST ONLY UNDER RESTRICTED CONDITIONAL FAMILY"", ""TRANSFER-SENSITIVE / NON-ROBUST"", ""NULL-COMPATIBLE""]"
app-1701-B-silence_dan,B,B,paired,plastic_state_retention,0.112911179723297,0.112911179723297,dimensionless frozen model readout,[0],False,N,"[-1, 0, 1]","[""ROBUST ONLY UNDER RESTRICTED CONDITIONAL FAMILY"", ""TRANSFER-SENSITIVE / NON-ROBUST"", ""NULL-COMPATIBLE""]"
app-1701-B-silence_dan,B,B,paired,learned_state_comparison,0.112911179723297,0.112911179723297,dimensionless frozen model readout,[0],False,E,"[-1, 0, 1]","[""ROBUST ONLY UNDER RESTRICTED CONDITIONAL FAMILY"", ""TRANSFER-SENSITIVE / NON-ROBUST"", ""NULL-COMPATIBLE""]"
app-1701-B-silence_dan,B,B,paired,learned_state_comparison,0.112911179723297,0.112911179723297,dimensionless frozen model readout,[0],False,Z,[0],"[""ROBUST ONLY UNDER RESTRICTED CONDITIONAL FAMILY"", ""TRANSFER-SENSITIVE / NON-ROBUST"", ""NULL-COMPATIBLE""]"
app-1701-B-silence_dan,B,B,paired,learned_state_comparison,0.112911179723297,0.112911179723297,dimensionless frozen model readout,[0],False,P,[0],"[""ROBUST ONLY UNDER RESTRICTED CONDITIONAL FAMILY"", ""TRANSFER-SENSITIVE / NON-ROBUST"", ""NULL-COMPATIBLE""]"
app-1701-B-silence_dan,B,B,paired,learned_state_comparison,0.112911179723297,0.112911179723297,dimensionless frozen model readout,[0],False,R,[0],"[""ROBUST ONLY UNDER RESTRICTED CONDITIONAL FAMILY"", ""TRANSFER-SENSITIVE / NON-ROBUST"", ""NULL-COMPATIBLE""]"
app-1701-B-silence_dan,B,B,paired,learned_state_comparison,0.112911179723297,0.112911179723297,dimensionless frozen model readout,[0],False,WP,[0],"[""ROBUST ONLY UNDER RESTRICTED CONDITIONAL FAMILY"", ""TRANSFER-SENSITIVE / NON-ROBUST"", ""NULL-COMPATIBLE""]"
app-1701-B-silence_dan,B,B,paired,learned_state_comparison,0.112911179723297,0.112911179723297,dimensionless frozen model readout,[0],False,WR,[0],"[""ROBUST ONLY UNDER RESTRICTED CONDITIONAL FAMILY"", ""TRANSFER-SENSITIVE / NON-ROBUST"", ""NULL-COMPATIBLE""]"
app-1701-B-silence_dan,B,B,paired,learned_state_comparison,0.112911179723297,0.112911179723297,dimensionless frozen model readout,[0],False,H,[0],"[""ROBUST ONLY UNDER RESTRICTED CONDITIONAL FAMILY"", ""TRANSFER-SENSITIVE / NON-ROBUST"", ""NULL-COMPATIBLE""]"
app-1701-B-silence_dan,B,B,paired,learned_state_comparison,0.112911179723297,0.112911179723297,dimensionless frozen model readout,[0],False,U,[0],"[""ROBUST ONLY UNDER RESTRICTED CONDITIONAL FAMILY"", ""TRANSFER-SENSITIVE / NON-ROBUST"", ""NULL-COMPATIBLE""]"
app-1701-B-silence_dan,B,B,paired,learned_state_comparison,0.112911179723297,0.112911179723297,dimensionless frozen model readout,[0],False,N,"[-1, 0, 1]","[""ROBUST ONLY UNDER RESTRICTED CONDITIONAL FAMILY"", ""TRANSFER-SENSITIVE / NON-ROBUST"", ""NULL-COMPATIBLE""]"
app-1701-A-remove_da_contacts,A,A,paired,response_change,0.07078002072329878,0.07078002072329878,dimensionless frozen model readout,[0],False,E,"[-1, 0, 1]","[""ROBUST ONLY UNDER RESTRICTED CONDITIONAL FAMILY"", ""TRANSFER-SENSITIVE / NON-ROBUST"", ""NULL-COMPATIBLE""]"
app-1701-A-remove_da_contacts,A,A,paired,response_change,0.07078002072329878,0.07078002072329878,dimensionless frozen model readout,[0],False,Z,[0],"[""ROBUST ONLY UNDER RESTRICTED CONDITIONAL FAMILY"", ""TRANSFER-SENSITIVE / NON-ROBUST"", ""NULL-COMPATIBLE""]"
app-1701-A-remove_da_contacts,A,A,paired,response_change,0.07078002072329878,0.07078002072329878,dimensionless frozen model readout,[0],False,P,[0],"[""ROBUST ONLY UNDER RESTRICTED CONDITIONAL FAMILY"", ""TRANSFER-SENSITIVE / NON-ROBUST"", ""NULL-COMPATIBLE""]"
app-1701-A-remove_da_contacts,A,A,paired,response_change,0.07078002072329878,0.07078002072329878,dimensionless frozen model readout,[0],False,R,[0],"[""ROBUST ONLY UNDER RESTRICTED CONDITIONAL FAMILY"", ""TRANSFER-SENSITIVE / NON-ROBUST"", ""NULL-COMPATIBLE""]"
app-1701-A-remove_da_contacts,A,A,paired,response_change,0.07078002072329878,0.07078002072329878,dimensionless frozen model readout,[0],False,WP,[0],"[""ROBUST ONLY UNDER RESTRICTED CONDITIONAL FAMILY"", ""TRANSFER-SENSITIVE / NON-ROBUST"", ""NULL-COMPATIBLE""]"
app-1701-A-remove_da_contacts,A,A,paired,response_change,0.07078002072329878,0.07078002072329878,dimensionless frozen model readout,[0],False,WR,[0],"[""ROBUST ONLY UNDER RESTRICTED CONDITIONAL FAMILY"", ""TRANSFER-SENSITIVE / NON-ROBUST"", ""NULL-COMPATIBLE""]"
app-1701-A-remove_da_contacts,A,A,paired,response_change,0.07078002072329878,0.07078002072329878,dimensionless frozen model readout,[0],False,H,[0],"[""ROBUST ONLY UNDER RESTRICTED CONDITIONAL FAMILY"", ""TRANSFER-SENSITIVE / NON-ROBUST"", ""NULL-COMPATIBLE""]"
app-1701-A-remove_da_contacts,A,A,paired,response_change,0.07078002072329878,0.07078002072329878,dimensionless frozen model readout,[0],False,U,[0],"[""ROBUST ONLY UNDER RESTRICTED CONDITIONAL FAMILY"", ""TRANSFER-SENSITIVE / NON-ROBUST"", ""NULL-COMPATIBLE""]"
app-1701-A-remove_da_contacts,A,A,paired,response_change,0.07078002072329878,0.07078002072329878,dimensionless frozen model readout,[0],False,N,"[-1, 0, 1]","[""ROBUST ONLY UNDER RESTRICTED CONDITIONAL FAMILY"", ""TRANSFER-SENSITIVE / NON-ROBUST"", ""NULL-COMPATIBLE""]"
app-1701-A-remove_da_contacts,A,A,paired,restoration_check,0.07078002072329878,0.07078002072329878,dimensionless frozen model readout,[0],False,E,"[-1, 0, 1]","[""ROBUST ONLY UNDER RESTRICTED CONDITIONAL FAMILY"", ""TRANSFER-SENSITIVE / NON-ROBUST"", ""NULL-COMPATIBLE""]"
app-1701-A-remove_da_contacts,A,A,paired,restoration_check,0.07078002072329878,0.07078002072329878,dimensionless frozen model readout,[0],False,Z,[0],"[""ROBUST ONLY UNDER RESTRICTED CONDITIONAL FAMILY"", ""TRANSFER-SENSITIVE / NON-ROBUST"", ""NULL-COMPATIBLE""]"
app-1701-A-remove_da_contacts,A,A,paired,restoration_check,0.07078002072329878,0.07078002072329878,dimensionless frozen model readout,[0],False,P,[0],"[""ROBUST ONLY UNDER RESTRICTED CONDITIONAL FAMILY"", ""TRANSFER-SENSITIVE / NON-ROBUST"", ""NULL-COMPATIBLE""]"
app-1701-A-remove_da_contacts,A,A,paired,restoration_check,0.07078002072329878,0.07078002072329878,dimensionless frozen model readout,[0],False,R,[0],"[""ROBUST ONLY UNDER RESTRICTED CONDITIONAL FAMILY"", ""TRANSFER-SENSITIVE / NON-ROBUST"", ""NULL-COMPATIBLE""]"
app-1701-A-remove_da_contacts,A,A,paired,restoration_check,0.07078002072329878,0.07078002072329878,dimensionless frozen model readout,[0],False,WP,[0],"[""ROBUST ONLY UNDER RESTRICTED CONDITIONAL FAMILY"", ""TRANSFER-SENSITIVE / NON-ROBUST"", ""NULL-COMPATIBLE""]"
app-1701-A-remove_da_contacts,A,A,paired,restoration_check,0.07078002072329878,0.07078002072329878,dimensionless frozen model readout,[0],False,WR,[0],"[""ROBUST ONLY UNDER RESTRICTED CONDITIONAL FAMILY"", ""TRANSFER-SENSITIVE / NON-ROBUST"", ""NULL-COMPATIBLE""]"
app-1701-A-remove_da_contacts,A,A,paired,restoration_check,0.07078002072329878,0.07078002072329878,dimensionless frozen model readout,[0],False,H,[0],"[""ROBUST ONLY UNDER RESTRICTED CONDITIONAL FAMILY"", ""TRANSFER-SENSITIVE / NON-ROBUST"", ""NULL-COMPATIBLE""]"
app-1701-A-remove_da_contacts,A,A,paired,restoration_check,0.07078002072329878,0.07078002072329878,dimensionless frozen model readout,[0],False,U,[0],"[""ROBUST ONLY UNDER RESTRICTED CONDITIONAL FAMILY"", ""TRANSFER-SENSITIVE / NON-ROBUST"", ""NULL-COMPATIBLE""]"
app-1701-A-remove_da_contacts,A,A,paired,restoration_check,0.07078002072329878,0.07078002072329878,dimensionless frozen model readout,[0],False,N,"[-1, 0, 1]","[""ROBUST ONLY UNDER RESTRICTED CONDITIONAL FAMILY"", ""TRANSFER-SENSITIVE / NON-ROBUST"", ""NULL-COMPATIBLE""]"
app-1701-A-remove_da_contacts,A,A,paired,plastic_state_retention,0.07078002072329878,0.07078002072329878,dimensionless frozen model readout,[0],False,E,"[-1, 0, 1]","[""ROBUST ONLY UNDER RESTRICTED CONDITIONAL FAMILY"", ""TRANSFER-SENSITIVE / NON-ROBUST"", ""NULL-COMPATIBLE""]"
app-1701-A-remove_da_contacts,A,A,paired,plastic_state_retention,0.07078002072329878,0.07078002072329878,dimensionless frozen model readout,[0],False,Z,[0],"[""ROBUST ONLY UNDER RESTRICTED CONDITIONAL FAMILY"", ""TRANSFER-SENSITIVE / NON-ROBUST"", ""NULL-COMPATIBLE""]"
app-1701-A-remove_da_contacts,A,A,paired,plastic_state_retention,0.07078002072329878,0.07078002072329878,dimensionless frozen model readout,[0],False,P,[0],"[""ROBUST ONLY UNDER RESTRICTED CONDITIONAL FAMILY"", ""TRANSFER-SENSITIVE / NON-ROBUST"", ""NULL-COMPATIBLE""]"
app-1701-A-remove_da_contacts,A,A,paired,plastic_state_retention,0.07078002072329878,0.07078002072329878,dimensionless frozen model readout,[0],False,R,[0],"[""ROBUST ONLY UNDER RESTRICTED CONDITIONAL FAMILY"", ""TRANSFER-SENSITIVE / NON-ROBUST"", ""NULL-COMPATIBLE""]"
app-1701-A-remove_da_contacts,A,A,paired,plastic_state_retention,0.07078002072329878,0.07078002072329878,dimensionless frozen model readout,[0],False,WP,[0],"[""ROBUST ONLY UNDER RESTRICTED CONDITIONAL FAMILY"", ""TRANSFER-SENSITIVE / NON-ROBUST"", ""NULL-COMPATIBLE""]"
app-1701-A-remove_da_contacts,A,A,paired,plastic_state_retention,0.07078002072329878,0.07078002072329878,dimensionless frozen model readout,[0],False,WR,[0],"[""ROBUST ONLY UNDER RESTRICTED CONDITIONAL FAMILY"", ""TRANSFER-SENSITIVE / NON-ROBUST"", ""NULL-COMPATIBLE""]"
app-1701-A-remove_da_contacts,A,A,paired,plastic_state_retention,0.07078002072329878,0.07078002072329878,dimensionless frozen model readout,[0],False,H,[0],"[""ROBUST ONLY UNDER RESTRICTED CONDITIONAL FAMILY"", ""TRANSFER-SENSITIVE / NON-ROBUST"", ""NULL-COMPATIBLE""]"
app-1701-A-remove_da_contacts,A,A,paired,plastic_state_retention,0.07078002072329878,0.07078002072329878,dimensionless frozen model readout,[0],False,U,[0],"[""ROBUST ONLY UNDER RESTRICTED CONDITIONAL FAMILY"", ""TRANSFER-SENSITIVE / NON-ROBUST"", ""NULL-COMPATIBLE""]"
app-1701-A-remove_da_contacts,A,A,paired,plastic_state_retention,0.07078002072329878,0.07078002072329878,dimensionless frozen model readout,[0],False,N,"[-1, 0, 1]","[""ROBUST ONLY UNDER RESTRICTED CONDITIONAL FAMILY"", ""TRANSFER-SENSITIVE / NON-ROBUST"", ""NULL-COMPATIBLE""]"
app-1701-A-remove_da_contacts,A,A,paired,learned_state_comparison,0.07078002072329878,0.07078002072329878,dimensionless frozen model readout,[0],False,E,"[-1, 0, 1]","[""ROBUST ONLY UNDER RESTRICTED CONDITIONAL FAMILY"", ""TRANSFER-SENSITIVE / NON-ROBUST"", ""NULL-COMPATIBLE""]"
app-1701-A-remove_da_contacts,A,A,paired,learned_state_comparison,0.07078002072329878,0.07078002072329878,dimensionless frozen model readout,[0],False,Z,[0],"[""ROBUST ONLY UNDER RESTRICTED CONDITIONAL FAMILY"", ""TRANSFER-SENSITIVE / NON-ROBUST"", ""NULL-COMPATIBLE""]"
app-1701-A-remove_da_contacts,A,A,paired,learned_state_comparison,0.07078002072329878,0.07078002072329878,dimensionless frozen model readout,[0],False,P,[0],"[""ROBUST ONLY UNDER RESTRICTED CONDITIONAL FAMILY"", ""TRANSFER-SENSITIVE / NON-ROBUST"", ""NULL-COMPATIBLE""]"
app-1701-A-remove_da_contacts,A,A,paired,learned_state_comparison,0.07078002072329878,0.07078002072329878,dimensionless frozen model readout,[0],False,R,[0],"[""ROBUST ONLY UNDER RESTRICTED CONDITIONAL FAMILY"", ""TRANSFER-SENSITIVE / NON-ROBUST"", ""NULL-COMPATIBLE""]"
app-1701-A-remove_da_contacts,A,A,paired,learned_state_comparison,0.07078002072329878,0.07078002072329878,dimensionless frozen model readout,[0],False,WP,[0],"[""ROBUST ONLY UNDER RESTRICTED CONDITIONAL FAMILY"", ""TRANSFER-SENSITIVE / NON-ROBUST"", ""NULL-COMPATIBLE""]"
app-1701-A-remove_da_contacts,A,A,paired,learned_state_comparison,0.07078002072329878,0.07078002072329878,dimensionless frozen model readout,[0],False,WR,[0],"[""ROBUST ONLY UNDER RESTRICTED CONDITIONAL FAMILY"", ""TRANSFER-SENSITIVE / NON-ROBUST"", ""NULL-COMPATIBLE""]"
app-1701-A-remove_da_contacts,A,A,paired,learned_state_comparison,0.07078002072329878,0.07078002072329878,dimensionless frozen model readout,[0],False,H,[0],"[""ROBUST ONLY UNDER RESTRICTED CONDITIONAL FAMILY"", ""TRANSFER-SENSITIVE / NON-ROBUST"", ""NULL-COMPATIBLE""]"
app-1701-A-remove_da_contacts,A,A,paired,learned_state_comparison,0.07078002072329878,0.07078002072329878,dimensionless frozen model readout,[0],False,U,[0],"[""ROBUST ONLY UNDER RESTRICTED CONDITIONAL FAMILY"", ""TRANSFER-SENSITIVE / NON-ROBUST"", ""NULL-COMPATIBLE""]"
app-1701-A-remove_da_contacts,A,A,paired,learned_state_comparison,0.07078002072329878,0.07078002072329878,dimensionless frozen model readout,[0],False,N,"[-1, 0, 1]","[""ROBUST ONLY UNDER RESTRICTED CONDITIONAL FAMILY"", ""TRANSFER-SENSITIVE / NON-ROBUST"", ""NULL-COMPATIBLE""]"
app-1701-A-remove_da_contacts,B,A,unpaired,response_change,0.112911179723297,0.112911179723297,dimensionless frozen model readout,[0],False,E,"[-1, 0, 1]","[""ROBUST ONLY UNDER RESTRICTED CONDITIONAL FAMILY"", ""TRANSFER-SENSITIVE / NON-ROBUST"", ""NULL-COMPATIBLE""]"
app-1701-A-remove_da_contacts,B,A,unpaired,response_change,0.112911179723297,0.112911179723297,dimensionless frozen model readout,[0],False,Z,[0],"[""ROBUST ONLY UNDER RESTRICTED CONDITIONAL FAMILY"", ""TRANSFER-SENSITIVE / NON-ROBUST"", ""NULL-COMPATIBLE""]"
app-1701-A-remove_da_contacts,B,A,unpaired,response_change,0.112911179723297,0.112911179723297,dimensionless frozen model readout,[0],False,P,[0],"[""ROBUST ONLY UNDER RESTRICTED CONDITIONAL FAMILY"", ""TRANSFER-SENSITIVE / NON-ROBUST"", ""NULL-COMPATIBLE""]"
app-1701-A-remove_da_contacts,B,A,unpaired,response_change,0.112911179723297,0.112911179723297,dimensionless frozen model readout,[0],False,R,[0],"[""ROBUST ONLY UNDER RESTRICTED CONDITIONAL FAMILY"", ""TRANSFER-SENSITIVE / NON-ROBUST"", ""NULL-COMPATIBLE""]"
app-1701-A-remove_da_contacts,B,A,unpaired,response_change,0.112911179723297,0.112911179723297,dimensionless frozen model readout,[0],False,WP,[0],"[""ROBUST ONLY UNDER RESTRICTED CONDITIONAL FAMILY"", ""TRANSFER-SENSITIVE / NON-ROBUST"", ""NULL-COMPATIBLE""]"
app-1701-A-remove_da_contacts,B,A,unpaired,response_change,0.112911179723297,0.112911179723297,dimensionless frozen model readout,[0],False,WR,[0],"[""ROBUST ONLY UNDER RESTRICTED CONDITIONAL FAMILY"", ""TRANSFER-SENSITIVE / NON-ROBUST"", ""NULL-COMPATIBLE""]"
app-1701-A-remove_da_contacts,B,A,unpaired,response_change,0.112911179723297,0.112911179723297,dimensionless frozen model readout,[0],False,H,[0],"[""ROBUST ONLY UNDER RESTRICTED CONDITIONAL FAMILY"", ""TRANSFER-SENSITIVE / NON-ROBUST"", ""NULL-COMPATIBLE""]"
app-1701-A-remove_da_contacts,B,A,unpaired,response_change,0.112911179723297,0.112911179723297,dimensionless frozen model readout,[0],False,U,[0],"[""ROBUST ONLY UNDER RESTRICTED CONDITIONAL FAMILY"", ""TRANSFER-SENSITIVE / NON-ROBUST"", ""NULL-COMPATIBLE""]"
app-1701-A-remove_da_contacts,B,A,unpaired,response_change,0.112911179723297,0.112911179723297,dimensionless frozen model readout,[0],False,N,"[-1, 0, 1]","[""ROBUST ONLY UNDER RESTRICTED CONDITIONAL FAMILY"", ""TRANSFER-SENSITIVE / NON-ROBUST"", ""NULL-COMPATIBLE""]"
app-1701-A-remove_da_contacts,B,A,unpaired,restoration_check,0.112911179723297,0.112911179723297,dimensionless frozen model readout,[0],False,E,"[-1, 0, 1]","[""ROBUST ONLY UNDER RESTRICTED CONDITIONAL FAMILY"", ""TRANSFER-SENSITIVE / NON-ROBUST"", ""NULL-COMPATIBLE""]"
app-1701-A-remove_da_contacts,B,A,unpaired,restoration_check,0.112911179723297,0.112911179723297,dimensionless frozen model readout,[0],False,Z,[0],"[""ROBUST ONLY UNDER RESTRICTED CONDITIONAL FAMILY"", ""TRANSFER-SENSITIVE / NON-ROBUST"", ""NULL-COMPATIBLE""]"
app-1701-A-remove_da_contacts,B,A,unpaired,restoration_check,0.112911179723297,0.112911179723297,dimensionless frozen model readout,[0],False,P,[0],"[""ROBUST ONLY UNDER RESTRICTED CONDITIONAL FAMILY"", ""TRANSFER-SENSITIVE / NON-ROBUST"", ""NULL-COMPATIBLE""]"
app-1701-A-remove_da_contacts,B,A,unpaired,restoration_check,0.112911179723297,0.112911179723297,dimensionless frozen model readout,[0],False,R,[0],"[""ROBUST ONLY UNDER RESTRICTED CONDITIONAL FAMILY"", ""TRANSFER-SENSITIVE / NON-ROBUST"", ""NULL-COMPATIBLE""]"
app-1701-A-remove_da_contacts,B,A,unpaired,restoration_check,0.112911179723297,0.112911179723297,dimensionless frozen model readout,[0],False,WP,[0],"[""ROBUST ONLY UNDER RESTRICTED CONDITIONAL FAMILY"", ""TRANSFER-SENSITIVE / NON-ROBUST"", ""NULL-COMPATIBLE""]"
app-1701-A-remove_da_contacts,B,A,unpaired,restoration_check,0.112911179723297,0.112911179723297,dimensionless frozen model readout,[0],False,WR,[0],"[""ROBUST ONLY UNDER RESTRICTED CONDITIONAL FAMILY"", ""TRANSFER-SENSITIVE / NON-ROBUST"", ""NULL-COMPATIBLE""]"
app-1701-A-remove_da_contacts,B,A,unpaired,restoration_check,0.112911179723297,0.112911179723297,dimensionless frozen model readout,[0],False,H,[0],"[""ROBUST ONLY UNDER RESTRICTED CONDITIONAL FAMILY"", ""TRANSFER-SENSITIVE / NON-ROBUST"", ""NULL-COMPATIBLE""]"
app-1701-A-remove_da_contacts,B,A,unpaired,restoration_check,0.112911179723297,0.112911179723297,dimensionless frozen model readout,[0],False,U,[0],"[""ROBUST ONLY UNDER RESTRICTED CONDITIONAL FAMILY"", ""TRANSFER-SENSITIVE / NON-ROBUST"", ""NULL-COMPATIBLE""]"
app-1701-A-remove_da_contacts,B,A,unpaired,restoration_check,0.112911179723297,0.112911179723297,dimensionless frozen model readout,[0],False,N,"[-1, 0, 1]","[""ROBUST ONLY UNDER RESTRICTED CONDITIONAL FAMILY"", ""TRANSFER-SENSITIVE / NON-ROBUST"", ""NULL-COMPATIBLE""]"
app-1701-A-remove_da_contacts,B,A,unpaired,plastic_state_retention,0.112911179723297,0.112911179723297,dimensionless frozen model readout,[0],False,E,"[-1, 0, 1]","[""ROBUST ONLY UNDER RESTRICTED CONDITIONAL FAMILY"", ""TRANSFER-SENSITIVE / NON-ROBUST"", ""NULL-COMPATIBLE""]"
app-1701-A-remove_da_contacts,B,A,unpaired,plastic_state_retention,0.112911179723297,0.112911179723297,dimensionless frozen model readout,[0],False,Z,[0],"[""ROBUST ONLY UNDER RESTRICTED CONDITIONAL FAMILY"", ""TRANSFER-SENSITIVE / NON-ROBUST"", ""NULL-COMPATIBLE""]"
app-1701-A-remove_da_contacts,B,A,unpaired,plastic_state_retention,0.112911179723297,0.112911179723297,dimensionless frozen model readout,[0],False,P,[0],"[""ROBUST ONLY UNDER RESTRICTED CONDITIONAL FAMILY"", ""TRANSFER-SENSITIVE / NON-ROBUST"", ""NULL-COMPATIBLE""]"
app-1701-A-remove_da_contacts,B,A,unpaired,plastic_state_retention,0.112911179723297,0.112911179723297,dimensionless frozen model readout,[0],False,R,[0],"[""ROBUST ONLY UNDER RESTRICTED CONDITIONAL FAMILY"", ""TRANSFER-SENSITIVE / NON-ROBUST"", ""NULL-COMPATIBLE""]"
app-1701-A-remove_da_contacts,B,A,unpaired,plastic_state_retention,0.112911179723297,0.112911179723297,dimensionless frozen model readout,[0],False,WP,[0],"[""ROBUST ONLY UNDER RESTRICTED CONDITIONAL FAMILY"", ""TRANSFER-SENSITIVE / NON-ROBUST"", ""NULL-COMPATIBLE""]"
app-1701-A-remove_da_contacts,B,A,unpaired,plastic_state_retention,0.112911179723297,0.112911179723297,dimensionless frozen model readout,[0],False,WR,[0],"[""ROBUST ONLY UNDER RESTRICTED CONDITIONAL FAMILY"", ""TRANSFER-SENSITIVE / NON-ROBUST"", ""NULL-COMPATIBLE""]"
app-1701-A-remove_da_contacts,B,A,unpaired,plastic_state_retention,0.112911179723297,0.112911179723297,dimensionless frozen model readout,[0],False,H,[0],"[""ROBUST ONLY UNDER RESTRICTED CONDITIONAL FAMILY"", ""TRANSFER-SENSITIVE / NON-ROBUST"", ""NULL-COMPATIBLE""]"
app-1701-A-remove_da_contacts,B,A,unpaired,plastic_state_retention,0.112911179723297,0.112911179723297,dimensionless frozen model readout,[0],False,U,[0],"[""ROBUST ONLY UNDER RESTRICTED CONDITIONAL FAMILY"", ""TRANSFER-SENSITIVE / NON-ROBUST"", ""NULL-COMPATIBLE""]"
app-1701-A-remove_da_contacts,B,A,unpaired,plastic_state_retention,0.112911179723297,0.112911179723297,dimensionless frozen model readout,[0],False,N,"[-1, 0, 1]","[""ROBUST ONLY UNDER RESTRICTED CONDITIONAL FAMILY"", ""TRANSFER-SENSITIVE / NON-ROBUST"", ""NULL-COMPATIBLE""]"
app-1701-A-remove_da_contacts,B,A,unpaired,learned_state_comparison,0.112911179723297,0.112911179723297,dimensionless frozen model readout,[0],False,E,"[-1, 0, 1]","[""ROBUST ONLY UNDER RESTRICTED CONDITIONAL FAMILY"", ""TRANSFER-SENSITIVE / NON-ROBUST"", ""NULL-COMPATIBLE""]"
app-1701-A-remove_da_contacts,B,A,unpaired,learned_state_comparison,0.112911179723297,0.112911179723297,dimensionless frozen model readout,[0],False,Z,[0],"[""ROBUST ONLY UNDER RESTRICTED CONDITIONAL FAMILY"", ""TRANSFER-SENSITIVE / NON-ROBUST"", ""NULL-COMPATIBLE""]"
app-1701-A-remove_da_contacts,B,A,unpaired,learned_state_comparison,0.112911179723297,0.112911179723297,dimensionless frozen model readout,[0],False,P,[0],"[""ROBUST ONLY UNDER RESTRICTED CONDITIONAL FAMILY"", ""TRANSFER-SENSITIVE / NON-ROBUST"", ""NULL-COMPATIBLE""]"
app-1701-A-remove_da_contacts,B,A,unpaired,learned_state_comparison,0.112911179723297,0.112911179723297,dimensionless frozen model readout,[0],False,R,[0],"[""ROBUST ONLY UNDER RESTRICTED CONDITIONAL FAMILY"", ""TRANSFER-SENSITIVE / NON-ROBUST"", ""NULL-COMPATIBLE""]"
app-1701-A-remove_da_contacts,B,A,unpaired,learned_state_comparison,0.112911179723297,0.112911179723297,dimensionless frozen model readout,[0],False,WP,[0],"[""ROBUST ONLY UNDER RESTRICTED CONDITIONAL FAMILY"", ""TRANSFER-SENSITIVE / NON-ROBUST"", ""NULL-COMPATIBLE""]"
app-1701-A-remove_da_contacts,B,A,unpaired,learned_state_comparison,0.112911179723297,0.112911179723297,dimensionless frozen model readout,[0],False,WR,[0],"[""ROBUST ONLY UNDER RESTRICTED CONDITIONAL FAMILY"", ""TRANSFER-SENSITIVE / NON-ROBUST"", ""NULL-COMPATIBLE""]"
app-1701-A-remove_da_contacts,B,A,unpaired,learned_state_comparison,0.112911179723297,0.112911179723297,dimensionless frozen model readout,[0],False,H,[0],"[""ROBUST ONLY UNDER RESTRICTED CONDITIONAL FAMILY"", ""TRANSFER-SENSITIVE / NON-ROBUST"", ""NULL-COMPATIBLE""]"
app-1701-A-remove_da_contacts,B,A,unpaired,learned_state_comparison,0.112911179723297,0.112911179723297,dimensionless frozen model readout,[0],False,U,[0],"[""ROBUST ONLY UNDER RESTRICTED CONDITIONAL FAMILY"", ""TRANSFER-SENSITIVE / NON-ROBUST"", ""NULL-COMPATIBLE""]"
app-1701-A-remove_da_contacts,B,A,unpaired,learned_state_comparison,0.112911179723297,0.112911179723297,dimensionless frozen model readout,[0],False,N,"[-1, 0, 1]","[""ROBUST ONLY UNDER RESTRICTED CONDITIONAL FAMILY"", ""TRANSFER-SENSITIVE / NON-ROBUST"", ""NULL-COMPATIBLE""]"
app-1701-B-remove_da_contacts,A,B,unpaired,response_change,0.07078002072329878,0.07078002072329878,dimensionless frozen model readout,[0],False,E,"[-1, 0, 1]","[""ROBUST ONLY UNDER RESTRICTED CONDITIONAL FAMILY"", ""TRANSFER-SENSITIVE / NON-ROBUST"", ""NULL-COMPATIBLE""]"
app-1701-B-remove_da_contacts,A,B,unpaired,response_change,0.07078002072329878,0.07078002072329878,dimensionless frozen model readout,[0],False,Z,[0],"[""ROBUST ONLY UNDER RESTRICTED CONDITIONAL FAMILY"", ""TRANSFER-SENSITIVE / NON-ROBUST"", ""NULL-COMPATIBLE""]"
app-1701-B-remove_da_contacts,A,B,unpaired,response_change,0.07078002072329878,0.07078002072329878,dimensionless frozen model readout,[0],False,P,[0],"[""ROBUST ONLY UNDER RESTRICTED CONDITIONAL FAMILY"", ""TRANSFER-SENSITIVE / NON-ROBUST"", ""NULL-COMPATIBLE""]"
app-1701-B-remove_da_contacts,A,B,unpaired,response_change,0.07078002072329878,0.07078002072329878,dimensionless frozen model readout,[0],False,R,[0],"[""ROBUST ONLY UNDER RESTRICTED CONDITIONAL FAMILY"", ""TRANSFER-SENSITIVE / NON-ROBUST"", ""NULL-COMPATIBLE""]"
app-1701-B-remove_da_contacts,A,B,unpaired,response_change,0.07078002072329878,0.07078002072329878,dimensionless frozen model readout,[0],False,WP,[0],"[""ROBUST ONLY UNDER RESTRICTED CONDITIONAL FAMILY"", ""TRANSFER-SENSITIVE / NON-ROBUST"", ""NULL-COMPATIBLE""]"
app-1701-B-remove_da_contacts,A,B,unpaired,response_change,0.07078002072329878,0.07078002072329878,dimensionless frozen model readout,[0],False,WR,[0],"[""ROBUST ONLY UNDER RESTRICTED CONDITIONAL FAMILY"", ""TRANSFER-SENSITIVE / NON-ROBUST"", ""NULL-COMPATIBLE""]"
app-1701-B-remove_da_contacts,A,B,unpaired,response_change,0.07078002072329878,0.07078002072329878,dimensionless frozen model readout,[0],False,H,[0],"[""ROBUST ONLY UNDER RESTRICTED CONDITIONAL FAMILY"", ""TRANSFER-SENSITIVE / NON-ROBUST"", ""NULL-COMPATIBLE""]"
app-1701-B-remove_da_contacts,A,B,unpaired,response_change,0.07078002072329878,0.07078002072329878,dimensionless frozen model readout,[0],False,U,[0],"[""ROBUST ONLY UNDER RESTRICTED CONDITIONAL FAMILY"", ""TRANSFER-SENSITIVE / NON-ROBUST"", ""NULL-COMPATIBLE""]"
app-1701-B-remove_da_contacts,A,B,unpaired,response_change,0.07078002072329878,0.07078002072329878,dimensionless frozen model readout,[0],False,N,"[-1, 0, 1]","[""ROBUST ONLY UNDER RESTRICTED CONDITIONAL FAMILY"", ""TRANSFER-SENSITIVE / NON-ROBUST"", ""NULL-COMPATIBLE""]"
app-1701-B-remove_da_contacts,A,B,unpaired,restoration_check,0.07078002072329878,0.07078002072329878,dimensionless frozen model readout,[0],False,E,"[-1, 0, 1]","[""ROBUST ONLY UNDER RESTRICTED CONDITIONAL FAMILY"", ""TRANSFER-SENSITIVE / NON-ROBUST"", ""NULL-COMPATIBLE""]"
app-1701-B-remove_da_contacts,A,B,unpaired,restoration_check,0.07078002072329878,0.07078002072329878,dimensionless frozen model readout,[0],False,Z,[0],"[""ROBUST ONLY UNDER RESTRICTED CONDITIONAL FAMILY"", ""TRANSFER-SENSITIVE / NON-ROBUST"", ""NULL-COMPATIBLE""]"
app-1701-B-remove_da_contacts,A,B,unpaired,restoration_check,0.07078002072329878,0.07078002072329878,dimensionless frozen model readout,[0],False,P,[0],"[""ROBUST ONLY UNDER RESTRICTED CONDITIONAL FAMILY"", ""TRANSFER-SENSITIVE / NON-ROBUST"", ""NULL-COMPATIBLE""]"
app-1701-B-remove_da_contacts,A,B,unpaired,restoration_check,0.07078002072329878,0.07078002072329878,dimensionless frozen model readout,[0],False,R,[0],"[""ROBUST ONLY UNDER RESTRICTED CONDITIONAL FAMILY"", ""TRANSFER-SENSITIVE / NON-ROBUST"", ""NULL-COMPATIBLE""]"
app-1701-B-remove_da_contacts,A,B,unpaired,restoration_check,0.07078002072329878,0.07078002072329878,dimensionless frozen model readout,[0],False,WP,[0],"[""ROBUST ONLY UNDER RESTRICTED CONDITIONAL FAMILY"", ""TRANSFER-SENSITIVE / NON-ROBUST"", ""NULL-COMPATIBLE""]"
app-1701-B-remove_da_contacts,A,B,unpaired,restoration_check,0.07078002072329878,0.07078002072329878,dimensionless frozen model readout,[0],False,WR,[0],"[""ROBUST ONLY UNDER RESTRICTED CONDITIONAL FAMILY"", ""TRANSFER-SENSITIVE / NON-ROBUST"", ""NULL-COMPATIBLE""]"
app-1701-B-remove_da_contacts,A,B,unpaired,restoration_check,0.07078002072329878,0.07078002072329878,dimensionless frozen model readout,[0],False,H,[0],"[""ROBUST ONLY UNDER RESTRICTED CONDITIONAL FAMILY"", ""TRANSFER-SENSITIVE / NON-ROBUST"", ""NULL-COMPATIBLE""]"
app-1701-B-remove_da_contacts,A,B,unpaired,restoration_check,0.07078002072329878,0.07078002072329878,dimensionless frozen model readout,[0],False,U,[0],"[""ROBUST ONLY UNDER RESTRICTED CONDITIONAL FAMILY"", ""TRANSFER-SENSITIVE / NON-ROBUST"", ""NULL-COMPATIBLE""]"
app-1701-B-remove_da_contacts,A,B,unpaired,restoration_check,0.07078002072329878,0.07078002072329878,dimensionless frozen model readout,[0],False,N,"[-1, 0, 1]","[""ROBUST ONLY UNDER RESTRICTED CONDITIONAL FAMILY"", ""TRANSFER-SENSITIVE / NON-ROBUST"", ""NULL-COMPATIBLE""]"
app-1701-B-remove_da_contacts,A,B,unpaired,plastic_state_retention,0.07078002072329878,0.07078002072329878,dimensionless frozen model readout,[0],False,E,"[-1, 0, 1]","[""ROBUST ONLY UNDER RESTRICTED CONDITIONAL FAMILY"", ""TRANSFER-SENSITIVE / NON-ROBUST"", ""NULL-COMPATIBLE""]"
app-1701-B-remove_da_contacts,A,B,unpaired,plastic_state_retention,0.07078002072329878,0.07078002072329878,dimensionless frozen model readout,[0],False,Z,[0],"[""ROBUST ONLY UNDER RESTRICTED CONDITIONAL FAMILY"", ""TRANSFER-SENSITIVE / NON-ROBUST"", ""NULL-COMPATIBLE""]"
app-1701-B-remove_da_contacts,A,B,unpaired,plastic_state_retention,0.07078002072329878,0.07078002072329878,dimensionless frozen model readout,[0],False,P,[0],"[""ROBUST ONLY UNDER RESTRICTED CONDITIONAL FAMILY"", ""TRANSFER-SENSITIVE / NON-ROBUST"", ""NULL-COMPATIBLE""]"
app-1701-B-remove_da_contacts,A,B,unpaired,plastic_state_retention,0.07078002072329878,0.07078002072329878,dimensionless frozen model readout,[0],False,R,[0],"[""ROBUST ONLY UNDER RESTRICTED CONDITIONAL FAMILY"", ""TRANSFER-SENSITIVE / NON-ROBUST"", ""NULL-COMPATIBLE""]"
app-1701-B-remove_da_contacts,A,B,unpaired,plastic_state_retention,0.07078002072329878,0.07078002072329878,dimensionless frozen model readout,[0],False,WP,[0],"[""ROBUST ONLY UNDER RESTRICTED CONDITIONAL FAMILY"", ""TRANSFER-SENSITIVE / NON-ROBUST"", ""NULL-COMPATIBLE""]"
app-1701-B-remove_da_contacts,A,B,unpaired,plastic_state_retention,0.07078002072329878,0.07078002072329878,dimensionless frozen model readout,[0],False,WR,[0],"[""ROBUST ONLY UNDER RESTRICTED CONDITIONAL FAMILY"", ""TRANSFER-SENSITIVE / NON-ROBUST"", ""NULL-COMPATIBLE""]"
app-1701-B-remove_da_contacts,A,B,unpaired,plastic_state_retention,0.07078002072329878,0.07078002072329878,dimensionless frozen model readout,[0],False,H,[0],"[""ROBUST ONLY UNDER RESTRICTED CONDITIONAL FAMILY"", ""TRANSFER-SENSITIVE / NON-ROBUST"", ""NULL-COMPATIBLE""]"
app-1701-B-remove_da_contacts,A,B,unpaired,plastic_state_retention,0.07078002072329878,0.07078002072329878,dimensionless frozen model readout,[0],False,U,[0],"[""ROBUST ONLY UNDER RESTRICTED CONDITIONAL FAMILY"", ""TRANSFER-SENSITIVE / NON-ROBUST"", ""NULL-COMPATIBLE""]"
app-1701-B-remove_da_contacts,A,B,unpaired,plastic_state_retention,0.07078002072329878,0.07078002072329878,dimensionless frozen model readout,[0],False,N,"[-1, 0, 1]","[""ROBUST ONLY UNDER RESTRICTED CONDITIONAL FAMILY"", ""TRANSFER-SENSITIVE / NON-ROBUST"", ""NULL-COMPATIBLE""]"
app-1701-B-remove_da_contacts,A,B,unpaired,learned_state_comparison,0.07078002072329878,0.07078002072329878,dimensionless frozen model readout,[0],False,E,"[-1, 0, 1]","[""ROBUST ONLY UNDER RESTRICTED CONDITIONAL FAMILY"", ""TRANSFER-SENSITIVE / NON-ROBUST"", ""NULL-COMPATIBLE""]"
app-1701-B-remove_da_contacts,A,B,unpaired,learned_state_comparison,0.07078002072329878,0.07078002072329878,dimensionless frozen model readout,[0],False,Z,[0],"[""ROBUST ONLY UNDER RESTRICTED CONDITIONAL FAMILY"", ""TRANSFER-SENSITIVE / NON-ROBUST"", ""NULL-COMPATIBLE""]"
app-1701-B-remove_da_contacts,A,B,unpaired,learned_state_comparison,0.07078002072329878,0.07078002072329878,dimensionless frozen model readout,[0],False,P,[0],"[""ROBUST ONLY UNDER RESTRICTED CONDITIONAL FAMILY"", ""TRANSFER-SENSITIVE / NON-ROBUST"", ""NULL-COMPATIBLE""]"
app-1701-B-remove_da_contacts,A,B,unpaired,learned_state_comparison,0.07078002072329878,0.07078002072329878,dimensionless frozen model readout,[0],False,R,[0],"[""ROBUST ONLY UNDER RESTRICTED CONDITIONAL FAMILY"", ""TRANSFER-SENSITIVE / NON-ROBUST"", ""NULL-COMPATIBLE""]"
app-1701-B-remove_da_contacts,A,B,unpaired,learned_state_comparison,0.07078002072329878,0.07078002072329878,dimensionless frozen model readout,[0],False,WP,[0],"[""ROBUST ONLY UNDER RESTRICTED CONDITIONAL FAMILY"", ""TRANSFER-SENSITIVE / NON-ROBUST"", ""NULL-COMPATIBLE""]"
app-1701-B-remove_da_contacts,A,B,unpaired,learned_state_comparison,0.07078002072329878,0.07078002072329878,dimensionless frozen model readout,[0],False,WR,[0],"[""ROBUST ONLY UNDER RESTRICTED CONDITIONAL FAMILY"", ""TRANSFER-SENSITIVE / NON-ROBUST"", ""NULL-COMPATIBLE""]"
app-1701-B-remove_da_contacts,A,B,unpaired,learned_state_comparison,0.07078002072329878,0.07078002072329878,dimensionless frozen model readout,[0],False,H,[0],"[""ROBUST ONLY UNDER RESTRICTED CONDITIONAL FAMILY"", ""TRANSFER-SENSITIVE / NON-ROBUST"", ""NULL-COMPATIBLE""]"
app-1701-B-remove_da_contacts,A,B,unpaired,learned_state_comparison,0.07078002072329878,0.07078002072329878,dimensionless frozen model readout,[0],False,U,[0],"[""ROBUST ONLY UNDER RESTRICTED CONDITIONAL FAMILY"", ""TRANSFER-SENSITIVE / NON-ROBUST"", ""NULL-COMPATIBLE""]"
app-1701-B-remove_da_contacts,A,B,unpaired,learned_state_comparison,0.07078002072329878,0.07078002072329878,dimensionless frozen model readout,[0],False,N,"[-1, 0, 1]","[""ROBUST ONLY UNDER RESTRICTED CONDITIONAL FAMILY"", ""TRANSFER-SENSITIVE / NON-ROBUST"", ""NULL-COMPATIBLE""]"
app-1701-B-remove_da_contacts,B,B,paired,response_change,0.112911179723297,0.112911179723297,dimensionless frozen model readout,[0],False,E,"[-1, 0, 1]","[""ROBUST ONLY UNDER RESTRICTED CONDITIONAL FAMILY"", ""TRANSFER-SENSITIVE / NON-ROBUST"", ""NULL-COMPATIBLE""]"
app-1701-B-remove_da_contacts,B,B,paired,response_change,0.112911179723297,0.112911179723297,dimensionless frozen model readout,[0],False,Z,[0],"[""ROBUST ONLY UNDER RESTRICTED CONDITIONAL FAMILY"", ""TRANSFER-SENSITIVE / NON-ROBUST"", ""NULL-COMPATIBLE""]"
app-1701-B-remove_da_contacts,B,B,paired,response_change,0.112911179723297,0.112911179723297,dimensionless frozen model readout,[0],False,P,[0],"[""ROBUST ONLY UNDER RESTRICTED CONDITIONAL FAMILY"", ""TRANSFER-SENSITIVE / NON-ROBUST"", ""NULL-COMPATIBLE""]"
app-1701-B-remove_da_contacts,B,B,paired,response_change,0.112911179723297,0.112911179723297,dimensionless frozen model readout,[0],False,R,[0],"[""ROBUST ONLY UNDER RESTRICTED CONDITIONAL FAMILY"", ""TRANSFER-SENSITIVE / NON-ROBUST"", ""NULL-COMPATIBLE""]"
app-1701-B-remove_da_contacts,B,B,paired,response_change,0.112911179723297,0.112911179723297,dimensionless frozen model readout,[0],False,WP,[0],"[""ROBUST ONLY UNDER RESTRICTED CONDITIONAL FAMILY"", ""TRANSFER-SENSITIVE / NON-ROBUST"", ""NULL-COMPATIBLE""]"
app-1701-B-remove_da_contacts,B,B,paired,response_change,0.112911179723297,0.112911179723297,dimensionless frozen model readout,[0],False,WR,[0],"[""ROBUST ONLY UNDER RESTRICTED CONDITIONAL FAMILY"", ""TRANSFER-SENSITIVE / NON-ROBUST"", ""NULL-COMPATIBLE""]"
app-1701-B-remove_da_contacts,B,B,paired,response_change,0.112911179723297,0.112911179723297,dimensionless frozen model readout,[0],False,H,[0],"[""ROBUST ONLY UNDER RESTRICTED CONDITIONAL FAMILY"", ""TRANSFER-SENSITIVE / NON-ROBUST"", ""NULL-COMPATIBLE""]"
app-1701-B-remove_da_contacts,B,B,paired,response_change,0.112911179723297,0.112911179723297,dimensionless frozen model readout,[0],False,U,[0],"[""ROBUST ONLY UNDER RESTRICTED CONDITIONAL FAMILY"", ""TRANSFER-SENSITIVE / NON-ROBUST"", ""NULL-COMPATIBLE""]"
app-1701-B-remove_da_contacts,B,B,paired,response_change,0.112911179723297,0.112911179723297,dimensionless frozen model readout,[0],False,N,"[-1, 0, 1]","[""ROBUST ONLY UNDER RESTRICTED CONDITIONAL FAMILY"", ""TRANSFER-SENSITIVE / NON-ROBUST"", ""NULL-COMPATIBLE""]"
app-1701-B-remove_da_contacts,B,B,paired,restoration_check,0.112911179723297,0.112911179723297,dimensionless frozen model readout,[0],False,E,"[-1, 0, 1]","[""ROBUST ONLY UNDER RESTRICTED CONDITIONAL FAMILY"", ""TRANSFER-SENSITIVE / NON-ROBUST"", ""NULL-COMPATIBLE""]"
app-1701-B-remove_da_contacts,B,B,paired,restoration_check,0.112911179723297,0.112911179723297,dimensionless frozen model readout,[0],False,Z,[0],"[""ROBUST ONLY UNDER RESTRICTED CONDITIONAL FAMILY"", ""TRANSFER-SENSITIVE / NON-ROBUST"", ""NULL-COMPATIBLE""]"
app-1701-B-remove_da_contacts,B,B,paired,restoration_check,0.112911179723297,0.112911179723297,dimensionless frozen model readout,[0],False,P,[0],"[""ROBUST ONLY UNDER RESTRICTED CONDITIONAL FAMILY"", ""TRANSFER-SENSITIVE / NON-ROBUST"", ""NULL-COMPATIBLE""]"
app-1701-B-remove_da_contacts,B,B,paired,restoration_check,0.112911179723297,0.112911179723297,dimensionless frozen model readout,[0],False,R,[0],"[""ROBUST ONLY UNDER RESTRICTED CONDITIONAL FAMILY"", ""TRANSFER-SENSITIVE / NON-ROBUST"", ""NULL-COMPATIBLE""]"
app-1701-B-remove_da_contacts,B,B,paired,restoration_check,0.112911179723297,0.112911179723297,dimensionless frozen model readout,[0],False,WP,[0],"[""ROBUST ONLY UNDER RESTRICTED CONDITIONAL FAMILY"", ""TRANSFER-SENSITIVE / NON-ROBUST"", ""NULL-COMPATIBLE""]"
app-1701-B-remove_da_contacts,B,B,paired,restoration_check,0.112911179723297,0.112911179723297,dimensionless frozen model readout,[0],False,WR,[0],"[""ROBUST ONLY UNDER RESTRICTED CONDITIONAL FAMILY"", ""TRANSFER-SENSITIVE / NON-ROBUST"", ""NULL-COMPATIBLE""]"
app-1701-B-remove_da_contacts,B,B,paired,restoration_check,0.112911179723297,0.112911179723297,dimensionless frozen model readout,[0],False,H,[0],"[""ROBUST ONLY UNDER RESTRICTED CONDITIONAL FAMILY"", ""TRANSFER-SENSITIVE / NON-ROBUST"", ""NULL-COMPATIBLE""]"
app-1701-B-remove_da_contacts,B,B,paired,restoration_check,0.112911179723297,0.112911179723297,dimensionless frozen model readout,[0],False,U,[0],"[""ROBUST ONLY UNDER RESTRICTED CONDITIONAL FAMILY"", ""TRANSFER-SENSITIVE / NON-ROBUST"", ""NULL-COMPATIBLE""]"
app-1701-B-remove_da_contacts,B,B,paired,restoration_check,0.112911179723297,0.112911179723297,dimensionless frozen model readout,[0],False,N,"[-1, 0, 1]","[""ROBUST ONLY UNDER RESTRICTED CONDITIONAL FAMILY"", ""TRANSFER-SENSITIVE / NON-ROBUST"", ""NULL-COMPATIBLE""]"
app-1701-B-remove_da_contacts,B,B,paired,plastic_state_retention,0.112911179723297,0.112911179723297,dimensionless frozen model readout,[0],False,E,"[-1, 0, 1]","[""ROBUST ONLY UNDER RESTRICTED CONDITIONAL FAMILY"", ""TRANSFER-SENSITIVE / NON-ROBUST"", ""NULL-COMPATIBLE""]"
app-1701-B-remove_da_contacts,B,B,paired,plastic_state_retention,0.112911179723297,0.112911179723297,dimensionless frozen model readout,[0],False,Z,[0],"[""ROBUST ONLY UNDER RESTRICTED CONDITIONAL FAMILY"", ""TRANSFER-SENSITIVE / NON-ROBUST"", ""NULL-COMPATIBLE""]"
app-1701-B-remove_da_contacts,B,B,paired,plastic_state_retention,0.112911179723297,0.112911179723297,dimensionless frozen model readout,[0],False,P,[0],"[""ROBUST ONLY UNDER RESTRICTED CONDITIONAL FAMILY"", ""TRANSFER-SENSITIVE / NON-ROBUST"", ""NULL-COMPATIBLE""]"
app-1701-B-remove_da_contacts,B,B,paired,plastic_state_retention,0.112911179723297,0.112911179723297,dimensionless frozen model readout,[0],False,R,[0],"[""ROBUST ONLY UNDER RESTRICTED CONDITIONAL FAMILY"", ""TRANSFER-SENSITIVE / NON-ROBUST"", ""NULL-COMPATIBLE""]"
app-1701-B-remove_da_contacts,B,B,paired,plastic_state_retention,0.112911179723297,0.112911179723297,dimensionless frozen model readout,[0],False,WP,[0],"[""ROBUST ONLY UNDER RESTRICTED CONDITIONAL FAMILY"", ""TRANSFER-SENSITIVE / NON-ROBUST"", ""NULL-COMPATIBLE""]"
app-1701-B-remove_da_contacts,B,B,paired,plastic_state_retention,0.112911179723297,0.112911179723297,dimensionless frozen model readout,[0],False,WR,[0],"[""ROBUST ONLY UNDER RESTRICTED CONDITIONAL FAMILY"", ""TRANSFER-SENSITIVE / NON-ROBUST"", ""NULL-COMPATIBLE""]"
app-1701-B-remove_da_contacts,B,B,paired,plastic_state_retention,0.112911179723297,0.112911179723297,dimensionless frozen model readout,[0],False,H,[0],"[""ROBUST ONLY UNDER RESTRICTED CONDITIONAL FAMILY"", ""TRANSFER-SENSITIVE / NON-ROBUST"", ""NULL-COMPATIBLE""]"
app-1701-B-remove_da_contacts,B,B,paired,plastic_state_retention,0.112911179723297,0.112911179723297,dimensionless frozen model readout,[0],False,U,[0],"[""ROBUST ONLY UNDER RESTRICTED CONDITIONAL FAMILY"", ""TRANSFER-SENSITIVE / NON-ROBUST"", ""NULL-COMPATIBLE""]"
app-1701-B-remove_da_contacts,B,B,paired,plastic_state_retention,0.112911179723297,0.112911179723297,dimensionless frozen model readout,[0],False,N,"[-1, 0, 1]","[""ROBUST ONLY UNDER RESTRICTED CONDITIONAL FAMILY"", ""TRANSFER-SENSITIVE / NON-ROBUST"", ""NULL-COMPATIBLE""]"
app-1701-B-remove_da_contacts,B,B,paired,learned_state_comparison,0.112911179723297,0.112911179723297,dimensionless frozen model readout,[0],False,E,"[-1, 0, 1]","[""ROBUST ONLY UNDER RESTRICTED CONDITIONAL FAMILY"", ""TRANSFER-SENSITIVE / NON-ROBUST"", ""NULL-COMPATIBLE""]"
app-1701-B-remove_da_contacts,B,B,paired,learned_state_comparison,0.112911179723297,0.112911179723297,dimensionless frozen model readout,[0],False,Z,[0],"[""ROBUST ONLY UNDER RESTRICTED CONDITIONAL FAMILY"", ""TRANSFER-SENSITIVE / NON-ROBUST"", ""NULL-COMPATIBLE""]"
app-1701-B-remove_da_contacts,B,B,paired,learned_state_comparison,0.112911179723297,0.112911179723297,dimensionless frozen model readout,[0],False,P,[0],"[""ROBUST ONLY UNDER RESTRICTED CONDITIONAL FAMILY"", ""TRANSFER-SENSITIVE / NON-ROBUST"", ""NULL-COMPATIBLE""]"
app-1701-B-remove_da_contacts,B,B,paired,learned_state_comparison,0.112911179723297,0.112911179723297,dimensionless frozen model readout,[0],False,R,[0],"[""ROBUST ONLY UNDER RESTRICTED CONDITIONAL FAMILY"", ""TRANSFER-SENSITIVE / NON-ROBUST"", ""NULL-COMPATIBLE""]"
app-1701-B-remove_da_contacts,B,B,paired,learned_state_comparison,0.112911179723297,0.112911179723297,dimensionless frozen model readout,[0],False,WP,[0],"[""ROBUST ONLY UNDER RESTRICTED CONDITIONAL FAMILY"", ""TRANSFER-SENSITIVE / NON-ROBUST"", ""NULL-COMPATIBLE""]"
app-1701-B-remove_da_contacts,B,B,paired,learned_state_comparison,0.112911179723297,0.112911179723297,dimensionless frozen model readout,[0],False,WR,[0],"[""ROBUST ONLY UNDER RESTRICTED CONDITIONAL FAMILY"", ""TRANSFER-SENSITIVE / NON-ROBUST"", ""NULL-COMPATIBLE""]"
app-1701-B-remove_da_contacts,B,B,paired,learned_state_comparison,0.112911179723297,0.112911179723297,dimensionless frozen model readout,[0],False,H,[0],"[""ROBUST ONLY UNDER RESTRICTED CONDITIONAL FAMILY"", ""TRANSFER-SENSITIVE / NON-ROBUST"", ""NULL-COMPATIBLE""]"
app-1701-B-remove_da_contacts,B,B,paired,learned_state_comparison,0.112911179723297,0.112911179723297,dimensionless frozen model readout,[0],False,U,[0],"[""ROBUST ONLY UNDER RESTRICTED CONDITIONAL FAMILY"", ""TRANSFER-SENSITIVE / NON-ROBUST"", ""NULL-COMPATIBLE""]"
app-1701-B-remove_da_contacts,B,B,paired,learned_state_comparison,0.112911179723297,0.112911179723297,dimensionless frozen model readout,[0],False,N,"[-1, 0, 1]","[""ROBUST ONLY UNDER RESTRICTED CONDITIONAL FAMILY"", ""TRANSFER-SENSITIVE / NON-ROBUST"", ""NULL-COMPATIBLE""]"
app-1701-A-single_dan,A,A,paired,response_change,0.035116311043515314,0.07078002072329878,dimensionless frozen model readout,[-1],False,E,"[-1, 0, 1]","[""ROBUST ONLY UNDER RESTRICTED CONDITIONAL FAMILY"", ""TRANSFER-SENSITIVE / NON-ROBUST"", ""NULL-COMPATIBLE""]"
app-1701-A-single_dan,A,A,paired,response_change,0.035116311043515314,0.07078002072329878,dimensionless frozen model readout,[-1],False,Z,[0],"[""ROBUST ONLY UNDER RESTRICTED CONDITIONAL FAMILY"", ""TRANSFER-SENSITIVE / NON-ROBUST"", ""NULL-COMPATIBLE""]"
app-1701-A-single_dan,A,A,paired,response_change,0.035116311043515314,0.07078002072329878,dimensionless frozen model readout,[-1],False,P,[-1],"[""ROBUST ONLY UNDER RESTRICTED CONDITIONAL FAMILY"", ""TRANSFER-SENSITIVE / NON-ROBUST"", ""NULL-COMPATIBLE""]"
app-1701-A-single_dan,A,A,paired,response_change,0.035116311043515314,0.07078002072329878,dimensionless frozen model readout,[-1],False,R,[1],"[""ROBUST ONLY UNDER RESTRICTED CONDITIONAL FAMILY"", ""TRANSFER-SENSITIVE / NON-ROBUST"", ""NULL-COMPATIBLE""]"
app-1701-A-single_dan,A,A,paired,response_change,0.035116311043515314,0.07078002072329878,dimensionless frozen model readout,[-1],False,WP,"[-1, 0]","[""ROBUST ONLY UNDER RESTRICTED CONDITIONAL FAMILY"", ""TRANSFER-SENSITIVE / NON-ROBUST"", ""NULL-COMPATIBLE""]"
app-1701-A-single_dan,A,A,paired,response_change,0.035116311043515314,0.07078002072329878,dimensionless frozen model readout,[-1],False,WR,"[0, 1]","[""ROBUST ONLY UNDER RESTRICTED CONDITIONAL FAMILY"", ""TRANSFER-SENSITIVE / NON-ROBUST"", ""NULL-COMPATIBLE""]"
app-1701-A-single_dan,A,A,paired,response_change,0.035116311043515314,0.07078002072329878,dimensionless frozen model readout,[-1],False,H,"[-1, 0, 1]","[""ROBUST ONLY UNDER RESTRICTED CONDITIONAL FAMILY"", ""TRANSFER-SENSITIVE / NON-ROBUST"", ""NULL-COMPATIBLE""]"
app-1701-A-single_dan,A,A,paired,response_change,0.035116311043515314,0.07078002072329878,dimensionless frozen model readout,[-1],False,U,"[-1, 0, 1]","[""ROBUST ONLY UNDER RESTRICTED CONDITIONAL FAMILY"", ""TRANSFER-SENSITIVE / NON-ROBUST"", ""NULL-COMPATIBLE""]"
app-1701-A-single_dan,A,A,paired,response_change,0.035116311043515314,0.07078002072329878,dimensionless frozen model readout,[-1],False,N,"[-1, 0, 1]","[""ROBUST ONLY UNDER RESTRICTED CONDITIONAL FAMILY"", ""TRANSFER-SENSITIVE / NON-ROBUST"", ""NULL-COMPATIBLE""]"
app-1701-A-single_dan,A,A,paired,restoration_check,0.07078002072329878,0.07078002072329878,dimensionless frozen model readout,[0],False,E,"[-1, 0, 1]","[""ROBUST ONLY UNDER RESTRICTED CONDITIONAL FAMILY"", ""TRANSFER-SENSITIVE / NON-ROBUST"", ""NULL-COMPATIBLE""]"
app-1701-A-single_dan,A,A,paired,restoration_check,0.07078002072329878,0.07078002072329878,dimensionless frozen model readout,[0],False,Z,[0],"[""ROBUST ONLY UNDER RESTRICTED CONDITIONAL FAMILY"", ""TRANSFER-SENSITIVE / NON-ROBUST"", ""NULL-COMPATIBLE""]"
app-1701-A-single_dan,A,A,paired,restoration_check,0.07078002072329878,0.07078002072329878,dimensionless frozen model readout,[0],False,P,[0],"[""ROBUST ONLY UNDER RESTRICTED CONDITIONAL FAMILY"", ""TRANSFER-SENSITIVE / NON-ROBUST"", ""NULL-COMPATIBLE""]"
app-1701-A-single_dan,A,A,paired,restoration_check,0.07078002072329878,0.07078002072329878,dimensionless frozen model readout,[0],False,R,[0],"[""ROBUST ONLY UNDER RESTRICTED CONDITIONAL FAMILY"", ""TRANSFER-SENSITIVE / NON-ROBUST"", ""NULL-COMPATIBLE""]"
app-1701-A-single_dan,A,A,paired,restoration_check,0.07078002072329878,0.07078002072329878,dimensionless frozen model readout,[0],False,WP,[0],"[""ROBUST ONLY UNDER RESTRICTED CONDITIONAL FAMILY"", ""TRANSFER-SENSITIVE / NON-ROBUST"", ""NULL-COMPATIBLE""]"
app-1701-A-single_dan,A,A,paired,restoration_check,0.07078002072329878,0.07078002072329878,dimensionless frozen model readout,[0],False,WR,[0],"[""ROBUST ONLY UNDER RESTRICTED CONDITIONAL FAMILY"", ""TRANSFER-SENSITIVE / NON-ROBUST"", ""NULL-COMPATIBLE""]"
app-1701-A-single_dan,A,A,paired,restoration_check,0.07078002072329878,0.07078002072329878,dimensionless frozen model readout,[0],False,H,[0],"[""ROBUST ONLY UNDER RESTRICTED CONDITIONAL FAMILY"", ""TRANSFER-SENSITIVE / NON-ROBUST"", ""NULL-COMPATIBLE""]"
app-1701-A-single_dan,A,A,paired,restoration_check,0.07078002072329878,0.07078002072329878,dimensionless frozen model readout,[0],False,U,[0],"[""ROBUST ONLY UNDER RESTRICTED CONDITIONAL FAMILY"", ""TRANSFER-SENSITIVE / NON-ROBUST"", ""NULL-COMPATIBLE""]"
app-1701-A-single_dan,A,A,paired,restoration_check,0.07078002072329878,0.07078002072329878,dimensionless frozen model readout,[0],False,N,"[-1, 0, 1]","[""ROBUST ONLY UNDER RESTRICTED CONDITIONAL FAMILY"", ""TRANSFER-SENSITIVE / NON-ROBUST"", ""NULL-COMPATIBLE""]"
app-1701-A-single_dan,A,A,paired,plastic_state_retention,0.035116311043515314,0.07078002072329878,dimensionless frozen model readout,[-1],False,E,"[-1, 0, 1]","[""ROBUST ONLY UNDER RESTRICTED CONDITIONAL FAMILY"", ""TRANSFER-SENSITIVE / NON-ROBUST"", ""NULL-COMPATIBLE""]"
app-1701-A-single_dan,A,A,paired,plastic_state_retention,0.035116311043515314,0.07078002072329878,dimensionless frozen model readout,[-1],False,Z,[0],"[""ROBUST ONLY UNDER RESTRICTED CONDITIONAL FAMILY"", ""TRANSFER-SENSITIVE / NON-ROBUST"", ""NULL-COMPATIBLE""]"
app-1701-A-single_dan,A,A,paired,plastic_state_retention,0.035116311043515314,0.07078002072329878,dimensionless frozen model readout,[-1],False,P,[-1],"[""ROBUST ONLY UNDER RESTRICTED CONDITIONAL FAMILY"", ""TRANSFER-SENSITIVE / NON-ROBUST"", ""NULL-COMPATIBLE""]"
app-1701-A-single_dan,A,A,paired,plastic_state_retention,0.035116311043515314,0.07078002072329878,dimensionless frozen model readout,[-1],False,R,[1],"[""ROBUST ONLY UNDER RESTRICTED CONDITIONAL FAMILY"", ""TRANSFER-SENSITIVE / NON-ROBUST"", ""NULL-COMPATIBLE""]"
app-1701-A-single_dan,A,A,paired,plastic_state_retention,0.035116311043515314,0.07078002072329878,dimensionless frozen model readout,[-1],False,WP,"[-1, 0]","[""ROBUST ONLY UNDER RESTRICTED CONDITIONAL FAMILY"", ""TRANSFER-SENSITIVE / NON-ROBUST"", ""NULL-COMPATIBLE""]"
app-1701-A-single_dan,A,A,paired,plastic_state_retention,0.035116311043515314,0.07078002072329878,dimensionless frozen model readout,[-1],False,WR,"[0, 1]","[""ROBUST ONLY UNDER RESTRICTED CONDITIONAL FAMILY"", ""TRANSFER-SENSITIVE / NON-ROBUST"", ""NULL-COMPATIBLE""]"
app-1701-A-single_dan,A,A,paired,plastic_state_retention,0.035116311043515314,0.07078002072329878,dimensionless frozen model readout,[-1],False,H,"[-1, 0, 1]","[""ROBUST ONLY UNDER RESTRICTED CONDITIONAL FAMILY"", ""TRANSFER-SENSITIVE / NON-ROBUST"", ""NULL-COMPATIBLE""]"
app-1701-A-single_dan,A,A,paired,plastic_state_retention,0.035116311043515314,0.07078002072329878,dimensionless frozen model readout,[-1],False,U,"[-1, 0, 1]","[""ROBUST ONLY UNDER RESTRICTED CONDITIONAL FAMILY"", ""TRANSFER-SENSITIVE / NON-ROBUST"", ""NULL-COMPATIBLE""]"
app-1701-A-single_dan,A,A,paired,plastic_state_retention,0.035116311043515314,0.07078002072329878,dimensionless frozen model readout,[-1],False,N,"[-1, 0, 1]","[""ROBUST ONLY UNDER RESTRICTED CONDITIONAL FAMILY"", ""TRANSFER-SENSITIVE / NON-ROBUST"", ""NULL-COMPATIBLE""]"
app-1701-A-single_dan,A,A,paired,learned_state_comparison,0.035116311043515314,0.07078002072329878,dimensionless frozen model readout,[-1],False,E,"[-1, 0, 1]","[""ROBUST ONLY UNDER RESTRICTED CONDITIONAL FAMILY"", ""TRANSFER-SENSITIVE / NON-ROBUST"", ""NULL-COMPATIBLE""]"
app-1701-A-single_dan,A,A,paired,learned_state_comparison,0.035116311043515314,0.07078002072329878,dimensionless frozen model readout,[-1],False,Z,[0],"[""ROBUST ONLY UNDER RESTRICTED CONDITIONAL FAMILY"", ""TRANSFER-SENSITIVE / NON-ROBUST"", ""NULL-COMPATIBLE""]"
app-1701-A-single_dan,A,A,paired,learned_state_comparison,0.035116311043515314,0.07078002072329878,dimensionless frozen model readout,[-1],False,P,[-1],"[""ROBUST ONLY UNDER RESTRICTED CONDITIONAL FAMILY"", ""TRANSFER-SENSITIVE / NON-ROBUST"", ""NULL-COMPATIBLE""]"
app-1701-A-single_dan,A,A,paired,learned_state_comparison,0.035116311043515314,0.07078002072329878,dimensionless frozen model readout,[-1],False,R,[1],"[""ROBUST ONLY UNDER RESTRICTED CONDITIONAL FAMILY"", ""TRANSFER-SENSITIVE / NON-ROBUST"", ""NULL-COMPATIBLE""]"
app-1701-A-single_dan,A,A,paired,learned_state_comparison,0.035116311043515314,0.07078002072329878,dimensionless frozen model readout,[-1],False,WP,"[-1, 0]","[""ROBUST ONLY UNDER RESTRICTED CONDITIONAL FAMILY"", ""TRANSFER-SENSITIVE / NON-ROBUST"", ""NULL-COMPATIBLE""]"
app-1701-A-single_dan,A,A,paired,learned_state_comparison,0.035116311043515314,0.07078002072329878,dimensionless frozen model readout,[-1],False,WR,"[0, 1]","[""ROBUST ONLY UNDER RESTRICTED CONDITIONAL FAMILY"", ""TRANSFER-SENSITIVE / NON-ROBUST"", ""NULL-COMPATIBLE""]"
app-1701-A-single_dan,A,A,paired,learned_state_comparison,0.035116311043515314,0.07078002072329878,dimensionless frozen model readout,[-1],False,H,"[-1, 0, 1]","[""ROBUST ONLY UNDER RESTRICTED CONDITIONAL FAMILY"", ""TRANSFER-SENSITIVE / NON-ROBUST"", ""NULL-COMPATIBLE""]"
app-1701-A-single_dan,A,A,paired,learned_state_comparison,0.035116311043515314,0.07078002072329878,dimensionless frozen model readout,[-1],False,U,"[-1, 0, 1]","[""ROBUST ONLY UNDER RESTRICTED CONDITIONAL FAMILY"", ""TRANSFER-SENSITIVE / NON-ROBUST"", ""NULL-COMPATIBLE""]"
app-1701-A-single_dan,A,A,paired,learned_state_comparison,0.035116311043515314,0.07078002072329878,dimensionless frozen model readout,[-1],False,N,"[-1, 0, 1]","[""ROBUST ONLY UNDER RESTRICTED CONDITIONAL FAMILY"", ""TRANSFER-SENSITIVE / NON-ROBUST"", ""NULL-COMPATIBLE""]"
app-1701-A-single_dan,B,A,unpaired,response_change,0.1063423460531761,0.112911179723297,dimensionless frozen model readout,[-1],False,E,"[-1, 0, 1]","[""ROBUST ONLY UNDER RESTRICTED CONDITIONAL FAMILY"", ""TRANSFER-SENSITIVE / NON-ROBUST"", ""NULL-COMPATIBLE""]"
app-1701-A-single_dan,B,A,unpaired,response_change,0.1063423460531761,0.112911179723297,dimensionless frozen model readout,[-1],False,Z,[0],"[""ROBUST ONLY UNDER RESTRICTED CONDITIONAL FAMILY"", ""TRANSFER-SENSITIVE / NON-ROBUST"", ""NULL-COMPATIBLE""]"
app-1701-A-single_dan,B,A,unpaired,response_change,0.1063423460531761,0.112911179723297,dimensionless frozen model readout,[-1],False,P,[-1],"[""ROBUST ONLY UNDER RESTRICTED CONDITIONAL FAMILY"", ""TRANSFER-SENSITIVE / NON-ROBUST"", ""NULL-COMPATIBLE""]"
app-1701-A-single_dan,B,A,unpaired,response_change,0.1063423460531761,0.112911179723297,dimensionless frozen model readout,[-1],False,R,[1],"[""ROBUST ONLY UNDER RESTRICTED CONDITIONAL FAMILY"", ""TRANSFER-SENSITIVE / NON-ROBUST"", ""NULL-COMPATIBLE""]"
app-1701-A-single_dan,B,A,unpaired,response_change,0.1063423460531761,0.112911179723297,dimensionless frozen model readout,[-1],False,WP,"[-1, 0]","[""ROBUST ONLY UNDER RESTRICTED CONDITIONAL FAMILY"", ""TRANSFER-SENSITIVE / NON-ROBUST"", ""NULL-COMPATIBLE""]"
app-1701-A-single_dan,B,A,unpaired,response_change,0.1063423460531761,0.112911179723297,dimensionless frozen model readout,[-1],False,WR,"[0, 1]","[""ROBUST ONLY UNDER RESTRICTED CONDITIONAL FAMILY"", ""TRANSFER-SENSITIVE / NON-ROBUST"", ""NULL-COMPATIBLE""]"
app-1701-A-single_dan,B,A,unpaired,response_change,0.1063423460531761,0.112911179723297,dimensionless frozen model readout,[-1],False,H,"[-1, 0, 1]","[""ROBUST ONLY UNDER RESTRICTED CONDITIONAL FAMILY"", ""TRANSFER-SENSITIVE / NON-ROBUST"", ""NULL-COMPATIBLE""]"
app-1701-A-single_dan,B,A,unpaired,response_change,0.1063423460531761,0.112911179723297,dimensionless frozen model readout,[-1],False,U,"[-1, 0, 1]","[""ROBUST ONLY UNDER RESTRICTED CONDITIONAL FAMILY"", ""TRANSFER-SENSITIVE / NON-ROBUST"", ""NULL-COMPATIBLE""]"
app-1701-A-single_dan,B,A,unpaired,response_change,0.1063423460531761,0.112911179723297,dimensionless frozen model readout,[-1],False,N,"[-1, 0, 1]","[""ROBUST ONLY UNDER RESTRICTED CONDITIONAL FAMILY"", ""TRANSFER-SENSITIVE / NON-ROBUST"", ""NULL-COMPATIBLE""]"
app-1701-A-single_dan,B,A,unpaired,restoration_check,0.112911179723297,0.112911179723297,dimensionless frozen model readout,[0],False,E,"[-1, 0, 1]","[""ROBUST ONLY UNDER RESTRICTED CONDITIONAL FAMILY"", ""TRANSFER-SENSITIVE / NON-ROBUST"", ""NULL-COMPATIBLE""]"
app-1701-A-single_dan,B,A,unpaired,restoration_check,0.112911179723297,0.112911179723297,dimensionless frozen model readout,[0],False,Z,[0],"[""ROBUST ONLY UNDER RESTRICTED CONDITIONAL FAMILY"", ""TRANSFER-SENSITIVE / NON-ROBUST"", ""NULL-COMPATIBLE""]"
app-1701-A-single_dan,B,A,unpaired,restoration_check,0.112911179723297,0.112911179723297,dimensionless frozen model readout,[0],False,P,[0],"[""ROBUST ONLY UNDER RESTRICTED CONDITIONAL FAMILY"", ""TRANSFER-SENSITIVE / NON-ROBUST"", ""NULL-COMPATIBLE""]"
app-1701-A-single_dan,B,A,unpaired,restoration_check,0.112911179723297,0.112911179723297,dimensionless frozen model readout,[0],False,R,[0],"[""ROBUST ONLY UNDER RESTRICTED CONDITIONAL FAMILY"", ""TRANSFER-SENSITIVE / NON-ROBUST"", ""NULL-COMPATIBLE""]"
app-1701-A-single_dan,B,A,unpaired,restoration_check,0.112911179723297,0.112911179723297,dimensionless frozen model readout,[0],False,WP,[0],"[""ROBUST ONLY UNDER RESTRICTED CONDITIONAL FAMILY"", ""TRANSFER-SENSITIVE / NON-ROBUST"", ""NULL-COMPATIBLE""]"
app-1701-A-single_dan,B,A,unpaired,restoration_check,0.112911179723297,0.112911179723297,dimensionless frozen model readout,[0],False,WR,[0],"[""ROBUST ONLY UNDER RESTRICTED CONDITIONAL FAMILY"", ""TRANSFER-SENSITIVE / NON-ROBUST"", ""NULL-COMPATIBLE""]"
app-1701-A-single_dan,B,A,unpaired,restoration_check,0.112911179723297,0.112911179723297,dimensionless frozen model readout,[0],False,H,[0],"[""ROBUST ONLY UNDER RESTRICTED CONDITIONAL FAMILY"", ""TRANSFER-SENSITIVE / NON-ROBUST"", ""NULL-COMPATIBLE""]"
app-1701-A-single_dan,B,A,unpaired,restoration_check,0.112911179723297,0.112911179723297,dimensionless frozen model readout,[0],False,U,[0],"[""ROBUST ONLY UNDER RESTRICTED CONDITIONAL FAMILY"", ""TRANSFER-SENSITIVE / NON-ROBUST"", ""NULL-COMPATIBLE""]"
app-1701-A-single_dan,B,A,unpaired,restoration_check,0.112911179723297,0.112911179723297,dimensionless frozen model readout,[0],False,N,"[-1, 0, 1]","[""ROBUST ONLY UNDER RESTRICTED CONDITIONAL FAMILY"", ""TRANSFER-SENSITIVE / NON-ROBUST"", ""NULL-COMPATIBLE""]"
app-1701-A-single_dan,B,A,unpaired,plastic_state_retention,0.1063423460531761,0.112911179723297,dimensionless frozen model readout,[-1],False,E,"[-1, 0, 1]","[""ROBUST ONLY UNDER RESTRICTED CONDITIONAL FAMILY"", ""TRANSFER-SENSITIVE / NON-ROBUST"", ""NULL-COMPATIBLE""]"
app-1701-A-single_dan,B,A,unpaired,plastic_state_retention,0.1063423460531761,0.112911179723297,dimensionless frozen model readout,[-1],False,Z,[0],"[""ROBUST ONLY UNDER RESTRICTED CONDITIONAL FAMILY"", ""TRANSFER-SENSITIVE / NON-ROBUST"", ""NULL-COMPATIBLE""]"
app-1701-A-single_dan,B,A,unpaired,plastic_state_retention,0.1063423460531761,0.112911179723297,dimensionless frozen model readout,[-1],False,P,[-1],"[""ROBUST ONLY UNDER RESTRICTED CONDITIONAL FAMILY"", ""TRANSFER-SENSITIVE / NON-ROBUST"", ""NULL-COMPATIBLE""]"
app-1701-A-single_dan,B,A,unpaired,plastic_state_retention,0.1063423460531761,0.112911179723297,dimensionless frozen model readout,[-1],False,R,[1],"[""ROBUST ONLY UNDER RESTRICTED CONDITIONAL FAMILY"", ""TRANSFER-SENSITIVE / NON-ROBUST"", ""NULL-COMPATIBLE""]"
app-1701-A-single_dan,B,A,unpaired,plastic_state_retention,0.1063423460531761,0.112911179723297,dimensionless frozen model readout,[-1],False,WP,"[-1, 0]","[""ROBUST ONLY UNDER RESTRICTED CONDITIONAL FAMILY"", ""TRANSFER-SENSITIVE / NON-ROBUST"", ""NULL-COMPATIBLE""]"
app-1701-A-single_dan,B,A,unpaired,plastic_state_retention,0.1063423460531761,0.112911179723297,dimensionless frozen model readout,[-1],False,WR,"[0, 1]","[""ROBUST ONLY UNDER RESTRICTED CONDITIONAL FAMILY"", ""TRANSFER-SENSITIVE / NON-ROBUST"", ""NULL-COMPATIBLE""]"
app-1701-A-single_dan,B,A,unpaired,plastic_state_retention,0.1063423460531761,0.112911179723297,dimensionless frozen model readout,[-1],False,H,"[-1, 0, 1]","[""ROBUST ONLY UNDER RESTRICTED CONDITIONAL FAMILY"", ""TRANSFER-SENSITIVE / NON-ROBUST"", ""NULL-COMPATIBLE""]"
app-1701-A-single_dan,B,A,unpaired,plastic_state_retention,0.1063423460531761,0.112911179723297,dimensionless frozen model readout,[-1],False,U,"[-1, 0, 1]","[""ROBUST ONLY UNDER RESTRICTED CONDITIONAL FAMILY"", ""TRANSFER-SENSITIVE / NON-ROBUST"", ""NULL-COMPATIBLE""]"
app-1701-A-single_dan,B,A,unpaired,plastic_state_retention,0.1063423460531761,0.112911179723297,dimensionless frozen model readout,[-1],False,N,"[-1, 0, 1]","[""ROBUST ONLY UNDER RESTRICTED CONDITIONAL FAMILY"", ""TRANSFER-SENSITIVE / NON-ROBUST"", ""NULL-COMPATIBLE""]"
app-1701-A-single_dan,B,A,unpaired,learned_state_comparison,0.1063423460531761,0.112911179723297,dimensionless frozen model readout,[-1],False,E,"[-1, 0, 1]","[""ROBUST ONLY UNDER RESTRICTED CONDITIONAL FAMILY"", ""TRANSFER-SENSITIVE / NON-ROBUST"", ""NULL-COMPATIBLE""]"
app-1701-A-single_dan,B,A,unpaired,learned_state_comparison,0.1063423460531761,0.112911179723297,dimensionless frozen model readout,[-1],False,Z,[0],"[""ROBUST ONLY UNDER RESTRICTED CONDITIONAL FAMILY"", ""TRANSFER-SENSITIVE / NON-ROBUST"", ""NULL-COMPATIBLE""]"
app-1701-A-single_dan,B,A,unpaired,learned_state_comparison,0.1063423460531761,0.112911179723297,dimensionless frozen model readout,[-1],False,P,[-1],"[""ROBUST ONLY UNDER RESTRICTED CONDITIONAL FAMILY"", ""TRANSFER-SENSITIVE / NON-ROBUST"", ""NULL-COMPATIBLE""]"
app-1701-A-single_dan,B,A,unpaired,learned_state_comparison,0.1063423460531761,0.112911179723297,dimensionless frozen model readout,[-1],False,R,[1],"[""ROBUST ONLY UNDER RESTRICTED CONDITIONAL FAMILY"", ""TRANSFER-SENSITIVE / NON-ROBUST"", ""NULL-COMPATIBLE""]"
app-1701-A-single_dan,B,A,unpaired,learned_state_comparison,0.1063423460531761,0.112911179723297,dimensionless frozen model readout,[-1],False,WP,"[-1, 0]","[""ROBUST ONLY UNDER RESTRICTED CONDITIONAL FAMILY"", ""TRANSFER-SENSITIVE / NON-ROBUST"", ""NULL-COMPATIBLE""]"
app-1701-A-single_dan,B,A,unpaired,learned_state_comparison,0.1063423460531761,0.112911179723297,dimensionless frozen model readout,[-1],False,WR,"[0, 1]","[""ROBUST ONLY UNDER RESTRICTED CONDITIONAL FAMILY"", ""TRANSFER-SENSITIVE / NON-ROBUST"", ""NULL-COMPATIBLE""]"
app-1701-A-single_dan,B,A,unpaired,learned_state_comparison,0.1063423460531761,0.112911179723297,dimensionless frozen model readout,[-1],False,H,"[-1, 0, 1]","[""ROBUST ONLY UNDER RESTRICTED CONDITIONAL FAMILY"", ""TRANSFER-SENSITIVE / NON-ROBUST"", ""NULL-COMPATIBLE""]"
app-1701-A-single_dan,B,A,unpaired,learned_state_comparison,0.1063423460531761,0.112911179723297,dimensionless frozen model readout,[-1],False,U,"[-1, 0, 1]","[""ROBUST ONLY UNDER RESTRICTED CONDITIONAL FAMILY"", ""TRANSFER-SENSITIVE / NON-ROBUST"", ""NULL-COMPATIBLE""]"
app-1701-A-single_dan,B,A,unpaired,learned_state_comparison,0.1063423460531761,0.112911179723297,dimensionless frozen model readout,[-1],False,N,"[-1, 0, 1]","[""ROBUST ONLY UNDER RESTRICTED CONDITIONAL FAMILY"", ""TRANSFER-SENSITIVE / NON-ROBUST"", ""NULL-COMPATIBLE""]"
app-1701-B-single_dan,A,B,unpaired,response_change,0.06388920225571633,0.07078002072329878,dimensionless frozen model readout,[-1],False,E,"[-1, 0, 1]","[""ROBUST ONLY UNDER RESTRICTED CONDITIONAL FAMILY"", ""TRANSFER-SENSITIVE / NON-ROBUST"", ""NULL-COMPATIBLE""]"
app-1701-B-single_dan,A,B,unpaired,response_change,0.06388920225571633,0.07078002072329878,dimensionless frozen model readout,[-1],False,Z,[0],"[""ROBUST ONLY UNDER RESTRICTED CONDITIONAL FAMILY"", ""TRANSFER-SENSITIVE / NON-ROBUST"", ""NULL-COMPATIBLE""]"
app-1701-B-single_dan,A,B,unpaired,response_change,0.06388920225571633,0.07078002072329878,dimensionless frozen model readout,[-1],False,P,[-1],"[""ROBUST ONLY UNDER RESTRICTED CONDITIONAL FAMILY"", ""TRANSFER-SENSITIVE / NON-ROBUST"", ""NULL-COMPATIBLE""]"
app-1701-B-single_dan,A,B,unpaired,response_change,0.06388920225571633,0.07078002072329878,dimensionless frozen model readout,[-1],False,R,[1],"[""ROBUST ONLY UNDER RESTRICTED CONDITIONAL FAMILY"", ""TRANSFER-SENSITIVE / NON-ROBUST"", ""NULL-COMPATIBLE""]"
app-1701-B-single_dan,A,B,unpaired,response_change,0.06388920225571633,0.07078002072329878,dimensionless frozen model readout,[-1],False,WP,"[-1, 0]","[""ROBUST ONLY UNDER RESTRICTED CONDITIONAL FAMILY"", ""TRANSFER-SENSITIVE / NON-ROBUST"", ""NULL-COMPATIBLE""]"
app-1701-B-single_dan,A,B,unpaired,response_change,0.06388920225571633,0.07078002072329878,dimensionless frozen model readout,[-1],False,WR,"[0, 1]","[""ROBUST ONLY UNDER RESTRICTED CONDITIONAL FAMILY"", ""TRANSFER-SENSITIVE / NON-ROBUST"", ""NULL-COMPATIBLE""]"
app-1701-B-single_dan,A,B,unpaired,response_change,0.06388920225571633,0.07078002072329878,dimensionless frozen model readout,[-1],False,H,"[-1, 0, 1]","[""ROBUST ONLY UNDER RESTRICTED CONDITIONAL FAMILY"", ""TRANSFER-SENSITIVE / NON-ROBUST"", ""NULL-COMPATIBLE""]"
app-1701-B-single_dan,A,B,unpaired,response_change,0.06388920225571633,0.07078002072329878,dimensionless frozen model readout,[-1],False,U,"[-1, 0, 1]","[""ROBUST ONLY UNDER RESTRICTED CONDITIONAL FAMILY"", ""TRANSFER-SENSITIVE / NON-ROBUST"", ""NULL-COMPATIBLE""]"
app-1701-B-single_dan,A,B,unpaired,response_change,0.06388920225571633,0.07078002072329878,dimensionless frozen model readout,[-1],False,N,"[-1, 0, 1]","[""ROBUST ONLY UNDER RESTRICTED CONDITIONAL FAMILY"", ""TRANSFER-SENSITIVE / NON-ROBUST"", ""NULL-COMPATIBLE""]"
app-1701-B-single_dan,A,B,unpaired,restoration_check,0.07078002072329878,0.07078002072329878,dimensionless frozen model readout,[0],False,E,"[-1, 0, 1]","[""ROBUST ONLY UNDER RESTRICTED CONDITIONAL FAMILY"", ""TRANSFER-SENSITIVE / NON-ROBUST"", ""NULL-COMPATIBLE""]"
app-1701-B-single_dan,A,B,unpaired,restoration_check,0.07078002072329878,0.07078002072329878,dimensionless frozen model readout,[0],False,Z,[0],"[""ROBUST ONLY UNDER RESTRICTED CONDITIONAL FAMILY"", ""TRANSFER-SENSITIVE / NON-ROBUST"", ""NULL-COMPATIBLE""]"
app-1701-B-single_dan,A,B,unpaired,restoration_check,0.07078002072329878,0.07078002072329878,dimensionless frozen model readout,[0],False,P,[0],"[""ROBUST ONLY UNDER RESTRICTED CONDITIONAL FAMILY"", ""TRANSFER-SENSITIVE / NON-ROBUST"", ""NULL-COMPATIBLE""]"
app-1701-B-single_dan,A,B,unpaired,restoration_check,0.07078002072329878,0.07078002072329878,dimensionless frozen model readout,[0],False,R,[0],"[""ROBUST ONLY UNDER RESTRICTED CONDITIONAL FAMILY"", ""TRANSFER-SENSITIVE / NON-ROBUST"", ""NULL-COMPATIBLE""]"
app-1701-B-single_dan,A,B,unpaired,restoration_check,0.07078002072329878,0.07078002072329878,dimensionless frozen model readout,[0],False,WP,[0],"[""ROBUST ONLY UNDER RESTRICTED CONDITIONAL FAMILY"", ""TRANSFER-SENSITIVE / NON-ROBUST"", ""NULL-COMPATIBLE""]"
app-1701-B-single_dan,A,B,unpaired,restoration_check,0.07078002072329878,0.07078002072329878,dimensionless frozen model readout,[0],False,WR,[0],"[""ROBUST ONLY UNDER RESTRICTED CONDITIONAL FAMILY"", ""TRANSFER-SENSITIVE / NON-ROBUST"", ""NULL-COMPATIBLE""]"
app-1701-B-single_dan,A,B,unpaired,restoration_check,0.07078002072329878,0.07078002072329878,dimensionless frozen model readout,[0],False,H,[0],"[""ROBUST ONLY UNDER RESTRICTED CONDITIONAL FAMILY"", ""TRANSFER-SENSITIVE / NON-ROBUST"", ""NULL-COMPATIBLE""]"
app-1701-B-single_dan,A,B,unpaired,restoration_check,0.07078002072329878,0.07078002072329878,dimensionless frozen model readout,[0],False,U,[0],"[""ROBUST ONLY UNDER RESTRICTED CONDITIONAL FAMILY"", ""TRANSFER-SENSITIVE / NON-ROBUST"", ""NULL-COMPATIBLE""]"
app-1701-B-single_dan,A,B,unpaired,restoration_check,0.07078002072329878,0.07078002072329878,dimensionless frozen model readout,[0],False,N,"[-1, 0, 1]","[""ROBUST ONLY UNDER RESTRICTED CONDITIONAL FAMILY"", ""TRANSFER-SENSITIVE / NON-ROBUST"", ""NULL-COMPATIBLE""]"
app-1701-B-single_dan,A,B,unpaired,plastic_state_retention,0.06388920225571633,0.07078002072329878,dimensionless frozen model readout,[-1],False,E,"[-1, 0, 1]","[""ROBUST ONLY UNDER RESTRICTED CONDITIONAL FAMILY"", ""TRANSFER-SENSITIVE / NON-ROBUST"", ""NULL-COMPATIBLE""]"
app-1701-B-single_dan,A,B,unpaired,plastic_state_retention,0.06388920225571633,0.07078002072329878,dimensionless frozen model readout,[-1],False,Z,[0],"[""ROBUST ONLY UNDER RESTRICTED CONDITIONAL FAMILY"", ""TRANSFER-SENSITIVE / NON-ROBUST"", ""NULL-COMPATIBLE""]"
app-1701-B-single_dan,A,B,unpaired,plastic_state_retention,0.06388920225571633,0.07078002072329878,dimensionless frozen model readout,[-1],False,P,[-1],"[""ROBUST ONLY UNDER RESTRICTED CONDITIONAL FAMILY"", ""TRANSFER-SENSITIVE / NON-ROBUST"", ""NULL-COMPATIBLE""]"
app-1701-B-single_dan,A,B,unpaired,plastic_state_retention,0.06388920225571633,0.07078002072329878,dimensionless frozen model readout,[-1],False,R,[1],"[""ROBUST ONLY UNDER RESTRICTED CONDITIONAL FAMILY"", ""TRANSFER-SENSITIVE / NON-ROBUST"", ""NULL-COMPATIBLE""]"
app-1701-B-single_dan,A,B,unpaired,plastic_state_retention,0.06388920225571633,0.07078002072329878,dimensionless frozen model readout,[-1],False,WP,"[-1, 0]","[""ROBUST ONLY UNDER RESTRICTED CONDITIONAL FAMILY"", ""TRANSFER-SENSITIVE / NON-ROBUST"", ""NULL-COMPATIBLE""]"
app-1701-B-single_dan,A,B,unpaired,plastic_state_retention,0.06388920225571633,0.07078002072329878,dimensionless frozen model readout,[-1],False,WR,"[0, 1]","[""ROBUST ONLY UNDER RESTRICTED CONDITIONAL FAMILY"", ""TRANSFER-SENSITIVE / NON-ROBUST"", ""NULL-COMPATIBLE""]"
app-1701-B-single_dan,A,B,unpaired,plastic_state_retention,0.06388920225571633,0.07078002072329878,dimensionless frozen model readout,[-1],False,H,"[-1, 0, 1]","[""ROBUST ONLY UNDER RESTRICTED CONDITIONAL FAMILY"", ""TRANSFER-SENSITIVE / NON-ROBUST"", ""NULL-COMPATIBLE""]"
app-1701-B-single_dan,A,B,unpaired,plastic_state_retention,0.06388920225571633,0.07078002072329878,dimensionless frozen model readout,[-1],False,U,"[-1, 0, 1]","[""ROBUST ONLY UNDER RESTRICTED CONDITIONAL FAMILY"", ""TRANSFER-SENSITIVE / NON-ROBUST"", ""NULL-COMPATIBLE""]"
app-1701-B-single_dan,A,B,unpaired,plastic_state_retention,0.06388920225571633,0.07078002072329878,dimensionless frozen model readout,[-1],False,N,"[-1, 0, 1]","[""ROBUST ONLY UNDER RESTRICTED CONDITIONAL FAMILY"", ""TRANSFER-SENSITIVE / NON-ROBUST"", ""NULL-COMPATIBLE""]"
app-1701-B-single_dan,A,B,unpaired,learned_state_comparison,0.06388920225571633,0.07078002072329878,dimensionless frozen model readout,[-1],False,E,"[-1, 0, 1]","[""ROBUST ONLY UNDER RESTRICTED CONDITIONAL FAMILY"", ""TRANSFER-SENSITIVE / NON-ROBUST"", ""NULL-COMPATIBLE""]"
app-1701-B-single_dan,A,B,unpaired,learned_state_comparison,0.06388920225571633,0.07078002072329878,dimensionless frozen model readout,[-1],False,Z,[0],"[""ROBUST ONLY UNDER RESTRICTED CONDITIONAL FAMILY"", ""TRANSFER-SENSITIVE / NON-ROBUST"", ""NULL-COMPATIBLE""]"
app-1701-B-single_dan,A,B,unpaired,learned_state_comparison,0.06388920225571633,0.07078002072329878,dimensionless frozen model readout,[-1],False,P,[-1],"[""ROBUST ONLY UNDER RESTRICTED CONDITIONAL FAMILY"", ""TRANSFER-SENSITIVE / NON-ROBUST"", ""NULL-COMPATIBLE""]"
app-1701-B-single_dan,A,B,unpaired,learned_state_comparison,0.06388920225571633,0.07078002072329878,dimensionless frozen model readout,[-1],False,R,[1],"[""ROBUST ONLY UNDER RESTRICTED CONDITIONAL FAMILY"", ""TRANSFER-SENSITIVE / NON-ROBUST"", ""NULL-COMPATIBLE""]"
app-1701-B-single_dan,A,B,unpaired,learned_state_comparison,0.06388920225571633,0.07078002072329878,dimensionless frozen model readout,[-1],False,WP,"[-1, 0]","[""ROBUST ONLY UNDER RESTRICTED CONDITIONAL FAMILY"", ""TRANSFER-SENSITIVE / NON-ROBUST"", ""NULL-COMPATIBLE""]"
app-1701-B-single_dan,A,B,unpaired,learned_state_comparison,0.06388920225571633,0.07078002072329878,dimensionless frozen model readout,[-1],False,WR,"[0, 1]","[""ROBUST ONLY UNDER RESTRICTED CONDITIONAL FAMILY"", ""TRANSFER-SENSITIVE / NON-ROBUST"", ""NULL-COMPATIBLE""]"
app-1701-B-single_dan,A,B,unpaired,learned_state_comparison,0.06388920225571633,0.07078002072329878,dimensionless frozen model readout,[-1],False,H,"[-1, 0, 1]","[""ROBUST ONLY UNDER RESTRICTED CONDITIONAL FAMILY"", ""TRANSFER-SENSITIVE / NON-ROBUST"", ""NULL-COMPATIBLE""]"
app-1701-B-single_dan,A,B,unpaired,learned_state_comparison,0.06388920225571633,0.07078002072329878,dimensionless frozen model readout,[-1],False,U,"[-1, 0, 1]","[""ROBUST ONLY UNDER RESTRICTED CONDITIONAL FAMILY"", ""TRANSFER-SENSITIVE / NON-ROBUST"", ""NULL-COMPATIBLE""]"
app-1701-B-single_dan,A,B,unpaired,learned_state_comparison,0.06388920225571633,0.07078002072329878,dimensionless frozen model readout,[-1],False,N,"[-1, 0, 1]","[""ROBUST ONLY UNDER RESTRICTED CONDITIONAL FAMILY"", ""TRANSFER-SENSITIVE / NON-ROBUST"", ""NULL-COMPATIBLE""]"
app-1701-B-single_dan,B,B,paired,response_change,0.06296724217508404,0.112911179723297,dimensionless frozen model readout,[-1],False,E,"[-1, 0, 1]","[""ROBUST ONLY UNDER RESTRICTED CONDITIONAL FAMILY"", ""TRANSFER-SENSITIVE / NON-ROBUST"", ""NULL-COMPATIBLE""]"
app-1701-B-single_dan,B,B,paired,response_change,0.06296724217508404,0.112911179723297,dimensionless frozen model readout,[-1],False,Z,[0],"[""ROBUST ONLY UNDER RESTRICTED CONDITIONAL FAMILY"", ""TRANSFER-SENSITIVE / NON-ROBUST"", ""NULL-COMPATIBLE""]"
app-1701-B-single_dan,B,B,paired,response_change,0.06296724217508404,0.112911179723297,dimensionless frozen model readout,[-1],False,P,[-1],"[""ROBUST ONLY UNDER RESTRICTED CONDITIONAL FAMILY"", ""TRANSFER-SENSITIVE / NON-ROBUST"", ""NULL-COMPATIBLE""]"
app-1701-B-single_dan,B,B,paired,response_change,0.06296724217508404,0.112911179723297,dimensionless frozen model readout,[-1],False,R,[1],"[""ROBUST ONLY UNDER RESTRICTED CONDITIONAL FAMILY"", ""TRANSFER-SENSITIVE / NON-ROBUST"", ""NULL-COMPATIBLE""]"
app-1701-B-single_dan,B,B,paired,response_change,0.06296724217508404,0.112911179723297,dimensionless frozen model readout,[-1],False,WP,"[-1, 0]","[""ROBUST ONLY UNDER RESTRICTED CONDITIONAL FAMILY"", ""TRANSFER-SENSITIVE / NON-ROBUST"", ""NULL-COMPATIBLE""]"
app-1701-B-single_dan,B,B,paired,response_change,0.06296724217508404,0.112911179723297,dimensionless frozen model readout,[-1],False,WR,"[0, 1]","[""ROBUST ONLY UNDER RESTRICTED CONDITIONAL FAMILY"", ""TRANSFER-SENSITIVE / NON-ROBUST"", ""NULL-COMPATIBLE""]"
app-1701-B-single_dan,B,B,paired,response_change,0.06296724217508404,0.112911179723297,dimensionless frozen model readout,[-1],False,H,"[-1, 0, 1]","[""ROBUST ONLY UNDER RESTRICTED CONDITIONAL FAMILY"", ""TRANSFER-SENSITIVE / NON-ROBUST"", ""NULL-COMPATIBLE""]"
app-1701-B-single_dan,B,B,paired,response_change,0.06296724217508404,0.112911179723297,dimensionless frozen model readout,[-1],False,U,"[-1, 0, 1]","[""ROBUST ONLY UNDER RESTRICTED CONDITIONAL FAMILY"", ""TRANSFER-SENSITIVE / NON-ROBUST"", ""NULL-COMPATIBLE""]"
app-1701-B-single_dan,B,B,paired,response_change,0.06296724217508404,0.112911179723297,dimensionless frozen model readout,[-1],False,N,"[-1, 0, 1]","[""ROBUST ONLY UNDER RESTRICTED CONDITIONAL FAMILY"", ""TRANSFER-SENSITIVE / NON-ROBUST"", ""NULL-COMPATIBLE""]"
app-1701-B-single_dan,B,B,paired,restoration_check,0.112911179723297,0.112911179723297,dimensionless frozen model readout,[0],False,E,"[-1, 0, 1]","[""ROBUST ONLY UNDER RESTRICTED CONDITIONAL FAMILY"", ""TRANSFER-SENSITIVE / NON-ROBUST"", ""NULL-COMPATIBLE""]"
app-1701-B-single_dan,B,B,paired,restoration_check,0.112911179723297,0.112911179723297,dimensionless frozen model readout,[0],False,Z,[0],"[""ROBUST ONLY UNDER RESTRICTED CONDITIONAL FAMILY"", ""TRANSFER-SENSITIVE / NON-ROBUST"", ""NULL-COMPATIBLE""]"
app-1701-B-single_dan,B,B,paired,restoration_check,0.112911179723297,0.112911179723297,dimensionless frozen model readout,[0],False,P,[0],"[""ROBUST ONLY UNDER RESTRICTED CONDITIONAL FAMILY"", ""TRANSFER-SENSITIVE / NON-ROBUST"", ""NULL-COMPATIBLE""]"
app-1701-B-single_dan,B,B,paired,restoration_check,0.112911179723297,0.112911179723297,dimensionless frozen model readout,[0],False,R,[0],"[""ROBUST ONLY UNDER RESTRICTED CONDITIONAL FAMILY"", ""TRANSFER-SENSITIVE / NON-ROBUST"", ""NULL-COMPATIBLE""]"
app-1701-B-single_dan,B,B,paired,restoration_check,0.112911179723297,0.112911179723297,dimensionless frozen model readout,[0],False,WP,[0],"[""ROBUST ONLY UNDER RESTRICTED CONDITIONAL FAMILY"", ""TRANSFER-SENSITIVE / NON-ROBUST"", ""NULL-COMPATIBLE""]"
app-1701-B-single_dan,B,B,paired,restoration_check,0.112911179723297,0.112911179723297,dimensionless frozen model readout,[0],False,WR,[0],"[""ROBUST ONLY UNDER RESTRICTED CONDITIONAL FAMILY"", ""TRANSFER-SENSITIVE / NON-ROBUST"", ""NULL-COMPATIBLE""]"
app-1701-B-single_dan,B,B,paired,restoration_check,0.112911179723297,0.112911179723297,dimensionless frozen model readout,[0],False,H,[0],"[""ROBUST ONLY UNDER RESTRICTED CONDITIONAL FAMILY"", ""TRANSFER-SENSITIVE / NON-ROBUST"", ""NULL-COMPATIBLE""]"
app-1701-B-single_dan,B,B,paired,restoration_check,0.112911179723297,0.112911179723297,dimensionless frozen model readout,[0],False,U,[0],"[""ROBUST ONLY UNDER RESTRICTED CONDITIONAL FAMILY"", ""TRANSFER-SENSITIVE / NON-ROBUST"", ""NULL-COMPATIBLE""]"
app-1701-B-single_dan,B,B,paired,restoration_check,0.112911179723297,0.112911179723297,dimensionless frozen model readout,[0],False,N,"[-1, 0, 1]","[""ROBUST ONLY UNDER RESTRICTED CONDITIONAL FAMILY"", ""TRANSFER-SENSITIVE / NON-ROBUST"", ""NULL-COMPATIBLE""]"
app-1701-B-single_dan,B,B,paired,plastic_state_retention,0.06296724217508404,0.112911179723297,dimensionless frozen model readout,[-1],False,E,"[-1, 0, 1]","[""ROBUST ONLY UNDER RESTRICTED CONDITIONAL FAMILY"", ""TRANSFER-SENSITIVE / NON-ROBUST"", ""NULL-COMPATIBLE""]"
app-1701-B-single_dan,B,B,paired,plastic_state_retention,0.06296724217508404,0.112911179723297,dimensionless frozen model readout,[-1],False,Z,[0],"[""ROBUST ONLY UNDER RESTRICTED CONDITIONAL FAMILY"", ""TRANSFER-SENSITIVE / NON-ROBUST"", ""NULL-COMPATIBLE""]"
app-1701-B-single_dan,B,B,paired,plastic_state_retention,0.06296724217508404,0.112911179723297,dimensionless frozen model readout,[-1],False,P,[-1],"[""ROBUST ONLY UNDER RESTRICTED CONDITIONAL FAMILY"", ""TRANSFER-SENSITIVE / NON-ROBUST"", ""NULL-COMPATIBLE""]"
app-1701-B-single_dan,B,B,paired,plastic_state_retention,0.06296724217508404,0.112911179723297,dimensionless frozen model readout,[-1],False,R,[1],"[""ROBUST ONLY UNDER RESTRICTED CONDITIONAL FAMILY"", ""TRANSFER-SENSITIVE / NON-ROBUST"", ""NULL-COMPATIBLE""]"
app-1701-B-single_dan,B,B,paired,plastic_state_retention,0.06296724217508404,0.112911179723297,dimensionless frozen model readout,[-1],False,WP,"[-1, 0]","[""ROBUST ONLY UNDER RESTRICTED CONDITIONAL FAMILY"", ""TRANSFER-SENSITIVE / NON-ROBUST"", ""NULL-COMPATIBLE""]"
app-1701-B-single_dan,B,B,paired,plastic_state_retention,0.06296724217508404,0.112911179723297,dimensionless frozen model readout,[-1],False,WR,"[0, 1]","[""ROBUST ONLY UNDER RESTRICTED CONDITIONAL FAMILY"", ""TRANSFER-SENSITIVE / NON-ROBUST"", ""NULL-COMPATIBLE""]"
app-1701-B-single_dan,B,B,paired,plastic_state_retention,0.06296724217508404,0.112911179723297,dimensionless frozen model readout,[-1],False,H,"[-1, 0, 1]","[""ROBUST ONLY UNDER RESTRICTED CONDITIONAL FAMILY"", ""TRANSFER-SENSITIVE / NON-ROBUST"", ""NULL-COMPATIBLE""]"
app-1701-B-single_dan,B,B,paired,plastic_state_retention,0.06296724217508404,0.112911179723297,dimensionless frozen model readout,[-1],False,U,"[-1, 0, 1]","[""ROBUST ONLY UNDER RESTRICTED CONDITIONAL FAMILY"", ""TRANSFER-SENSITIVE / NON-ROBUST"", ""NULL-COMPATIBLE""]"
app-1701-B-single_dan,B,B,paired,plastic_state_retention,0.06296724217508404,0.112911179723297,dimensionless frozen model readout,[-1],False,N,"[-1, 0, 1]","[""ROBUST ONLY UNDER RESTRICTED CONDITIONAL FAMILY"", ""TRANSFER-SENSITIVE / NON-ROBUST"", ""NULL-COMPATIBLE""]"
app-1701-B-single_dan,B,B,paired,learned_state_comparison,0.06296724217508404,0.112911179723297,dimensionless frozen model readout,[-1],False,E,"[-1, 0, 1]","[""ROBUST ONLY UNDER RESTRICTED CONDITIONAL FAMILY"", ""TRANSFER-SENSITIVE / NON-ROBUST"", ""NULL-COMPATIBLE""]"
app-1701-B-single_dan,B,B,paired,learned_state_comparison,0.06296724217508404,0.112911179723297,dimensionless frozen model readout,[-1],False,Z,[0],"[""ROBUST ONLY UNDER RESTRICTED CONDITIONAL FAMILY"", ""TRANSFER-SENSITIVE / NON-ROBUST"", ""NULL-COMPATIBLE""]"
app-1701-B-single_dan,B,B,paired,learned_state_comparison,0.06296724217508404,0.112911179723297,dimensionless frozen model readout,[-1],False,P,[-1],"[""ROBUST ONLY UNDER RESTRICTED CONDITIONAL FAMILY"", ""TRANSFER-SENSITIVE / NON-ROBUST"", ""NULL-COMPATIBLE""]"
app-1701-B-single_dan,B,B,paired,learned_state_comparison,0.06296724217508404,0.112911179723297,dimensionless frozen model readout,[-1],False,R,[1],"[""ROBUST ONLY UNDER RESTRICTED CONDITIONAL FAMILY"", ""TRANSFER-SENSITIVE / NON-ROBUST"", ""NULL-COMPATIBLE""]"
app-1701-B-single_dan,B,B,paired,learned_state_comparison,0.06296724217508404,0.112911179723297,dimensionless frozen model readout,[-1],False,WP,"[-1, 0]","[""ROBUST ONLY UNDER RESTRICTED CONDITIONAL FAMILY"", ""TRANSFER-SENSITIVE / NON-ROBUST"", ""NULL-COMPATIBLE""]"
app-1701-B-single_dan,B,B,paired,learned_state_comparison,0.06296724217508404,0.112911179723297,dimensionless frozen model readout,[-1],False,WR,"[0, 1]","[""ROBUST ONLY UNDER RESTRICTED CONDITIONAL FAMILY"", ""TRANSFER-SENSITIVE / NON-ROBUST"", ""NULL-COMPATIBLE""]"
app-1701-B-single_dan,B,B,paired,learned_state_comparison,0.06296724217508404,0.112911179723297,dimensionless frozen model readout,[-1],False,H,"[-1, 0, 1]","[""ROBUST ONLY UNDER RESTRICTED CONDITIONAL FAMILY"", ""TRANSFER-SENSITIVE / NON-ROBUST"", ""NULL-COMPATIBLE""]"
app-1701-B-single_dan,B,B,paired,learned_state_comparison,0.06296724217508404,0.112911179723297,dimensionless frozen model readout,[-1],False,U,"[-1, 0, 1]","[""ROBUST ONLY UNDER RESTRICTED CONDITIONAL FAMILY"", ""TRANSFER-SENSITIVE / NON-ROBUST"", ""NULL-COMPATIBLE""]"
app-1701-B-single_dan,B,B,paired,learned_state_comparison,0.06296724217508404,0.112911179723297,dimensionless frozen model readout,[-1],False,N,"[-1, 0, 1]","[""ROBUST ONLY UNDER RESTRICTED CONDITIONAL FAMILY"", ""TRANSFER-SENSITIVE / NON-ROBUST"", ""NULL-COMPATIBLE""]"
app-1701-A-matched_dan,A,A,paired,response_change,0.031242881346135586,0.07078002072329878,dimensionless frozen model readout,[-1],False,E,"[-1, 0, 1]","[""ROBUST ONLY UNDER RESTRICTED CONDITIONAL FAMILY"", ""TRANSFER-SENSITIVE / NON-ROBUST"", ""NULL-COMPATIBLE""]"
app-1701-A-matched_dan,A,A,paired,response_change,0.031242881346135586,0.07078002072329878,dimensionless frozen model readout,[-1],False,Z,[0],"[""ROBUST ONLY UNDER RESTRICTED CONDITIONAL FAMILY"", ""TRANSFER-SENSITIVE / NON-ROBUST"", ""NULL-COMPATIBLE""]"
app-1701-A-matched_dan,A,A,paired,response_change,0.031242881346135586,0.07078002072329878,dimensionless frozen model readout,[-1],False,P,[-1],"[""ROBUST ONLY UNDER RESTRICTED CONDITIONAL FAMILY"", ""TRANSFER-SENSITIVE / NON-ROBUST"", ""NULL-COMPATIBLE""]"
app-1701-A-matched_dan,A,A,paired,response_change,0.031242881346135586,0.07078002072329878,dimensionless frozen model readout,[-1],False,R,[1],"[""ROBUST ONLY UNDER RESTRICTED CONDITIONAL FAMILY"", ""TRANSFER-SENSITIVE / NON-ROBUST"", ""NULL-COMPATIBLE""]"
app-1701-A-matched_dan,A,A,paired,response_change,0.031242881346135586,0.07078002072329878,dimensionless frozen model readout,[-1],False,WP,"[-1, 0]","[""ROBUST ONLY UNDER RESTRICTED CONDITIONAL FAMILY"", ""TRANSFER-SENSITIVE / NON-ROBUST"", ""NULL-COMPATIBLE""]"
app-1701-A-matched_dan,A,A,paired,response_change,0.031242881346135586,0.07078002072329878,dimensionless frozen model readout,[-1],False,WR,"[0, 1]","[""ROBUST ONLY UNDER RESTRICTED CONDITIONAL FAMILY"", ""TRANSFER-SENSITIVE / NON-ROBUST"", ""NULL-COMPATIBLE""]"
app-1701-A-matched_dan,A,A,paired,response_change,0.031242881346135586,0.07078002072329878,dimensionless frozen model readout,[-1],False,H,"[-1, 0, 1]","[""ROBUST ONLY UNDER RESTRICTED CONDITIONAL FAMILY"", ""TRANSFER-SENSITIVE / NON-ROBUST"", ""NULL-COMPATIBLE""]"
app-1701-A-matched_dan,A,A,paired,response_change,0.031242881346135586,0.07078002072329878,dimensionless frozen model readout,[-1],False,U,"[-1, 0, 1]","[""ROBUST ONLY UNDER RESTRICTED CONDITIONAL FAMILY"", ""TRANSFER-SENSITIVE / NON-ROBUST"", ""NULL-COMPATIBLE""]"
app-1701-A-matched_dan,A,A,paired,response_change,0.031242881346135586,0.07078002072329878,dimensionless frozen model readout,[-1],False,N,"[-1, 0, 1]","[""ROBUST ONLY UNDER RESTRICTED CONDITIONAL FAMILY"", ""TRANSFER-SENSITIVE / NON-ROBUST"", ""NULL-COMPATIBLE""]"
app-1701-A-matched_dan,A,A,paired,restoration_check,0.07078002072329878,0.07078002072329878,dimensionless frozen model readout,[0],False,E,"[-1, 0, 1]","[""ROBUST ONLY UNDER RESTRICTED CONDITIONAL FAMILY"", ""TRANSFER-SENSITIVE / NON-ROBUST"", ""NULL-COMPATIBLE""]"
app-1701-A-matched_dan,A,A,paired,restoration_check,0.07078002072329878,0.07078002072329878,dimensionless frozen model readout,[0],False,Z,[0],"[""ROBUST ONLY UNDER RESTRICTED CONDITIONAL FAMILY"", ""TRANSFER-SENSITIVE / NON-ROBUST"", ""NULL-COMPATIBLE""]"
app-1701-A-matched_dan,A,A,paired,restoration_check,0.07078002072329878,0.07078002072329878,dimensionless frozen model readout,[0],False,P,[0],"[""ROBUST ONLY UNDER RESTRICTED CONDITIONAL FAMILY"", ""TRANSFER-SENSITIVE / NON-ROBUST"", ""NULL-COMPATIBLE""]"
app-1701-A-matched_dan,A,A,paired,restoration_check,0.07078002072329878,0.07078002072329878,dimensionless frozen model readout,[0],False,R,[0],"[""ROBUST ONLY UNDER RESTRICTED CONDITIONAL FAMILY"", ""TRANSFER-SENSITIVE / NON-ROBUST"", ""NULL-COMPATIBLE""]"
app-1701-A-matched_dan,A,A,paired,restoration_check,0.07078002072329878,0.07078002072329878,dimensionless frozen model readout,[0],False,WP,[0],"[""ROBUST ONLY UNDER RESTRICTED CONDITIONAL FAMILY"", ""TRANSFER-SENSITIVE / NON-ROBUST"", ""NULL-COMPATIBLE""]"
app-1701-A-matched_dan,A,A,paired,restoration_check,0.07078002072329878,0.07078002072329878,dimensionless frozen model readout,[0],False,WR,[0],"[""ROBUST ONLY UNDER RESTRICTED CONDITIONAL FAMILY"", ""TRANSFER-SENSITIVE / NON-ROBUST"", ""NULL-COMPATIBLE""]"
app-1701-A-matched_dan,A,A,paired,restoration_check,0.07078002072329878,0.07078002072329878,dimensionless frozen model readout,[0],False,H,[0],"[""ROBUST ONLY UNDER RESTRICTED CONDITIONAL FAMILY"", ""TRANSFER-SENSITIVE / NON-ROBUST"", ""NULL-COMPATIBLE""]"
app-1701-A-matched_dan,A,A,paired,restoration_check,0.07078002072329878,0.07078002072329878,dimensionless frozen model readout,[0],False,U,[0],"[""ROBUST ONLY UNDER RESTRICTED CONDITIONAL FAMILY"", ""TRANSFER-SENSITIVE / NON-ROBUST"", ""NULL-COMPATIBLE""]"
app-1701-A-matched_dan,A,A,paired,restoration_check,0.07078002072329878,0.07078002072329878,dimensionless frozen model readout,[0],False,N,"[-1, 0, 1]","[""ROBUST ONLY UNDER RESTRICTED CONDITIONAL FAMILY"", ""TRANSFER-SENSITIVE / NON-ROBUST"", ""NULL-COMPATIBLE""]"
app-1701-A-matched_dan,A,A,paired,plastic_state_retention,0.031242881346135586,0.07078002072329878,dimensionless frozen model readout,[-1],False,E,"[-1, 0, 1]","[""ROBUST ONLY UNDER RESTRICTED CONDITIONAL FAMILY"", ""TRANSFER-SENSITIVE / NON-ROBUST"", ""NULL-COMPATIBLE""]"
app-1701-A-matched_dan,A,A,paired,plastic_state_retention,0.031242881346135586,0.07078002072329878,dimensionless frozen model readout,[-1],False,Z,[0],"[""ROBUST ONLY UNDER RESTRICTED CONDITIONAL FAMILY"", ""TRANSFER-SENSITIVE / NON-ROBUST"", ""NULL-COMPATIBLE""]"
app-1701-A-matched_dan,A,A,paired,plastic_state_retention,0.031242881346135586,0.07078002072329878,dimensionless frozen model readout,[-1],False,P,[-1],"[""ROBUST ONLY UNDER RESTRICTED CONDITIONAL FAMILY"", ""TRANSFER-SENSITIVE / NON-ROBUST"", ""NULL-COMPATIBLE""]"
app-1701-A-matched_dan,A,A,paired,plastic_state_retention,0.031242881346135586,0.07078002072329878,dimensionless frozen model readout,[-1],False,R,[1],"[""ROBUST ONLY UNDER RESTRICTED CONDITIONAL FAMILY"", ""TRANSFER-SENSITIVE / NON-ROBUST"", ""NULL-COMPATIBLE""]"
app-1701-A-matched_dan,A,A,paired,plastic_state_retention,0.031242881346135586,0.07078002072329878,dimensionless frozen model readout,[-1],False,WP,"[-1, 0]","[""ROBUST ONLY UNDER RESTRICTED CONDITIONAL FAMILY"", ""TRANSFER-SENSITIVE / NON-ROBUST"", ""NULL-COMPATIBLE""]"
app-1701-A-matched_dan,A,A,paired,plastic_state_retention,0.031242881346135586,0.07078002072329878,dimensionless frozen model readout,[-1],False,WR,"[0, 1]","[""ROBUST ONLY UNDER RESTRICTED CONDITIONAL FAMILY"", ""TRANSFER-SENSITIVE / NON-ROBUST"", ""NULL-COMPATIBLE""]"
app-1701-A-matched_dan,A,A,paired,plastic_state_retention,0.031242881346135586,0.07078002072329878,dimensionless frozen model readout,[-1],False,H,"[-1, 0, 1]","[""ROBUST ONLY UNDER RESTRICTED CONDITIONAL FAMILY"", ""TRANSFER-SENSITIVE / NON-ROBUST"", ""NULL-COMPATIBLE""]"
app-1701-A-matched_dan,A,A,paired,plastic_state_retention,0.031242881346135586,0.07078002072329878,dimensionless frozen model readout,[-1],False,U,"[-1, 0, 1]","[""ROBUST ONLY UNDER RESTRICTED CONDITIONAL FAMILY"", ""TRANSFER-SENSITIVE / NON-ROBUST"", ""NULL-COMPATIBLE""]"
app-1701-A-matched_dan,A,A,paired,plastic_state_retention,0.031242881346135586,0.07078002072329878,dimensionless frozen model readout,[-1],False,N,"[-1, 0, 1]","[""ROBUST ONLY UNDER RESTRICTED CONDITIONAL FAMILY"", ""TRANSFER-SENSITIVE / NON-ROBUST"", ""NULL-COMPATIBLE""]"
app-1701-A-matched_dan,A,A,paired,learned_state_comparison,0.031242881346135586,0.07078002072329878,dimensionless frozen model readout,[-1],False,E,"[-1, 0, 1]","[""ROBUST ONLY UNDER RESTRICTED CONDITIONAL FAMILY"", ""TRANSFER-SENSITIVE / NON-ROBUST"", ""NULL-COMPATIBLE""]"
app-1701-A-matched_dan,A,A,paired,learned_state_comparison,0.031242881346135586,0.07078002072329878,dimensionless frozen model readout,[-1],False,Z,[0],"[""ROBUST ONLY UNDER RESTRICTED CONDITIONAL FAMILY"", ""TRANSFER-SENSITIVE / NON-ROBUST"", ""NULL-COMPATIBLE""]"
app-1701-A-matched_dan,A,A,paired,learned_state_comparison,0.031242881346135586,0.07078002072329878,dimensionless frozen model readout,[-1],False,P,[-1],"[""ROBUST ONLY UNDER RESTRICTED CONDITIONAL FAMILY"", ""TRANSFER-SENSITIVE / NON-ROBUST"", ""NULL-COMPATIBLE""]"
app-1701-A-matched_dan,A,A,paired,learned_state_comparison,0.031242881346135586,0.07078002072329878,dimensionless frozen model readout,[-1],False,R,[1],"[""ROBUST ONLY UNDER RESTRICTED CONDITIONAL FAMILY"", ""TRANSFER-SENSITIVE / NON-ROBUST"", ""NULL-COMPATIBLE""]"
app-1701-A-matched_dan,A,A,paired,learned_state_comparison,0.031242881346135586,0.07078002072329878,dimensionless frozen model readout,[-1],False,WP,"[-1, 0]","[""ROBUST ONLY UNDER RESTRICTED CONDITIONAL FAMILY"", ""TRANSFER-SENSITIVE / NON-ROBUST"", ""NULL-COMPATIBLE""]"
app-1701-A-matched_dan,A,A,paired,learned_state_comparison,0.031242881346135586,0.07078002072329878,dimensionless frozen model readout,[-1],False,WR,"[0, 1]","[""ROBUST ONLY UNDER RESTRICTED CONDITIONAL FAMILY"", ""TRANSFER-SENSITIVE / NON-ROBUST"", ""NULL-COMPATIBLE""]"
app-1701-A-matched_dan,A,A,paired,learned_state_comparison,0.031242881346135586,0.07078002072329878,dimensionless frozen model readout,[-1],False,H,"[-1, 0, 1]","[""ROBUST ONLY UNDER RESTRICTED CONDITIONAL FAMILY"", ""TRANSFER-SENSITIVE / NON-ROBUST"", ""NULL-COMPATIBLE""]"
app-1701-A-matched_dan,A,A,paired,learned_state_comparison,0.031242881346135586,0.07078002072329878,dimensionless frozen model readout,[-1],False,U,"[-1, 0, 1]","[""ROBUST ONLY UNDER RESTRICTED CONDITIONAL FAMILY"", ""TRANSFER-SENSITIVE / NON-ROBUST"", ""NULL-COMPATIBLE""]"
app-1701-A-matched_dan,A,A,paired,learned_state_comparison,0.031242881346135586,0.07078002072329878,dimensionless frozen model readout,[-1],False,N,"[-1, 0, 1]","[""ROBUST ONLY UNDER RESTRICTED CONDITIONAL FAMILY"", ""TRANSFER-SENSITIVE / NON-ROBUST"", ""NULL-COMPATIBLE""]"
app-1701-A-matched_dan,B,A,unpaired,response_change,0.10623365142923634,0.112911179723297,dimensionless frozen model readout,[-1],False,E,"[-1, 0, 1]","[""ROBUST ONLY UNDER RESTRICTED CONDITIONAL FAMILY"", ""TRANSFER-SENSITIVE / NON-ROBUST"", ""NULL-COMPATIBLE""]"
app-1701-A-matched_dan,B,A,unpaired,response_change,0.10623365142923634,0.112911179723297,dimensionless frozen model readout,[-1],False,Z,[0],"[""ROBUST ONLY UNDER RESTRICTED CONDITIONAL FAMILY"", ""TRANSFER-SENSITIVE / NON-ROBUST"", ""NULL-COMPATIBLE""]"
app-1701-A-matched_dan,B,A,unpaired,response_change,0.10623365142923634,0.112911179723297,dimensionless frozen model readout,[-1],False,P,[-1],"[""ROBUST ONLY UNDER RESTRICTED CONDITIONAL FAMILY"", ""TRANSFER-SENSITIVE / NON-ROBUST"", ""NULL-COMPATIBLE""]"
app-1701-A-matched_dan,B,A,unpaired,response_change,0.10623365142923634,0.112911179723297,dimensionless frozen model readout,[-1],False,R,[1],"[""ROBUST ONLY UNDER RESTRICTED CONDITIONAL FAMILY"", ""TRANSFER-SENSITIVE / NON-ROBUST"", ""NULL-COMPATIBLE""]"
app-1701-A-matched_dan,B,A,unpaired,response_change,0.10623365142923634,0.112911179723297,dimensionless frozen model readout,[-1],False,WP,"[-1, 0]","[""ROBUST ONLY UNDER RESTRICTED CONDITIONAL FAMILY"", ""TRANSFER-SENSITIVE / NON-ROBUST"", ""NULL-COMPATIBLE""]"
app-1701-A-matched_dan,B,A,unpaired,response_change,0.10623365142923634,0.112911179723297,dimensionless frozen model readout,[-1],False,WR,"[0, 1]","[""ROBUST ONLY UNDER RESTRICTED CONDITIONAL FAMILY"", ""TRANSFER-SENSITIVE / NON-ROBUST"", ""NULL-COMPATIBLE""]"
app-1701-A-matched_dan,B,A,unpaired,response_change,0.10623365142923634,0.112911179723297,dimensionless frozen model readout,[-1],False,H,"[-1, 0, 1]","[""ROBUST ONLY UNDER RESTRICTED CONDITIONAL FAMILY"", ""TRANSFER-SENSITIVE / NON-ROBUST"", ""NULL-COMPATIBLE""]"
app-1701-A-matched_dan,B,A,unpaired,response_change,0.10623365142923634,0.112911179723297,dimensionless frozen model readout,[-1],False,U,"[-1, 0, 1]","[""ROBUST ONLY UNDER RESTRICTED CONDITIONAL FAMILY"", ""TRANSFER-SENSITIVE / NON-ROBUST"", ""NULL-COMPATIBLE""]"
app-1701-A-matched_dan,B,A,unpaired,response_change,0.10623365142923634,0.112911179723297,dimensionless frozen model readout,[-1],False,N,"[-1, 0, 1]","[""ROBUST ONLY UNDER RESTRICTED CONDITIONAL FAMILY"", ""TRANSFER-SENSITIVE / NON-ROBUST"", ""NULL-COMPATIBLE""]"
app-1701-A-matched_dan,B,A,unpaired,restoration_check,0.112911179723297,0.112911179723297,dimensionless frozen model readout,[0],False,E,"[-1, 0, 1]","[""ROBUST ONLY UNDER RESTRICTED CONDITIONAL FAMILY"", ""TRANSFER-SENSITIVE / NON-ROBUST"", ""NULL-COMPATIBLE""]"
app-1701-A-matched_dan,B,A,unpaired,restoration_check,0.112911179723297,0.112911179723297,dimensionless frozen model readout,[0],False,Z,[0],"[""ROBUST ONLY UNDER RESTRICTED CONDITIONAL FAMILY"", ""TRANSFER-SENSITIVE / NON-ROBUST"", ""NULL-COMPATIBLE""]"
app-1701-A-matched_dan,B,A,unpaired,restoration_check,0.112911179723297,0.112911179723297,dimensionless frozen model readout,[0],False,P,[0],"[""ROBUST ONLY UNDER RESTRICTED CONDITIONAL FAMILY"", ""TRANSFER-SENSITIVE / NON-ROBUST"", ""NULL-COMPATIBLE""]"
app-1701-A-matched_dan,B,A,unpaired,restoration_check,0.112911179723297,0.112911179723297,dimensionless frozen model readout,[0],False,R,[0],"[""ROBUST ONLY UNDER RESTRICTED CONDITIONAL FAMILY"", ""TRANSFER-SENSITIVE / NON-ROBUST"", ""NULL-COMPATIBLE""]"
app-1701-A-matched_dan,B,A,unpaired,restoration_check,0.112911179723297,0.112911179723297,dimensionless frozen model readout,[0],False,WP,[0],"[""ROBUST ONLY UNDER RESTRICTED CONDITIONAL FAMILY"", ""TRANSFER-SENSITIVE / NON-ROBUST"", ""NULL-COMPATIBLE""]"
app-1701-A-matched_dan,B,A,unpaired,restoration_check,0.112911179723297,0.112911179723297,dimensionless frozen model readout,[0],False,WR,[0],"[""ROBUST ONLY UNDER RESTRICTED CONDITIONAL FAMILY"", ""TRANSFER-SENSITIVE / NON-ROBUST"", ""NULL-COMPATIBLE""]"
app-1701-A-matched_dan,B,A,unpaired,restoration_check,0.112911179723297,0.112911179723297,dimensionless frozen model readout,[0],False,H,[0],"[""ROBUST ONLY UNDER RESTRICTED CONDITIONAL FAMILY"", ""TRANSFER-SENSITIVE / NON-ROBUST"", ""NULL-COMPATIBLE""]"
app-1701-A-matched_dan,B,A,unpaired,restoration_check,0.112911179723297,0.112911179723297,dimensionless frozen model readout,[0],False,U,[0],"[""ROBUST ONLY UNDER RESTRICTED CONDITIONAL FAMILY"", ""TRANSFER-SENSITIVE / NON-ROBUST"", ""NULL-COMPATIBLE""]"
app-1701-A-matched_dan,B,A,unpaired,restoration_check,0.112911179723297,0.112911179723297,dimensionless frozen model readout,[0],False,N,"[-1, 0, 1]","[""ROBUST ONLY UNDER RESTRICTED CONDITIONAL FAMILY"", ""TRANSFER-SENSITIVE / NON-ROBUST"", ""NULL-COMPATIBLE""]"
app-1701-A-matched_dan,B,A,unpaired,plastic_state_retention,0.10623365142923634,0.112911179723297,dimensionless frozen model readout,[-1],False,E,"[-1, 0, 1]","[""ROBUST ONLY UNDER RESTRICTED CONDITIONAL FAMILY"", ""TRANSFER-SENSITIVE / NON-ROBUST"", ""NULL-COMPATIBLE""]"
app-1701-A-matched_dan,B,A,unpaired,plastic_state_retention,0.10623365142923634,0.112911179723297,dimensionless frozen model readout,[-1],False,Z,[0],"[""ROBUST ONLY UNDER RESTRICTED CONDITIONAL FAMILY"", ""TRANSFER-SENSITIVE / NON-ROBUST"", ""NULL-COMPATIBLE""]"
app-1701-A-matched_dan,B,A,unpaired,plastic_state_retention,0.10623365142923634,0.112911179723297,dimensionless frozen model readout,[-1],False,P,[-1],"[""ROBUST ONLY UNDER RESTRICTED CONDITIONAL FAMILY"", ""TRANSFER-SENSITIVE / NON-ROBUST"", ""NULL-COMPATIBLE""]"
app-1701-A-matched_dan,B,A,unpaired,plastic_state_retention,0.10623365142923634,0.112911179723297,dimensionless frozen model readout,[-1],False,R,[1],"[""ROBUST ONLY UNDER RESTRICTED CONDITIONAL FAMILY"", ""TRANSFER-SENSITIVE / NON-ROBUST"", ""NULL-COMPATIBLE""]"
app-1701-A-matched_dan,B,A,unpaired,plastic_state_retention,0.10623365142923634,0.112911179723297,dimensionless frozen model readout,[-1],False,WP,"[-1, 0]","[""ROBUST ONLY UNDER RESTRICTED CONDITIONAL FAMILY"", ""TRANSFER-SENSITIVE / NON-ROBUST"", ""NULL-COMPATIBLE""]"
app-1701-A-matched_dan,B,A,unpaired,plastic_state_retention,0.10623365142923634,0.112911179723297,dimensionless frozen model readout,[-1],False,WR,"[0, 1]","[""ROBUST ONLY UNDER RESTRICTED CONDITIONAL FAMILY"", ""TRANSFER-SENSITIVE / NON-ROBUST"", ""NULL-COMPATIBLE""]"
app-1701-A-matched_dan,B,A,unpaired,plastic_state_retention,0.10623365142923634,0.112911179723297,dimensionless frozen model readout,[-1],False,H,"[-1, 0, 1]","[""ROBUST ONLY UNDER RESTRICTED CONDITIONAL FAMILY"", ""TRANSFER-SENSITIVE / NON-ROBUST"", ""NULL-COMPATIBLE""]"
app-1701-A-matched_dan,B,A,unpaired,plastic_state_retention,0.10623365142923634,0.112911179723297,dimensionless frozen model readout,[-1],False,U,"[-1, 0, 1]","[""ROBUST ONLY UNDER RESTRICTED CONDITIONAL FAMILY"", ""TRANSFER-SENSITIVE / NON-ROBUST"", ""NULL-COMPATIBLE""]"
app-1701-A-matched_dan,B,A,unpaired,plastic_state_retention,0.10623365142923634,0.112911179723297,dimensionless frozen model readout,[-1],False,N,"[-1, 0, 1]","[""ROBUST ONLY UNDER RESTRICTED CONDITIONAL FAMILY"", ""TRANSFER-SENSITIVE / NON-ROBUST"", ""NULL-COMPATIBLE""]"
app-1701-A-matched_dan,B,A,unpaired,learned_state_comparison,0.10623365142923634,0.112911179723297,dimensionless frozen model readout,[-1],False,E,"[-1, 0, 1]","[""ROBUST ONLY UNDER RESTRICTED CONDITIONAL FAMILY"", ""TRANSFER-SENSITIVE / NON-ROBUST"", ""NULL-COMPATIBLE""]"
app-1701-A-matched_dan,B,A,unpaired,learned_state_comparison,0.10623365142923634,0.112911179723297,dimensionless frozen model readout,[-1],False,Z,[0],"[""ROBUST ONLY UNDER RESTRICTED CONDITIONAL FAMILY"", ""TRANSFER-SENSITIVE / NON-ROBUST"", ""NULL-COMPATIBLE""]"
app-1701-A-matched_dan,B,A,unpaired,learned_state_comparison,0.10623365142923634,0.112911179723297,dimensionless frozen model readout,[-1],False,P,[-1],"[""ROBUST ONLY UNDER RESTRICTED CONDITIONAL FAMILY"", ""TRANSFER-SENSITIVE / NON-ROBUST"", ""NULL-COMPATIBLE""]"
app-1701-A-matched_dan,B,A,unpaired,learned_state_comparison,0.10623365142923634,0.112911179723297,dimensionless frozen model readout,[-1],False,R,[1],"[""ROBUST ONLY UNDER RESTRICTED CONDITIONAL FAMILY"", ""TRANSFER-SENSITIVE / NON-ROBUST"", ""NULL-COMPATIBLE""]"
app-1701-A-matched_dan,B,A,unpaired,learned_state_comparison,0.10623365142923634,0.112911179723297,dimensionless frozen model readout,[-1],False,WP,"[-1, 0]","[""ROBUST ONLY UNDER RESTRICTED CONDITIONAL FAMILY"", ""TRANSFER-SENSITIVE / NON-ROBUST"", ""NULL-COMPATIBLE""]"
app-1701-A-matched_dan,B,A,unpaired,learned_state_comparison,0.10623365142923634,0.112911179723297,dimensionless frozen model readout,[-1],False,WR,"[0, 1]","[""ROBUST ONLY UNDER RESTRICTED CONDITIONAL FAMILY"", ""TRANSFER-SENSITIVE / NON-ROBUST"", ""NULL-COMPATIBLE""]"
app-1701-A-matched_dan,B,A,unpaired,learned_state_comparison,0.10623365142923634,0.112911179723297,dimensionless frozen model readout,[-1],False,H,"[-1, 0, 1]","[""ROBUST ONLY UNDER RESTRICTED CONDITIONAL FAMILY"", ""TRANSFER-SENSITIVE / NON-ROBUST"", ""NULL-COMPATIBLE""]"
app-1701-A-matched_dan,B,A,unpaired,learned_state_comparison,0.10623365142923634,0.112911179723297,dimensionless frozen model readout,[-1],False,U,"[-1, 0, 1]","[""ROBUST ONLY UNDER RESTRICTED CONDITIONAL FAMILY"", ""TRANSFER-SENSITIVE / NON-ROBUST"", ""NULL-COMPATIBLE""]"
app-1701-A-matched_dan,B,A,unpaired,learned_state_comparison,0.10623365142923634,0.112911179723297,dimensionless frozen model readout,[-1],False,N,"[-1, 0, 1]","[""ROBUST ONLY UNDER RESTRICTED CONDITIONAL FAMILY"", ""TRANSFER-SENSITIVE / NON-ROBUST"", ""NULL-COMPATIBLE""]"
app-1701-B-matched_dan,A,B,unpaired,response_change,0.06379344239588472,0.07078002072329878,dimensionless frozen model readout,[-1],False,E,"[-1, 0, 1]","[""ROBUST ONLY UNDER RESTRICTED CONDITIONAL FAMILY"", ""TRANSFER-SENSITIVE / NON-ROBUST"", ""NULL-COMPATIBLE""]"
app-1701-B-matched_dan,A,B,unpaired,response_change,0.06379344239588472,0.07078002072329878,dimensionless frozen model readout,[-1],False,Z,[0],"[""ROBUST ONLY UNDER RESTRICTED CONDITIONAL FAMILY"", ""TRANSFER-SENSITIVE / NON-ROBUST"", ""NULL-COMPATIBLE""]"
app-1701-B-matched_dan,A,B,unpaired,response_change,0.06379344239588472,0.07078002072329878,dimensionless frozen model readout,[-1],False,P,[-1],"[""ROBUST ONLY UNDER RESTRICTED CONDITIONAL FAMILY"", ""TRANSFER-SENSITIVE / NON-ROBUST"", ""NULL-COMPATIBLE""]"
app-1701-B-matched_dan,A,B,unpaired,response_change,0.06379344239588472,0.07078002072329878,dimensionless frozen model readout,[-1],False,R,[1],"[""ROBUST ONLY UNDER RESTRICTED CONDITIONAL FAMILY"", ""TRANSFER-SENSITIVE / NON-ROBUST"", ""NULL-COMPATIBLE""]"
app-1701-B-matched_dan,A,B,unpaired,response_change,0.06379344239588472,0.07078002072329878,dimensionless frozen model readout,[-1],False,WP,"[-1, 0]","[""ROBUST ONLY UNDER RESTRICTED CONDITIONAL FAMILY"", ""TRANSFER-SENSITIVE / NON-ROBUST"", ""NULL-COMPATIBLE""]"
app-1701-B-matched_dan,A,B,unpaired,response_change,0.06379344239588472,0.07078002072329878,dimensionless frozen model readout,[-1],False,WR,"[0, 1]","[""ROBUST ONLY UNDER RESTRICTED CONDITIONAL FAMILY"", ""TRANSFER-SENSITIVE / NON-ROBUST"", ""NULL-COMPATIBLE""]"
app-1701-B-matched_dan,A,B,unpaired,response_change,0.06379344239588472,0.07078002072329878,dimensionless frozen model readout,[-1],False,H,"[-1, 0, 1]","[""ROBUST ONLY UNDER RESTRICTED CONDITIONAL FAMILY"", ""TRANSFER-SENSITIVE / NON-ROBUST"", ""NULL-COMPATIBLE""]"
app-1701-B-matched_dan,A,B,unpaired,response_change,0.06379344239588472,0.07078002072329878,dimensionless frozen model readout,[-1],False,U,"[-1, 0, 1]","[""ROBUST ONLY UNDER RESTRICTED CONDITIONAL FAMILY"", ""TRANSFER-SENSITIVE / NON-ROBUST"", ""NULL-COMPATIBLE""]"
app-1701-B-matched_dan,A,B,unpaired,response_change,0.06379344239588472,0.07078002072329878,dimensionless frozen model readout,[-1],False,N,"[-1, 0, 1]","[""ROBUST ONLY UNDER RESTRICTED CONDITIONAL FAMILY"", ""TRANSFER-SENSITIVE / NON-ROBUST"", ""NULL-COMPATIBLE""]"
app-1701-B-matched_dan,A,B,unpaired,restoration_check,0.07078002072329878,0.07078002072329878,dimensionless frozen model readout,[0],False,E,"[-1, 0, 1]","[""ROBUST ONLY UNDER RESTRICTED CONDITIONAL FAMILY"", ""TRANSFER-SENSITIVE / NON-ROBUST"", ""NULL-COMPATIBLE""]"
app-1701-B-matched_dan,A,B,unpaired,restoration_check,0.07078002072329878,0.07078002072329878,dimensionless frozen model readout,[0],False,Z,[0],"[""ROBUST ONLY UNDER RESTRICTED CONDITIONAL FAMILY"", ""TRANSFER-SENSITIVE / NON-ROBUST"", ""NULL-COMPATIBLE""]"
app-1701-B-matched_dan,A,B,unpaired,restoration_check,0.07078002072329878,0.07078002072329878,dimensionless frozen model readout,[0],False,P,[0],"[""ROBUST ONLY UNDER RESTRICTED CONDITIONAL FAMILY"", ""TRANSFER-SENSITIVE / NON-ROBUST"", ""NULL-COMPATIBLE""]"
app-1701-B-matched_dan,A,B,unpaired,restoration_check,0.07078002072329878,0.07078002072329878,dimensionless frozen model readout,[0],False,R,[0],"[""ROBUST ONLY UNDER RESTRICTED CONDITIONAL FAMILY"", ""TRANSFER-SENSITIVE / NON-ROBUST"", ""NULL-COMPATIBLE""]"
app-1701-B-matched_dan,A,B,unpaired,restoration_check,0.07078002072329878,0.07078002072329878,dimensionless frozen model readout,[0],False,WP,[0],"[""ROBUST ONLY UNDER RESTRICTED CONDITIONAL FAMILY"", ""TRANSFER-SENSITIVE / NON-ROBUST"", ""NULL-COMPATIBLE""]"
app-1701-B-matched_dan,A,B,unpaired,restoration_check,0.07078002072329878,0.07078002072329878,dimensionless frozen model readout,[0],False,WR,[0],"[""ROBUST ONLY UNDER RESTRICTED CONDITIONAL FAMILY"", ""TRANSFER-SENSITIVE / NON-ROBUST"", ""NULL-COMPATIBLE""]"
app-1701-B-matched_dan,A,B,unpaired,restoration_check,0.07078002072329878,0.07078002072329878,dimensionless frozen model readout,[0],False,H,[0],"[""ROBUST ONLY UNDER RESTRICTED CONDITIONAL FAMILY"", ""TRANSFER-SENSITIVE / NON-ROBUST"", ""NULL-COMPATIBLE""]"
app-1701-B-matched_dan,A,B,unpaired,restoration_check,0.07078002072329878,0.07078002072329878,dimensionless frozen model readout,[0],False,U,[0],"[""ROBUST ONLY UNDER RESTRICTED CONDITIONAL FAMILY"", ""TRANSFER-SENSITIVE / NON-ROBUST"", ""NULL-COMPATIBLE""]"
app-1701-B-matched_dan,A,B,unpaired,restoration_check,0.07078002072329878,0.07078002072329878,dimensionless frozen model readout,[0],False,N,"[-1, 0, 1]","[""ROBUST ONLY UNDER RESTRICTED CONDITIONAL FAMILY"", ""TRANSFER-SENSITIVE / NON-ROBUST"", ""NULL-COMPATIBLE""]"
app-1701-B-matched_dan,A,B,unpaired,plastic_state_retention,0.06379344239588472,0.07078002072329878,dimensionless frozen model readout,[-1],False,E,"[-1, 0, 1]","[""ROBUST ONLY UNDER RESTRICTED CONDITIONAL FAMILY"", ""TRANSFER-SENSITIVE / NON-ROBUST"", ""NULL-COMPATIBLE""]"
app-1701-B-matched_dan,A,B,unpaired,plastic_state_retention,0.06379344239588472,0.07078002072329878,dimensionless frozen model readout,[-1],False,Z,[0],"[""ROBUST ONLY UNDER RESTRICTED CONDITIONAL FAMILY"", ""TRANSFER-SENSITIVE / NON-ROBUST"", ""NULL-COMPATIBLE""]"
app-1701-B-matched_dan,A,B,unpaired,plastic_state_retention,0.06379344239588472,0.07078002072329878,dimensionless frozen model readout,[-1],False,P,[-1],"[""ROBUST ONLY UNDER RESTRICTED CONDITIONAL FAMILY"", ""TRANSFER-SENSITIVE / NON-ROBUST"", ""NULL-COMPATIBLE""]"
app-1701-B-matched_dan,A,B,unpaired,plastic_state_retention,0.06379344239588472,0.07078002072329878,dimensionless frozen model readout,[-1],False,R,[1],"[""ROBUST ONLY UNDER RESTRICTED CONDITIONAL FAMILY"", ""TRANSFER-SENSITIVE / NON-ROBUST"", ""NULL-COMPATIBLE""]"
app-1701-B-matched_dan,A,B,unpaired,plastic_state_retention,0.06379344239588472,0.07078002072329878,dimensionless frozen model readout,[-1],False,WP,"[-1, 0]","[""ROBUST ONLY UNDER RESTRICTED CONDITIONAL FAMILY"", ""TRANSFER-SENSITIVE / NON-ROBUST"", ""NULL-COMPATIBLE""]"
app-1701-B-matched_dan,A,B,unpaired,plastic_state_retention,0.06379344239588472,0.07078002072329878,dimensionless frozen model readout,[-1],False,WR,"[0, 1]","[""ROBUST ONLY UNDER RESTRICTED CONDITIONAL FAMILY"", ""TRANSFER-SENSITIVE / NON-ROBUST"", ""NULL-COMPATIBLE""]"
app-1701-B-matched_dan,A,B,unpaired,plastic_state_retention,0.06379344239588472,0.07078002072329878,dimensionless frozen model readout,[-1],False,H,"[-1, 0, 1]","[""ROBUST ONLY UNDER RESTRICTED CONDITIONAL FAMILY"", ""TRANSFER-SENSITIVE / NON-ROBUST"", ""NULL-COMPATIBLE""]"
app-1701-B-matched_dan,A,B,unpaired,plastic_state_retention,0.06379344239588472,0.07078002072329878,dimensionless frozen model readout,[-1],False,U,"[-1, 0, 1]","[""ROBUST ONLY UNDER RESTRICTED CONDITIONAL FAMILY"", ""TRANSFER-SENSITIVE / NON-ROBUST"", ""NULL-COMPATIBLE""]"
app-1701-B-matched_dan,A,B,unpaired,plastic_state_retention,0.06379344239588472,0.07078002072329878,dimensionless frozen model readout,[-1],False,N,"[-1, 0, 1]","[""ROBUST ONLY UNDER RESTRICTED CONDITIONAL FAMILY"", ""TRANSFER-SENSITIVE / NON-ROBUST"", ""NULL-COMPATIBLE""]"
app-1701-B-matched_dan,A,B,unpaired,learned_state_comparison,0.06379344239588472,0.07078002072329878,dimensionless frozen model readout,[-1],False,E,"[-1, 0, 1]","[""ROBUST ONLY UNDER RESTRICTED CONDITIONAL FAMILY"", ""TRANSFER-SENSITIVE / NON-ROBUST"", ""NULL-COMPATIBLE""]"
app-1701-B-matched_dan,A,B,unpaired,learned_state_comparison,0.06379344239588472,0.07078002072329878,dimensionless frozen model readout,[-1],False,Z,[0],"[""ROBUST ONLY UNDER RESTRICTED CONDITIONAL FAMILY"", ""TRANSFER-SENSITIVE / NON-ROBUST"", ""NULL-COMPATIBLE""]"
app-1701-B-matched_dan,A,B,unpaired,learned_state_comparison,0.06379344239588472,0.07078002072329878,dimensionless frozen model readout,[-1],False,P,[-1],"[""ROBUST ONLY UNDER RESTRICTED CONDITIONAL FAMILY"", ""TRANSFER-SENSITIVE / NON-ROBUST"", ""NULL-COMPATIBLE""]"
app-1701-B-matched_dan,A,B,unpaired,learned_state_comparison,0.06379344239588472,0.07078002072329878,dimensionless frozen model readout,[-1],False,R,[1],"[""ROBUST ONLY UNDER RESTRICTED CONDITIONAL FAMILY"", ""TRANSFER-SENSITIVE / NON-ROBUST"", ""NULL-COMPATIBLE""]"
app-1701-B-matched_dan,A,B,unpaired,learned_state_comparison,0.06379344239588472,0.07078002072329878,dimensionless frozen model readout,[-1],False,WP,"[-1, 0]","[""ROBUST ONLY UNDER RESTRICTED CONDITIONAL FAMILY"", ""TRANSFER-SENSITIVE / NON-ROBUST"", ""NULL-COMPATIBLE""]"
app-1701-B-matched_dan,A,B,unpaired,learned_state_comparison,0.06379344239588472,0.07078002072329878,dimensionless frozen model readout,[-1],False,WR,"[0, 1]","[""ROBUST ONLY UNDER RESTRICTED CONDITIONAL FAMILY"", ""TRANSFER-SENSITIVE / NON-ROBUST"", ""NULL-COMPATIBLE""]"
app-1701-B-matched_dan,A,B,unpaired,learned_state_comparison,0.06379344239588472,0.07078002072329878,dimensionless frozen model readout,[-1],False,H,"[-1, 0, 1]","[""ROBUST ONLY UNDER RESTRICTED CONDITIONAL FAMILY"", ""TRANSFER-SENSITIVE / NON-ROBUST"", ""NULL-COMPATIBLE""]"
app-1701-B-matched_dan,A,B,unpaired,learned_state_comparison,0.06379344239588472,0.07078002072329878,dimensionless frozen model readout,[-1],False,U,"[-1, 0, 1]","[""ROBUST ONLY UNDER RESTRICTED CONDITIONAL FAMILY"", ""TRANSFER-SENSITIVE / NON-ROBUST"", ""NULL-COMPATIBLE""]"
app-1701-B-matched_dan,A,B,unpaired,learned_state_comparison,0.06379344239588472,0.07078002072329878,dimensionless frozen model readout,[-1],False,N,"[-1, 0, 1]","[""ROBUST ONLY UNDER RESTRICTED CONDITIONAL FAMILY"", ""TRANSFER-SENSITIVE / NON-ROBUST"", ""NULL-COMPATIBLE""]"
app-1701-B-matched_dan,B,B,paired,response_change,0.05922886523949428,0.112911179723297,dimensionless frozen model readout,[-1],False,E,"[-1, 0, 1]","[""ROBUST ONLY UNDER RESTRICTED CONDITIONAL FAMILY"", ""TRANSFER-SENSITIVE / NON-ROBUST"", ""NULL-COMPATIBLE""]"
app-1701-B-matched_dan,B,B,paired,response_change,0.05922886523949428,0.112911179723297,dimensionless frozen model readout,[-1],False,Z,[0],"[""ROBUST ONLY UNDER RESTRICTED CONDITIONAL FAMILY"", ""TRANSFER-SENSITIVE / NON-ROBUST"", ""NULL-COMPATIBLE""]"
app-1701-B-matched_dan,B,B,paired,response_change,0.05922886523949428,0.112911179723297,dimensionless frozen model readout,[-1],False,P,[-1],"[""ROBUST ONLY UNDER RESTRICTED CONDITIONAL FAMILY"", ""TRANSFER-SENSITIVE / NON-ROBUST"", ""NULL-COMPATIBLE""]"
app-1701-B-matched_dan,B,B,paired,response_change,0.05922886523949428,0.112911179723297,dimensionless frozen model readout,[-1],False,R,[1],"[""ROBUST ONLY UNDER RESTRICTED CONDITIONAL FAMILY"", ""TRANSFER-SENSITIVE / NON-ROBUST"", ""NULL-COMPATIBLE""]"
app-1701-B-matched_dan,B,B,paired,response_change,0.05922886523949428,0.112911179723297,dimensionless frozen model readout,[-1],False,WP,"[-1, 0]","[""ROBUST ONLY UNDER RESTRICTED CONDITIONAL FAMILY"", ""TRANSFER-SENSITIVE / NON-ROBUST"", ""NULL-COMPATIBLE""]"
app-1701-B-matched_dan,B,B,paired,response_change,0.05922886523949428,0.112911179723297,dimensionless frozen model readout,[-1],False,WR,"[0, 1]","[""ROBUST ONLY UNDER RESTRICTED CONDITIONAL FAMILY"", ""TRANSFER-SENSITIVE / NON-ROBUST"", ""NULL-COMPATIBLE""]"
app-1701-B-matched_dan,B,B,paired,response_change,0.05922886523949428,0.112911179723297,dimensionless frozen model readout,[-1],False,H,"[-1, 0, 1]","[""ROBUST ONLY UNDER RESTRICTED CONDITIONAL FAMILY"", ""TRANSFER-SENSITIVE / NON-ROBUST"", ""NULL-COMPATIBLE""]"
app-1701-B-matched_dan,B,B,paired,response_change,0.05922886523949428,0.112911179723297,dimensionless frozen model readout,[-1],False,U,"[-1, 0, 1]","[""ROBUST ONLY UNDER RESTRICTED CONDITIONAL FAMILY"", ""TRANSFER-SENSITIVE / NON-ROBUST"", ""NULL-COMPATIBLE""]"
app-1701-B-matched_dan,B,B,paired,response_change,0.05922886523949428,0.112911179723297,dimensionless frozen model readout,[-1],False,N,"[-1, 0, 1]","[""ROBUST ONLY UNDER RESTRICTED CONDITIONAL FAMILY"", ""TRANSFER-SENSITIVE / NON-ROBUST"", ""NULL-COMPATIBLE""]"
app-1701-B-matched_dan,B,B,paired,restoration_check,0.112911179723297,0.112911179723297,dimensionless frozen model readout,[0],False,E,"[-1, 0, 1]","[""ROBUST ONLY UNDER RESTRICTED CONDITIONAL FAMILY"", ""TRANSFER-SENSITIVE / NON-ROBUST"", ""NULL-COMPATIBLE""]"
app-1701-B-matched_dan,B,B,paired,restoration_check,0.112911179723297,0.112911179723297,dimensionless frozen model readout,[0],False,Z,[0],"[""ROBUST ONLY UNDER RESTRICTED CONDITIONAL FAMILY"", ""TRANSFER-SENSITIVE / NON-ROBUST"", ""NULL-COMPATIBLE""]"
app-1701-B-matched_dan,B,B,paired,restoration_check,0.112911179723297,0.112911179723297,dimensionless frozen model readout,[0],False,P,[0],"[""ROBUST ONLY UNDER RESTRICTED CONDITIONAL FAMILY"", ""TRANSFER-SENSITIVE / NON-ROBUST"", ""NULL-COMPATIBLE""]"
app-1701-B-matched_dan,B,B,paired,restoration_check,0.112911179723297,0.112911179723297,dimensionless frozen model readout,[0],False,R,[0],"[""ROBUST ONLY UNDER RESTRICTED CONDITIONAL FAMILY"", ""TRANSFER-SENSITIVE / NON-ROBUST"", ""NULL-COMPATIBLE""]"
app-1701-B-matched_dan,B,B,paired,restoration_check,0.112911179723297,0.112911179723297,dimensionless frozen model readout,[0],False,WP,[0],"[""ROBUST ONLY UNDER RESTRICTED CONDITIONAL FAMILY"", ""TRANSFER-SENSITIVE / NON-ROBUST"", ""NULL-COMPATIBLE""]"
app-1701-B-matched_dan,B,B,paired,restoration_check,0.112911179723297,0.112911179723297,dimensionless frozen model readout,[0],False,WR,[0],"[""ROBUST ONLY UNDER RESTRICTED CONDITIONAL FAMILY"", ""TRANSFER-SENSITIVE / NON-ROBUST"", ""NULL-COMPATIBLE""]"
app-1701-B-matched_dan,B,B,paired,restoration_check,0.112911179723297,0.112911179723297,dimensionless frozen model readout,[0],False,H,[0],"[""ROBUST ONLY UNDER RESTRICTED CONDITIONAL FAMILY"", ""TRANSFER-SENSITIVE / NON-ROBUST"", ""NULL-COMPATIBLE""]"
app-1701-B-matched_dan,B,B,paired,restoration_check,0.112911179723297,0.112911179723297,dimensionless frozen model readout,[0],False,U,[0],"[""ROBUST ONLY UNDER RESTRICTED CONDITIONAL FAMILY"", ""TRANSFER-SENSITIVE / NON-ROBUST"", ""NULL-COMPATIBLE""]"
app-1701-B-matched_dan,B,B,paired,restoration_check,0.112911179723297,0.112911179723297,dimensionless frozen model readout,[0],False,N,"[-1, 0, 1]","[""ROBUST ONLY UNDER RESTRICTED CONDITIONAL FAMILY"", ""TRANSFER-SENSITIVE / NON-ROBUST"", ""NULL-COMPATIBLE""]"
app-1701-B-matched_dan,B,B,paired,plastic_state_retention,0.05922886523949428,0.112911179723297,dimensionless frozen model readout,[-1],False,E,"[-1, 0, 1]","[""ROBUST ONLY UNDER RESTRICTED CONDITIONAL FAMILY"", ""TRANSFER-SENSITIVE / NON-ROBUST"", ""NULL-COMPATIBLE""]"
app-1701-B-matched_dan,B,B,paired,plastic_state_retention,0.05922886523949428,0.112911179723297,dimensionless frozen model readout,[-1],False,Z,[0],"[""ROBUST ONLY UNDER RESTRICTED CONDITIONAL FAMILY"", ""TRANSFER-SENSITIVE / NON-ROBUST"", ""NULL-COMPATIBLE""]"
app-1701-B-matched_dan,B,B,paired,plastic_state_retention,0.05922886523949428,0.112911179723297,dimensionless frozen model readout,[-1],False,P,[-1],"[""ROBUST ONLY UNDER RESTRICTED CONDITIONAL FAMILY"", ""TRANSFER-SENSITIVE / NON-ROBUST"", ""NULL-COMPATIBLE""]"
app-1701-B-matched_dan,B,B,paired,plastic_state_retention,0.05922886523949428,0.112911179723297,dimensionless frozen model readout,[-1],False,R,[1],"[""ROBUST ONLY UNDER RESTRICTED CONDITIONAL FAMILY"", ""TRANSFER-SENSITIVE / NON-ROBUST"", ""NULL-COMPATIBLE""]"
app-1701-B-matched_dan,B,B,paired,plastic_state_retention,0.05922886523949428,0.112911179723297,dimensionless frozen model readout,[-1],False,WP,"[-1, 0]","[""ROBUST ONLY UNDER RESTRICTED CONDITIONAL FAMILY"", ""TRANSFER-SENSITIVE / NON-ROBUST"", ""NULL-COMPATIBLE""]"
app-1701-B-matched_dan,B,B,paired,plastic_state_retention,0.05922886523949428,0.112911179723297,dimensionless frozen model readout,[-1],False,WR,"[0, 1]","[""ROBUST ONLY UNDER RESTRICTED CONDITIONAL FAMILY"", ""TRANSFER-SENSITIVE / NON-ROBUST"", ""NULL-COMPATIBLE""]"
app-1701-B-matched_dan,B,B,paired,plastic_state_retention,0.05922886523949428,0.112911179723297,dimensionless frozen model readout,[-1],False,H,"[-1, 0, 1]","[""ROBUST ONLY UNDER RESTRICTED CONDITIONAL FAMILY"", ""TRANSFER-SENSITIVE / NON-ROBUST"", ""NULL-COMPATIBLE""]"
app-1701-B-matched_dan,B,B,paired,plastic_state_retention,0.05922886523949428,0.112911179723297,dimensionless frozen model readout,[-1],False,U,"[-1, 0, 1]","[""ROBUST ONLY UNDER RESTRICTED CONDITIONAL FAMILY"", ""TRANSFER-SENSITIVE / NON-ROBUST"", ""NULL-COMPATIBLE""]"
app-1701-B-matched_dan,B,B,paired,plastic_state_retention,0.05922886523949428,0.112911179723297,dimensionless frozen model readout,[-1],False,N,"[-1, 0, 1]","[""ROBUST ONLY UNDER RESTRICTED CONDITIONAL FAMILY"", ""TRANSFER-SENSITIVE / NON-ROBUST"", ""NULL-COMPATIBLE""]"
app-1701-B-matched_dan,B,B,paired,learned_state_comparison,0.05922886523949428,0.112911179723297,dimensionless frozen model readout,[-1],False,E,"[-1, 0, 1]","[""ROBUST ONLY UNDER RESTRICTED CONDITIONAL FAMILY"", ""TRANSFER-SENSITIVE / NON-ROBUST"", ""NULL-COMPATIBLE""]"
app-1701-B-matched_dan,B,B,paired,learned_state_comparison,0.05922886523949428,0.112911179723297,dimensionless frozen model readout,[-1],False,Z,[0],"[""ROBUST ONLY UNDER RESTRICTED CONDITIONAL FAMILY"", ""TRANSFER-SENSITIVE / NON-ROBUST"", ""NULL-COMPATIBLE""]"
app-1701-B-matched_dan,B,B,paired,learned_state_comparison,0.05922886523949428,0.112911179723297,dimensionless frozen model readout,[-1],False,P,[-1],"[""ROBUST ONLY UNDER RESTRICTED CONDITIONAL FAMILY"", ""TRANSFER-SENSITIVE / NON-ROBUST"", ""NULL-COMPATIBLE""]"
app-1701-B-matched_dan,B,B,paired,learned_state_comparison,0.05922886523949428,0.112911179723297,dimensionless frozen model readout,[-1],False,R,[1],"[""ROBUST ONLY UNDER RESTRICTED CONDITIONAL FAMILY"", ""TRANSFER-SENSITIVE / NON-ROBUST"", ""NULL-COMPATIBLE""]"
app-1701-B-matched_dan,B,B,paired,learned_state_comparison,0.05922886523949428,0.112911179723297,dimensionless frozen model readout,[-1],False,WP,"[-1, 0]","[""ROBUST ONLY UNDER RESTRICTED CONDITIONAL FAMILY"", ""TRANSFER-SENSITIVE / NON-ROBUST"", ""NULL-COMPATIBLE""]"
app-1701-B-matched_dan,B,B,paired,learned_state_comparison,0.05922886523949428,0.112911179723297,dimensionless frozen model readout,[-1],False,WR,"[0, 1]","[""ROBUST ONLY UNDER RESTRICTED CONDITIONAL FAMILY"", ""TRANSFER-SENSITIVE / NON-ROBUST"", ""NULL-COMPATIBLE""]"
app-1701-B-matched_dan,B,B,paired,learned_state_comparison,0.05922886523949428,0.112911179723297,dimensionless frozen model readout,[-1],False,H,"[-1, 0, 1]","[""ROBUST ONLY UNDER RESTRICTED CONDITIONAL FAMILY"", ""TRANSFER-SENSITIVE / NON-ROBUST"", ""NULL-COMPATIBLE""]"
app-1701-B-matched_dan,B,B,paired,learned_state_comparison,0.05922886523949428,0.112911179723297,dimensionless frozen model readout,[-1],False,U,"[-1, 0, 1]","[""ROBUST ONLY UNDER RESTRICTED CONDITIONAL FAMILY"", ""TRANSFER-SENSITIVE / NON-ROBUST"", ""NULL-COMPATIBLE""]"
app-1701-B-matched_dan,B,B,paired,learned_state_comparison,0.05922886523949428,0.112911179723297,dimensionless frozen model readout,[-1],False,N,"[-1, 0, 1]","[""ROBUST ONLY UNDER RESTRICTED CONDITIONAL FAMILY"", ""TRANSFER-SENSITIVE / NON-ROBUST"", ""NULL-COMPATIBLE""]"
app-1701-A-remove_pn_kc,A,A,paired,response_change,0.0,0.0,dimensionless frozen model readout,[0],False,E,"[-1, 0, 1]","[""ROBUST ONLY UNDER RESTRICTED CONDITIONAL FAMILY"", ""TRANSFER-SENSITIVE / NON-ROBUST"", ""NULL-COMPATIBLE""]"
app-1701-A-remove_pn_kc,A,A,paired,response_change,0.0,0.0,dimensionless frozen model readout,[0],False,Z,[0],"[""ROBUST ONLY UNDER RESTRICTED CONDITIONAL FAMILY"", ""TRANSFER-SENSITIVE / NON-ROBUST"", ""NULL-COMPATIBLE""]"
app-1701-A-remove_pn_kc,A,A,paired,response_change,0.0,0.0,dimensionless frozen model readout,[0],False,P,[0],"[""ROBUST ONLY UNDER RESTRICTED CONDITIONAL FAMILY"", ""TRANSFER-SENSITIVE / NON-ROBUST"", ""NULL-COMPATIBLE""]"
app-1701-A-remove_pn_kc,A,A,paired,response_change,0.0,0.0,dimensionless frozen model readout,[0],False,R,[0],"[""ROBUST ONLY UNDER RESTRICTED CONDITIONAL FAMILY"", ""TRANSFER-SENSITIVE / NON-ROBUST"", ""NULL-COMPATIBLE""]"
app-1701-A-remove_pn_kc,A,A,paired,response_change,0.0,0.0,dimensionless frozen model readout,[0],False,WP,[0],"[""ROBUST ONLY UNDER RESTRICTED CONDITIONAL FAMILY"", ""TRANSFER-SENSITIVE / NON-ROBUST"", ""NULL-COMPATIBLE""]"
app-1701-A-remove_pn_kc,A,A,paired,response_change,0.0,0.0,dimensionless frozen model readout,[0],False,WR,[0],"[""ROBUST ONLY UNDER RESTRICTED CONDITIONAL FAMILY"", ""TRANSFER-SENSITIVE / NON-ROBUST"", ""NULL-COMPATIBLE""]"
app-1701-A-remove_pn_kc,A,A,paired,response_change,0.0,0.0,dimensionless frozen model readout,[0],False,H,[0],"[""ROBUST ONLY UNDER RESTRICTED CONDITIONAL FAMILY"", ""TRANSFER-SENSITIVE / NON-ROBUST"", ""NULL-COMPATIBLE""]"
app-1701-A-remove_pn_kc,A,A,paired,response_change,0.0,0.0,dimensionless frozen model readout,[0],False,U,[0],"[""ROBUST ONLY UNDER RESTRICTED CONDITIONAL FAMILY"", ""TRANSFER-SENSITIVE / NON-ROBUST"", ""NULL-COMPATIBLE""]"
app-1701-A-remove_pn_kc,A,A,paired,response_change,0.0,0.0,dimensionless frozen model readout,[0],False,N,"[-1, 0, 1]","[""ROBUST ONLY UNDER RESTRICTED CONDITIONAL FAMILY"", ""TRANSFER-SENSITIVE / NON-ROBUST"", ""NULL-COMPATIBLE""]"
app-1701-A-remove_pn_kc,A,A,paired,restoration_check,0.0,0.0,dimensionless frozen model readout,[0],False,E,"[-1, 0, 1]","[""ROBUST ONLY UNDER RESTRICTED CONDITIONAL FAMILY"", ""TRANSFER-SENSITIVE / NON-ROBUST"", ""NULL-COMPATIBLE""]"
app-1701-A-remove_pn_kc,A,A,paired,restoration_check,0.0,0.0,dimensionless frozen model readout,[0],False,Z,[0],"[""ROBUST ONLY UNDER RESTRICTED CONDITIONAL FAMILY"", ""TRANSFER-SENSITIVE / NON-ROBUST"", ""NULL-COMPATIBLE""]"
app-1701-A-remove_pn_kc,A,A,paired,restoration_check,0.0,0.0,dimensionless frozen model readout,[0],False,P,[0],"[""ROBUST ONLY UNDER RESTRICTED CONDITIONAL FAMILY"", ""TRANSFER-SENSITIVE / NON-ROBUST"", ""NULL-COMPATIBLE""]"
app-1701-A-remove_pn_kc,A,A,paired,restoration_check,0.0,0.0,dimensionless frozen model readout,[0],False,R,[0],"[""ROBUST ONLY UNDER RESTRICTED CONDITIONAL FAMILY"", ""TRANSFER-SENSITIVE / NON-ROBUST"", ""NULL-COMPATIBLE""]"
app-1701-A-remove_pn_kc,A,A,paired,restoration_check,0.0,0.0,dimensionless frozen model readout,[0],False,WP,[0],"[""ROBUST ONLY UNDER RESTRICTED CONDITIONAL FAMILY"", ""TRANSFER-SENSITIVE / NON-ROBUST"", ""NULL-COMPATIBLE""]"
app-1701-A-remove_pn_kc,A,A,paired,restoration_check,0.0,0.0,dimensionless frozen model readout,[0],False,WR,[0],"[""ROBUST ONLY UNDER RESTRICTED CONDITIONAL FAMILY"", ""TRANSFER-SENSITIVE / NON-ROBUST"", ""NULL-COMPATIBLE""]"
app-1701-A-remove_pn_kc,A,A,paired,restoration_check,0.0,0.0,dimensionless frozen model readout,[0],False,H,[0],"[""ROBUST ONLY UNDER RESTRICTED CONDITIONAL FAMILY"", ""TRANSFER-SENSITIVE / NON-ROBUST"", ""NULL-COMPATIBLE""]"
app-1701-A-remove_pn_kc,A,A,paired,restoration_check,0.0,0.0,dimensionless frozen model readout,[0],False,U,[0],"[""ROBUST ONLY UNDER RESTRICTED CONDITIONAL FAMILY"", ""TRANSFER-SENSITIVE / NON-ROBUST"", ""NULL-COMPATIBLE""]"
app-1701-A-remove_pn_kc,A,A,paired,restoration_check,0.0,0.0,dimensionless frozen model readout,[0],False,N,"[-1, 0, 1]","[""ROBUST ONLY UNDER RESTRICTED CONDITIONAL FAMILY"", ""TRANSFER-SENSITIVE / NON-ROBUST"", ""NULL-COMPATIBLE""]"
app-1701-A-remove_pn_kc,A,A,paired,plastic_state_retention,0.0,0.0,dimensionless frozen model readout,[0],False,E,"[-1, 0, 1]","[""ROBUST ONLY UNDER RESTRICTED CONDITIONAL FAMILY"", ""TRANSFER-SENSITIVE / NON-ROBUST"", ""NULL-COMPATIBLE""]"
app-1701-A-remove_pn_kc,A,A,paired,plastic_state_retention,0.0,0.0,dimensionless frozen model readout,[0],False,Z,[0],"[""ROBUST ONLY UNDER RESTRICTED CONDITIONAL FAMILY"", ""TRANSFER-SENSITIVE / NON-ROBUST"", ""NULL-COMPATIBLE""]"
app-1701-A-remove_pn_kc,A,A,paired,plastic_state_retention,0.0,0.0,dimensionless frozen model readout,[0],False,P,[0],"[""ROBUST ONLY UNDER RESTRICTED CONDITIONAL FAMILY"", ""TRANSFER-SENSITIVE / NON-ROBUST"", ""NULL-COMPATIBLE""]"
app-1701-A-remove_pn_kc,A,A,paired,plastic_state_retention,0.0,0.0,dimensionless frozen model readout,[0],False,R,[0],"[""ROBUST ONLY UNDER RESTRICTED CONDITIONAL FAMILY"", ""TRANSFER-SENSITIVE / NON-ROBUST"", ""NULL-COMPATIBLE""]"
app-1701-A-remove_pn_kc,A,A,paired,plastic_state_retention,0.0,0.0,dimensionless frozen model readout,[0],False,WP,[0],"[""ROBUST ONLY UNDER RESTRICTED CONDITIONAL FAMILY"", ""TRANSFER-SENSITIVE / NON-ROBUST"", ""NULL-COMPATIBLE""]"
app-1701-A-remove_pn_kc,A,A,paired,plastic_state_retention,0.0,0.0,dimensionless frozen model readout,[0],False,WR,[0],"[""ROBUST ONLY UNDER RESTRICTED CONDITIONAL FAMILY"", ""TRANSFER-SENSITIVE / NON-ROBUST"", ""NULL-COMPATIBLE""]"
app-1701-A-remove_pn_kc,A,A,paired,plastic_state_retention,0.0,0.0,dimensionless frozen model readout,[0],False,H,[0],"[""ROBUST ONLY UNDER RESTRICTED CONDITIONAL FAMILY"", ""TRANSFER-SENSITIVE / NON-ROBUST"", ""NULL-COMPATIBLE""]"
app-1701-A-remove_pn_kc,A,A,paired,plastic_state_retention,0.0,0.0,dimensionless frozen model readout,[0],False,U,[0],"[""ROBUST ONLY UNDER RESTRICTED CONDITIONAL FAMILY"", ""TRANSFER-SENSITIVE / NON-ROBUST"", ""NULL-COMPATIBLE""]"
app-1701-A-remove_pn_kc,A,A,paired,plastic_state_retention,0.0,0.0,dimensionless frozen model readout,[0],False,N,"[-1, 0, 1]","[""ROBUST ONLY UNDER RESTRICTED CONDITIONAL FAMILY"", ""TRANSFER-SENSITIVE / NON-ROBUST"", ""NULL-COMPATIBLE""]"
app-1701-A-remove_pn_kc,A,A,paired,learned_state_comparison,0.0,0.0,dimensionless frozen model readout,[0],False,E,"[-1, 0, 1]","[""ROBUST ONLY UNDER RESTRICTED CONDITIONAL FAMILY"", ""TRANSFER-SENSITIVE / NON-ROBUST"", ""NULL-COMPATIBLE""]"
app-1701-A-remove_pn_kc,A,A,paired,learned_state_comparison,0.0,0.0,dimensionless frozen model readout,[0],False,Z,[0],"[""ROBUST ONLY UNDER RESTRICTED CONDITIONAL FAMILY"", ""TRANSFER-SENSITIVE / NON-ROBUST"", ""NULL-COMPATIBLE""]"
app-1701-A-remove_pn_kc,A,A,paired,learned_state_comparison,0.0,0.0,dimensionless frozen model readout,[0],False,P,[0],"[""ROBUST ONLY UNDER RESTRICTED CONDITIONAL FAMILY"", ""TRANSFER-SENSITIVE / NON-ROBUST"", ""NULL-COMPATIBLE""]"
app-1701-A-remove_pn_kc,A,A,paired,learned_state_comparison,0.0,0.0,dimensionless frozen model readout,[0],False,R,[0],"[""ROBUST ONLY UNDER RESTRICTED CONDITIONAL FAMILY"", ""TRANSFER-SENSITIVE / NON-ROBUST"", ""NULL-COMPATIBLE""]"
app-1701-A-remove_pn_kc,A,A,paired,learned_state_comparison,0.0,0.0,dimensionless frozen model readout,[0],False,WP,[0],"[""ROBUST ONLY UNDER RESTRICTED CONDITIONAL FAMILY"", ""TRANSFER-SENSITIVE / NON-ROBUST"", ""NULL-COMPATIBLE""]"
app-1701-A-remove_pn_kc,A,A,paired,learned_state_comparison,0.0,0.0,dimensionless frozen model readout,[0],False,WR,[0],"[""ROBUST ONLY UNDER RESTRICTED CONDITIONAL FAMILY"", ""TRANSFER-SENSITIVE / NON-ROBUST"", ""NULL-COMPATIBLE""]"
app-1701-A-remove_pn_kc,A,A,paired,learned_state_comparison,0.0,0.0,dimensionless frozen model readout,[0],False,H,[0],"[""ROBUST ONLY UNDER RESTRICTED CONDITIONAL FAMILY"", ""TRANSFER-SENSITIVE / NON-ROBUST"", ""NULL-COMPATIBLE""]"
app-1701-A-remove_pn_kc,A,A,paired,learned_state_comparison,0.0,0.0,dimensionless frozen model readout,[0],False,U,[0],"[""ROBUST ONLY UNDER RESTRICTED CONDITIONAL FAMILY"", ""TRANSFER-SENSITIVE / NON-ROBUST"", ""NULL-COMPATIBLE""]"
app-1701-A-remove_pn_kc,A,A,paired,learned_state_comparison,0.0,0.0,dimensionless frozen model readout,[0],False,N,"[-1, 0, 1]","[""ROBUST ONLY UNDER RESTRICTED CONDITIONAL FAMILY"", ""TRANSFER-SENSITIVE / NON-ROBUST"", ""NULL-COMPATIBLE""]"
app-1701-A-remove_pn_kc,B,A,unpaired,response_change,0.0,0.0,dimensionless frozen model readout,[0],False,E,"[-1, 0, 1]","[""ROBUST ONLY UNDER RESTRICTED CONDITIONAL FAMILY"", ""TRANSFER-SENSITIVE / NON-ROBUST"", ""NULL-COMPATIBLE""]"
app-1701-A-remove_pn_kc,B,A,unpaired,response_change,0.0,0.0,dimensionless frozen model readout,[0],False,Z,[0],"[""ROBUST ONLY UNDER RESTRICTED CONDITIONAL FAMILY"", ""TRANSFER-SENSITIVE / NON-ROBUST"", ""NULL-COMPATIBLE""]"
app-1701-A-remove_pn_kc,B,A,unpaired,response_change,0.0,0.0,dimensionless frozen model readout,[0],False,P,[0],"[""ROBUST ONLY UNDER RESTRICTED CONDITIONAL FAMILY"", ""TRANSFER-SENSITIVE / NON-ROBUST"", ""NULL-COMPATIBLE""]"
app-1701-A-remove_pn_kc,B,A,unpaired,response_change,0.0,0.0,dimensionless frozen model readout,[0],False,R,[0],"[""ROBUST ONLY UNDER RESTRICTED CONDITIONAL FAMILY"", ""TRANSFER-SENSITIVE / NON-ROBUST"", ""NULL-COMPATIBLE""]"
app-1701-A-remove_pn_kc,B,A,unpaired,response_change,0.0,0.0,dimensionless frozen model readout,[0],False,WP,[0],"[""ROBUST ONLY UNDER RESTRICTED CONDITIONAL FAMILY"", ""TRANSFER-SENSITIVE / NON-ROBUST"", ""NULL-COMPATIBLE""]"
app-1701-A-remove_pn_kc,B,A,unpaired,response_change,0.0,0.0,dimensionless frozen model readout,[0],False,WR,[0],"[""ROBUST ONLY UNDER RESTRICTED CONDITIONAL FAMILY"", ""TRANSFER-SENSITIVE / NON-ROBUST"", ""NULL-COMPATIBLE""]"
app-1701-A-remove_pn_kc,B,A,unpaired,response_change,0.0,0.0,dimensionless frozen model readout,[0],False,H,[0],"[""ROBUST ONLY UNDER RESTRICTED CONDITIONAL FAMILY"", ""TRANSFER-SENSITIVE / NON-ROBUST"", ""NULL-COMPATIBLE""]"
app-1701-A-remove_pn_kc,B,A,unpaired,response_change,0.0,0.0,dimensionless frozen model readout,[0],False,U,[0],"[""ROBUST ONLY UNDER RESTRICTED CONDITIONAL FAMILY"", ""TRANSFER-SENSITIVE / NON-ROBUST"", ""NULL-COMPATIBLE""]"
app-1701-A-remove_pn_kc,B,A,unpaired,response_change,0.0,0.0,dimensionless frozen model readout,[0],False,N,"[-1, 0, 1]","[""ROBUST ONLY UNDER RESTRICTED CONDITIONAL FAMILY"", ""TRANSFER-SENSITIVE / NON-ROBUST"", ""NULL-COMPATIBLE""]"
app-1701-A-remove_pn_kc,B,A,unpaired,restoration_check,0.0,0.0,dimensionless frozen model readout,[0],False,E,"[-1, 0, 1]","[""ROBUST ONLY UNDER RESTRICTED CONDITIONAL FAMILY"", ""TRANSFER-SENSITIVE / NON-ROBUST"", ""NULL-COMPATIBLE""]"
app-1701-A-remove_pn_kc,B,A,unpaired,restoration_check,0.0,0.0,dimensionless frozen model readout,[0],False,Z,[0],"[""ROBUST ONLY UNDER RESTRICTED CONDITIONAL FAMILY"", ""TRANSFER-SENSITIVE / NON-ROBUST"", ""NULL-COMPATIBLE""]"
app-1701-A-remove_pn_kc,B,A,unpaired,restoration_check,0.0,0.0,dimensionless frozen model readout,[0],False,P,[0],"[""ROBUST ONLY UNDER RESTRICTED CONDITIONAL FAMILY"", ""TRANSFER-SENSITIVE / NON-ROBUST"", ""NULL-COMPATIBLE""]"
app-1701-A-remove_pn_kc,B,A,unpaired,restoration_check,0.0,0.0,dimensionless frozen model readout,[0],False,R,[0],"[""ROBUST ONLY UNDER RESTRICTED CONDITIONAL FAMILY"", ""TRANSFER-SENSITIVE / NON-ROBUST"", ""NULL-COMPATIBLE""]"
app-1701-A-remove_pn_kc,B,A,unpaired,restoration_check,0.0,0.0,dimensionless frozen model readout,[0],False,WP,[0],"[""ROBUST ONLY UNDER RESTRICTED CONDITIONAL FAMILY"", ""TRANSFER-SENSITIVE / NON-ROBUST"", ""NULL-COMPATIBLE""]"
app-1701-A-remove_pn_kc,B,A,unpaired,restoration_check,0.0,0.0,dimensionless frozen model readout,[0],False,WR,[0],"[""ROBUST ONLY UNDER RESTRICTED CONDITIONAL FAMILY"", ""TRANSFER-SENSITIVE / NON-ROBUST"", ""NULL-COMPATIBLE""]"
app-1701-A-remove_pn_kc,B,A,unpaired,restoration_check,0.0,0.0,dimensionless frozen model readout,[0],False,H,[0],"[""ROBUST ONLY UNDER RESTRICTED CONDITIONAL FAMILY"", ""TRANSFER-SENSITIVE / NON-ROBUST"", ""NULL-COMPATIBLE""]"
app-1701-A-remove_pn_kc,B,A,unpaired,restoration_check,0.0,0.0,dimensionless frozen model readout,[0],False,U,[0],"[""ROBUST ONLY UNDER RESTRICTED CONDITIONAL FAMILY"", ""TRANSFER-SENSITIVE / NON-ROBUST"", ""NULL-COMPATIBLE""]"
app-1701-A-remove_pn_kc,B,A,unpaired,restoration_check,0.0,0.0,dimensionless frozen model readout,[0],False,N,"[-1, 0, 1]","[""ROBUST ONLY UNDER RESTRICTED CONDITIONAL FAMILY"", ""TRANSFER-SENSITIVE / NON-ROBUST"", ""NULL-COMPATIBLE""]"
app-1701-A-remove_pn_kc,B,A,unpaired,plastic_state_retention,0.0,0.0,dimensionless frozen model readout,[0],False,E,"[-1, 0, 1]","[""ROBUST ONLY UNDER RESTRICTED CONDITIONAL FAMILY"", ""TRANSFER-SENSITIVE / NON-ROBUST"", ""NULL-COMPATIBLE""]"
app-1701-A-remove_pn_kc,B,A,unpaired,plastic_state_retention,0.0,0.0,dimensionless frozen model readout,[0],False,Z,[0],"[""ROBUST ONLY UNDER RESTRICTED CONDITIONAL FAMILY"", ""TRANSFER-SENSITIVE / NON-ROBUST"", ""NULL-COMPATIBLE""]"
app-1701-A-remove_pn_kc,B,A,unpaired,plastic_state_retention,0.0,0.0,dimensionless frozen model readout,[0],False,P,[0],"[""ROBUST ONLY UNDER RESTRICTED CONDITIONAL FAMILY"", ""TRANSFER-SENSITIVE / NON-ROBUST"", ""NULL-COMPATIBLE""]"
app-1701-A-remove_pn_kc,B,A,unpaired,plastic_state_retention,0.0,0.0,dimensionless frozen model readout,[0],False,R,[0],"[""ROBUST ONLY UNDER RESTRICTED CONDITIONAL FAMILY"", ""TRANSFER-SENSITIVE / NON-ROBUST"", ""NULL-COMPATIBLE""]"
app-1701-A-remove_pn_kc,B,A,unpaired,plastic_state_retention,0.0,0.0,dimensionless frozen model readout,[0],False,WP,[0],"[""ROBUST ONLY UNDER RESTRICTED CONDITIONAL FAMILY"", ""TRANSFER-SENSITIVE / NON-ROBUST"", ""NULL-COMPATIBLE""]"
app-1701-A-remove_pn_kc,B,A,unpaired,plastic_state_retention,0.0,0.0,dimensionless frozen model readout,[0],False,WR,[0],"[""ROBUST ONLY UNDER RESTRICTED CONDITIONAL FAMILY"", ""TRANSFER-SENSITIVE / NON-ROBUST"", ""NULL-COMPATIBLE""]"
app-1701-A-remove_pn_kc,B,A,unpaired,plastic_state_retention,0.0,0.0,dimensionless frozen model readout,[0],False,H,[0],"[""ROBUST ONLY UNDER RESTRICTED CONDITIONAL FAMILY"", ""TRANSFER-SENSITIVE / NON-ROBUST"", ""NULL-COMPATIBLE""]"
app-1701-A-remove_pn_kc,B,A,unpaired,plastic_state_retention,0.0,0.0,dimensionless frozen model readout,[0],False,U,[0],"[""ROBUST ONLY UNDER RESTRICTED CONDITIONAL FAMILY"", ""TRANSFER-SENSITIVE / NON-ROBUST"", ""NULL-COMPATIBLE""]"
app-1701-A-remove_pn_kc,B,A,unpaired,plastic_state_retention,0.0,0.0,dimensionless frozen model readout,[0],False,N,"[-1, 0, 1]","[""ROBUST ONLY UNDER RESTRICTED CONDITIONAL FAMILY"", ""TRANSFER-SENSITIVE / NON-ROBUST"", ""NULL-COMPATIBLE""]"
app-1701-A-remove_pn_kc,B,A,unpaired,learned_state_comparison,0.0,0.0,dimensionless frozen model readout,[0],False,E,"[-1, 0, 1]","[""ROBUST ONLY UNDER RESTRICTED CONDITIONAL FAMILY"", ""TRANSFER-SENSITIVE / NON-ROBUST"", ""NULL-COMPATIBLE""]"
app-1701-A-remove_pn_kc,B,A,unpaired,learned_state_comparison,0.0,0.0,dimensionless frozen model readout,[0],False,Z,[0],"[""ROBUST ONLY UNDER RESTRICTED CONDITIONAL FAMILY"", ""TRANSFER-SENSITIVE / NON-ROBUST"", ""NULL-COMPATIBLE""]"
app-1701-A-remove_pn_kc,B,A,unpaired,learned_state_comparison,0.0,0.0,dimensionless frozen model readout,[0],False,P,[0],"[""ROBUST ONLY UNDER RESTRICTED CONDITIONAL FAMILY"", ""TRANSFER-SENSITIVE / NON-ROBUST"", ""NULL-COMPATIBLE""]"
app-1701-A-remove_pn_kc,B,A,unpaired,learned_state_comparison,0.0,0.0,dimensionless frozen model readout,[0],False,R,[0],"[""ROBUST ONLY UNDER RESTRICTED CONDITIONAL FAMILY"", ""TRANSFER-SENSITIVE / NON-ROBUST"", ""NULL-COMPATIBLE""]"
app-1701-A-remove_pn_kc,B,A,unpaired,learned_state_comparison,0.0,0.0,dimensionless frozen model readout,[0],False,WP,[0],"[""ROBUST ONLY UNDER RESTRICTED CONDITIONAL FAMILY"", ""TRANSFER-SENSITIVE / NON-ROBUST"", ""NULL-COMPATIBLE""]"
app-1701-A-remove_pn_kc,B,A,unpaired,learned_state_comparison,0.0,0.0,dimensionless frozen model readout,[0],False,WR,[0],"[""ROBUST ONLY UNDER RESTRICTED CONDITIONAL FAMILY"", ""TRANSFER-SENSITIVE / NON-ROBUST"", ""NULL-COMPATIBLE""]"
app-1701-A-remove_pn_kc,B,A,unpaired,learned_state_comparison,0.0,0.0,dimensionless frozen model readout,[0],False,H,[0],"[""ROBUST ONLY UNDER RESTRICTED CONDITIONAL FAMILY"", ""TRANSFER-SENSITIVE / NON-ROBUST"", ""NULL-COMPATIBLE""]"
app-1701-A-remove_pn_kc,B,A,unpaired,learned_state_comparison,0.0,0.0,dimensionless frozen model readout,[0],False,U,[0],"[""ROBUST ONLY UNDER RESTRICTED CONDITIONAL FAMILY"", ""TRANSFER-SENSITIVE / NON-ROBUST"", ""NULL-COMPATIBLE""]"
app-1701-A-remove_pn_kc,B,A,unpaired,learned_state_comparison,0.0,0.0,dimensionless frozen model readout,[0],False,N,"[-1, 0, 1]","[""ROBUST ONLY UNDER RESTRICTED CONDITIONAL FAMILY"", ""TRANSFER-SENSITIVE / NON-ROBUST"", ""NULL-COMPATIBLE""]"
app-1701-B-remove_pn_kc,A,B,unpaired,response_change,0.0,0.0,dimensionless frozen model readout,[0],False,E,"[-1, 0, 1]","[""ROBUST ONLY UNDER RESTRICTED CONDITIONAL FAMILY"", ""TRANSFER-SENSITIVE / NON-ROBUST"", ""NULL-COMPATIBLE""]"
app-1701-B-remove_pn_kc,A,B,unpaired,response_change,0.0,0.0,dimensionless frozen model readout,[0],False,Z,[0],"[""ROBUST ONLY UNDER RESTRICTED CONDITIONAL FAMILY"", ""TRANSFER-SENSITIVE / NON-ROBUST"", ""NULL-COMPATIBLE""]"
app-1701-B-remove_pn_kc,A,B,unpaired,response_change,0.0,0.0,dimensionless frozen model readout,[0],False,P,[0],"[""ROBUST ONLY UNDER RESTRICTED CONDITIONAL FAMILY"", ""TRANSFER-SENSITIVE / NON-ROBUST"", ""NULL-COMPATIBLE""]"
app-1701-B-remove_pn_kc,A,B,unpaired,response_change,0.0,0.0,dimensionless frozen model readout,[0],False,R,[0],"[""ROBUST ONLY UNDER RESTRICTED CONDITIONAL FAMILY"", ""TRANSFER-SENSITIVE / NON-ROBUST"", ""NULL-COMPATIBLE""]"
app-1701-B-remove_pn_kc,A,B,unpaired,response_change,0.0,0.0,dimensionless frozen model readout,[0],False,WP,[0],"[""ROBUST ONLY UNDER RESTRICTED CONDITIONAL FAMILY"", ""TRANSFER-SENSITIVE / NON-ROBUST"", ""NULL-COMPATIBLE""]"
app-1701-B-remove_pn_kc,A,B,unpaired,response_change,0.0,0.0,dimensionless frozen model readout,[0],False,WR,[0],"[""ROBUST ONLY UNDER RESTRICTED CONDITIONAL FAMILY"", ""TRANSFER-SENSITIVE / NON-ROBUST"", ""NULL-COMPATIBLE""]"
app-1701-B-remove_pn_kc,A,B,unpaired,response_change,0.0,0.0,dimensionless frozen model readout,[0],False,H,[0],"[""ROBUST ONLY UNDER RESTRICTED CONDITIONAL FAMILY"", ""TRANSFER-SENSITIVE / NON-ROBUST"", ""NULL-COMPATIBLE""]"
app-1701-B-remove_pn_kc,A,B,unpaired,response_change,0.0,0.0,dimensionless frozen model readout,[0],False,U,[0],"[""ROBUST ONLY UNDER RESTRICTED CONDITIONAL FAMILY"", ""TRANSFER-SENSITIVE / NON-ROBUST"", ""NULL-COMPATIBLE""]"
app-1701-B-remove_pn_kc,A,B,unpaired,response_change,0.0,0.0,dimensionless frozen model readout,[0],False,N,"[-1, 0, 1]","[""ROBUST ONLY UNDER RESTRICTED CONDITIONAL FAMILY"", ""TRANSFER-SENSITIVE / NON-ROBUST"", ""NULL-COMPATIBLE""]"
app-1701-B-remove_pn_kc,A,B,unpaired,restoration_check,0.0,0.0,dimensionless frozen model readout,[0],False,E,"[-1, 0, 1]","[""ROBUST ONLY UNDER RESTRICTED CONDITIONAL FAMILY"", ""TRANSFER-SENSITIVE / NON-ROBUST"", ""NULL-COMPATIBLE""]"
app-1701-B-remove_pn_kc,A,B,unpaired,restoration_check,0.0,0.0,dimensionless frozen model readout,[0],False,Z,[0],"[""ROBUST ONLY UNDER RESTRICTED CONDITIONAL FAMILY"", ""TRANSFER-SENSITIVE / NON-ROBUST"", ""NULL-COMPATIBLE""]"
app-1701-B-remove_pn_kc,A,B,unpaired,restoration_check,0.0,0.0,dimensionless frozen model readout,[0],False,P,[0],"[""ROBUST ONLY UNDER RESTRICTED CONDITIONAL FAMILY"", ""TRANSFER-SENSITIVE / NON-ROBUST"", ""NULL-COMPATIBLE""]"
app-1701-B-remove_pn_kc,A,B,unpaired,restoration_check,0.0,0.0,dimensionless frozen model readout,[0],False,R,[0],"[""ROBUST ONLY UNDER RESTRICTED CONDITIONAL FAMILY"", ""TRANSFER-SENSITIVE / NON-ROBUST"", ""NULL-COMPATIBLE""]"
app-1701-B-remove_pn_kc,A,B,unpaired,restoration_check,0.0,0.0,dimensionless frozen model readout,[0],False,WP,[0],"[""ROBUST ONLY UNDER RESTRICTED CONDITIONAL FAMILY"", ""TRANSFER-SENSITIVE / NON-ROBUST"", ""NULL-COMPATIBLE""]"
app-1701-B-remove_pn_kc,A,B,unpaired,restoration_check,0.0,0.0,dimensionless frozen model readout,[0],False,WR,[0],"[""ROBUST ONLY UNDER RESTRICTED CONDITIONAL FAMILY"", ""TRANSFER-SENSITIVE / NON-ROBUST"", ""NULL-COMPATIBLE""]"
app-1701-B-remove_pn_kc,A,B,unpaired,restoration_check,0.0,0.0,dimensionless frozen model readout,[0],False,H,[0],"[""ROBUST ONLY UNDER RESTRICTED CONDITIONAL FAMILY"", ""TRANSFER-SENSITIVE / NON-ROBUST"", ""NULL-COMPATIBLE""]"
app-1701-B-remove_pn_kc,A,B,unpaired,restoration_check,0.0,0.0,dimensionless frozen model readout,[0],False,U,[0],"[""ROBUST ONLY UNDER RESTRICTED CONDITIONAL FAMILY"", ""TRANSFER-SENSITIVE / NON-ROBUST"", ""NULL-COMPATIBLE""]"
app-1701-B-remove_pn_kc,A,B,unpaired,restoration_check,0.0,0.0,dimensionless frozen model readout,[0],False,N,"[-1, 0, 1]","[""ROBUST ONLY UNDER RESTRICTED CONDITIONAL FAMILY"", ""TRANSFER-SENSITIVE / NON-ROBUST"", ""NULL-COMPATIBLE""]"
app-1701-B-remove_pn_kc,A,B,unpaired,plastic_state_retention,0.0,0.0,dimensionless frozen model readout,[0],False,E,"[-1, 0, 1]","[""ROBUST ONLY UNDER RESTRICTED CONDITIONAL FAMILY"", ""TRANSFER-SENSITIVE / NON-ROBUST"", ""NULL-COMPATIBLE""]"
app-1701-B-remove_pn_kc,A,B,unpaired,plastic_state_retention,0.0,0.0,dimensionless frozen model readout,[0],False,Z,[0],"[""ROBUST ONLY UNDER RESTRICTED CONDITIONAL FAMILY"", ""TRANSFER-SENSITIVE / NON-ROBUST"", ""NULL-COMPATIBLE""]"
app-1701-B-remove_pn_kc,A,B,unpaired,plastic_state_retention,0.0,0.0,dimensionless frozen model readout,[0],False,P,[0],"[""ROBUST ONLY UNDER RESTRICTED CONDITIONAL FAMILY"", ""TRANSFER-SENSITIVE / NON-ROBUST"", ""NULL-COMPATIBLE""]"
app-1701-B-remove_pn_kc,A,B,unpaired,plastic_state_retention,0.0,0.0,dimensionless frozen model readout,[0],False,R,[0],"[""ROBUST ONLY UNDER RESTRICTED CONDITIONAL FAMILY"", ""TRANSFER-SENSITIVE / NON-ROBUST"", ""NULL-COMPATIBLE""]"
app-1701-B-remove_pn_kc,A,B,unpaired,plastic_state_retention,0.0,0.0,dimensionless frozen model readout,[0],False,WP,[0],"[""ROBUST ONLY UNDER RESTRICTED CONDITIONAL FAMILY"", ""TRANSFER-SENSITIVE / NON-ROBUST"", ""NULL-COMPATIBLE""]"
app-1701-B-remove_pn_kc,A,B,unpaired,plastic_state_retention,0.0,0.0,dimensionless frozen model readout,[0],False,WR,[0],"[""ROBUST ONLY UNDER RESTRICTED CONDITIONAL FAMILY"", ""TRANSFER-SENSITIVE / NON-ROBUST"", ""NULL-COMPATIBLE""]"
app-1701-B-remove_pn_kc,A,B,unpaired,plastic_state_retention,0.0,0.0,dimensionless frozen model readout,[0],False,H,[0],"[""ROBUST ONLY UNDER RESTRICTED CONDITIONAL FAMILY"", ""TRANSFER-SENSITIVE / NON-ROBUST"", ""NULL-COMPATIBLE""]"
app-1701-B-remove_pn_kc,A,B,unpaired,plastic_state_retention,0.0,0.0,dimensionless frozen model readout,[0],False,U,[0],"[""ROBUST ONLY UNDER RESTRICTED CONDITIONAL FAMILY"", ""TRANSFER-SENSITIVE / NON-ROBUST"", ""NULL-COMPATIBLE""]"
app-1701-B-remove_pn_kc,A,B,unpaired,plastic_state_retention,0.0,0.0,dimensionless frozen model readout,[0],False,N,"[-1, 0, 1]","[""ROBUST ONLY UNDER RESTRICTED CONDITIONAL FAMILY"", ""TRANSFER-SENSITIVE / NON-ROBUST"", ""NULL-COMPATIBLE""]"
app-1701-B-remove_pn_kc,A,B,unpaired,learned_state_comparison,0.0,0.0,dimensionless frozen model readout,[0],False,E,"[-1, 0, 1]","[""ROBUST ONLY UNDER RESTRICTED CONDITIONAL FAMILY"", ""TRANSFER-SENSITIVE / NON-ROBUST"", ""NULL-COMPATIBLE""]"
app-1701-B-remove_pn_kc,A,B,unpaired,learned_state_comparison,0.0,0.0,dimensionless frozen model readout,[0],False,Z,[0],"[""ROBUST ONLY UNDER RESTRICTED CONDITIONAL FAMILY"", ""TRANSFER-SENSITIVE / NON-ROBUST"", ""NULL-COMPATIBLE""]"
app-1701-B-remove_pn_kc,A,B,unpaired,learned_state_comparison,0.0,0.0,dimensionless frozen model readout,[0],False,P,[0],"[""ROBUST ONLY UNDER RESTRICTED CONDITIONAL FAMILY"", ""TRANSFER-SENSITIVE / NON-ROBUST"", ""NULL-COMPATIBLE""]"
app-1701-B-remove_pn_kc,A,B,unpaired,learned_state_comparison,0.0,0.0,dimensionless frozen model readout,[0],False,R,[0],"[""ROBUST ONLY UNDER RESTRICTED CONDITIONAL FAMILY"", ""TRANSFER-SENSITIVE / NON-ROBUST"", ""NULL-COMPATIBLE""]"
app-1701-B-remove_pn_kc,A,B,unpaired,learned_state_comparison,0.0,0.0,dimensionless frozen model readout,[0],False,WP,[0],"[""ROBUST ONLY UNDER RESTRICTED CONDITIONAL FAMILY"", ""TRANSFER-SENSITIVE / NON-ROBUST"", ""NULL-COMPATIBLE""]"
app-1701-B-remove_pn_kc,A,B,unpaired,learned_state_comparison,0.0,0.0,dimensionless frozen model readout,[0],False,WR,[0],"[""ROBUST ONLY UNDER RESTRICTED CONDITIONAL FAMILY"", ""TRANSFER-SENSITIVE / NON-ROBUST"", ""NULL-COMPATIBLE""]"
app-1701-B-remove_pn_kc,A,B,unpaired,learned_state_comparison,0.0,0.0,dimensionless frozen model readout,[0],False,H,[0],"[""ROBUST ONLY UNDER RESTRICTED CONDITIONAL FAMILY"", ""TRANSFER-SENSITIVE / NON-ROBUST"", ""NULL-COMPATIBLE""]"
app-1701-B-remove_pn_kc,A,B,unpaired,learned_state_comparison,0.0,0.0,dimensionless frozen model readout,[0],False,U,[0],"[""ROBUST ONLY UNDER RESTRICTED CONDITIONAL FAMILY"", ""TRANSFER-SENSITIVE / NON-ROBUST"", ""NULL-COMPATIBLE""]"
app-1701-B-remove_pn_kc,A,B,unpaired,learned_state_comparison,0.0,0.0,dimensionless frozen model readout,[0],False,N,"[-1, 0, 1]","[""ROBUST ONLY UNDER RESTRICTED CONDITIONAL FAMILY"", ""TRANSFER-SENSITIVE / NON-ROBUST"", ""NULL-COMPATIBLE""]"
app-1701-B-remove_pn_kc,B,B,paired,response_change,0.0,0.0,dimensionless frozen model readout,[0],False,E,"[-1, 0, 1]","[""ROBUST ONLY UNDER RESTRICTED CONDITIONAL FAMILY"", ""TRANSFER-SENSITIVE / NON-ROBUST"", ""NULL-COMPATIBLE""]"
app-1701-B-remove_pn_kc,B,B,paired,response_change,0.0,0.0,dimensionless frozen model readout,[0],False,Z,[0],"[""ROBUST ONLY UNDER RESTRICTED CONDITIONAL FAMILY"", ""TRANSFER-SENSITIVE / NON-ROBUST"", ""NULL-COMPATIBLE""]"
app-1701-B-remove_pn_kc,B,B,paired,response_change,0.0,0.0,dimensionless frozen model readout,[0],False,P,[0],"[""ROBUST ONLY UNDER RESTRICTED CONDITIONAL FAMILY"", ""TRANSFER-SENSITIVE / NON-ROBUST"", ""NULL-COMPATIBLE""]"
app-1701-B-remove_pn_kc,B,B,paired,response_change,0.0,0.0,dimensionless frozen model readout,[0],False,R,[0],"[""ROBUST ONLY UNDER RESTRICTED CONDITIONAL FAMILY"", ""TRANSFER-SENSITIVE / NON-ROBUST"", ""NULL-COMPATIBLE""]"
app-1701-B-remove_pn_kc,B,B,paired,response_change,0.0,0.0,dimensionless frozen model readout,[0],False,WP,[0],"[""ROBUST ONLY UNDER RESTRICTED CONDITIONAL FAMILY"", ""TRANSFER-SENSITIVE / NON-ROBUST"", ""NULL-COMPATIBLE""]"
app-1701-B-remove_pn_kc,B,B,paired,response_change,0.0,0.0,dimensionless frozen model readout,[0],False,WR,[0],"[""ROBUST ONLY UNDER RESTRICTED CONDITIONAL FAMILY"", ""TRANSFER-SENSITIVE / NON-ROBUST"", ""NULL-COMPATIBLE""]"
app-1701-B-remove_pn_kc,B,B,paired,response_change,0.0,0.0,dimensionless frozen model readout,[0],False,H,[0],"[""ROBUST ONLY UNDER RESTRICTED CONDITIONAL FAMILY"", ""TRANSFER-SENSITIVE / NON-ROBUST"", ""NULL-COMPATIBLE""]"
app-1701-B-remove_pn_kc,B,B,paired,response_change,0.0,0.0,dimensionless frozen model readout,[0],False,U,[0],"[""ROBUST ONLY UNDER RESTRICTED CONDITIONAL FAMILY"", ""TRANSFER-SENSITIVE / NON-ROBUST"", ""NULL-COMPATIBLE""]"
app-1701-B-remove_pn_kc,B,B,paired,response_change,0.0,0.0,dimensionless frozen model readout,[0],False,N,"[-1, 0, 1]","[""ROBUST ONLY UNDER RESTRICTED CONDITIONAL FAMILY"", ""TRANSFER-SENSITIVE / NON-ROBUST"", ""NULL-COMPATIBLE""]"
app-1701-B-remove_pn_kc,B,B,paired,restoration_check,0.0,0.0,dimensionless frozen model readout,[0],False,E,"[-1, 0, 1]","[""ROBUST ONLY UNDER RESTRICTED CONDITIONAL FAMILY"", ""TRANSFER-SENSITIVE / NON-ROBUST"", ""NULL-COMPATIBLE""]"
app-1701-B-remove_pn_kc,B,B,paired,restoration_check,0.0,0.0,dimensionless frozen model readout,[0],False,Z,[0],"[""ROBUST ONLY UNDER RESTRICTED CONDITIONAL FAMILY"", ""TRANSFER-SENSITIVE / NON-ROBUST"", ""NULL-COMPATIBLE""]"
app-1701-B-remove_pn_kc,B,B,paired,restoration_check,0.0,0.0,dimensionless frozen model readout,[0],False,P,[0],"[""ROBUST ONLY UNDER RESTRICTED CONDITIONAL FAMILY"", ""TRANSFER-SENSITIVE / NON-ROBUST"", ""NULL-COMPATIBLE""]"
app-1701-B-remove_pn_kc,B,B,paired,restoration_check,0.0,0.0,dimensionless frozen model readout,[0],False,R,[0],"[""ROBUST ONLY UNDER RESTRICTED CONDITIONAL FAMILY"", ""TRANSFER-SENSITIVE / NON-ROBUST"", ""NULL-COMPATIBLE""]"
app-1701-B-remove_pn_kc,B,B,paired,restoration_check,0.0,0.0,dimensionless frozen model readout,[0],False,WP,[0],"[""ROBUST ONLY UNDER RESTRICTED CONDITIONAL FAMILY"", ""TRANSFER-SENSITIVE / NON-ROBUST"", ""NULL-COMPATIBLE""]"
app-1701-B-remove_pn_kc,B,B,paired,restoration_check,0.0,0.0,dimensionless frozen model readout,[0],False,WR,[0],"[""ROBUST ONLY UNDER RESTRICTED CONDITIONAL FAMILY"", ""TRANSFER-SENSITIVE / NON-ROBUST"", ""NULL-COMPATIBLE""]"
app-1701-B-remove_pn_kc,B,B,paired,restoration_check,0.0,0.0,dimensionless frozen model readout,[0],False,H,[0],"[""ROBUST ONLY UNDER RESTRICTED CONDITIONAL FAMILY"", ""TRANSFER-SENSITIVE / NON-ROBUST"", ""NULL-COMPATIBLE""]"
app-1701-B-remove_pn_kc,B,B,paired,restoration_check,0.0,0.0,dimensionless frozen model readout,[0],False,U,[0],"[""ROBUST ONLY UNDER RESTRICTED CONDITIONAL FAMILY"", ""TRANSFER-SENSITIVE / NON-ROBUST"", ""NULL-COMPATIBLE""]"
app-1701-B-remove_pn_kc,B,B,paired,restoration_check,0.0,0.0,dimensionless frozen model readout,[0],False,N,"[-1, 0, 1]","[""ROBUST ONLY UNDER RESTRICTED CONDITIONAL FAMILY"", ""TRANSFER-SENSITIVE / NON-ROBUST"", ""NULL-COMPATIBLE""]"
app-1701-B-remove_pn_kc,B,B,paired,plastic_state_retention,0.0,0.0,dimensionless frozen model readout,[0],False,E,"[-1, 0, 1]","[""ROBUST ONLY UNDER RESTRICTED CONDITIONAL FAMILY"", ""TRANSFER-SENSITIVE / NON-ROBUST"", ""NULL-COMPATIBLE""]"
app-1701-B-remove_pn_kc,B,B,paired,plastic_state_retention,0.0,0.0,dimensionless frozen model readout,[0],False,Z,[0],"[""ROBUST ONLY UNDER RESTRICTED CONDITIONAL FAMILY"", ""TRANSFER-SENSITIVE / NON-ROBUST"", ""NULL-COMPATIBLE""]"
app-1701-B-remove_pn_kc,B,B,paired,plastic_state_retention,0.0,0.0,dimensionless frozen model readout,[0],False,P,[0],"[""ROBUST ONLY UNDER RESTRICTED CONDITIONAL FAMILY"", ""TRANSFER-SENSITIVE / NON-ROBUST"", ""NULL-COMPATIBLE""]"
app-1701-B-remove_pn_kc,B,B,paired,plastic_state_retention,0.0,0.0,dimensionless frozen model readout,[0],False,R,[0],"[""ROBUST ONLY UNDER RESTRICTED CONDITIONAL FAMILY"", ""TRANSFER-SENSITIVE / NON-ROBUST"", ""NULL-COMPATIBLE""]"
app-1701-B-remove_pn_kc,B,B,paired,plastic_state_retention,0.0,0.0,dimensionless frozen model readout,[0],False,WP,[0],"[""ROBUST ONLY UNDER RESTRICTED CONDITIONAL FAMILY"", ""TRANSFER-SENSITIVE / NON-ROBUST"", ""NULL-COMPATIBLE""]"
app-1701-B-remove_pn_kc,B,B,paired,plastic_state_retention,0.0,0.0,dimensionless frozen model readout,[0],False,WR,[0],"[""ROBUST ONLY UNDER RESTRICTED CONDITIONAL FAMILY"", ""TRANSFER-SENSITIVE / NON-ROBUST"", ""NULL-COMPATIBLE""]"
app-1701-B-remove_pn_kc,B,B,paired,plastic_state_retention,0.0,0.0,dimensionless frozen model readout,[0],False,H,[0],"[""ROBUST ONLY UNDER RESTRICTED CONDITIONAL FAMILY"", ""TRANSFER-SENSITIVE / NON-ROBUST"", ""NULL-COMPATIBLE""]"
app-1701-B-remove_pn_kc,B,B,paired,plastic_state_retention,0.0,0.0,dimensionless frozen model readout,[0],False,U,[0],"[""ROBUST ONLY UNDER RESTRICTED CONDITIONAL FAMILY"", ""TRANSFER-SENSITIVE / NON-ROBUST"", ""NULL-COMPATIBLE""]"
app-1701-B-remove_pn_kc,B,B,paired,plastic_state_retention,0.0,0.0,dimensionless frozen model readout,[0],False,N,"[-1, 0, 1]","[""ROBUST ONLY UNDER RESTRICTED CONDITIONAL FAMILY"", ""TRANSFER-SENSITIVE / NON-ROBUST"", ""NULL-COMPATIBLE""]"
app-1701-B-remove_pn_kc,B,B,paired,learned_state_comparison,0.0,0.0,dimensionless frozen model readout,[0],False,E,"[-1, 0, 1]","[""ROBUST ONLY UNDER RESTRICTED CONDITIONAL FAMILY"", ""TRANSFER-SENSITIVE / NON-ROBUST"", ""NULL-COMPATIBLE""]"
app-1701-B-remove_pn_kc,B,B,paired,learned_state_comparison,0.0,0.0,dimensionless frozen model readout,[0],False,Z,[0],"[""ROBUST ONLY UNDER RESTRICTED CONDITIONAL FAMILY"", ""TRANSFER-SENSITIVE / NON-ROBUST"", ""NULL-COMPATIBLE""]"
app-1701-B-remove_pn_kc,B,B,paired,learned_state_comparison,0.0,0.0,dimensionless frozen model readout,[0],False,P,[0],"[""ROBUST ONLY UNDER RESTRICTED CONDITIONAL FAMILY"", ""TRANSFER-SENSITIVE / NON-ROBUST"", ""NULL-COMPATIBLE""]"
app-1701-B-remove_pn_kc,B,B,paired,learned_state_comparison,0.0,0.0,dimensionless frozen model readout,[0],False,R,[0],"[""ROBUST ONLY UNDER RESTRICTED CONDITIONAL FAMILY"", ""TRANSFER-SENSITIVE / NON-ROBUST"", ""NULL-COMPATIBLE""]"
app-1701-B-remove_pn_kc,B,B,paired,learned_state_comparison,0.0,0.0,dimensionless frozen model readout,[0],False,WP,[0],"[""ROBUST ONLY UNDER RESTRICTED CONDITIONAL FAMILY"", ""TRANSFER-SENSITIVE / NON-ROBUST"", ""NULL-COMPATIBLE""]"
app-1701-B-remove_pn_kc,B,B,paired,learned_state_comparison,0.0,0.0,dimensionless frozen model readout,[0],False,WR,[0],"[""ROBUST ONLY UNDER RESTRICTED CONDITIONAL FAMILY"", ""TRANSFER-SENSITIVE / NON-ROBUST"", ""NULL-COMPATIBLE""]"
app-1701-B-remove_pn_kc,B,B,paired,learned_state_comparison,0.0,0.0,dimensionless frozen model readout,[0],False,H,[0],"[""ROBUST ONLY UNDER RESTRICTED CONDITIONAL FAMILY"", ""TRANSFER-SENSITIVE / NON-ROBUST"", ""NULL-COMPATIBLE""]"
app-1701-B-remove_pn_kc,B,B,paired,learned_state_comparison,0.0,0.0,dimensionless frozen model readout,[0],False,U,[0],"[""ROBUST ONLY UNDER RESTRICTED CONDITIONAL FAMILY"", ""TRANSFER-SENSITIVE / NON-ROBUST"", ""NULL-COMPATIBLE""]"
app-1701-B-remove_pn_kc,B,B,paired,learned_state_comparison,0.0,0.0,dimensionless frozen model readout,[0],False,N,"[-1, 0, 1]","[""ROBUST ONLY UNDER RESTRICTED CONDITIONAL FAMILY"", ""TRANSFER-SENSITIVE / NON-ROBUST"", ""NULL-COMPATIBLE""]"
app-1701-A-remove_kc_mbon,A,A,paired,response_change,0.0,0.0,dimensionless frozen model readout,[0],False,E,"[-1, 0, 1]","[""ROBUST ONLY UNDER RESTRICTED CONDITIONAL FAMILY"", ""TRANSFER-SENSITIVE / NON-ROBUST"", ""NULL-COMPATIBLE""]"
app-1701-A-remove_kc_mbon,A,A,paired,response_change,0.0,0.0,dimensionless frozen model readout,[0],False,Z,[0],"[""ROBUST ONLY UNDER RESTRICTED CONDITIONAL FAMILY"", ""TRANSFER-SENSITIVE / NON-ROBUST"", ""NULL-COMPATIBLE""]"
app-1701-A-remove_kc_mbon,A,A,paired,response_change,0.0,0.0,dimensionless frozen model readout,[0],False,P,[0],"[""ROBUST ONLY UNDER RESTRICTED CONDITIONAL FAMILY"", ""TRANSFER-SENSITIVE / NON-ROBUST"", ""NULL-COMPATIBLE""]"
app-1701-A-remove_kc_mbon,A,A,paired,response_change,0.0,0.0,dimensionless frozen model readout,[0],False,R,[0],"[""ROBUST ONLY UNDER RESTRICTED CONDITIONAL FAMILY"", ""TRANSFER-SENSITIVE / NON-ROBUST"", ""NULL-COMPATIBLE""]"
app-1701-A-remove_kc_mbon,A,A,paired,response_change,0.0,0.0,dimensionless frozen model readout,[0],False,WP,[0],"[""ROBUST ONLY UNDER RESTRICTED CONDITIONAL FAMILY"", ""TRANSFER-SENSITIVE / NON-ROBUST"", ""NULL-COMPATIBLE""]"
app-1701-A-remove_kc_mbon,A,A,paired,response_change,0.0,0.0,dimensionless frozen model readout,[0],False,WR,[0],"[""ROBUST ONLY UNDER RESTRICTED CONDITIONAL FAMILY"", ""TRANSFER-SENSITIVE / NON-ROBUST"", ""NULL-COMPATIBLE""]"
app-1701-A-remove_kc_mbon,A,A,paired,response_change,0.0,0.0,dimensionless frozen model readout,[0],False,H,[0],"[""ROBUST ONLY UNDER RESTRICTED CONDITIONAL FAMILY"", ""TRANSFER-SENSITIVE / NON-ROBUST"", ""NULL-COMPATIBLE""]"
app-1701-A-remove_kc_mbon,A,A,paired,response_change,0.0,0.0,dimensionless frozen model readout,[0],False,U,[0],"[""ROBUST ONLY UNDER RESTRICTED CONDITIONAL FAMILY"", ""TRANSFER-SENSITIVE / NON-ROBUST"", ""NULL-COMPATIBLE""]"
app-1701-A-remove_kc_mbon,A,A,paired,response_change,0.0,0.0,dimensionless frozen model readout,[0],False,N,"[-1, 0, 1]","[""ROBUST ONLY UNDER RESTRICTED CONDITIONAL FAMILY"", ""TRANSFER-SENSITIVE / NON-ROBUST"", ""NULL-COMPATIBLE""]"
app-1701-A-remove_kc_mbon,A,A,paired,restoration_check,0.0,0.0,dimensionless frozen model readout,[0],False,E,"[-1, 0, 1]","[""ROBUST ONLY UNDER RESTRICTED CONDITIONAL FAMILY"", ""TRANSFER-SENSITIVE / NON-ROBUST"", ""NULL-COMPATIBLE""]"
app-1701-A-remove_kc_mbon,A,A,paired,restoration_check,0.0,0.0,dimensionless frozen model readout,[0],False,Z,[0],"[""ROBUST ONLY UNDER RESTRICTED CONDITIONAL FAMILY"", ""TRANSFER-SENSITIVE / NON-ROBUST"", ""NULL-COMPATIBLE""]"
app-1701-A-remove_kc_mbon,A,A,paired,restoration_check,0.0,0.0,dimensionless frozen model readout,[0],False,P,[0],"[""ROBUST ONLY UNDER RESTRICTED CONDITIONAL FAMILY"", ""TRANSFER-SENSITIVE / NON-ROBUST"", ""NULL-COMPATIBLE""]"
app-1701-A-remove_kc_mbon,A,A,paired,restoration_check,0.0,0.0,dimensionless frozen model readout,[0],False,R,[0],"[""ROBUST ONLY UNDER RESTRICTED CONDITIONAL FAMILY"", ""TRANSFER-SENSITIVE / NON-ROBUST"", ""NULL-COMPATIBLE""]"
app-1701-A-remove_kc_mbon,A,A,paired,restoration_check,0.0,0.0,dimensionless frozen model readout,[0],False,WP,[0],"[""ROBUST ONLY UNDER RESTRICTED CONDITIONAL FAMILY"", ""TRANSFER-SENSITIVE / NON-ROBUST"", ""NULL-COMPATIBLE""]"
app-1701-A-remove_kc_mbon,A,A,paired,restoration_check,0.0,0.0,dimensionless frozen model readout,[0],False,WR,[0],"[""ROBUST ONLY UNDER RESTRICTED CONDITIONAL FAMILY"", ""TRANSFER-SENSITIVE / NON-ROBUST"", ""NULL-COMPATIBLE""]"
app-1701-A-remove_kc_mbon,A,A,paired,restoration_check,0.0,0.0,dimensionless frozen model readout,[0],False,H,[0],"[""ROBUST ONLY UNDER RESTRICTED CONDITIONAL FAMILY"", ""TRANSFER-SENSITIVE / NON-ROBUST"", ""NULL-COMPATIBLE""]"
app-1701-A-remove_kc_mbon,A,A,paired,restoration_check,0.0,0.0,dimensionless frozen model readout,[0],False,U,[0],"[""ROBUST ONLY UNDER RESTRICTED CONDITIONAL FAMILY"", ""TRANSFER-SENSITIVE / NON-ROBUST"", ""NULL-COMPATIBLE""]"
app-1701-A-remove_kc_mbon,A,A,paired,restoration_check,0.0,0.0,dimensionless frozen model readout,[0],False,N,"[-1, 0, 1]","[""ROBUST ONLY UNDER RESTRICTED CONDITIONAL FAMILY"", ""TRANSFER-SENSITIVE / NON-ROBUST"", ""NULL-COMPATIBLE""]"
app-1701-A-remove_kc_mbon,A,A,paired,plastic_state_retention,0.0,0.0,dimensionless frozen model readout,[0],False,E,"[-1, 0, 1]","[""ROBUST ONLY UNDER RESTRICTED CONDITIONAL FAMILY"", ""TRANSFER-SENSITIVE / NON-ROBUST"", ""NULL-COMPATIBLE""]"
app-1701-A-remove_kc_mbon,A,A,paired,plastic_state_retention,0.0,0.0,dimensionless frozen model readout,[0],False,Z,[0],"[""ROBUST ONLY UNDER RESTRICTED CONDITIONAL FAMILY"", ""TRANSFER-SENSITIVE / NON-ROBUST"", ""NULL-COMPATIBLE""]"
app-1701-A-remove_kc_mbon,A,A,paired,plastic_state_retention,0.0,0.0,dimensionless frozen model readout,[0],False,P,[0],"[""ROBUST ONLY UNDER RESTRICTED CONDITIONAL FAMILY"", ""TRANSFER-SENSITIVE / NON-ROBUST"", ""NULL-COMPATIBLE""]"
app-1701-A-remove_kc_mbon,A,A,paired,plastic_state_retention,0.0,0.0,dimensionless frozen model readout,[0],False,R,[0],"[""ROBUST ONLY UNDER RESTRICTED CONDITIONAL FAMILY"", ""TRANSFER-SENSITIVE / NON-ROBUST"", ""NULL-COMPATIBLE""]"
app-1701-A-remove_kc_mbon,A,A,paired,plastic_state_retention,0.0,0.0,dimensionless frozen model readout,[0],False,WP,[0],"[""ROBUST ONLY UNDER RESTRICTED CONDITIONAL FAMILY"", ""TRANSFER-SENSITIVE / NON-ROBUST"", ""NULL-COMPATIBLE""]"
app-1701-A-remove_kc_mbon,A,A,paired,plastic_state_retention,0.0,0.0,dimensionless frozen model readout,[0],False,WR,[0],"[""ROBUST ONLY UNDER RESTRICTED CONDITIONAL FAMILY"", ""TRANSFER-SENSITIVE / NON-ROBUST"", ""NULL-COMPATIBLE""]"
app-1701-A-remove_kc_mbon,A,A,paired,plastic_state_retention,0.0,0.0,dimensionless frozen model readout,[0],False,H,[0],"[""ROBUST ONLY UNDER RESTRICTED CONDITIONAL FAMILY"", ""TRANSFER-SENSITIVE / NON-ROBUST"", ""NULL-COMPATIBLE""]"
app-1701-A-remove_kc_mbon,A,A,paired,plastic_state_retention,0.0,0.0,dimensionless frozen model readout,[0],False,U,[0],"[""ROBUST ONLY UNDER RESTRICTED CONDITIONAL FAMILY"", ""TRANSFER-SENSITIVE / NON-ROBUST"", ""NULL-COMPATIBLE""]"
app-1701-A-remove_kc_mbon,A,A,paired,plastic_state_retention,0.0,0.0,dimensionless frozen model readout,[0],False,N,"[-1, 0, 1]","[""ROBUST ONLY UNDER RESTRICTED CONDITIONAL FAMILY"", ""TRANSFER-SENSITIVE / NON-ROBUST"", ""NULL-COMPATIBLE""]"
app-1701-A-remove_kc_mbon,A,A,paired,learned_state_comparison,0.0,0.0,dimensionless frozen model readout,[0],False,E,"[-1, 0, 1]","[""ROBUST ONLY UNDER RESTRICTED CONDITIONAL FAMILY"", ""TRANSFER-SENSITIVE / NON-ROBUST"", ""NULL-COMPATIBLE""]"
app-1701-A-remove_kc_mbon,A,A,paired,learned_state_comparison,0.0,0.0,dimensionless frozen model readout,[0],False,Z,[0],"[""ROBUST ONLY UNDER RESTRICTED CONDITIONAL FAMILY"", ""TRANSFER-SENSITIVE / NON-ROBUST"", ""NULL-COMPATIBLE""]"
app-1701-A-remove_kc_mbon,A,A,paired,learned_state_comparison,0.0,0.0,dimensionless frozen model readout,[0],False,P,[0],"[""ROBUST ONLY UNDER RESTRICTED CONDITIONAL FAMILY"", ""TRANSFER-SENSITIVE / NON-ROBUST"", ""NULL-COMPATIBLE""]"
app-1701-A-remove_kc_mbon,A,A,paired,learned_state_comparison,0.0,0.0,dimensionless frozen model readout,[0],False,R,[0],"[""ROBUST ONLY UNDER RESTRICTED CONDITIONAL FAMILY"", ""TRANSFER-SENSITIVE / NON-ROBUST"", ""NULL-COMPATIBLE""]"
app-1701-A-remove_kc_mbon,A,A,paired,learned_state_comparison,0.0,0.0,dimensionless frozen model readout,[0],False,WP,[0],"[""ROBUST ONLY UNDER RESTRICTED CONDITIONAL FAMILY"", ""TRANSFER-SENSITIVE / NON-ROBUST"", ""NULL-COMPATIBLE""]"
app-1701-A-remove_kc_mbon,A,A,paired,learned_state_comparison,0.0,0.0,dimensionless frozen model readout,[0],False,WR,[0],"[""ROBUST ONLY UNDER RESTRICTED CONDITIONAL FAMILY"", ""TRANSFER-SENSITIVE / NON-ROBUST"", ""NULL-COMPATIBLE""]"
app-1701-A-remove_kc_mbon,A,A,paired,learned_state_comparison,0.0,0.0,dimensionless frozen model readout,[0],False,H,[0],"[""ROBUST ONLY UNDER RESTRICTED CONDITIONAL FAMILY"", ""TRANSFER-SENSITIVE / NON-ROBUST"", ""NULL-COMPATIBLE""]"
app-1701-A-remove_kc_mbon,A,A,paired,learned_state_comparison,0.0,0.0,dimensionless frozen model readout,[0],False,U,[0],"[""ROBUST ONLY UNDER RESTRICTED CONDITIONAL FAMILY"", ""TRANSFER-SENSITIVE / NON-ROBUST"", ""NULL-COMPATIBLE""]"
app-1701-A-remove_kc_mbon,A,A,paired,learned_state_comparison,0.0,0.0,dimensionless frozen model readout,[0],False,N,"[-1, 0, 1]","[""ROBUST ONLY UNDER RESTRICTED CONDITIONAL FAMILY"", ""TRANSFER-SENSITIVE / NON-ROBUST"", ""NULL-COMPATIBLE""]"
app-1701-A-remove_kc_mbon,B,A,unpaired,response_change,0.0,0.0,dimensionless frozen model readout,[0],False,E,"[-1, 0, 1]","[""ROBUST ONLY UNDER RESTRICTED CONDITIONAL FAMILY"", ""TRANSFER-SENSITIVE / NON-ROBUST"", ""NULL-COMPATIBLE""]"
app-1701-A-remove_kc_mbon,B,A,unpaired,response_change,0.0,0.0,dimensionless frozen model readout,[0],False,Z,[0],"[""ROBUST ONLY UNDER RESTRICTED CONDITIONAL FAMILY"", ""TRANSFER-SENSITIVE / NON-ROBUST"", ""NULL-COMPATIBLE""]"
app-1701-A-remove_kc_mbon,B,A,unpaired,response_change,0.0,0.0,dimensionless frozen model readout,[0],False,P,[0],"[""ROBUST ONLY UNDER RESTRICTED CONDITIONAL FAMILY"", ""TRANSFER-SENSITIVE / NON-ROBUST"", ""NULL-COMPATIBLE""]"
app-1701-A-remove_kc_mbon,B,A,unpaired,response_change,0.0,0.0,dimensionless frozen model readout,[0],False,R,[0],"[""ROBUST ONLY UNDER RESTRICTED CONDITIONAL FAMILY"", ""TRANSFER-SENSITIVE / NON-ROBUST"", ""NULL-COMPATIBLE""]"
app-1701-A-remove_kc_mbon,B,A,unpaired,response_change,0.0,0.0,dimensionless frozen model readout,[0],False,WP,[0],"[""ROBUST ONLY UNDER RESTRICTED CONDITIONAL FAMILY"", ""TRANSFER-SENSITIVE / NON-ROBUST"", ""NULL-COMPATIBLE""]"
app-1701-A-remove_kc_mbon,B,A,unpaired,response_change,0.0,0.0,dimensionless frozen model readout,[0],False,WR,[0],"[""ROBUST ONLY UNDER RESTRICTED CONDITIONAL FAMILY"", ""TRANSFER-SENSITIVE / NON-ROBUST"", ""NULL-COMPATIBLE""]"
app-1701-A-remove_kc_mbon,B,A,unpaired,response_change,0.0,0.0,dimensionless frozen model readout,[0],False,H,[0],"[""ROBUST ONLY UNDER RESTRICTED CONDITIONAL FAMILY"", ""TRANSFER-SENSITIVE / NON-ROBUST"", ""NULL-COMPATIBLE""]"
app-1701-A-remove_kc_mbon,B,A,unpaired,response_change,0.0,0.0,dimensionless frozen model readout,[0],False,U,[0],"[""ROBUST ONLY UNDER RESTRICTED CONDITIONAL FAMILY"", ""TRANSFER-SENSITIVE / NON-ROBUST"", ""NULL-COMPATIBLE""]"
app-1701-A-remove_kc_mbon,B,A,unpaired,response_change,0.0,0.0,dimensionless frozen model readout,[0],False,N,"[-1, 0, 1]","[""ROBUST ONLY UNDER RESTRICTED CONDITIONAL FAMILY"", ""TRANSFER-SENSITIVE / NON-ROBUST"", ""NULL-COMPATIBLE""]"
app-1701-A-remove_kc_mbon,B,A,unpaired,restoration_check,0.0,0.0,dimensionless frozen model readout,[0],False,E,"[-1, 0, 1]","[""ROBUST ONLY UNDER RESTRICTED CONDITIONAL FAMILY"", ""TRANSFER-SENSITIVE / NON-ROBUST"", ""NULL-COMPATIBLE""]"
app-1701-A-remove_kc_mbon,B,A,unpaired,restoration_check,0.0,0.0,dimensionless frozen model readout,[0],False,Z,[0],"[""ROBUST ONLY UNDER RESTRICTED CONDITIONAL FAMILY"", ""TRANSFER-SENSITIVE / NON-ROBUST"", ""NULL-COMPATIBLE""]"
app-1701-A-remove_kc_mbon,B,A,unpaired,restoration_check,0.0,0.0,dimensionless frozen model readout,[0],False,P,[0],"[""ROBUST ONLY UNDER RESTRICTED CONDITIONAL FAMILY"", ""TRANSFER-SENSITIVE / NON-ROBUST"", ""NULL-COMPATIBLE""]"
app-1701-A-remove_kc_mbon,B,A,unpaired,restoration_check,0.0,0.0,dimensionless frozen model readout,[0],False,R,[0],"[""ROBUST ONLY UNDER RESTRICTED CONDITIONAL FAMILY"", ""TRANSFER-SENSITIVE / NON-ROBUST"", ""NULL-COMPATIBLE""]"
app-1701-A-remove_kc_mbon,B,A,unpaired,restoration_check,0.0,0.0,dimensionless frozen model readout,[0],False,WP,[0],"[""ROBUST ONLY UNDER RESTRICTED CONDITIONAL FAMILY"", ""TRANSFER-SENSITIVE / NON-ROBUST"", ""NULL-COMPATIBLE""]"
app-1701-A-remove_kc_mbon,B,A,unpaired,restoration_check,0.0,0.0,dimensionless frozen model readout,[0],False,WR,[0],"[""ROBUST ONLY UNDER RESTRICTED CONDITIONAL FAMILY"", ""TRANSFER-SENSITIVE / NON-ROBUST"", ""NULL-COMPATIBLE""]"
app-1701-A-remove_kc_mbon,B,A,unpaired,restoration_check,0.0,0.0,dimensionless frozen model readout,[0],False,H,[0],"[""ROBUST ONLY UNDER RESTRICTED CONDITIONAL FAMILY"", ""TRANSFER-SENSITIVE / NON-ROBUST"", ""NULL-COMPATIBLE""]"
app-1701-A-remove_kc_mbon,B,A,unpaired,restoration_check,0.0,0.0,dimensionless frozen model readout,[0],False,U,[0],"[""ROBUST ONLY UNDER RESTRICTED CONDITIONAL FAMILY"", ""TRANSFER-SENSITIVE / NON-ROBUST"", ""NULL-COMPATIBLE""]"
app-1701-A-remove_kc_mbon,B,A,unpaired,restoration_check,0.0,0.0,dimensionless frozen model readout,[0],False,N,"[-1, 0, 1]","[""ROBUST ONLY UNDER RESTRICTED CONDITIONAL FAMILY"", ""TRANSFER-SENSITIVE / NON-ROBUST"", ""NULL-COMPATIBLE""]"
app-1701-A-remove_kc_mbon,B,A,unpaired,plastic_state_retention,0.0,0.0,dimensionless frozen model readout,[0],False,E,"[-1, 0, 1]","[""ROBUST ONLY UNDER RESTRICTED CONDITIONAL FAMILY"", ""TRANSFER-SENSITIVE / NON-ROBUST"", ""NULL-COMPATIBLE""]"
app-1701-A-remove_kc_mbon,B,A,unpaired,plastic_state_retention,0.0,0.0,dimensionless frozen model readout,[0],False,Z,[0],"[""ROBUST ONLY UNDER RESTRICTED CONDITIONAL FAMILY"", ""TRANSFER-SENSITIVE / NON-ROBUST"", ""NULL-COMPATIBLE""]"
app-1701-A-remove_kc_mbon,B,A,unpaired,plastic_state_retention,0.0,0.0,dimensionless frozen model readout,[0],False,P,[0],"[""ROBUST ONLY UNDER RESTRICTED CONDITIONAL FAMILY"", ""TRANSFER-SENSITIVE / NON-ROBUST"", ""NULL-COMPATIBLE""]"
app-1701-A-remove_kc_mbon,B,A,unpaired,plastic_state_retention,0.0,0.0,dimensionless frozen model readout,[0],False,R,[0],"[""ROBUST ONLY UNDER RESTRICTED CONDITIONAL FAMILY"", ""TRANSFER-SENSITIVE / NON-ROBUST"", ""NULL-COMPATIBLE""]"
app-1701-A-remove_kc_mbon,B,A,unpaired,plastic_state_retention,0.0,0.0,dimensionless frozen model readout,[0],False,WP,[0],"[""ROBUST ONLY UNDER RESTRICTED CONDITIONAL FAMILY"", ""TRANSFER-SENSITIVE / NON-ROBUST"", ""NULL-COMPATIBLE""]"
app-1701-A-remove_kc_mbon,B,A,unpaired,plastic_state_retention,0.0,0.0,dimensionless frozen model readout,[0],False,WR,[0],"[""ROBUST ONLY UNDER RESTRICTED CONDITIONAL FAMILY"", ""TRANSFER-SENSITIVE / NON-ROBUST"", ""NULL-COMPATIBLE""]"
app-1701-A-remove_kc_mbon,B,A,unpaired,plastic_state_retention,0.0,0.0,dimensionless frozen model readout,[0],False,H,[0],"[""ROBUST ONLY UNDER RESTRICTED CONDITIONAL FAMILY"", ""TRANSFER-SENSITIVE / NON-ROBUST"", ""NULL-COMPATIBLE""]"
app-1701-A-remove_kc_mbon,B,A,unpaired,plastic_state_retention,0.0,0.0,dimensionless frozen model readout,[0],False,U,[0],"[""ROBUST ONLY UNDER RESTRICTED CONDITIONAL FAMILY"", ""TRANSFER-SENSITIVE / NON-ROBUST"", ""NULL-COMPATIBLE""]"
app-1701-A-remove_kc_mbon,B,A,unpaired,plastic_state_retention,0.0,0.0,dimensionless frozen model readout,[0],False,N,"[-1, 0, 1]","[""ROBUST ONLY UNDER RESTRICTED CONDITIONAL FAMILY"", ""TRANSFER-SENSITIVE / NON-ROBUST"", ""NULL-COMPATIBLE""]"
app-1701-A-remove_kc_mbon,B,A,unpaired,learned_state_comparison,0.0,0.0,dimensionless frozen model readout,[0],False,E,"[-1, 0, 1]","[""ROBUST ONLY UNDER RESTRICTED CONDITIONAL FAMILY"", ""TRANSFER-SENSITIVE / NON-ROBUST"", ""NULL-COMPATIBLE""]"
app-1701-A-remove_kc_mbon,B,A,unpaired,learned_state_comparison,0.0,0.0,dimensionless frozen model readout,[0],False,Z,[0],"[""ROBUST ONLY UNDER RESTRICTED CONDITIONAL FAMILY"", ""TRANSFER-SENSITIVE / NON-ROBUST"", ""NULL-COMPATIBLE""]"
app-1701-A-remove_kc_mbon,B,A,unpaired,learned_state_comparison,0.0,0.0,dimensionless frozen model readout,[0],False,P,[0],"[""ROBUST ONLY UNDER RESTRICTED CONDITIONAL FAMILY"", ""TRANSFER-SENSITIVE / NON-ROBUST"", ""NULL-COMPATIBLE""]"
app-1701-A-remove_kc_mbon,B,A,unpaired,learned_state_comparison,0.0,0.0,dimensionless frozen model readout,[0],False,R,[0],"[""ROBUST ONLY UNDER RESTRICTED CONDITIONAL FAMILY"", ""TRANSFER-SENSITIVE / NON-ROBUST"", ""NULL-COMPATIBLE""]"
app-1701-A-remove_kc_mbon,B,A,unpaired,learned_state_comparison,0.0,0.0,dimensionless frozen model readout,[0],False,WP,[0],"[""ROBUST ONLY UNDER RESTRICTED CONDITIONAL FAMILY"", ""TRANSFER-SENSITIVE / NON-ROBUST"", ""NULL-COMPATIBLE""]"
app-1701-A-remove_kc_mbon,B,A,unpaired,learned_state_comparison,0.0,0.0,dimensionless frozen model readout,[0],False,WR,[0],"[""ROBUST ONLY UNDER RESTRICTED CONDITIONAL FAMILY"", ""TRANSFER-SENSITIVE / NON-ROBUST"", ""NULL-COMPATIBLE""]"
app-1701-A-remove_kc_mbon,B,A,unpaired,learned_state_comparison,0.0,0.0,dimensionless frozen model readout,[0],False,H,[0],"[""ROBUST ONLY UNDER RESTRICTED CONDITIONAL FAMILY"", ""TRANSFER-SENSITIVE / NON-ROBUST"", ""NULL-COMPATIBLE""]"
app-1701-A-remove_kc_mbon,B,A,unpaired,learned_state_comparison,0.0,0.0,dimensionless frozen model readout,[0],False,U,[0],"[""ROBUST ONLY UNDER RESTRICTED CONDITIONAL FAMILY"", ""TRANSFER-SENSITIVE / NON-ROBUST"", ""NULL-COMPATIBLE""]"
app-1701-A-remove_kc_mbon,B,A,unpaired,learned_state_comparison,0.0,0.0,dimensionless frozen model readout,[0],False,N,"[-1, 0, 1]","[""ROBUST ONLY UNDER RESTRICTED CONDITIONAL FAMILY"", ""TRANSFER-SENSITIVE / NON-ROBUST"", ""NULL-COMPATIBLE""]"
app-1701-B-remove_kc_mbon,A,B,unpaired,response_change,0.0,0.0,dimensionless frozen model readout,[0],False,E,"[-1, 0, 1]","[""ROBUST ONLY UNDER RESTRICTED CONDITIONAL FAMILY"", ""TRANSFER-SENSITIVE / NON-ROBUST"", ""NULL-COMPATIBLE""]"
app-1701-B-remove_kc_mbon,A,B,unpaired,response_change,0.0,0.0,dimensionless frozen model readout,[0],False,Z,[0],"[""ROBUST ONLY UNDER RESTRICTED CONDITIONAL FAMILY"", ""TRANSFER-SENSITIVE / NON-ROBUST"", ""NULL-COMPATIBLE""]"
app-1701-B-remove_kc_mbon,A,B,unpaired,response_change,0.0,0.0,dimensionless frozen model readout,[0],False,P,[0],"[""ROBUST ONLY UNDER RESTRICTED CONDITIONAL FAMILY"", ""TRANSFER-SENSITIVE / NON-ROBUST"", ""NULL-COMPATIBLE""]"
app-1701-B-remove_kc_mbon,A,B,unpaired,response_change,0.0,0.0,dimensionless frozen model readout,[0],False,R,[0],"[""ROBUST ONLY UNDER RESTRICTED CONDITIONAL FAMILY"", ""TRANSFER-SENSITIVE / NON-ROBUST"", ""NULL-COMPATIBLE""]"
app-1701-B-remove_kc_mbon,A,B,unpaired,response_change,0.0,0.0,dimensionless frozen model readout,[0],False,WP,[0],"[""ROBUST ONLY UNDER RESTRICTED CONDITIONAL FAMILY"", ""TRANSFER-SENSITIVE / NON-ROBUST"", ""NULL-COMPATIBLE""]"
app-1701-B-remove_kc_mbon,A,B,unpaired,response_change,0.0,0.0,dimensionless frozen model readout,[0],False,WR,[0],"[""ROBUST ONLY UNDER RESTRICTED CONDITIONAL FAMILY"", ""TRANSFER-SENSITIVE / NON-ROBUST"", ""NULL-COMPATIBLE""]"
app-1701-B-remove_kc_mbon,A,B,unpaired,response_change,0.0,0.0,dimensionless frozen model readout,[0],False,H,[0],"[""ROBUST ONLY UNDER RESTRICTED CONDITIONAL FAMILY"", ""TRANSFER-SENSITIVE / NON-ROBUST"", ""NULL-COMPATIBLE""]"
app-1701-B-remove_kc_mbon,A,B,unpaired,response_change,0.0,0.0,dimensionless frozen model readout,[0],False,U,[0],"[""ROBUST ONLY UNDER RESTRICTED CONDITIONAL FAMILY"", ""TRANSFER-SENSITIVE / NON-ROBUST"", ""NULL-COMPATIBLE""]"
app-1701-B-remove_kc_mbon,A,B,unpaired,response_change,0.0,0.0,dimensionless frozen model readout,[0],False,N,"[-1, 0, 1]","[""ROBUST ONLY UNDER RESTRICTED CONDITIONAL FAMILY"", ""TRANSFER-SENSITIVE / NON-ROBUST"", ""NULL-COMPATIBLE""]"
app-1701-B-remove_kc_mbon,A,B,unpaired,restoration_check,0.0,0.0,dimensionless frozen model readout,[0],False,E,"[-1, 0, 1]","[""ROBUST ONLY UNDER RESTRICTED CONDITIONAL FAMILY"", ""TRANSFER-SENSITIVE / NON-ROBUST"", ""NULL-COMPATIBLE""]"
app-1701-B-remove_kc_mbon,A,B,unpaired,restoration_check,0.0,0.0,dimensionless frozen model readout,[0],False,Z,[0],"[""ROBUST ONLY UNDER RESTRICTED CONDITIONAL FAMILY"", ""TRANSFER-SENSITIVE / NON-ROBUST"", ""NULL-COMPATIBLE""]"
app-1701-B-remove_kc_mbon,A,B,unpaired,restoration_check,0.0,0.0,dimensionless frozen model readout,[0],False,P,[0],"[""ROBUST ONLY UNDER RESTRICTED CONDITIONAL FAMILY"", ""TRANSFER-SENSITIVE / NON-ROBUST"", ""NULL-COMPATIBLE""]"
app-1701-B-remove_kc_mbon,A,B,unpaired,restoration_check,0.0,0.0,dimensionless frozen model readout,[0],False,R,[0],"[""ROBUST ONLY UNDER RESTRICTED CONDITIONAL FAMILY"", ""TRANSFER-SENSITIVE / NON-ROBUST"", ""NULL-COMPATIBLE""]"
app-1701-B-remove_kc_mbon,A,B,unpaired,restoration_check,0.0,0.0,dimensionless frozen model readout,[0],False,WP,[0],"[""ROBUST ONLY UNDER RESTRICTED CONDITIONAL FAMILY"", ""TRANSFER-SENSITIVE / NON-ROBUST"", ""NULL-COMPATIBLE""]"
app-1701-B-remove_kc_mbon,A,B,unpaired,restoration_check,0.0,0.0,dimensionless frozen model readout,[0],False,WR,[0],"[""ROBUST ONLY UNDER RESTRICTED CONDITIONAL FAMILY"", ""TRANSFER-SENSITIVE / NON-ROBUST"", ""NULL-COMPATIBLE""]"
app-1701-B-remove_kc_mbon,A,B,unpaired,restoration_check,0.0,0.0,dimensionless frozen model readout,[0],False,H,[0],"[""ROBUST ONLY UNDER RESTRICTED CONDITIONAL FAMILY"", ""TRANSFER-SENSITIVE / NON-ROBUST"", ""NULL-COMPATIBLE""]"
app-1701-B-remove_kc_mbon,A,B,unpaired,restoration_check,0.0,0.0,dimensionless frozen model readout,[0],False,U,[0],"[""ROBUST ONLY UNDER RESTRICTED CONDITIONAL FAMILY"", ""TRANSFER-SENSITIVE / NON-ROBUST"", ""NULL-COMPATIBLE""]"
app-1701-B-remove_kc_mbon,A,B,unpaired,restoration_check,0.0,0.0,dimensionless frozen model readout,[0],False,N,"[-1, 0, 1]","[""ROBUST ONLY UNDER RESTRICTED CONDITIONAL FAMILY"", ""TRANSFER-SENSITIVE / NON-ROBUST"", ""NULL-COMPATIBLE""]"
app-1701-B-remove_kc_mbon,A,B,unpaired,plastic_state_retention,0.0,0.0,dimensionless frozen model readout,[0],False,E,"[-1, 0, 1]","[""ROBUST ONLY UNDER RESTRICTED CONDITIONAL FAMILY"", ""TRANSFER-SENSITIVE / NON-ROBUST"", ""NULL-COMPATIBLE""]"
app-1701-B-remove_kc_mbon,A,B,unpaired,plastic_state_retention,0.0,0.0,dimensionless frozen model readout,[0],False,Z,[0],"[""ROBUST ONLY UNDER RESTRICTED CONDITIONAL FAMILY"", ""TRANSFER-SENSITIVE / NON-ROBUST"", ""NULL-COMPATIBLE""]"
app-1701-B-remove_kc_mbon,A,B,unpaired,plastic_state_retention,0.0,0.0,dimensionless frozen model readout,[0],False,P,[0],"[""ROBUST ONLY UNDER RESTRICTED CONDITIONAL FAMILY"", ""TRANSFER-SENSITIVE / NON-ROBUST"", ""NULL-COMPATIBLE""]"
app-1701-B-remove_kc_mbon,A,B,unpaired,plastic_state_retention,0.0,0.0,dimensionless frozen model readout,[0],False,R,[0],"[""ROBUST ONLY UNDER RESTRICTED CONDITIONAL FAMILY"", ""TRANSFER-SENSITIVE / NON-ROBUST"", ""NULL-COMPATIBLE""]"
app-1701-B-remove_kc_mbon,A,B,unpaired,plastic_state_retention,0.0,0.0,dimensionless frozen model readout,[0],False,WP,[0],"[""ROBUST ONLY UNDER RESTRICTED CONDITIONAL FAMILY"", ""TRANSFER-SENSITIVE / NON-ROBUST"", ""NULL-COMPATIBLE""]"
app-1701-B-remove_kc_mbon,A,B,unpaired,plastic_state_retention,0.0,0.0,dimensionless frozen model readout,[0],False,WR,[0],"[""ROBUST ONLY UNDER RESTRICTED CONDITIONAL FAMILY"", ""TRANSFER-SENSITIVE / NON-ROBUST"", ""NULL-COMPATIBLE""]"
app-1701-B-remove_kc_mbon,A,B,unpaired,plastic_state_retention,0.0,0.0,dimensionless frozen model readout,[0],False,H,[0],"[""ROBUST ONLY UNDER RESTRICTED CONDITIONAL FAMILY"", ""TRANSFER-SENSITIVE / NON-ROBUST"", ""NULL-COMPATIBLE""]"
app-1701-B-remove_kc_mbon,A,B,unpaired,plastic_state_retention,0.0,0.0,dimensionless frozen model readout,[0],False,U,[0],"[""ROBUST ONLY UNDER RESTRICTED CONDITIONAL FAMILY"", ""TRANSFER-SENSITIVE / NON-ROBUST"", ""NULL-COMPATIBLE""]"
app-1701-B-remove_kc_mbon,A,B,unpaired,plastic_state_retention,0.0,0.0,dimensionless frozen model readout,[0],False,N,"[-1, 0, 1]","[""ROBUST ONLY UNDER RESTRICTED CONDITIONAL FAMILY"", ""TRANSFER-SENSITIVE / NON-ROBUST"", ""NULL-COMPATIBLE""]"
app-1701-B-remove_kc_mbon,A,B,unpaired,learned_state_comparison,0.0,0.0,dimensionless frozen model readout,[0],False,E,"[-1, 0, 1]","[""ROBUST ONLY UNDER RESTRICTED CONDITIONAL FAMILY"", ""TRANSFER-SENSITIVE / NON-ROBUST"", ""NULL-COMPATIBLE""]"
app-1701-B-remove_kc_mbon,A,B,unpaired,learned_state_comparison,0.0,0.0,dimensionless frozen model readout,[0],False,Z,[0],"[""ROBUST ONLY UNDER RESTRICTED CONDITIONAL FAMILY"", ""TRANSFER-SENSITIVE / NON-ROBUST"", ""NULL-COMPATIBLE""]"
app-1701-B-remove_kc_mbon,A,B,unpaired,learned_state_comparison,0.0,0.0,dimensionless frozen model readout,[0],False,P,[0],"[""ROBUST ONLY UNDER RESTRICTED CONDITIONAL FAMILY"", ""TRANSFER-SENSITIVE / NON-ROBUST"", ""NULL-COMPATIBLE""]"
app-1701-B-remove_kc_mbon,A,B,unpaired,learned_state_comparison,0.0,0.0,dimensionless frozen model readout,[0],False,R,[0],"[""ROBUST ONLY UNDER RESTRICTED CONDITIONAL FAMILY"", ""TRANSFER-SENSITIVE / NON-ROBUST"", ""NULL-COMPATIBLE""]"
app-1701-B-remove_kc_mbon,A,B,unpaired,learned_state_comparison,0.0,0.0,dimensionless frozen model readout,[0],False,WP,[0],"[""ROBUST ONLY UNDER RESTRICTED CONDITIONAL FAMILY"", ""TRANSFER-SENSITIVE / NON-ROBUST"", ""NULL-COMPATIBLE""]"
app-1701-B-remove_kc_mbon,A,B,unpaired,learned_state_comparison,0.0,0.0,dimensionless frozen model readout,[0],False,WR,[0],"[""ROBUST ONLY UNDER RESTRICTED CONDITIONAL FAMILY"", ""TRANSFER-SENSITIVE / NON-ROBUST"", ""NULL-COMPATIBLE""]"
app-1701-B-remove_kc_mbon,A,B,unpaired,learned_state_comparison,0.0,0.0,dimensionless frozen model readout,[0],False,H,[0],"[""ROBUST ONLY UNDER RESTRICTED CONDITIONAL FAMILY"", ""TRANSFER-SENSITIVE / NON-ROBUST"", ""NULL-COMPATIBLE""]"
app-1701-B-remove_kc_mbon,A,B,unpaired,learned_state_comparison,0.0,0.0,dimensionless frozen model readout,[0],False,U,[0],"[""ROBUST ONLY UNDER RESTRICTED CONDITIONAL FAMILY"", ""TRANSFER-SENSITIVE / NON-ROBUST"", ""NULL-COMPATIBLE""]"
app-1701-B-remove_kc_mbon,A,B,unpaired,learned_state_comparison,0.0,0.0,dimensionless frozen model readout,[0],False,N,"[-1, 0, 1]","[""ROBUST ONLY UNDER RESTRICTED CONDITIONAL FAMILY"", ""TRANSFER-SENSITIVE / NON-ROBUST"", ""NULL-COMPATIBLE""]"
app-1701-B-remove_kc_mbon,B,B,paired,response_change,0.0,0.0,dimensionless frozen model readout,[0],False,E,"[-1, 0, 1]","[""ROBUST ONLY UNDER RESTRICTED CONDITIONAL FAMILY"", ""TRANSFER-SENSITIVE / NON-ROBUST"", ""NULL-COMPATIBLE""]"
app-1701-B-remove_kc_mbon,B,B,paired,response_change,0.0,0.0,dimensionless frozen model readout,[0],False,Z,[0],"[""ROBUST ONLY UNDER RESTRICTED CONDITIONAL FAMILY"", ""TRANSFER-SENSITIVE / NON-ROBUST"", ""NULL-COMPATIBLE""]"
app-1701-B-remove_kc_mbon,B,B,paired,response_change,0.0,0.0,dimensionless frozen model readout,[0],False,P,[0],"[""ROBUST ONLY UNDER RESTRICTED CONDITIONAL FAMILY"", ""TRANSFER-SENSITIVE / NON-ROBUST"", ""NULL-COMPATIBLE""]"
app-1701-B-remove_kc_mbon,B,B,paired,response_change,0.0,0.0,dimensionless frozen model readout,[0],False,R,[0],"[""ROBUST ONLY UNDER RESTRICTED CONDITIONAL FAMILY"", ""TRANSFER-SENSITIVE / NON-ROBUST"", ""NULL-COMPATIBLE""]"
app-1701-B-remove_kc_mbon,B,B,paired,response_change,0.0,0.0,dimensionless frozen model readout,[0],False,WP,[0],"[""ROBUST ONLY UNDER RESTRICTED CONDITIONAL FAMILY"", ""TRANSFER-SENSITIVE / NON-ROBUST"", ""NULL-COMPATIBLE""]"
app-1701-B-remove_kc_mbon,B,B,paired,response_change,0.0,0.0,dimensionless frozen model readout,[0],False,WR,[0],"[""ROBUST ONLY UNDER RESTRICTED CONDITIONAL FAMILY"", ""TRANSFER-SENSITIVE / NON-ROBUST"", ""NULL-COMPATIBLE""]"
app-1701-B-remove_kc_mbon,B,B,paired,response_change,0.0,0.0,dimensionless frozen model readout,[0],False,H,[0],"[""ROBUST ONLY UNDER RESTRICTED CONDITIONAL FAMILY"", ""TRANSFER-SENSITIVE / NON-ROBUST"", ""NULL-COMPATIBLE""]"
app-1701-B-remove_kc_mbon,B,B,paired,response_change,0.0,0.0,dimensionless frozen model readout,[0],False,U,[0],"[""ROBUST ONLY UNDER RESTRICTED CONDITIONAL FAMILY"", ""TRANSFER-SENSITIVE / NON-ROBUST"", ""NULL-COMPATIBLE""]"
app-1701-B-remove_kc_mbon,B,B,paired,response_change,0.0,0.0,dimensionless frozen model readout,[0],False,N,"[-1, 0, 1]","[""ROBUST ONLY UNDER RESTRICTED CONDITIONAL FAMILY"", ""TRANSFER-SENSITIVE / NON-ROBUST"", ""NULL-COMPATIBLE""]"
app-1701-B-remove_kc_mbon,B,B,paired,restoration_check,0.0,0.0,dimensionless frozen model readout,[0],False,E,"[-1, 0, 1]","[""ROBUST ONLY UNDER RESTRICTED CONDITIONAL FAMILY"", ""TRANSFER-SENSITIVE / NON-ROBUST"", ""NULL-COMPATIBLE""]"
app-1701-B-remove_kc_mbon,B,B,paired,restoration_check,0.0,0.0,dimensionless frozen model readout,[0],False,Z,[0],"[""ROBUST ONLY UNDER RESTRICTED CONDITIONAL FAMILY"", ""TRANSFER-SENSITIVE / NON-ROBUST"", ""NULL-COMPATIBLE""]"
app-1701-B-remove_kc_mbon,B,B,paired,restoration_check,0.0,0.0,dimensionless frozen model readout,[0],False,P,[0],"[""ROBUST ONLY UNDER RESTRICTED CONDITIONAL FAMILY"", ""TRANSFER-SENSITIVE / NON-ROBUST"", ""NULL-COMPATIBLE""]"
app-1701-B-remove_kc_mbon,B,B,paired,restoration_check,0.0,0.0,dimensionless frozen model readout,[0],False,R,[0],"[""ROBUST ONLY UNDER RESTRICTED CONDITIONAL FAMILY"", ""TRANSFER-SENSITIVE / NON-ROBUST"", ""NULL-COMPATIBLE""]"
app-1701-B-remove_kc_mbon,B,B,paired,restoration_check,0.0,0.0,dimensionless frozen model readout,[0],False,WP,[0],"[""ROBUST ONLY UNDER RESTRICTED CONDITIONAL FAMILY"", ""TRANSFER-SENSITIVE / NON-ROBUST"", ""NULL-COMPATIBLE""]"
app-1701-B-remove_kc_mbon,B,B,paired,restoration_check,0.0,0.0,dimensionless frozen model readout,[0],False,WR,[0],"[""ROBUST ONLY UNDER RESTRICTED CONDITIONAL FAMILY"", ""TRANSFER-SENSITIVE / NON-ROBUST"", ""NULL-COMPATIBLE""]"
app-1701-B-remove_kc_mbon,B,B,paired,restoration_check,0.0,0.0,dimensionless frozen model readout,[0],False,H,[0],"[""ROBUST ONLY UNDER RESTRICTED CONDITIONAL FAMILY"", ""TRANSFER-SENSITIVE / NON-ROBUST"", ""NULL-COMPATIBLE""]"
app-1701-B-remove_kc_mbon,B,B,paired,restoration_check,0.0,0.0,dimensionless frozen model readout,[0],False,U,[0],"[""ROBUST ONLY UNDER RESTRICTED CONDITIONAL FAMILY"", ""TRANSFER-SENSITIVE / NON-ROBUST"", ""NULL-COMPATIBLE""]"
app-1701-B-remove_kc_mbon,B,B,paired,restoration_check,0.0,0.0,dimensionless frozen model readout,[0],False,N,"[-1, 0, 1]","[""ROBUST ONLY UNDER RESTRICTED CONDITIONAL FAMILY"", ""TRANSFER-SENSITIVE / NON-ROBUST"", ""NULL-COMPATIBLE""]"
app-1701-B-remove_kc_mbon,B,B,paired,plastic_state_retention,0.0,0.0,dimensionless frozen model readout,[0],False,E,"[-1, 0, 1]","[""ROBUST ONLY UNDER RESTRICTED CONDITIONAL FAMILY"", ""TRANSFER-SENSITIVE / NON-ROBUST"", ""NULL-COMPATIBLE""]"
app-1701-B-remove_kc_mbon,B,B,paired,plastic_state_retention,0.0,0.0,dimensionless frozen model readout,[0],False,Z,[0],"[""ROBUST ONLY UNDER RESTRICTED CONDITIONAL FAMILY"", ""TRANSFER-SENSITIVE / NON-ROBUST"", ""NULL-COMPATIBLE""]"
app-1701-B-remove_kc_mbon,B,B,paired,plastic_state_retention,0.0,0.0,dimensionless frozen model readout,[0],False,P,[0],"[""ROBUST ONLY UNDER RESTRICTED CONDITIONAL FAMILY"", ""TRANSFER-SENSITIVE / NON-ROBUST"", ""NULL-COMPATIBLE""]"
app-1701-B-remove_kc_mbon,B,B,paired,plastic_state_retention,0.0,0.0,dimensionless frozen model readout,[0],False,R,[0],"[""ROBUST ONLY UNDER RESTRICTED CONDITIONAL FAMILY"", ""TRANSFER-SENSITIVE / NON-ROBUST"", ""NULL-COMPATIBLE""]"
app-1701-B-remove_kc_mbon,B,B,paired,plastic_state_retention,0.0,0.0,dimensionless frozen model readout,[0],False,WP,[0],"[""ROBUST ONLY UNDER RESTRICTED CONDITIONAL FAMILY"", ""TRANSFER-SENSITIVE / NON-ROBUST"", ""NULL-COMPATIBLE""]"
app-1701-B-remove_kc_mbon,B,B,paired,plastic_state_retention,0.0,0.0,dimensionless frozen model readout,[0],False,WR,[0],"[""ROBUST ONLY UNDER RESTRICTED CONDITIONAL FAMILY"", ""TRANSFER-SENSITIVE / NON-ROBUST"", ""NULL-COMPATIBLE""]"
app-1701-B-remove_kc_mbon,B,B,paired,plastic_state_retention,0.0,0.0,dimensionless frozen model readout,[0],False,H,[0],"[""ROBUST ONLY UNDER RESTRICTED CONDITIONAL FAMILY"", ""TRANSFER-SENSITIVE / NON-ROBUST"", ""NULL-COMPATIBLE""]"
app-1701-B-remove_kc_mbon,B,B,paired,plastic_state_retention,0.0,0.0,dimensionless frozen model readout,[0],False,U,[0],"[""ROBUST ONLY UNDER RESTRICTED CONDITIONAL FAMILY"", ""TRANSFER-SENSITIVE / NON-ROBUST"", ""NULL-COMPATIBLE""]"
app-1701-B-remove_kc_mbon,B,B,paired,plastic_state_retention,0.0,0.0,dimensionless frozen model readout,[0],False,N,"[-1, 0, 1]","[""ROBUST ONLY UNDER RESTRICTED CONDITIONAL FAMILY"", ""TRANSFER-SENSITIVE / NON-ROBUST"", ""NULL-COMPATIBLE""]"
app-1701-B-remove_kc_mbon,B,B,paired,learned_state_comparison,0.0,0.0,dimensionless frozen model readout,[0],False,E,"[-1, 0, 1]","[""ROBUST ONLY UNDER RESTRICTED CONDITIONAL FAMILY"", ""TRANSFER-SENSITIVE / NON-ROBUST"", ""NULL-COMPATIBLE""]"
app-1701-B-remove_kc_mbon,B,B,paired,learned_state_comparison,0.0,0.0,dimensionless frozen model readout,[0],False,Z,[0],"[""ROBUST ONLY UNDER RESTRICTED CONDITIONAL FAMILY"", ""TRANSFER-SENSITIVE / NON-ROBUST"", ""NULL-COMPATIBLE""]"
app-1701-B-remove_kc_mbon,B,B,paired,learned_state_comparison,0.0,0.0,dimensionless frozen model readout,[0],False,P,[0],"[""ROBUST ONLY UNDER RESTRICTED CONDITIONAL FAMILY"", ""TRANSFER-SENSITIVE / NON-ROBUST"", ""NULL-COMPATIBLE""]"
app-1701-B-remove_kc_mbon,B,B,paired,learned_state_comparison,0.0,0.0,dimensionless frozen model readout,[0],False,R,[0],"[""ROBUST ONLY UNDER RESTRICTED CONDITIONAL FAMILY"", ""TRANSFER-SENSITIVE / NON-ROBUST"", ""NULL-COMPATIBLE""]"
app-1701-B-remove_kc_mbon,B,B,paired,learned_state_comparison,0.0,0.0,dimensionless frozen model readout,[0],False,WP,[0],"[""ROBUST ONLY UNDER RESTRICTED CONDITIONAL FAMILY"", ""TRANSFER-SENSITIVE / NON-ROBUST"", ""NULL-COMPATIBLE""]"
app-1701-B-remove_kc_mbon,B,B,paired,learned_state_comparison,0.0,0.0,dimensionless frozen model readout,[0],False,WR,[0],"[""ROBUST ONLY UNDER RESTRICTED CONDITIONAL FAMILY"", ""TRANSFER-SENSITIVE / NON-ROBUST"", ""NULL-COMPATIBLE""]"
app-1701-B-remove_kc_mbon,B,B,paired,learned_state_comparison,0.0,0.0,dimensionless frozen model readout,[0],False,H,[0],"[""ROBUST ONLY UNDER RESTRICTED CONDITIONAL FAMILY"", ""TRANSFER-SENSITIVE / NON-ROBUST"", ""NULL-COMPATIBLE""]"
app-1701-B-remove_kc_mbon,B,B,paired,learned_state_comparison,0.0,0.0,dimensionless frozen model readout,[0],False,U,[0],"[""ROBUST ONLY UNDER RESTRICTED CONDITIONAL FAMILY"", ""TRANSFER-SENSITIVE / NON-ROBUST"", ""NULL-COMPATIBLE""]"
app-1701-B-remove_kc_mbon,B,B,paired,learned_state_comparison,0.0,0.0,dimensionless frozen model readout,[0],False,N,"[-1, 0, 1]","[""ROBUST ONLY UNDER RESTRICTED CONDITIONAL FAMILY"", ""TRANSFER-SENSITIVE / NON-ROBUST"", ""NULL-COMPATIBLE""]"
app-1701-A-no_apl,A,A,paired,response_change,0.040749560754449306,0.08968057232397868,dimensionless frozen model readout,[-1],False,E,"[-1, 0, 1]","[""ROBUST ONLY UNDER RESTRICTED CONDITIONAL FAMILY"", ""TRANSFER-SENSITIVE / NON-ROBUST"", ""NULL-COMPATIBLE""]"
app-1701-A-no_apl,A,A,paired,response_change,0.040749560754449306,0.08968057232397868,dimensionless frozen model readout,[-1],False,Z,[0],"[""ROBUST ONLY UNDER RESTRICTED CONDITIONAL FAMILY"", ""TRANSFER-SENSITIVE / NON-ROBUST"", ""NULL-COMPATIBLE""]"
app-1701-A-no_apl,A,A,paired,response_change,0.040749560754449306,0.08968057232397868,dimensionless frozen model readout,[-1],False,P,[-1],"[""ROBUST ONLY UNDER RESTRICTED CONDITIONAL FAMILY"", ""TRANSFER-SENSITIVE / NON-ROBUST"", ""NULL-COMPATIBLE""]"
app-1701-A-no_apl,A,A,paired,response_change,0.040749560754449306,0.08968057232397868,dimensionless frozen model readout,[-1],False,R,[1],"[""ROBUST ONLY UNDER RESTRICTED CONDITIONAL FAMILY"", ""TRANSFER-SENSITIVE / NON-ROBUST"", ""NULL-COMPATIBLE""]"
app-1701-A-no_apl,A,A,paired,response_change,0.040749560754449306,0.08968057232397868,dimensionless frozen model readout,[-1],False,WP,"[-1, 0]","[""ROBUST ONLY UNDER RESTRICTED CONDITIONAL FAMILY"", ""TRANSFER-SENSITIVE / NON-ROBUST"", ""NULL-COMPATIBLE""]"
app-1701-A-no_apl,A,A,paired,response_change,0.040749560754449306,0.08968057232397868,dimensionless frozen model readout,[-1],False,WR,"[0, 1]","[""ROBUST ONLY UNDER RESTRICTED CONDITIONAL FAMILY"", ""TRANSFER-SENSITIVE / NON-ROBUST"", ""NULL-COMPATIBLE""]"
app-1701-A-no_apl,A,A,paired,response_change,0.040749560754449306,0.08968057232397868,dimensionless frozen model readout,[-1],False,H,"[-1, 0, 1]","[""ROBUST ONLY UNDER RESTRICTED CONDITIONAL FAMILY"", ""TRANSFER-SENSITIVE / NON-ROBUST"", ""NULL-COMPATIBLE""]"
app-1701-A-no_apl,A,A,paired,response_change,0.040749560754449306,0.08968057232397868,dimensionless frozen model readout,[-1],False,U,"[-1, 0, 1]","[""ROBUST ONLY UNDER RESTRICTED CONDITIONAL FAMILY"", ""TRANSFER-SENSITIVE / NON-ROBUST"", ""NULL-COMPATIBLE""]"
app-1701-A-no_apl,A,A,paired,response_change,0.040749560754449306,0.08968057232397868,dimensionless frozen model readout,[-1],False,N,"[-1, 0, 1]","[""ROBUST ONLY UNDER RESTRICTED CONDITIONAL FAMILY"", ""TRANSFER-SENSITIVE / NON-ROBUST"", ""NULL-COMPATIBLE""]"
app-1701-A-no_apl,A,A,paired,restoration_check,0.08968057232397868,0.08968057232397868,dimensionless frozen model readout,[0],False,E,"[-1, 0, 1]","[""ROBUST ONLY UNDER RESTRICTED CONDITIONAL FAMILY"", ""TRANSFER-SENSITIVE / NON-ROBUST"", ""NULL-COMPATIBLE""]"
app-1701-A-no_apl,A,A,paired,restoration_check,0.08968057232397868,0.08968057232397868,dimensionless frozen model readout,[0],False,Z,[0],"[""ROBUST ONLY UNDER RESTRICTED CONDITIONAL FAMILY"", ""TRANSFER-SENSITIVE / NON-ROBUST"", ""NULL-COMPATIBLE""]"
app-1701-A-no_apl,A,A,paired,restoration_check,0.08968057232397868,0.08968057232397868,dimensionless frozen model readout,[0],False,P,[0],"[""ROBUST ONLY UNDER RESTRICTED CONDITIONAL FAMILY"", ""TRANSFER-SENSITIVE / NON-ROBUST"", ""NULL-COMPATIBLE""]"
app-1701-A-no_apl,A,A,paired,restoration_check,0.08968057232397868,0.08968057232397868,dimensionless frozen model readout,[0],False,R,[0],"[""ROBUST ONLY UNDER RESTRICTED CONDITIONAL FAMILY"", ""TRANSFER-SENSITIVE / NON-ROBUST"", ""NULL-COMPATIBLE""]"
app-1701-A-no_apl,A,A,paired,restoration_check,0.08968057232397868,0.08968057232397868,dimensionless frozen model readout,[0],False,WP,[0],"[""ROBUST ONLY UNDER RESTRICTED CONDITIONAL FAMILY"", ""TRANSFER-SENSITIVE / NON-ROBUST"", ""NULL-COMPATIBLE""]"
app-1701-A-no_apl,A,A,paired,restoration_check,0.08968057232397868,0.08968057232397868,dimensionless frozen model readout,[0],False,WR,[0],"[""ROBUST ONLY UNDER RESTRICTED CONDITIONAL FAMILY"", ""TRANSFER-SENSITIVE / NON-ROBUST"", ""NULL-COMPATIBLE""]"
app-1701-A-no_apl,A,A,paired,restoration_check,0.08968057232397868,0.08968057232397868,dimensionless frozen model readout,[0],False,H,[0],"[""ROBUST ONLY UNDER RESTRICTED CONDITIONAL FAMILY"", ""TRANSFER-SENSITIVE / NON-ROBUST"", ""NULL-COMPATIBLE""]"
app-1701-A-no_apl,A,A,paired,restoration_check,0.08968057232397868,0.08968057232397868,dimensionless frozen model readout,[0],False,U,[0],"[""ROBUST ONLY UNDER RESTRICTED CONDITIONAL FAMILY"", ""TRANSFER-SENSITIVE / NON-ROBUST"", ""NULL-COMPATIBLE""]"
app-1701-A-no_apl,A,A,paired,restoration_check,0.08968057232397868,0.08968057232397868,dimensionless frozen model readout,[0],False,N,"[-1, 0, 1]","[""ROBUST ONLY UNDER RESTRICTED CONDITIONAL FAMILY"", ""TRANSFER-SENSITIVE / NON-ROBUST"", ""NULL-COMPATIBLE""]"
app-1701-A-no_apl,A,A,paired,plastic_state_retention,0.040749560754449306,0.08968057232397868,dimensionless frozen model readout,[-1],False,E,"[-1, 0, 1]","[""ROBUST ONLY UNDER RESTRICTED CONDITIONAL FAMILY"", ""TRANSFER-SENSITIVE / NON-ROBUST"", ""NULL-COMPATIBLE""]"
app-1701-A-no_apl,A,A,paired,plastic_state_retention,0.040749560754449306,0.08968057232397868,dimensionless frozen model readout,[-1],False,Z,[0],"[""ROBUST ONLY UNDER RESTRICTED CONDITIONAL FAMILY"", ""TRANSFER-SENSITIVE / NON-ROBUST"", ""NULL-COMPATIBLE""]"
app-1701-A-no_apl,A,A,paired,plastic_state_retention,0.040749560754449306,0.08968057232397868,dimensionless frozen model readout,[-1],False,P,[-1],"[""ROBUST ONLY UNDER RESTRICTED CONDITIONAL FAMILY"", ""TRANSFER-SENSITIVE / NON-ROBUST"", ""NULL-COMPATIBLE""]"
app-1701-A-no_apl,A,A,paired,plastic_state_retention,0.040749560754449306,0.08968057232397868,dimensionless frozen model readout,[-1],False,R,[1],"[""ROBUST ONLY UNDER RESTRICTED CONDITIONAL FAMILY"", ""TRANSFER-SENSITIVE / NON-ROBUST"", ""NULL-COMPATIBLE""]"
app-1701-A-no_apl,A,A,paired,plastic_state_retention,0.040749560754449306,0.08968057232397868,dimensionless frozen model readout,[-1],False,WP,"[-1, 0]","[""ROBUST ONLY UNDER RESTRICTED CONDITIONAL FAMILY"", ""TRANSFER-SENSITIVE / NON-ROBUST"", ""NULL-COMPATIBLE""]"
app-1701-A-no_apl,A,A,paired,plastic_state_retention,0.040749560754449306,0.08968057232397868,dimensionless frozen model readout,[-1],False,WR,"[0, 1]","[""ROBUST ONLY UNDER RESTRICTED CONDITIONAL FAMILY"", ""TRANSFER-SENSITIVE / NON-ROBUST"", ""NULL-COMPATIBLE""]"
app-1701-A-no_apl,A,A,paired,plastic_state_retention,0.040749560754449306,0.08968057232397868,dimensionless frozen model readout,[-1],False,H,"[-1, 0, 1]","[""ROBUST ONLY UNDER RESTRICTED CONDITIONAL FAMILY"", ""TRANSFER-SENSITIVE / NON-ROBUST"", ""NULL-COMPATIBLE""]"
app-1701-A-no_apl,A,A,paired,plastic_state_retention,0.040749560754449306,0.08968057232397868,dimensionless frozen model readout,[-1],False,U,"[-1, 0, 1]","[""ROBUST ONLY UNDER RESTRICTED CONDITIONAL FAMILY"", ""TRANSFER-SENSITIVE / NON-ROBUST"", ""NULL-COMPATIBLE""]"
app-1701-A-no_apl,A,A,paired,plastic_state_retention,0.040749560754449306,0.08968057232397868,dimensionless frozen model readout,[-1],False,N,"[-1, 0, 1]","[""ROBUST ONLY UNDER RESTRICTED CONDITIONAL FAMILY"", ""TRANSFER-SENSITIVE / NON-ROBUST"", ""NULL-COMPATIBLE""]"
app-1701-A-no_apl,A,A,paired,learned_state_comparison,0.040749560754449306,0.08968057232397868,dimensionless frozen model readout,[-1],False,E,"[-1, 0, 1]","[""ROBUST ONLY UNDER RESTRICTED CONDITIONAL FAMILY"", ""TRANSFER-SENSITIVE / NON-ROBUST"", ""NULL-COMPATIBLE""]"
app-1701-A-no_apl,A,A,paired,learned_state_comparison,0.040749560754449306,0.08968057232397868,dimensionless frozen model readout,[-1],False,Z,[0],"[""ROBUST ONLY UNDER RESTRICTED CONDITIONAL FAMILY"", ""TRANSFER-SENSITIVE / NON-ROBUST"", ""NULL-COMPATIBLE""]"
app-1701-A-no_apl,A,A,paired,learned_state_comparison,0.040749560754449306,0.08968057232397868,dimensionless frozen model readout,[-1],False,P,[-1],"[""ROBUST ONLY UNDER RESTRICTED CONDITIONAL FAMILY"", ""TRANSFER-SENSITIVE / NON-ROBUST"", ""NULL-COMPATIBLE""]"
app-1701-A-no_apl,A,A,paired,learned_state_comparison,0.040749560754449306,0.08968057232397868,dimensionless frozen model readout,[-1],False,R,[1],"[""ROBUST ONLY UNDER RESTRICTED CONDITIONAL FAMILY"", ""TRANSFER-SENSITIVE / NON-ROBUST"", ""NULL-COMPATIBLE""]"
app-1701-A-no_apl,A,A,paired,learned_state_comparison,0.040749560754449306,0.08968057232397868,dimensionless frozen model readout,[-1],False,WP,"[-1, 0]","[""ROBUST ONLY UNDER RESTRICTED CONDITIONAL FAMILY"", ""TRANSFER-SENSITIVE / NON-ROBUST"", ""NULL-COMPATIBLE""]"
app-1701-A-no_apl,A,A,paired,learned_state_comparison,0.040749560754449306,0.08968057232397868,dimensionless frozen model readout,[-1],False,WR,"[0, 1]","[""ROBUST ONLY UNDER RESTRICTED CONDITIONAL FAMILY"", ""TRANSFER-SENSITIVE / NON-ROBUST"", ""NULL-COMPATIBLE""]"
app-1701-A-no_apl,A,A,paired,learned_state_comparison,0.040749560754449306,0.08968057232397868,dimensionless frozen model readout,[-1],False,H,"[-1, 0, 1]","[""ROBUST ONLY UNDER RESTRICTED CONDITIONAL FAMILY"", ""TRANSFER-SENSITIVE / NON-ROBUST"", ""NULL-COMPATIBLE""]"
app-1701-A-no_apl,A,A,paired,learned_state_comparison,0.040749560754449306,0.08968057232397868,dimensionless frozen model readout,[-1],False,U,"[-1, 0, 1]","[""ROBUST ONLY UNDER RESTRICTED CONDITIONAL FAMILY"", ""TRANSFER-SENSITIVE / NON-ROBUST"", ""NULL-COMPATIBLE""]"
app-1701-A-no_apl,A,A,paired,learned_state_comparison,0.040749560754449306,0.08968057232397868,dimensionless frozen model readout,[-1],False,N,"[-1, 0, 1]","[""ROBUST ONLY UNDER RESTRICTED CONDITIONAL FAMILY"", ""TRANSFER-SENSITIVE / NON-ROBUST"", ""NULL-COMPATIBLE""]"
app-1701-A-no_apl,B,A,unpaired,response_change,0.1476353018944175,0.158436229687189,dimensionless frozen model readout,[-1],False,E,"[-1, 0, 1]","[""ROBUST ONLY UNDER RESTRICTED CONDITIONAL FAMILY"", ""TRANSFER-SENSITIVE / NON-ROBUST"", ""NULL-COMPATIBLE""]"
app-1701-A-no_apl,B,A,unpaired,response_change,0.1476353018944175,0.158436229687189,dimensionless frozen model readout,[-1],False,Z,[0],"[""ROBUST ONLY UNDER RESTRICTED CONDITIONAL FAMILY"", ""TRANSFER-SENSITIVE / NON-ROBUST"", ""NULL-COMPATIBLE""]"
app-1701-A-no_apl,B,A,unpaired,response_change,0.1476353018944175,0.158436229687189,dimensionless frozen model readout,[-1],False,P,[-1],"[""ROBUST ONLY UNDER RESTRICTED CONDITIONAL FAMILY"", ""TRANSFER-SENSITIVE / NON-ROBUST"", ""NULL-COMPATIBLE""]"
app-1701-A-no_apl,B,A,unpaired,response_change,0.1476353018944175,0.158436229687189,dimensionless frozen model readout,[-1],False,R,[1],"[""ROBUST ONLY UNDER RESTRICTED CONDITIONAL FAMILY"", ""TRANSFER-SENSITIVE / NON-ROBUST"", ""NULL-COMPATIBLE""]"
app-1701-A-no_apl,B,A,unpaired,response_change,0.1476353018944175,0.158436229687189,dimensionless frozen model readout,[-1],False,WP,"[-1, 0]","[""ROBUST ONLY UNDER RESTRICTED CONDITIONAL FAMILY"", ""TRANSFER-SENSITIVE / NON-ROBUST"", ""NULL-COMPATIBLE""]"
app-1701-A-no_apl,B,A,unpaired,response_change,0.1476353018944175,0.158436229687189,dimensionless frozen model readout,[-1],False,WR,"[0, 1]","[""ROBUST ONLY UNDER RESTRICTED CONDITIONAL FAMILY"", ""TRANSFER-SENSITIVE / NON-ROBUST"", ""NULL-COMPATIBLE""]"
app-1701-A-no_apl,B,A,unpaired,response_change,0.1476353018944175,0.158436229687189,dimensionless frozen model readout,[-1],False,H,"[-1, 0, 1]","[""ROBUST ONLY UNDER RESTRICTED CONDITIONAL FAMILY"", ""TRANSFER-SENSITIVE / NON-ROBUST"", ""NULL-COMPATIBLE""]"
app-1701-A-no_apl,B,A,unpaired,response_change,0.1476353018944175,0.158436229687189,dimensionless frozen model readout,[-1],False,U,"[-1, 0, 1]","[""ROBUST ONLY UNDER RESTRICTED CONDITIONAL FAMILY"", ""TRANSFER-SENSITIVE / NON-ROBUST"", ""NULL-COMPATIBLE""]"
app-1701-A-no_apl,B,A,unpaired,response_change,0.1476353018944175,0.158436229687189,dimensionless frozen model readout,[-1],False,N,"[-1, 0, 1]","[""ROBUST ONLY UNDER RESTRICTED CONDITIONAL FAMILY"", ""TRANSFER-SENSITIVE / NON-ROBUST"", ""NULL-COMPATIBLE""]"
app-1701-A-no_apl,B,A,unpaired,restoration_check,0.158436229687189,0.158436229687189,dimensionless frozen model readout,[0],False,E,"[-1, 0, 1]","[""ROBUST ONLY UNDER RESTRICTED CONDITIONAL FAMILY"", ""TRANSFER-SENSITIVE / NON-ROBUST"", ""NULL-COMPATIBLE""]"
app-1701-A-no_apl,B,A,unpaired,restoration_check,0.158436229687189,0.158436229687189,dimensionless frozen model readout,[0],False,Z,[0],"[""ROBUST ONLY UNDER RESTRICTED CONDITIONAL FAMILY"", ""TRANSFER-SENSITIVE / NON-ROBUST"", ""NULL-COMPATIBLE""]"
app-1701-A-no_apl,B,A,unpaired,restoration_check,0.158436229687189,0.158436229687189,dimensionless frozen model readout,[0],False,P,[0],"[""ROBUST ONLY UNDER RESTRICTED CONDITIONAL FAMILY"", ""TRANSFER-SENSITIVE / NON-ROBUST"", ""NULL-COMPATIBLE""]"
app-1701-A-no_apl,B,A,unpaired,restoration_check,0.158436229687189,0.158436229687189,dimensionless frozen model readout,[0],False,R,[0],"[""ROBUST ONLY UNDER RESTRICTED CONDITIONAL FAMILY"", ""TRANSFER-SENSITIVE / NON-ROBUST"", ""NULL-COMPATIBLE""]"
app-1701-A-no_apl,B,A,unpaired,restoration_check,0.158436229687189,0.158436229687189,dimensionless frozen model readout,[0],False,WP,[0],"[""ROBUST ONLY UNDER RESTRICTED CONDITIONAL FAMILY"", ""TRANSFER-SENSITIVE / NON-ROBUST"", ""NULL-COMPATIBLE""]"
app-1701-A-no_apl,B,A,unpaired,restoration_check,0.158436229687189,0.158436229687189,dimensionless frozen model readout,[0],False,WR,[0],"[""ROBUST ONLY UNDER RESTRICTED CONDITIONAL FAMILY"", ""TRANSFER-SENSITIVE / NON-ROBUST"", ""NULL-COMPATIBLE""]"
app-1701-A-no_apl,B,A,unpaired,restoration_check,0.158436229687189,0.158436229687189,dimensionless frozen model readout,[0],False,H,[0],"[""ROBUST ONLY UNDER RESTRICTED CONDITIONAL FAMILY"", ""TRANSFER-SENSITIVE / NON-ROBUST"", ""NULL-COMPATIBLE""]"
app-1701-A-no_apl,B,A,unpaired,restoration_check,0.158436229687189,0.158436229687189,dimensionless frozen model readout,[0],False,U,[0],"[""ROBUST ONLY UNDER RESTRICTED CONDITIONAL FAMILY"", ""TRANSFER-SENSITIVE / NON-ROBUST"", ""NULL-COMPATIBLE""]"
app-1701-A-no_apl,B,A,unpaired,restoration_check,0.158436229687189,0.158436229687189,dimensionless frozen model readout,[0],False,N,"[-1, 0, 1]","[""ROBUST ONLY UNDER RESTRICTED CONDITIONAL FAMILY"", ""TRANSFER-SENSITIVE / NON-ROBUST"", ""NULL-COMPATIBLE""]"
app-1701-A-no_apl,B,A,unpaired,plastic_state_retention,0.1476353018944175,0.158436229687189,dimensionless frozen model readout,[-1],False,E,"[-1, 0, 1]","[""ROBUST ONLY UNDER RESTRICTED CONDITIONAL FAMILY"", ""TRANSFER-SENSITIVE / NON-ROBUST"", ""NULL-COMPATIBLE""]"
app-1701-A-no_apl,B,A,unpaired,plastic_state_retention,0.1476353018944175,0.158436229687189,dimensionless frozen model readout,[-1],False,Z,[0],"[""ROBUST ONLY UNDER RESTRICTED CONDITIONAL FAMILY"", ""TRANSFER-SENSITIVE / NON-ROBUST"", ""NULL-COMPATIBLE""]"
app-1701-A-no_apl,B,A,unpaired,plastic_state_retention,0.1476353018944175,0.158436229687189,dimensionless frozen model readout,[-1],False,P,[-1],"[""ROBUST ONLY UNDER RESTRICTED CONDITIONAL FAMILY"", ""TRANSFER-SENSITIVE / NON-ROBUST"", ""NULL-COMPATIBLE""]"
app-1701-A-no_apl,B,A,unpaired,plastic_state_retention,0.1476353018944175,0.158436229687189,dimensionless frozen model readout,[-1],False,R,[1],"[""ROBUST ONLY UNDER RESTRICTED CONDITIONAL FAMILY"", ""TRANSFER-SENSITIVE / NON-ROBUST"", ""NULL-COMPATIBLE""]"
app-1701-A-no_apl,B,A,unpaired,plastic_state_retention,0.1476353018944175,0.158436229687189,dimensionless frozen model readout,[-1],False,WP,"[-1, 0]","[""ROBUST ONLY UNDER RESTRICTED CONDITIONAL FAMILY"", ""TRANSFER-SENSITIVE / NON-ROBUST"", ""NULL-COMPATIBLE""]"
app-1701-A-no_apl,B,A,unpaired,plastic_state_retention,0.1476353018944175,0.158436229687189,dimensionless frozen model readout,[-1],False,WR,"[0, 1]","[""ROBUST ONLY UNDER RESTRICTED CONDITIONAL FAMILY"", ""TRANSFER-SENSITIVE / NON-ROBUST"", ""NULL-COMPATIBLE""]"
app-1701-A-no_apl,B,A,unpaired,plastic_state_retention,0.1476353018944175,0.158436229687189,dimensionless frozen model readout,[-1],False,H,"[-1, 0, 1]","[""ROBUST ONLY UNDER RESTRICTED CONDITIONAL FAMILY"", ""TRANSFER-SENSITIVE / NON-ROBUST"", ""NULL-COMPATIBLE""]"
app-1701-A-no_apl,B,A,unpaired,plastic_state_retention,0.1476353018944175,0.158436229687189,dimensionless frozen model readout,[-1],False,U,"[-1, 0, 1]","[""ROBUST ONLY UNDER RESTRICTED CONDITIONAL FAMILY"", ""TRANSFER-SENSITIVE / NON-ROBUST"", ""NULL-COMPATIBLE""]"
app-1701-A-no_apl,B,A,unpaired,plastic_state_retention,0.1476353018944175,0.158436229687189,dimensionless frozen model readout,[-1],False,N,"[-1, 0, 1]","[""ROBUST ONLY UNDER RESTRICTED CONDITIONAL FAMILY"", ""TRANSFER-SENSITIVE / NON-ROBUST"", ""NULL-COMPATIBLE""]"
app-1701-A-no_apl,B,A,unpaired,learned_state_comparison,0.1476353018944175,0.158436229687189,dimensionless frozen model readout,[-1],False,E,"[-1, 0, 1]","[""ROBUST ONLY UNDER RESTRICTED CONDITIONAL FAMILY"", ""TRANSFER-SENSITIVE / NON-ROBUST"", ""NULL-COMPATIBLE""]"
app-1701-A-no_apl,B,A,unpaired,learned_state_comparison,0.1476353018944175,0.158436229687189,dimensionless frozen model readout,[-1],False,Z,[0],"[""ROBUST ONLY UNDER RESTRICTED CONDITIONAL FAMILY"", ""TRANSFER-SENSITIVE / NON-ROBUST"", ""NULL-COMPATIBLE""]"
app-1701-A-no_apl,B,A,unpaired,learned_state_comparison,0.1476353018944175,0.158436229687189,dimensionless frozen model readout,[-1],False,P,[-1],"[""ROBUST ONLY UNDER RESTRICTED CONDITIONAL FAMILY"", ""TRANSFER-SENSITIVE / NON-ROBUST"", ""NULL-COMPATIBLE""]"
app-1701-A-no_apl,B,A,unpaired,learned_state_comparison,0.1476353018944175,0.158436229687189,dimensionless frozen model readout,[-1],False,R,[1],"[""ROBUST ONLY UNDER RESTRICTED CONDITIONAL FAMILY"", ""TRANSFER-SENSITIVE / NON-ROBUST"", ""NULL-COMPATIBLE""]"
app-1701-A-no_apl,B,A,unpaired,learned_state_comparison,0.1476353018944175,0.158436229687189,dimensionless frozen model readout,[-1],False,WP,"[-1, 0]","[""ROBUST ONLY UNDER RESTRICTED CONDITIONAL FAMILY"", ""TRANSFER-SENSITIVE / NON-ROBUST"", ""NULL-COMPATIBLE""]"
app-1701-A-no_apl,B,A,unpaired,learned_state_comparison,0.1476353018944175,0.158436229687189,dimensionless frozen model readout,[-1],False,WR,"[0, 1]","[""ROBUST ONLY UNDER RESTRICTED CONDITIONAL FAMILY"", ""TRANSFER-SENSITIVE / NON-ROBUST"", ""NULL-COMPATIBLE""]"
app-1701-A-no_apl,B,A,unpaired,learned_state_comparison,0.1476353018944175,0.158436229687189,dimensionless frozen model readout,[-1],False,H,"[-1, 0, 1]","[""ROBUST ONLY UNDER RESTRICTED CONDITIONAL FAMILY"", ""TRANSFER-SENSITIVE / NON-ROBUST"", ""NULL-COMPATIBLE""]"
app-1701-A-no_apl,B,A,unpaired,learned_state_comparison,0.1476353018944175,0.158436229687189,dimensionless frozen model readout,[-1],False,U,"[-1, 0, 1]","[""ROBUST ONLY UNDER RESTRICTED CONDITIONAL FAMILY"", ""TRANSFER-SENSITIVE / NON-ROBUST"", ""NULL-COMPATIBLE""]"
app-1701-A-no_apl,B,A,unpaired,learned_state_comparison,0.1476353018944175,0.158436229687189,dimensionless frozen model readout,[-1],False,N,"[-1, 0, 1]","[""ROBUST ONLY UNDER RESTRICTED CONDITIONAL FAMILY"", ""TRANSFER-SENSITIVE / NON-ROBUST"", ""NULL-COMPATIBLE""]"
app-1701-B-no_apl,A,B,unpaired,response_change,0.07879293675111154,0.08968057232397868,dimensionless frozen model readout,[-1],False,E,"[-1, 0, 1]","[""ROBUST ONLY UNDER RESTRICTED CONDITIONAL FAMILY"", ""TRANSFER-SENSITIVE / NON-ROBUST"", ""NULL-COMPATIBLE""]"
app-1701-B-no_apl,A,B,unpaired,response_change,0.07879293675111154,0.08968057232397868,dimensionless frozen model readout,[-1],False,Z,[0],"[""ROBUST ONLY UNDER RESTRICTED CONDITIONAL FAMILY"", ""TRANSFER-SENSITIVE / NON-ROBUST"", ""NULL-COMPATIBLE""]"
app-1701-B-no_apl,A,B,unpaired,response_change,0.07879293675111154,0.08968057232397868,dimensionless frozen model readout,[-1],False,P,[-1],"[""ROBUST ONLY UNDER RESTRICTED CONDITIONAL FAMILY"", ""TRANSFER-SENSITIVE / NON-ROBUST"", ""NULL-COMPATIBLE""]"
app-1701-B-no_apl,A,B,unpaired,response_change,0.07879293675111154,0.08968057232397868,dimensionless frozen model readout,[-1],False,R,[1],"[""ROBUST ONLY UNDER RESTRICTED CONDITIONAL FAMILY"", ""TRANSFER-SENSITIVE / NON-ROBUST"", ""NULL-COMPATIBLE""]"
app-1701-B-no_apl,A,B,unpaired,response_change,0.07879293675111154,0.08968057232397868,dimensionless frozen model readout,[-1],False,WP,"[-1, 0]","[""ROBUST ONLY UNDER RESTRICTED CONDITIONAL FAMILY"", ""TRANSFER-SENSITIVE / NON-ROBUST"", ""NULL-COMPATIBLE""]"
app-1701-B-no_apl,A,B,unpaired,response_change,0.07879293675111154,0.08968057232397868,dimensionless frozen model readout,[-1],False,WR,"[0, 1]","[""ROBUST ONLY UNDER RESTRICTED CONDITIONAL FAMILY"", ""TRANSFER-SENSITIVE / NON-ROBUST"", ""NULL-COMPATIBLE""]"
app-1701-B-no_apl,A,B,unpaired,response_change,0.07879293675111154,0.08968057232397868,dimensionless frozen model readout,[-1],False,H,"[-1, 0, 1]","[""ROBUST ONLY UNDER RESTRICTED CONDITIONAL FAMILY"", ""TRANSFER-SENSITIVE / NON-ROBUST"", ""NULL-COMPATIBLE""]"
app-1701-B-no_apl,A,B,unpaired,response_change,0.07879293675111154,0.08968057232397868,dimensionless frozen model readout,[-1],False,U,"[-1, 0, 1]","[""ROBUST ONLY UNDER RESTRICTED CONDITIONAL FAMILY"", ""TRANSFER-SENSITIVE / NON-ROBUST"", ""NULL-COMPATIBLE""]"
app-1701-B-no_apl,A,B,unpaired,response_change,0.07879293675111154,0.08968057232397868,dimensionless frozen model readout,[-1],False,N,"[-1, 0, 1]","[""ROBUST ONLY UNDER RESTRICTED CONDITIONAL FAMILY"", ""TRANSFER-SENSITIVE / NON-ROBUST"", ""NULL-COMPATIBLE""]"
app-1701-B-no_apl,A,B,unpaired,restoration_check,0.08968057232397868,0.08968057232397868,dimensionless frozen model readout,[0],False,E,"[-1, 0, 1]","[""ROBUST ONLY UNDER RESTRICTED CONDITIONAL FAMILY"", ""TRANSFER-SENSITIVE / NON-ROBUST"", ""NULL-COMPATIBLE""]"
app-1701-B-no_apl,A,B,unpaired,restoration_check,0.08968057232397868,0.08968057232397868,dimensionless frozen model readout,[0],False,Z,[0],"[""ROBUST ONLY UNDER RESTRICTED CONDITIONAL FAMILY"", ""TRANSFER-SENSITIVE / NON-ROBUST"", ""NULL-COMPATIBLE""]"
app-1701-B-no_apl,A,B,unpaired,restoration_check,0.08968057232397868,0.08968057232397868,dimensionless frozen model readout,[0],False,P,[0],"[""ROBUST ONLY UNDER RESTRICTED CONDITIONAL FAMILY"", ""TRANSFER-SENSITIVE / NON-ROBUST"", ""NULL-COMPATIBLE""]"
app-1701-B-no_apl,A,B,unpaired,restoration_check,0.08968057232397868,0.08968057232397868,dimensionless frozen model readout,[0],False,R,[0],"[""ROBUST ONLY UNDER RESTRICTED CONDITIONAL FAMILY"", ""TRANSFER-SENSITIVE / NON-ROBUST"", ""NULL-COMPATIBLE""]"
app-1701-B-no_apl,A,B,unpaired,restoration_check,0.08968057232397868,0.08968057232397868,dimensionless frozen model readout,[0],False,WP,[0],"[""ROBUST ONLY UNDER RESTRICTED CONDITIONAL FAMILY"", ""TRANSFER-SENSITIVE / NON-ROBUST"", ""NULL-COMPATIBLE""]"
app-1701-B-no_apl,A,B,unpaired,restoration_check,0.08968057232397868,0.08968057232397868,dimensionless frozen model readout,[0],False,WR,[0],"[""ROBUST ONLY UNDER RESTRICTED CONDITIONAL FAMILY"", ""TRANSFER-SENSITIVE / NON-ROBUST"", ""NULL-COMPATIBLE""]"
app-1701-B-no_apl,A,B,unpaired,restoration_check,0.08968057232397868,0.08968057232397868,dimensionless frozen model readout,[0],False,H,[0],"[""ROBUST ONLY UNDER RESTRICTED CONDITIONAL FAMILY"", ""TRANSFER-SENSITIVE / NON-ROBUST"", ""NULL-COMPATIBLE""]"
app-1701-B-no_apl,A,B,unpaired,restoration_check,0.08968057232397868,0.08968057232397868,dimensionless frozen model readout,[0],False,U,[0],"[""ROBUST ONLY UNDER RESTRICTED CONDITIONAL FAMILY"", ""TRANSFER-SENSITIVE / NON-ROBUST"", ""NULL-COMPATIBLE""]"
app-1701-B-no_apl,A,B,unpaired,restoration_check,0.08968057232397868,0.08968057232397868,dimensionless frozen model readout,[0],False,N,"[-1, 0, 1]","[""ROBUST ONLY UNDER RESTRICTED CONDITIONAL FAMILY"", ""TRANSFER-SENSITIVE / NON-ROBUST"", ""NULL-COMPATIBLE""]"
app-1701-B-no_apl,A,B,unpaired,plastic_state_retention,0.07879293675111154,0.08968057232397868,dimensionless frozen model readout,[-1],False,E,"[-1, 0, 1]","[""ROBUST ONLY UNDER RESTRICTED CONDITIONAL FAMILY"", ""TRANSFER-SENSITIVE / NON-ROBUST"", ""NULL-COMPATIBLE""]"
app-1701-B-no_apl,A,B,unpaired,plastic_state_retention,0.07879293675111154,0.08968057232397868,dimensionless frozen model readout,[-1],False,Z,[0],"[""ROBUST ONLY UNDER RESTRICTED CONDITIONAL FAMILY"", ""TRANSFER-SENSITIVE / NON-ROBUST"", ""NULL-COMPATIBLE""]"
app-1701-B-no_apl,A,B,unpaired,plastic_state_retention,0.07879293675111154,0.08968057232397868,dimensionless frozen model readout,[-1],False,P,[-1],"[""ROBUST ONLY UNDER RESTRICTED CONDITIONAL FAMILY"", ""TRANSFER-SENSITIVE / NON-ROBUST"", ""NULL-COMPATIBLE""]"
app-1701-B-no_apl,A,B,unpaired,plastic_state_retention,0.07879293675111154,0.08968057232397868,dimensionless frozen model readout,[-1],False,R,[1],"[""ROBUST ONLY UNDER RESTRICTED CONDITIONAL FAMILY"", ""TRANSFER-SENSITIVE / NON-ROBUST"", ""NULL-COMPATIBLE""]"
app-1701-B-no_apl,A,B,unpaired,plastic_state_retention,0.07879293675111154,0.08968057232397868,dimensionless frozen model readout,[-1],False,WP,"[-1, 0]","[""ROBUST ONLY UNDER RESTRICTED CONDITIONAL FAMILY"", ""TRANSFER-SENSITIVE / NON-ROBUST"", ""NULL-COMPATIBLE""]"
app-1701-B-no_apl,A,B,unpaired,plastic_state_retention,0.07879293675111154,0.08968057232397868,dimensionless frozen model readout,[-1],False,WR,"[0, 1]","[""ROBUST ONLY UNDER RESTRICTED CONDITIONAL FAMILY"", ""TRANSFER-SENSITIVE / NON-ROBUST"", ""NULL-COMPATIBLE""]"
app-1701-B-no_apl,A,B,unpaired,plastic_state_retention,0.07879293675111154,0.08968057232397868,dimensionless frozen model readout,[-1],False,H,"[-1, 0, 1]","[""ROBUST ONLY UNDER RESTRICTED CONDITIONAL FAMILY"", ""TRANSFER-SENSITIVE / NON-ROBUST"", ""NULL-COMPATIBLE""]"
app-1701-B-no_apl,A,B,unpaired,plastic_state_retention,0.07879293675111154,0.08968057232397868,dimensionless frozen model readout,[-1],False,U,"[-1, 0, 1]","[""ROBUST ONLY UNDER RESTRICTED CONDITIONAL FAMILY"", ""TRANSFER-SENSITIVE / NON-ROBUST"", ""NULL-COMPATIBLE""]"
app-1701-B-no_apl,A,B,unpaired,plastic_state_retention,0.07879293675111154,0.08968057232397868,dimensionless frozen model readout,[-1],False,N,"[-1, 0, 1]","[""ROBUST ONLY UNDER RESTRICTED CONDITIONAL FAMILY"", ""TRANSFER-SENSITIVE / NON-ROBUST"", ""NULL-COMPATIBLE""]"
app-1701-B-no_apl,A,B,unpaired,learned_state_comparison,0.07879293675111154,0.08968057232397868,dimensionless frozen model readout,[-1],False,E,"[-1, 0, 1]","[""ROBUST ONLY UNDER RESTRICTED CONDITIONAL FAMILY"", ""TRANSFER-SENSITIVE / NON-ROBUST"", ""NULL-COMPATIBLE""]"
app-1701-B-no_apl,A,B,unpaired,learned_state_comparison,0.07879293675111154,0.08968057232397868,dimensionless frozen model readout,[-1],False,Z,[0],"[""ROBUST ONLY UNDER RESTRICTED CONDITIONAL FAMILY"", ""TRANSFER-SENSITIVE / NON-ROBUST"", ""NULL-COMPATIBLE""]"
app-1701-B-no_apl,A,B,unpaired,learned_state_comparison,0.07879293675111154,0.08968057232397868,dimensionless frozen model readout,[-1],False,P,[-1],"[""ROBUST ONLY UNDER RESTRICTED CONDITIONAL FAMILY"", ""TRANSFER-SENSITIVE / NON-ROBUST"", ""NULL-COMPATIBLE""]"
app-1701-B-no_apl,A,B,unpaired,learned_state_comparison,0.07879293675111154,0.08968057232397868,dimensionless frozen model readout,[-1],False,R,[1],"[""ROBUST ONLY UNDER RESTRICTED CONDITIONAL FAMILY"", ""TRANSFER-SENSITIVE / NON-ROBUST"", ""NULL-COMPATIBLE""]"
app-1701-B-no_apl,A,B,unpaired,learned_state_comparison,0.07879293675111154,0.08968057232397868,dimensionless frozen model readout,[-1],False,WP,"[-1, 0]","[""ROBUST ONLY UNDER RESTRICTED CONDITIONAL FAMILY"", ""TRANSFER-SENSITIVE / NON-ROBUST"", ""NULL-COMPATIBLE""]"
app-1701-B-no_apl,A,B,unpaired,learned_state_comparison,0.07879293675111154,0.08968057232397868,dimensionless frozen model readout,[-1],False,WR,"[0, 1]","[""ROBUST ONLY UNDER RESTRICTED CONDITIONAL FAMILY"", ""TRANSFER-SENSITIVE / NON-ROBUST"", ""NULL-COMPATIBLE""]"
app-1701-B-no_apl,A,B,unpaired,learned_state_comparison,0.07879293675111154,0.08968057232397868,dimensionless frozen model readout,[-1],False,H,"[-1, 0, 1]","[""ROBUST ONLY UNDER RESTRICTED CONDITIONAL FAMILY"", ""TRANSFER-SENSITIVE / NON-ROBUST"", ""NULL-COMPATIBLE""]"
app-1701-B-no_apl,A,B,unpaired,learned_state_comparison,0.07879293675111154,0.08968057232397868,dimensionless frozen model readout,[-1],False,U,"[-1, 0, 1]","[""ROBUST ONLY UNDER RESTRICTED CONDITIONAL FAMILY"", ""TRANSFER-SENSITIVE / NON-ROBUST"", ""NULL-COMPATIBLE""]"
app-1701-B-no_apl,A,B,unpaired,learned_state_comparison,0.07879293675111154,0.08968057232397868,dimensionless frozen model readout,[-1],False,N,"[-1, 0, 1]","[""ROBUST ONLY UNDER RESTRICTED CONDITIONAL FAMILY"", ""TRANSFER-SENSITIVE / NON-ROBUST"", ""NULL-COMPATIBLE""]"
app-1701-B-no_apl,B,B,paired,response_change,0.08234431537868486,0.158436229687189,dimensionless frozen model readout,[-1],False,E,"[-1, 0, 1]","[""ROBUST ONLY UNDER RESTRICTED CONDITIONAL FAMILY"", ""TRANSFER-SENSITIVE / NON-ROBUST"", ""NULL-COMPATIBLE""]"
app-1701-B-no_apl,B,B,paired,response_change,0.08234431537868486,0.158436229687189,dimensionless frozen model readout,[-1],False,Z,[0],"[""ROBUST ONLY UNDER RESTRICTED CONDITIONAL FAMILY"", ""TRANSFER-SENSITIVE / NON-ROBUST"", ""NULL-COMPATIBLE""]"
app-1701-B-no_apl,B,B,paired,response_change,0.08234431537868486,0.158436229687189,dimensionless frozen model readout,[-1],False,P,[-1],"[""ROBUST ONLY UNDER RESTRICTED CONDITIONAL FAMILY"", ""TRANSFER-SENSITIVE / NON-ROBUST"", ""NULL-COMPATIBLE""]"
app-1701-B-no_apl,B,B,paired,response_change,0.08234431537868486,0.158436229687189,dimensionless frozen model readout,[-1],False,R,[1],"[""ROBUST ONLY UNDER RESTRICTED CONDITIONAL FAMILY"", ""TRANSFER-SENSITIVE / NON-ROBUST"", ""NULL-COMPATIBLE""]"
app-1701-B-no_apl,B,B,paired,response_change,0.08234431537868486,0.158436229687189,dimensionless frozen model readout,[-1],False,WP,"[-1, 0]","[""ROBUST ONLY UNDER RESTRICTED CONDITIONAL FAMILY"", ""TRANSFER-SENSITIVE / NON-ROBUST"", ""NULL-COMPATIBLE""]"
app-1701-B-no_apl,B,B,paired,response_change,0.08234431537868486,0.158436229687189,dimensionless frozen model readout,[-1],False,WR,"[0, 1]","[""ROBUST ONLY UNDER RESTRICTED CONDITIONAL FAMILY"", ""TRANSFER-SENSITIVE / NON-ROBUST"", ""NULL-COMPATIBLE""]"
app-1701-B-no_apl,B,B,paired,response_change,0.08234431537868486,0.158436229687189,dimensionless frozen model readout,[-1],False,H,"[-1, 0, 1]","[""ROBUST ONLY UNDER RESTRICTED CONDITIONAL FAMILY"", ""TRANSFER-SENSITIVE / NON-ROBUST"", ""NULL-COMPATIBLE""]"
app-1701-B-no_apl,B,B,paired,response_change,0.08234431537868486,0.158436229687189,dimensionless frozen model readout,[-1],False,U,"[-1, 0, 1]","[""ROBUST ONLY UNDER RESTRICTED CONDITIONAL FAMILY"", ""TRANSFER-SENSITIVE / NON-ROBUST"", ""NULL-COMPATIBLE""]"
app-1701-B-no_apl,B,B,paired,response_change,0.08234431537868486,0.158436229687189,dimensionless frozen model readout,[-1],False,N,"[-1, 0, 1]","[""ROBUST ONLY UNDER RESTRICTED CONDITIONAL FAMILY"", ""TRANSFER-SENSITIVE / NON-ROBUST"", ""NULL-COMPATIBLE""]"
app-1701-B-no_apl,B,B,paired,restoration_check,0.158436229687189,0.158436229687189,dimensionless frozen model readout,[0],False,E,"[-1, 0, 1]","[""ROBUST ONLY UNDER RESTRICTED CONDITIONAL FAMILY"", ""TRANSFER-SENSITIVE / NON-ROBUST"", ""NULL-COMPATIBLE""]"
app-1701-B-no_apl,B,B,paired,restoration_check,0.158436229687189,0.158436229687189,dimensionless frozen model readout,[0],False,Z,[0],"[""ROBUST ONLY UNDER RESTRICTED CONDITIONAL FAMILY"", ""TRANSFER-SENSITIVE / NON-ROBUST"", ""NULL-COMPATIBLE""]"
app-1701-B-no_apl,B,B,paired,restoration_check,0.158436229687189,0.158436229687189,dimensionless frozen model readout,[0],False,P,[0],"[""ROBUST ONLY UNDER RESTRICTED CONDITIONAL FAMILY"", ""TRANSFER-SENSITIVE / NON-ROBUST"", ""NULL-COMPATIBLE""]"
app-1701-B-no_apl,B,B,paired,restoration_check,0.158436229687189,0.158436229687189,dimensionless frozen model readout,[0],False,R,[0],"[""ROBUST ONLY UNDER RESTRICTED CONDITIONAL FAMILY"", ""TRANSFER-SENSITIVE / NON-ROBUST"", ""NULL-COMPATIBLE""]"
app-1701-B-no_apl,B,B,paired,restoration_check,0.158436229687189,0.158436229687189,dimensionless frozen model readout,[0],False,WP,[0],"[""ROBUST ONLY UNDER RESTRICTED CONDITIONAL FAMILY"", ""TRANSFER-SENSITIVE / NON-ROBUST"", ""NULL-COMPATIBLE""]"
app-1701-B-no_apl,B,B,paired,restoration_check,0.158436229687189,0.158436229687189,dimensionless frozen model readout,[0],False,WR,[0],"[""ROBUST ONLY UNDER RESTRICTED CONDITIONAL FAMILY"", ""TRANSFER-SENSITIVE / NON-ROBUST"", ""NULL-COMPATIBLE""]"
app-1701-B-no_apl,B,B,paired,restoration_check,0.158436229687189,0.158436229687189,dimensionless frozen model readout,[0],False,H,[0],"[""ROBUST ONLY UNDER RESTRICTED CONDITIONAL FAMILY"", ""TRANSFER-SENSITIVE / NON-ROBUST"", ""NULL-COMPATIBLE""]"
app-1701-B-no_apl,B,B,paired,restoration_check,0.158436229687189,0.158436229687189,dimensionless frozen model readout,[0],False,U,[0],"[""ROBUST ONLY UNDER RESTRICTED CONDITIONAL FAMILY"", ""TRANSFER-SENSITIVE / NON-ROBUST"", ""NULL-COMPATIBLE""]"
app-1701-B-no_apl,B,B,paired,restoration_check,0.158436229687189,0.158436229687189,dimensionless frozen model readout,[0],False,N,"[-1, 0, 1]","[""ROBUST ONLY UNDER RESTRICTED CONDITIONAL FAMILY"", ""TRANSFER-SENSITIVE / NON-ROBUST"", ""NULL-COMPATIBLE""]"
app-1701-B-no_apl,B,B,paired,plastic_state_retention,0.08234431537868486,0.158436229687189,dimensionless frozen model readout,[-1],False,E,"[-1, 0, 1]","[""ROBUST ONLY UNDER RESTRICTED CONDITIONAL FAMILY"", ""TRANSFER-SENSITIVE / NON-ROBUST"", ""NULL-COMPATIBLE""]"
app-1701-B-no_apl,B,B,paired,plastic_state_retention,0.08234431537868486,0.158436229687189,dimensionless frozen model readout,[-1],False,Z,[0],"[""ROBUST ONLY UNDER RESTRICTED CONDITIONAL FAMILY"", ""TRANSFER-SENSITIVE / NON-ROBUST"", ""NULL-COMPATIBLE""]"
app-1701-B-no_apl,B,B,paired,plastic_state_retention,0.08234431537868486,0.158436229687189,dimensionless frozen model readout,[-1],False,P,[-1],"[""ROBUST ONLY UNDER RESTRICTED CONDITIONAL FAMILY"", ""TRANSFER-SENSITIVE / NON-ROBUST"", ""NULL-COMPATIBLE""]"
app-1701-B-no_apl,B,B,paired,plastic_state_retention,0.08234431537868486,0.158436229687189,dimensionless frozen model readout,[-1],False,R,[1],"[""ROBUST ONLY UNDER RESTRICTED CONDITIONAL FAMILY"", ""TRANSFER-SENSITIVE / NON-ROBUST"", ""NULL-COMPATIBLE""]"
app-1701-B-no_apl,B,B,paired,plastic_state_retention,0.08234431537868486,0.158436229687189,dimensionless frozen model readout,[-1],False,WP,"[-1, 0]","[""ROBUST ONLY UNDER RESTRICTED CONDITIONAL FAMILY"", ""TRANSFER-SENSITIVE / NON-ROBUST"", ""NULL-COMPATIBLE""]"
app-1701-B-no_apl,B,B,paired,plastic_state_retention,0.08234431537868486,0.158436229687189,dimensionless frozen model readout,[-1],False,WR,"[0, 1]","[""ROBUST ONLY UNDER RESTRICTED CONDITIONAL FAMILY"", ""TRANSFER-SENSITIVE / NON-ROBUST"", ""NULL-COMPATIBLE""]"
app-1701-B-no_apl,B,B,paired,plastic_state_retention,0.08234431537868486,0.158436229687189,dimensionless frozen model readout,[-1],False,H,"[-1, 0, 1]","[""ROBUST ONLY UNDER RESTRICTED CONDITIONAL FAMILY"", ""TRANSFER-SENSITIVE / NON-ROBUST"", ""NULL-COMPATIBLE""]"
app-1701-B-no_apl,B,B,paired,plastic_state_retention,0.08234431537868486,0.158436229687189,dimensionless frozen model readout,[-1],False,U,"[-1, 0, 1]","[""ROBUST ONLY UNDER RESTRICTED CONDITIONAL FAMILY"", ""TRANSFER-SENSITIVE / NON-ROBUST"", ""NULL-COMPATIBLE""]"
app-1701-B-no_apl,B,B,paired,plastic_state_retention,0.08234431537868486,0.158436229687189,dimensionless frozen model readout,[-1],False,N,"[-1, 0, 1]","[""ROBUST ONLY UNDER RESTRICTED CONDITIONAL FAMILY"", ""TRANSFER-SENSITIVE / NON-ROBUST"", ""NULL-COMPATIBLE""]"
app-1701-B-no_apl,B,B,paired,learned_state_comparison,0.08234431537868486,0.158436229687189,dimensionless frozen model readout,[-1],False,E,"[-1, 0, 1]","[""ROBUST ONLY UNDER RESTRICTED CONDITIONAL FAMILY"", ""TRANSFER-SENSITIVE / NON-ROBUST"", ""NULL-COMPATIBLE""]"
app-1701-B-no_apl,B,B,paired,learned_state_comparison,0.08234431537868486,0.158436229687189,dimensionless frozen model readout,[-1],False,Z,[0],"[""ROBUST ONLY UNDER RESTRICTED CONDITIONAL FAMILY"", ""TRANSFER-SENSITIVE / NON-ROBUST"", ""NULL-COMPATIBLE""]"
app-1701-B-no_apl,B,B,paired,learned_state_comparison,0.08234431537868486,0.158436229687189,dimensionless frozen model readout,[-1],False,P,[-1],"[""ROBUST ONLY UNDER RESTRICTED CONDITIONAL FAMILY"", ""TRANSFER-SENSITIVE / NON-ROBUST"", ""NULL-COMPATIBLE""]"
app-1701-B-no_apl,B,B,paired,learned_state_comparison,0.08234431537868486,0.158436229687189,dimensionless frozen model readout,[-1],False,R,[1],"[""ROBUST ONLY UNDER RESTRICTED CONDITIONAL FAMILY"", ""TRANSFER-SENSITIVE / NON-ROBUST"", ""NULL-COMPATIBLE""]"
app-1701-B-no_apl,B,B,paired,learned_state_comparison,0.08234431537868486,0.158436229687189,dimensionless frozen model readout,[-1],False,WP,"[-1, 0]","[""ROBUST ONLY UNDER RESTRICTED CONDITIONAL FAMILY"", ""TRANSFER-SENSITIVE / NON-ROBUST"", ""NULL-COMPATIBLE""]"
app-1701-B-no_apl,B,B,paired,learned_state_comparison,0.08234431537868486,0.158436229687189,dimensionless frozen model readout,[-1],False,WR,"[0, 1]","[""ROBUST ONLY UNDER RESTRICTED CONDITIONAL FAMILY"", ""TRANSFER-SENSITIVE / NON-ROBUST"", ""NULL-COMPATIBLE""]"
app-1701-B-no_apl,B,B,paired,learned_state_comparison,0.08234431537868486,0.158436229687189,dimensionless frozen model readout,[-1],False,H,"[-1, 0, 1]","[""ROBUST ONLY UNDER RESTRICTED CONDITIONAL FAMILY"", ""TRANSFER-SENSITIVE / NON-ROBUST"", ""NULL-COMPATIBLE""]"
app-1701-B-no_apl,B,B,paired,learned_state_comparison,0.08234431537868486,0.158436229687189,dimensionless frozen model readout,[-1],False,U,"[-1, 0, 1]","[""ROBUST ONLY UNDER RESTRICTED CONDITIONAL FAMILY"", ""TRANSFER-SENSITIVE / NON-ROBUST"", ""NULL-COMPATIBLE""]"
app-1701-B-no_apl,B,B,paired,learned_state_comparison,0.08234431537868486,0.158436229687189,dimensionless frozen model readout,[-1],False,N,"[-1, 0, 1]","[""ROBUST ONLY UNDER RESTRICTED CONDITIONAL FAMILY"", ""TRANSFER-SENSITIVE / NON-ROBUST"", ""NULL-COMPATIBLE""]"
app-1701-A-no_recurrence,A,A,paired,response_change,0.043312368970934115,0.09032559511904537,dimensionless frozen model readout,[-1],False,E,"[-1, 0, 1]","[""ROBUST ONLY UNDER RESTRICTED CONDITIONAL FAMILY"", ""TRANSFER-SENSITIVE / NON-ROBUST"", ""NULL-COMPATIBLE""]"
app-1701-A-no_recurrence,A,A,paired,response_change,0.043312368970934115,0.09032559511904537,dimensionless frozen model readout,[-1],False,Z,[0],"[""ROBUST ONLY UNDER RESTRICTED CONDITIONAL FAMILY"", ""TRANSFER-SENSITIVE / NON-ROBUST"", ""NULL-COMPATIBLE""]"
app-1701-A-no_recurrence,A,A,paired,response_change,0.043312368970934115,0.09032559511904537,dimensionless frozen model readout,[-1],False,P,[-1],"[""ROBUST ONLY UNDER RESTRICTED CONDITIONAL FAMILY"", ""TRANSFER-SENSITIVE / NON-ROBUST"", ""NULL-COMPATIBLE""]"
app-1701-A-no_recurrence,A,A,paired,response_change,0.043312368970934115,0.09032559511904537,dimensionless frozen model readout,[-1],False,R,[1],"[""ROBUST ONLY UNDER RESTRICTED CONDITIONAL FAMILY"", ""TRANSFER-SENSITIVE / NON-ROBUST"", ""NULL-COMPATIBLE""]"
app-1701-A-no_recurrence,A,A,paired,response_change,0.043312368970934115,0.09032559511904537,dimensionless frozen model readout,[-1],False,WP,"[-1, 0]","[""ROBUST ONLY UNDER RESTRICTED CONDITIONAL FAMILY"", ""TRANSFER-SENSITIVE / NON-ROBUST"", ""NULL-COMPATIBLE""]"
app-1701-A-no_recurrence,A,A,paired,response_change,0.043312368970934115,0.09032559511904537,dimensionless frozen model readout,[-1],False,WR,"[0, 1]","[""ROBUST ONLY UNDER RESTRICTED CONDITIONAL FAMILY"", ""TRANSFER-SENSITIVE / NON-ROBUST"", ""NULL-COMPATIBLE""]"
app-1701-A-no_recurrence,A,A,paired,response_change,0.043312368970934115,0.09032559511904537,dimensionless frozen model readout,[-1],False,H,"[-1, 0, 1]","[""ROBUST ONLY UNDER RESTRICTED CONDITIONAL FAMILY"", ""TRANSFER-SENSITIVE / NON-ROBUST"", ""NULL-COMPATIBLE""]"
app-1701-A-no_recurrence,A,A,paired,response_change,0.043312368970934115,0.09032559511904537,dimensionless frozen model readout,[-1],False,U,"[-1, 0, 1]","[""ROBUST ONLY UNDER RESTRICTED CONDITIONAL FAMILY"", ""TRANSFER-SENSITIVE / NON-ROBUST"", ""NULL-COMPATIBLE""]"
app-1701-A-no_recurrence,A,A,paired,response_change,0.043312368970934115,0.09032559511904537,dimensionless frozen model readout,[-1],False,N,"[-1, 0, 1]","[""ROBUST ONLY UNDER RESTRICTED CONDITIONAL FAMILY"", ""TRANSFER-SENSITIVE / NON-ROBUST"", ""NULL-COMPATIBLE""]"
app-1701-A-no_recurrence,A,A,paired,restoration_check,0.09032559511904537,0.09032559511904537,dimensionless frozen model readout,[0],False,E,"[-1, 0, 1]","[""ROBUST ONLY UNDER RESTRICTED CONDITIONAL FAMILY"", ""TRANSFER-SENSITIVE / NON-ROBUST"", ""NULL-COMPATIBLE""]"
app-1701-A-no_recurrence,A,A,paired,restoration_check,0.09032559511904537,0.09032559511904537,dimensionless frozen model readout,[0],False,Z,[0],"[""ROBUST ONLY UNDER RESTRICTED CONDITIONAL FAMILY"", ""TRANSFER-SENSITIVE / NON-ROBUST"", ""NULL-COMPATIBLE""]"
app-1701-A-no_recurrence,A,A,paired,restoration_check,0.09032559511904537,0.09032559511904537,dimensionless frozen model readout,[0],False,P,[0],"[""ROBUST ONLY UNDER RESTRICTED CONDITIONAL FAMILY"", ""TRANSFER-SENSITIVE / NON-ROBUST"", ""NULL-COMPATIBLE""]"
app-1701-A-no_recurrence,A,A,paired,restoration_check,0.09032559511904537,0.09032559511904537,dimensionless frozen model readout,[0],False,R,[0],"[""ROBUST ONLY UNDER RESTRICTED CONDITIONAL FAMILY"", ""TRANSFER-SENSITIVE / NON-ROBUST"", ""NULL-COMPATIBLE""]"
app-1701-A-no_recurrence,A,A,paired,restoration_check,0.09032559511904537,0.09032559511904537,dimensionless frozen model readout,[0],False,WP,[0],"[""ROBUST ONLY UNDER RESTRICTED CONDITIONAL FAMILY"", ""TRANSFER-SENSITIVE / NON-ROBUST"", ""NULL-COMPATIBLE""]"
app-1701-A-no_recurrence,A,A,paired,restoration_check,0.09032559511904537,0.09032559511904537,dimensionless frozen model readout,[0],False,WR,[0],"[""ROBUST ONLY UNDER RESTRICTED CONDITIONAL FAMILY"", ""TRANSFER-SENSITIVE / NON-ROBUST"", ""NULL-COMPATIBLE""]"
app-1701-A-no_recurrence,A,A,paired,restoration_check,0.09032559511904537,0.09032559511904537,dimensionless frozen model readout,[0],False,H,[0],"[""ROBUST ONLY UNDER RESTRICTED CONDITIONAL FAMILY"", ""TRANSFER-SENSITIVE / NON-ROBUST"", ""NULL-COMPATIBLE""]"
app-1701-A-no_recurrence,A,A,paired,restoration_check,0.09032559511904537,0.09032559511904537,dimensionless frozen model readout,[0],False,U,[0],"[""ROBUST ONLY UNDER RESTRICTED CONDITIONAL FAMILY"", ""TRANSFER-SENSITIVE / NON-ROBUST"", ""NULL-COMPATIBLE""]"
app-1701-A-no_recurrence,A,A,paired,restoration_check,0.09032559511904537,0.09032559511904537,dimensionless frozen model readout,[0],False,N,"[-1, 0, 1]","[""ROBUST ONLY UNDER RESTRICTED CONDITIONAL FAMILY"", ""TRANSFER-SENSITIVE / NON-ROBUST"", ""NULL-COMPATIBLE""]"
app-1701-A-no_recurrence,A,A,paired,plastic_state_retention,0.043312368970934115,0.09032559511904537,dimensionless frozen model readout,[-1],False,E,"[-1, 0, 1]","[""ROBUST ONLY UNDER RESTRICTED CONDITIONAL FAMILY"", ""TRANSFER-SENSITIVE / NON-ROBUST"", ""NULL-COMPATIBLE""]"
app-1701-A-no_recurrence,A,A,paired,plastic_state_retention,0.043312368970934115,0.09032559511904537,dimensionless frozen model readout,[-1],False,Z,[0],"[""ROBUST ONLY UNDER RESTRICTED CONDITIONAL FAMILY"", ""TRANSFER-SENSITIVE / NON-ROBUST"", ""NULL-COMPATIBLE""]"
app-1701-A-no_recurrence,A,A,paired,plastic_state_retention,0.043312368970934115,0.09032559511904537,dimensionless frozen model readout,[-1],False,P,[-1],"[""ROBUST ONLY UNDER RESTRICTED CONDITIONAL FAMILY"", ""TRANSFER-SENSITIVE / NON-ROBUST"", ""NULL-COMPATIBLE""]"
app-1701-A-no_recurrence,A,A,paired,plastic_state_retention,0.043312368970934115,0.09032559511904537,dimensionless frozen model readout,[-1],False,R,[1],"[""ROBUST ONLY UNDER RESTRICTED CONDITIONAL FAMILY"", ""TRANSFER-SENSITIVE / NON-ROBUST"", ""NULL-COMPATIBLE""]"
app-1701-A-no_recurrence,A,A,paired,plastic_state_retention,0.043312368970934115,0.09032559511904537,dimensionless frozen model readout,[-1],False,WP,"[-1, 0]","[""ROBUST ONLY UNDER RESTRICTED CONDITIONAL FAMILY"", ""TRANSFER-SENSITIVE / NON-ROBUST"", ""NULL-COMPATIBLE""]"
app-1701-A-no_recurrence,A,A,paired,plastic_state_retention,0.043312368970934115,0.09032559511904537,dimensionless frozen model readout,[-1],False,WR,"[0, 1]","[""ROBUST ONLY UNDER RESTRICTED CONDITIONAL FAMILY"", ""TRANSFER-SENSITIVE / NON-ROBUST"", ""NULL-COMPATIBLE""]"
app-1701-A-no_recurrence,A,A,paired,plastic_state_retention,0.043312368970934115,0.09032559511904537,dimensionless frozen model readout,[-1],False,H,"[-1, 0, 1]","[""ROBUST ONLY UNDER RESTRICTED CONDITIONAL FAMILY"", ""TRANSFER-SENSITIVE / NON-ROBUST"", ""NULL-COMPATIBLE""]"
app-1701-A-no_recurrence,A,A,paired,plastic_state_retention,0.043312368970934115,0.09032559511904537,dimensionless frozen model readout,[-1],False,U,"[-1, 0, 1]","[""ROBUST ONLY UNDER RESTRICTED CONDITIONAL FAMILY"", ""TRANSFER-SENSITIVE / NON-ROBUST"", ""NULL-COMPATIBLE""]"
app-1701-A-no_recurrence,A,A,paired,plastic_state_retention,0.043312368970934115,0.09032559511904537,dimensionless frozen model readout,[-1],False,N,"[-1, 0, 1]","[""ROBUST ONLY UNDER RESTRICTED CONDITIONAL FAMILY"", ""TRANSFER-SENSITIVE / NON-ROBUST"", ""NULL-COMPATIBLE""]"
app-1701-A-no_recurrence,A,A,paired,learned_state_comparison,0.043312368970934115,0.09032559511904537,dimensionless frozen model readout,[-1],False,E,"[-1, 0, 1]","[""ROBUST ONLY UNDER RESTRICTED CONDITIONAL FAMILY"", ""TRANSFER-SENSITIVE / NON-ROBUST"", ""NULL-COMPATIBLE""]"
app-1701-A-no_recurrence,A,A,paired,learned_state_comparison,0.043312368970934115,0.09032559511904537,dimensionless frozen model readout,[-1],False,Z,[0],"[""ROBUST ONLY UNDER RESTRICTED CONDITIONAL FAMILY"", ""TRANSFER-SENSITIVE / NON-ROBUST"", ""NULL-COMPATIBLE""]"
app-1701-A-no_recurrence,A,A,paired,learned_state_comparison,0.043312368970934115,0.09032559511904537,dimensionless frozen model readout,[-1],False,P,[-1],"[""ROBUST ONLY UNDER RESTRICTED CONDITIONAL FAMILY"", ""TRANSFER-SENSITIVE / NON-ROBUST"", ""NULL-COMPATIBLE""]"
app-1701-A-no_recurrence,A,A,paired,learned_state_comparison,0.043312368970934115,0.09032559511904537,dimensionless frozen model readout,[-1],False,R,[1],"[""ROBUST ONLY UNDER RESTRICTED CONDITIONAL FAMILY"", ""TRANSFER-SENSITIVE / NON-ROBUST"", ""NULL-COMPATIBLE""]"
app-1701-A-no_recurrence,A,A,paired,learned_state_comparison,0.043312368970934115,0.09032559511904537,dimensionless frozen model readout,[-1],False,WP,"[-1, 0]","[""ROBUST ONLY UNDER RESTRICTED CONDITIONAL FAMILY"", ""TRANSFER-SENSITIVE / NON-ROBUST"", ""NULL-COMPATIBLE""]"
app-1701-A-no_recurrence,A,A,paired,learned_state_comparison,0.043312368970934115,0.09032559511904537,dimensionless frozen model readout,[-1],False,WR,"[0, 1]","[""ROBUST ONLY UNDER RESTRICTED CONDITIONAL FAMILY"", ""TRANSFER-SENSITIVE / NON-ROBUST"", ""NULL-COMPATIBLE""]"
app-1701-A-no_recurrence,A,A,paired,learned_state_comparison,0.043312368970934115,0.09032559511904537,dimensionless frozen model readout,[-1],False,H,"[-1, 0, 1]","[""ROBUST ONLY UNDER RESTRICTED CONDITIONAL FAMILY"", ""TRANSFER-SENSITIVE / NON-ROBUST"", ""NULL-COMPATIBLE""]"
app-1701-A-no_recurrence,A,A,paired,learned_state_comparison,0.043312368970934115,0.09032559511904537,dimensionless frozen model readout,[-1],False,U,"[-1, 0, 1]","[""ROBUST ONLY UNDER RESTRICTED CONDITIONAL FAMILY"", ""TRANSFER-SENSITIVE / NON-ROBUST"", ""NULL-COMPATIBLE""]"
app-1701-A-no_recurrence,A,A,paired,learned_state_comparison,0.043312368970934115,0.09032559511904537,dimensionless frozen model readout,[-1],False,N,"[-1, 0, 1]","[""ROBUST ONLY UNDER RESTRICTED CONDITIONAL FAMILY"", ""TRANSFER-SENSITIVE / NON-ROBUST"", ""NULL-COMPATIBLE""]"
app-1701-A-no_recurrence,B,A,unpaired,response_change,0.14569699640995287,0.1554063585989471,dimensionless frozen model readout,[-1],False,E,"[-1, 0, 1]","[""ROBUST ONLY UNDER RESTRICTED CONDITIONAL FAMILY"", ""TRANSFER-SENSITIVE / NON-ROBUST"", ""NULL-COMPATIBLE""]"
app-1701-A-no_recurrence,B,A,unpaired,response_change,0.14569699640995287,0.1554063585989471,dimensionless frozen model readout,[-1],False,Z,[0],"[""ROBUST ONLY UNDER RESTRICTED CONDITIONAL FAMILY"", ""TRANSFER-SENSITIVE / NON-ROBUST"", ""NULL-COMPATIBLE""]"
app-1701-A-no_recurrence,B,A,unpaired,response_change,0.14569699640995287,0.1554063585989471,dimensionless frozen model readout,[-1],False,P,[-1],"[""ROBUST ONLY UNDER RESTRICTED CONDITIONAL FAMILY"", ""TRANSFER-SENSITIVE / NON-ROBUST"", ""NULL-COMPATIBLE""]"
app-1701-A-no_recurrence,B,A,unpaired,response_change,0.14569699640995287,0.1554063585989471,dimensionless frozen model readout,[-1],False,R,[1],"[""ROBUST ONLY UNDER RESTRICTED CONDITIONAL FAMILY"", ""TRANSFER-SENSITIVE / NON-ROBUST"", ""NULL-COMPATIBLE""]"
app-1701-A-no_recurrence,B,A,unpaired,response_change,0.14569699640995287,0.1554063585989471,dimensionless frozen model readout,[-1],False,WP,"[-1, 0]","[""ROBUST ONLY UNDER RESTRICTED CONDITIONAL FAMILY"", ""TRANSFER-SENSITIVE / NON-ROBUST"", ""NULL-COMPATIBLE""]"
app-1701-A-no_recurrence,B,A,unpaired,response_change,0.14569699640995287,0.1554063585989471,dimensionless frozen model readout,[-1],False,WR,"[0, 1]","[""ROBUST ONLY UNDER RESTRICTED CONDITIONAL FAMILY"", ""TRANSFER-SENSITIVE / NON-ROBUST"", ""NULL-COMPATIBLE""]"
app-1701-A-no_recurrence,B,A,unpaired,response_change,0.14569699640995287,0.1554063585989471,dimensionless frozen model readout,[-1],False,H,"[-1, 0, 1]","[""ROBUST ONLY UNDER RESTRICTED CONDITIONAL FAMILY"", ""TRANSFER-SENSITIVE / NON-ROBUST"", ""NULL-COMPATIBLE""]"
app-1701-A-no_recurrence,B,A,unpaired,response_change,0.14569699640995287,0.1554063585989471,dimensionless frozen model readout,[-1],False,U,"[-1, 0, 1]","[""ROBUST ONLY UNDER RESTRICTED CONDITIONAL FAMILY"", ""TRANSFER-SENSITIVE / NON-ROBUST"", ""NULL-COMPATIBLE""]"
app-1701-A-no_recurrence,B,A,unpaired,response_change,0.14569699640995287,0.1554063585989471,dimensionless frozen model readout,[-1],False,N,"[-1, 0, 1]","[""ROBUST ONLY UNDER RESTRICTED CONDITIONAL FAMILY"", ""TRANSFER-SENSITIVE / NON-ROBUST"", ""NULL-COMPATIBLE""]"
app-1701-A-no_recurrence,B,A,unpaired,restoration_check,0.1554063585989471,0.1554063585989471,dimensionless frozen model readout,[0],False,E,"[-1, 0, 1]","[""ROBUST ONLY UNDER RESTRICTED CONDITIONAL FAMILY"", ""TRANSFER-SENSITIVE / NON-ROBUST"", ""NULL-COMPATIBLE""]"
app-1701-A-no_recurrence,B,A,unpaired,restoration_check,0.1554063585989471,0.1554063585989471,dimensionless frozen model readout,[0],False,Z,[0],"[""ROBUST ONLY UNDER RESTRICTED CONDITIONAL FAMILY"", ""TRANSFER-SENSITIVE / NON-ROBUST"", ""NULL-COMPATIBLE""]"
app-1701-A-no_recurrence,B,A,unpaired,restoration_check,0.1554063585989471,0.1554063585989471,dimensionless frozen model readout,[0],False,P,[0],"[""ROBUST ONLY UNDER RESTRICTED CONDITIONAL FAMILY"", ""TRANSFER-SENSITIVE / NON-ROBUST"", ""NULL-COMPATIBLE""]"
app-1701-A-no_recurrence,B,A,unpaired,restoration_check,0.1554063585989471,0.1554063585989471,dimensionless frozen model readout,[0],False,R,[0],"[""ROBUST ONLY UNDER RESTRICTED CONDITIONAL FAMILY"", ""TRANSFER-SENSITIVE / NON-ROBUST"", ""NULL-COMPATIBLE""]"
app-1701-A-no_recurrence,B,A,unpaired,restoration_check,0.1554063585989471,0.1554063585989471,dimensionless frozen model readout,[0],False,WP,[0],"[""ROBUST ONLY UNDER RESTRICTED CONDITIONAL FAMILY"", ""TRANSFER-SENSITIVE / NON-ROBUST"", ""NULL-COMPATIBLE""]"
app-1701-A-no_recurrence,B,A,unpaired,restoration_check,0.1554063585989471,0.1554063585989471,dimensionless frozen model readout,[0],False,WR,[0],"[""ROBUST ONLY UNDER RESTRICTED CONDITIONAL FAMILY"", ""TRANSFER-SENSITIVE / NON-ROBUST"", ""NULL-COMPATIBLE""]"
app-1701-A-no_recurrence,B,A,unpaired,restoration_check,0.1554063585989471,0.1554063585989471,dimensionless frozen model readout,[0],False,H,[0],"[""ROBUST ONLY UNDER RESTRICTED CONDITIONAL FAMILY"", ""TRANSFER-SENSITIVE / NON-ROBUST"", ""NULL-COMPATIBLE""]"
app-1701-A-no_recurrence,B,A,unpaired,restoration_check,0.1554063585989471,0.1554063585989471,dimensionless frozen model readout,[0],False,U,[0],"[""ROBUST ONLY UNDER RESTRICTED CONDITIONAL FAMILY"", ""TRANSFER-SENSITIVE / NON-ROBUST"", ""NULL-COMPATIBLE""]"
app-1701-A-no_recurrence,B,A,unpaired,restoration_check,0.1554063585989471,0.1554063585989471,dimensionless frozen model readout,[0],False,N,"[-1, 0, 1]","[""ROBUST ONLY UNDER RESTRICTED CONDITIONAL FAMILY"", ""TRANSFER-SENSITIVE / NON-ROBUST"", ""NULL-COMPATIBLE""]"
app-1701-A-no_recurrence,B,A,unpaired,plastic_state_retention,0.14569699640995287,0.1554063585989471,dimensionless frozen model readout,[-1],False,E,"[-1, 0, 1]","[""ROBUST ONLY UNDER RESTRICTED CONDITIONAL FAMILY"", ""TRANSFER-SENSITIVE / NON-ROBUST"", ""NULL-COMPATIBLE""]"
app-1701-A-no_recurrence,B,A,unpaired,plastic_state_retention,0.14569699640995287,0.1554063585989471,dimensionless frozen model readout,[-1],False,Z,[0],"[""ROBUST ONLY UNDER RESTRICTED CONDITIONAL FAMILY"", ""TRANSFER-SENSITIVE / NON-ROBUST"", ""NULL-COMPATIBLE""]"
app-1701-A-no_recurrence,B,A,unpaired,plastic_state_retention,0.14569699640995287,0.1554063585989471,dimensionless frozen model readout,[-1],False,P,[-1],"[""ROBUST ONLY UNDER RESTRICTED CONDITIONAL FAMILY"", ""TRANSFER-SENSITIVE / NON-ROBUST"", ""NULL-COMPATIBLE""]"
app-1701-A-no_recurrence,B,A,unpaired,plastic_state_retention,0.14569699640995287,0.1554063585989471,dimensionless frozen model readout,[-1],False,R,[1],"[""ROBUST ONLY UNDER RESTRICTED CONDITIONAL FAMILY"", ""TRANSFER-SENSITIVE / NON-ROBUST"", ""NULL-COMPATIBLE""]"
app-1701-A-no_recurrence,B,A,unpaired,plastic_state_retention,0.14569699640995287,0.1554063585989471,dimensionless frozen model readout,[-1],False,WP,"[-1, 0]","[""ROBUST ONLY UNDER RESTRICTED CONDITIONAL FAMILY"", ""TRANSFER-SENSITIVE / NON-ROBUST"", ""NULL-COMPATIBLE""]"
app-1701-A-no_recurrence,B,A,unpaired,plastic_state_retention,0.14569699640995287,0.1554063585989471,dimensionless frozen model readout,[-1],False,WR,"[0, 1]","[""ROBUST ONLY UNDER RESTRICTED CONDITIONAL FAMILY"", ""TRANSFER-SENSITIVE / NON-ROBUST"", ""NULL-COMPATIBLE""]"
app-1701-A-no_recurrence,B,A,unpaired,plastic_state_retention,0.14569699640995287,0.1554063585989471,dimensionless frozen model readout,[-1],False,H,"[-1, 0, 1]","[""ROBUST ONLY UNDER RESTRICTED CONDITIONAL FAMILY"", ""TRANSFER-SENSITIVE / NON-ROBUST"", ""NULL-COMPATIBLE""]"
app-1701-A-no_recurrence,B,A,unpaired,plastic_state_retention,0.14569699640995287,0.1554063585989471,dimensionless frozen model readout,[-1],False,U,"[-1, 0, 1]","[""ROBUST ONLY UNDER RESTRICTED CONDITIONAL FAMILY"", ""TRANSFER-SENSITIVE / NON-ROBUST"", ""NULL-COMPATIBLE""]"
app-1701-A-no_recurrence,B,A,unpaired,plastic_state_retention,0.14569699640995287,0.1554063585989471,dimensionless frozen model readout,[-1],False,N,"[-1, 0, 1]","[""ROBUST ONLY UNDER RESTRICTED CONDITIONAL FAMILY"", ""TRANSFER-SENSITIVE / NON-ROBUST"", ""NULL-COMPATIBLE""]"
app-1701-A-no_recurrence,B,A,unpaired,learned_state_comparison,0.14569699640995287,0.1554063585989471,dimensionless frozen model readout,[-1],False,E,"[-1, 0, 1]","[""ROBUST ONLY UNDER RESTRICTED CONDITIONAL FAMILY"", ""TRANSFER-SENSITIVE / NON-ROBUST"", ""NULL-COMPATIBLE""]"
app-1701-A-no_recurrence,B,A,unpaired,learned_state_comparison,0.14569699640995287,0.1554063585989471,dimensionless frozen model readout,[-1],False,Z,[0],"[""ROBUST ONLY UNDER RESTRICTED CONDITIONAL FAMILY"", ""TRANSFER-SENSITIVE / NON-ROBUST"", ""NULL-COMPATIBLE""]"
app-1701-A-no_recurrence,B,A,unpaired,learned_state_comparison,0.14569699640995287,0.1554063585989471,dimensionless frozen model readout,[-1],False,P,[-1],"[""ROBUST ONLY UNDER RESTRICTED CONDITIONAL FAMILY"", ""TRANSFER-SENSITIVE / NON-ROBUST"", ""NULL-COMPATIBLE""]"
app-1701-A-no_recurrence,B,A,unpaired,learned_state_comparison,0.14569699640995287,0.1554063585989471,dimensionless frozen model readout,[-1],False,R,[1],"[""ROBUST ONLY UNDER RESTRICTED CONDITIONAL FAMILY"", ""TRANSFER-SENSITIVE / NON-ROBUST"", ""NULL-COMPATIBLE""]"
app-1701-A-no_recurrence,B,A,unpaired,learned_state_comparison,0.14569699640995287,0.1554063585989471,dimensionless frozen model readout,[-1],False,WP,"[-1, 0]","[""ROBUST ONLY UNDER RESTRICTED CONDITIONAL FAMILY"", ""TRANSFER-SENSITIVE / NON-ROBUST"", ""NULL-COMPATIBLE""]"
app-1701-A-no_recurrence,B,A,unpaired,learned_state_comparison,0.14569699640995287,0.1554063585989471,dimensionless frozen model readout,[-1],False,WR,"[0, 1]","[""ROBUST ONLY UNDER RESTRICTED CONDITIONAL FAMILY"", ""TRANSFER-SENSITIVE / NON-ROBUST"", ""NULL-COMPATIBLE""]"
app-1701-A-no_recurrence,B,A,unpaired,learned_state_comparison,0.14569699640995287,0.1554063585989471,dimensionless frozen model readout,[-1],False,H,"[-1, 0, 1]","[""ROBUST ONLY UNDER RESTRICTED CONDITIONAL FAMILY"", ""TRANSFER-SENSITIVE / NON-ROBUST"", ""NULL-COMPATIBLE""]"
app-1701-A-no_recurrence,B,A,unpaired,learned_state_comparison,0.14569699640995287,0.1554063585989471,dimensionless frozen model readout,[-1],False,U,"[-1, 0, 1]","[""ROBUST ONLY UNDER RESTRICTED CONDITIONAL FAMILY"", ""TRANSFER-SENSITIVE / NON-ROBUST"", ""NULL-COMPATIBLE""]"
app-1701-A-no_recurrence,B,A,unpaired,learned_state_comparison,0.14569699640995287,0.1554063585989471,dimensionless frozen model readout,[-1],False,N,"[-1, 0, 1]","[""ROBUST ONLY UNDER RESTRICTED CONDITIONAL FAMILY"", ""TRANSFER-SENSITIVE / NON-ROBUST"", ""NULL-COMPATIBLE""]"
app-1701-B-no_recurrence,A,B,unpaired,response_change,0.08042557902780871,0.09032559511904537,dimensionless frozen model readout,[-1],False,E,"[-1, 0, 1]","[""ROBUST ONLY UNDER RESTRICTED CONDITIONAL FAMILY"", ""TRANSFER-SENSITIVE / NON-ROBUST"", ""NULL-COMPATIBLE""]"
app-1701-B-no_recurrence,A,B,unpaired,response_change,0.08042557902780871,0.09032559511904537,dimensionless frozen model readout,[-1],False,Z,[0],"[""ROBUST ONLY UNDER RESTRICTED CONDITIONAL FAMILY"", ""TRANSFER-SENSITIVE / NON-ROBUST"", ""NULL-COMPATIBLE""]"
app-1701-B-no_recurrence,A,B,unpaired,response_change,0.08042557902780871,0.09032559511904537,dimensionless frozen model readout,[-1],False,P,[-1],"[""ROBUST ONLY UNDER RESTRICTED CONDITIONAL FAMILY"", ""TRANSFER-SENSITIVE / NON-ROBUST"", ""NULL-COMPATIBLE""]"
app-1701-B-no_recurrence,A,B,unpaired,response_change,0.08042557902780871,0.09032559511904537,dimensionless frozen model readout,[-1],False,R,[1],"[""ROBUST ONLY UNDER RESTRICTED CONDITIONAL FAMILY"", ""TRANSFER-SENSITIVE / NON-ROBUST"", ""NULL-COMPATIBLE""]"
app-1701-B-no_recurrence,A,B,unpaired,response_change,0.08042557902780871,0.09032559511904537,dimensionless frozen model readout,[-1],False,WP,"[-1, 0]","[""ROBUST ONLY UNDER RESTRICTED CONDITIONAL FAMILY"", ""TRANSFER-SENSITIVE / NON-ROBUST"", ""NULL-COMPATIBLE""]"
app-1701-B-no_recurrence,A,B,unpaired,response_change,0.08042557902780871,0.09032559511904537,dimensionless frozen model readout,[-1],False,WR,"[0, 1]","[""ROBUST ONLY UNDER RESTRICTED CONDITIONAL FAMILY"", ""TRANSFER-SENSITIVE / NON-ROBUST"", ""NULL-COMPATIBLE""]"
app-1701-B-no_recurrence,A,B,unpaired,response_change,0.08042557902780871,0.09032559511904537,dimensionless frozen model readout,[-1],False,H,"[-1, 0, 1]","[""ROBUST ONLY UNDER RESTRICTED CONDITIONAL FAMILY"", ""TRANSFER-SENSITIVE / NON-ROBUST"", ""NULL-COMPATIBLE""]"
app-1701-B-no_recurrence,A,B,unpaired,response_change,0.08042557902780871,0.09032559511904537,dimensionless frozen model readout,[-1],False,U,"[-1, 0, 1]","[""ROBUST ONLY UNDER RESTRICTED CONDITIONAL FAMILY"", ""TRANSFER-SENSITIVE / NON-ROBUST"", ""NULL-COMPATIBLE""]"
app-1701-B-no_recurrence,A,B,unpaired,response_change,0.08042557902780871,0.09032559511904537,dimensionless frozen model readout,[-1],False,N,"[-1, 0, 1]","[""ROBUST ONLY UNDER RESTRICTED CONDITIONAL FAMILY"", ""TRANSFER-SENSITIVE / NON-ROBUST"", ""NULL-COMPATIBLE""]"
app-1701-B-no_recurrence,A,B,unpaired,restoration_check,0.09032559511904537,0.09032559511904537,dimensionless frozen model readout,[0],False,E,"[-1, 0, 1]","[""ROBUST ONLY UNDER RESTRICTED CONDITIONAL FAMILY"", ""TRANSFER-SENSITIVE / NON-ROBUST"", ""NULL-COMPATIBLE""]"
app-1701-B-no_recurrence,A,B,unpaired,restoration_check,0.09032559511904537,0.09032559511904537,dimensionless frozen model readout,[0],False,Z,[0],"[""ROBUST ONLY UNDER RESTRICTED CONDITIONAL FAMILY"", ""TRANSFER-SENSITIVE / NON-ROBUST"", ""NULL-COMPATIBLE""]"
app-1701-B-no_recurrence,A,B,unpaired,restoration_check,0.09032559511904537,0.09032559511904537,dimensionless frozen model readout,[0],False,P,[0],"[""ROBUST ONLY UNDER RESTRICTED CONDITIONAL FAMILY"", ""TRANSFER-SENSITIVE / NON-ROBUST"", ""NULL-COMPATIBLE""]"
app-1701-B-no_recurrence,A,B,unpaired,restoration_check,0.09032559511904537,0.09032559511904537,dimensionless frozen model readout,[0],False,R,[0],"[""ROBUST ONLY UNDER RESTRICTED CONDITIONAL FAMILY"", ""TRANSFER-SENSITIVE / NON-ROBUST"", ""NULL-COMPATIBLE""]"
app-1701-B-no_recurrence,A,B,unpaired,restoration_check,0.09032559511904537,0.09032559511904537,dimensionless frozen model readout,[0],False,WP,[0],"[""ROBUST ONLY UNDER RESTRICTED CONDITIONAL FAMILY"", ""TRANSFER-SENSITIVE / NON-ROBUST"", ""NULL-COMPATIBLE""]"
app-1701-B-no_recurrence,A,B,unpaired,restoration_check,0.09032559511904537,0.09032559511904537,dimensionless frozen model readout,[0],False,WR,[0],"[""ROBUST ONLY UNDER RESTRICTED CONDITIONAL FAMILY"", ""TRANSFER-SENSITIVE / NON-ROBUST"", ""NULL-COMPATIBLE""]"
app-1701-B-no_recurrence,A,B,unpaired,restoration_check,0.09032559511904537,0.09032559511904537,dimensionless frozen model readout,[0],False,H,[0],"[""ROBUST ONLY UNDER RESTRICTED CONDITIONAL FAMILY"", ""TRANSFER-SENSITIVE / NON-ROBUST"", ""NULL-COMPATIBLE""]"
app-1701-B-no_recurrence,A,B,unpaired,restoration_check,0.09032559511904537,0.09032559511904537,dimensionless frozen model readout,[0],False,U,[0],"[""ROBUST ONLY UNDER RESTRICTED CONDITIONAL FAMILY"", ""TRANSFER-SENSITIVE / NON-ROBUST"", ""NULL-COMPATIBLE""]"
app-1701-B-no_recurrence,A,B,unpaired,restoration_check,0.09032559511904537,0.09032559511904537,dimensionless frozen model readout,[0],False,N,"[-1, 0, 1]","[""ROBUST ONLY UNDER RESTRICTED CONDITIONAL FAMILY"", ""TRANSFER-SENSITIVE / NON-ROBUST"", ""NULL-COMPATIBLE""]"
app-1701-B-no_recurrence,A,B,unpaired,plastic_state_retention,0.08042557902780871,0.09032559511904537,dimensionless frozen model readout,[-1],False,E,"[-1, 0, 1]","[""ROBUST ONLY UNDER RESTRICTED CONDITIONAL FAMILY"", ""TRANSFER-SENSITIVE / NON-ROBUST"", ""NULL-COMPATIBLE""]"
app-1701-B-no_recurrence,A,B,unpaired,plastic_state_retention,0.08042557902780871,0.09032559511904537,dimensionless frozen model readout,[-1],False,Z,[0],"[""ROBUST ONLY UNDER RESTRICTED CONDITIONAL FAMILY"", ""TRANSFER-SENSITIVE / NON-ROBUST"", ""NULL-COMPATIBLE""]"
app-1701-B-no_recurrence,A,B,unpaired,plastic_state_retention,0.08042557902780871,0.09032559511904537,dimensionless frozen model readout,[-1],False,P,[-1],"[""ROBUST ONLY UNDER RESTRICTED CONDITIONAL FAMILY"", ""TRANSFER-SENSITIVE / NON-ROBUST"", ""NULL-COMPATIBLE""]"
app-1701-B-no_recurrence,A,B,unpaired,plastic_state_retention,0.08042557902780871,0.09032559511904537,dimensionless frozen model readout,[-1],False,R,[1],"[""ROBUST ONLY UNDER RESTRICTED CONDITIONAL FAMILY"", ""TRANSFER-SENSITIVE / NON-ROBUST"", ""NULL-COMPATIBLE""]"
app-1701-B-no_recurrence,A,B,unpaired,plastic_state_retention,0.08042557902780871,0.09032559511904537,dimensionless frozen model readout,[-1],False,WP,"[-1, 0]","[""ROBUST ONLY UNDER RESTRICTED CONDITIONAL FAMILY"", ""TRANSFER-SENSITIVE / NON-ROBUST"", ""NULL-COMPATIBLE""]"
app-1701-B-no_recurrence,A,B,unpaired,plastic_state_retention,0.08042557902780871,0.09032559511904537,dimensionless frozen model readout,[-1],False,WR,"[0, 1]","[""ROBUST ONLY UNDER RESTRICTED CONDITIONAL FAMILY"", ""TRANSFER-SENSITIVE / NON-ROBUST"", ""NULL-COMPATIBLE""]"
app-1701-B-no_recurrence,A,B,unpaired,plastic_state_retention,0.08042557902780871,0.09032559511904537,dimensionless frozen model readout,[-1],False,H,"[-1, 0, 1]","[""ROBUST ONLY UNDER RESTRICTED CONDITIONAL FAMILY"", ""TRANSFER-SENSITIVE / NON-ROBUST"", ""NULL-COMPATIBLE""]"
app-1701-B-no_recurrence,A,B,unpaired,plastic_state_retention,0.08042557902780871,0.09032559511904537,dimensionless frozen model readout,[-1],False,U,"[-1, 0, 1]","[""ROBUST ONLY UNDER RESTRICTED CONDITIONAL FAMILY"", ""TRANSFER-SENSITIVE / NON-ROBUST"", ""NULL-COMPATIBLE""]"
app-1701-B-no_recurrence,A,B,unpaired,plastic_state_retention,0.08042557902780871,0.09032559511904537,dimensionless frozen model readout,[-1],False,N,"[-1, 0, 1]","[""ROBUST ONLY UNDER RESTRICTED CONDITIONAL FAMILY"", ""TRANSFER-SENSITIVE / NON-ROBUST"", ""NULL-COMPATIBLE""]"
app-1701-B-no_recurrence,A,B,unpaired,learned_state_comparison,0.08042557902780871,0.09032559511904537,dimensionless frozen model readout,[-1],False,E,"[-1, 0, 1]","[""ROBUST ONLY UNDER RESTRICTED CONDITIONAL FAMILY"", ""TRANSFER-SENSITIVE / NON-ROBUST"", ""NULL-COMPATIBLE""]"
app-1701-B-no_recurrence,A,B,unpaired,learned_state_comparison,0.08042557902780871,0.09032559511904537,dimensionless frozen model readout,[-1],False,Z,[0],"[""ROBUST ONLY UNDER RESTRICTED CONDITIONAL FAMILY"", ""TRANSFER-SENSITIVE / NON-ROBUST"", ""NULL-COMPATIBLE""]"
app-1701-B-no_recurrence,A,B,unpaired,learned_state_comparison,0.08042557902780871,0.09032559511904537,dimensionless frozen model readout,[-1],False,P,[-1],"[""ROBUST ONLY UNDER RESTRICTED CONDITIONAL FAMILY"", ""TRANSFER-SENSITIVE / NON-ROBUST"", ""NULL-COMPATIBLE""]"
app-1701-B-no_recurrence,A,B,unpaired,learned_state_comparison,0.08042557902780871,0.09032559511904537,dimensionless frozen model readout,[-1],False,R,[1],"[""ROBUST ONLY UNDER RESTRICTED CONDITIONAL FAMILY"", ""TRANSFER-SENSITIVE / NON-ROBUST"", ""NULL-COMPATIBLE""]"
app-1701-B-no_recurrence,A,B,unpaired,learned_state_comparison,0.08042557902780871,0.09032559511904537,dimensionless frozen model readout,[-1],False,WP,"[-1, 0]","[""ROBUST ONLY UNDER RESTRICTED CONDITIONAL FAMILY"", ""TRANSFER-SENSITIVE / NON-ROBUST"", ""NULL-COMPATIBLE""]"
app-1701-B-no_recurrence,A,B,unpaired,learned_state_comparison,0.08042557902780871,0.09032559511904537,dimensionless frozen model readout,[-1],False,WR,"[0, 1]","[""ROBUST ONLY UNDER RESTRICTED CONDITIONAL FAMILY"", ""TRANSFER-SENSITIVE / NON-ROBUST"", ""NULL-COMPATIBLE""]"
app-1701-B-no_recurrence,A,B,unpaired,learned_state_comparison,0.08042557902780871,0.09032559511904537,dimensionless frozen model readout,[-1],False,H,"[-1, 0, 1]","[""ROBUST ONLY UNDER RESTRICTED CONDITIONAL FAMILY"", ""TRANSFER-SENSITIVE / NON-ROBUST"", ""NULL-COMPATIBLE""]"
app-1701-B-no_recurrence,A,B,unpaired,learned_state_comparison,0.08042557902780871,0.09032559511904537,dimensionless frozen model readout,[-1],False,U,"[-1, 0, 1]","[""ROBUST ONLY UNDER RESTRICTED CONDITIONAL FAMILY"", ""TRANSFER-SENSITIVE / NON-ROBUST"", ""NULL-COMPATIBLE""]"
app-1701-B-no_recurrence,A,B,unpaired,learned_state_comparison,0.08042557902780871,0.09032559511904537,dimensionless frozen model readout,[-1],False,N,"[-1, 0, 1]","[""ROBUST ONLY UNDER RESTRICTED CONDITIONAL FAMILY"", ""TRANSFER-SENSITIVE / NON-ROBUST"", ""NULL-COMPATIBLE""]"
app-1701-B-no_recurrence,B,B,paired,response_change,0.08561596072054754,0.1554063585989471,dimensionless frozen model readout,[-1],False,E,"[-1, 0, 1]","[""ROBUST ONLY UNDER RESTRICTED CONDITIONAL FAMILY"", ""TRANSFER-SENSITIVE / NON-ROBUST"", ""NULL-COMPATIBLE""]"
app-1701-B-no_recurrence,B,B,paired,response_change,0.08561596072054754,0.1554063585989471,dimensionless frozen model readout,[-1],False,Z,[0],"[""ROBUST ONLY UNDER RESTRICTED CONDITIONAL FAMILY"", ""TRANSFER-SENSITIVE / NON-ROBUST"", ""NULL-COMPATIBLE""]"
app-1701-B-no_recurrence,B,B,paired,response_change,0.08561596072054754,0.1554063585989471,dimensionless frozen model readout,[-1],False,P,[-1],"[""ROBUST ONLY UNDER RESTRICTED CONDITIONAL FAMILY"", ""TRANSFER-SENSITIVE / NON-ROBUST"", ""NULL-COMPATIBLE""]"
app-1701-B-no_recurrence,B,B,paired,response_change,0.08561596072054754,0.1554063585989471,dimensionless frozen model readout,[-1],False,R,[1],"[""ROBUST ONLY UNDER RESTRICTED CONDITIONAL FAMILY"", ""TRANSFER-SENSITIVE / NON-ROBUST"", ""NULL-COMPATIBLE""]"
app-1701-B-no_recurrence,B,B,paired,response_change,0.08561596072054754,0.1554063585989471,dimensionless frozen model readout,[-1],False,WP,"[-1, 0]","[""ROBUST ONLY UNDER RESTRICTED CONDITIONAL FAMILY"", ""TRANSFER-SENSITIVE / NON-ROBUST"", ""NULL-COMPATIBLE""]"
app-1701-B-no_recurrence,B,B,paired,response_change,0.08561596072054754,0.1554063585989471,dimensionless frozen model readout,[-1],False,WR,"[0, 1]","[""ROBUST ONLY UNDER RESTRICTED CONDITIONAL FAMILY"", ""TRANSFER-SENSITIVE / NON-ROBUST"", ""NULL-COMPATIBLE""]"
app-1701-B-no_recurrence,B,B,paired,response_change,0.08561596072054754,0.1554063585989471,dimensionless frozen model readout,[-1],False,H,"[-1, 0, 1]","[""ROBUST ONLY UNDER RESTRICTED CONDITIONAL FAMILY"", ""TRANSFER-SENSITIVE / NON-ROBUST"", ""NULL-COMPATIBLE""]"
app-1701-B-no_recurrence,B,B,paired,response_change,0.08561596072054754,0.1554063585989471,dimensionless frozen model readout,[-1],False,U,"[-1, 0, 1]","[""ROBUST ONLY UNDER RESTRICTED CONDITIONAL FAMILY"", ""TRANSFER-SENSITIVE / NON-ROBUST"", ""NULL-COMPATIBLE""]"
app-1701-B-no_recurrence,B,B,paired,response_change,0.08561596072054754,0.1554063585989471,dimensionless frozen model readout,[-1],False,N,"[-1, 0, 1]","[""ROBUST ONLY UNDER RESTRICTED CONDITIONAL FAMILY"", ""TRANSFER-SENSITIVE / NON-ROBUST"", ""NULL-COMPATIBLE""]"
app-1701-B-no_recurrence,B,B,paired,restoration_check,0.1554063585989471,0.1554063585989471,dimensionless frozen model readout,[0],False,E,"[-1, 0, 1]","[""ROBUST ONLY UNDER RESTRICTED CONDITIONAL FAMILY"", ""TRANSFER-SENSITIVE / NON-ROBUST"", ""NULL-COMPATIBLE""]"
app-1701-B-no_recurrence,B,B,paired,restoration_check,0.1554063585989471,0.1554063585989471,dimensionless frozen model readout,[0],False,Z,[0],"[""ROBUST ONLY UNDER RESTRICTED CONDITIONAL FAMILY"", ""TRANSFER-SENSITIVE / NON-ROBUST"", ""NULL-COMPATIBLE""]"
app-1701-B-no_recurrence,B,B,paired,restoration_check,0.1554063585989471,0.1554063585989471,dimensionless frozen model readout,[0],False,P,[0],"[""ROBUST ONLY UNDER RESTRICTED CONDITIONAL FAMILY"", ""TRANSFER-SENSITIVE / NON-ROBUST"", ""NULL-COMPATIBLE""]"
app-1701-B-no_recurrence,B,B,paired,restoration_check,0.1554063585989471,0.1554063585989471,dimensionless frozen model readout,[0],False,R,[0],"[""ROBUST ONLY UNDER RESTRICTED CONDITIONAL FAMILY"", ""TRANSFER-SENSITIVE / NON-ROBUST"", ""NULL-COMPATIBLE""]"
app-1701-B-no_recurrence,B,B,paired,restoration_check,0.1554063585989471,0.1554063585989471,dimensionless frozen model readout,[0],False,WP,[0],"[""ROBUST ONLY UNDER RESTRICTED CONDITIONAL FAMILY"", ""TRANSFER-SENSITIVE / NON-ROBUST"", ""NULL-COMPATIBLE""]"
app-1701-B-no_recurrence,B,B,paired,restoration_check,0.1554063585989471,0.1554063585989471,dimensionless frozen model readout,[0],False,WR,[0],"[""ROBUST ONLY UNDER RESTRICTED CONDITIONAL FAMILY"", ""TRANSFER-SENSITIVE / NON-ROBUST"", ""NULL-COMPATIBLE""]"
app-1701-B-no_recurrence,B,B,paired,restoration_check,0.1554063585989471,0.1554063585989471,dimensionless frozen model readout,[0],False,H,[0],"[""ROBUST ONLY UNDER RESTRICTED CONDITIONAL FAMILY"", ""TRANSFER-SENSITIVE / NON-ROBUST"", ""NULL-COMPATIBLE""]"
app-1701-B-no_recurrence,B,B,paired,restoration_check,0.1554063585989471,0.1554063585989471,dimensionless frozen model readout,[0],False,U,[0],"[""ROBUST ONLY UNDER RESTRICTED CONDITIONAL FAMILY"", ""TRANSFER-SENSITIVE / NON-ROBUST"", ""NULL-COMPATIBLE""]"
app-1701-B-no_recurrence,B,B,paired,restoration_check,0.1554063585989471,0.1554063585989471,dimensionless frozen model readout,[0],False,N,"[-1, 0, 1]","[""ROBUST ONLY UNDER RESTRICTED CONDITIONAL FAMILY"", ""TRANSFER-SENSITIVE / NON-ROBUST"", ""NULL-COMPATIBLE""]"
app-1701-B-no_recurrence,B,B,paired,plastic_state_retention,0.08561596072054754,0.1554063585989471,dimensionless frozen model readout,[-1],False,E,"[-1, 0, 1]","[""ROBUST ONLY UNDER RESTRICTED CONDITIONAL FAMILY"", ""TRANSFER-SENSITIVE / NON-ROBUST"", ""NULL-COMPATIBLE""]"
app-1701-B-no_recurrence,B,B,paired,plastic_state_retention,0.08561596072054754,0.1554063585989471,dimensionless frozen model readout,[-1],False,Z,[0],"[""ROBUST ONLY UNDER RESTRICTED CONDITIONAL FAMILY"", ""TRANSFER-SENSITIVE / NON-ROBUST"", ""NULL-COMPATIBLE""]"
app-1701-B-no_recurrence,B,B,paired,plastic_state_retention,0.08561596072054754,0.1554063585989471,dimensionless frozen model readout,[-1],False,P,[-1],"[""ROBUST ONLY UNDER RESTRICTED CONDITIONAL FAMILY"", ""TRANSFER-SENSITIVE / NON-ROBUST"", ""NULL-COMPATIBLE""]"
app-1701-B-no_recurrence,B,B,paired,plastic_state_retention,0.08561596072054754,0.1554063585989471,dimensionless frozen model readout,[-1],False,R,[1],"[""ROBUST ONLY UNDER RESTRICTED CONDITIONAL FAMILY"", ""TRANSFER-SENSITIVE / NON-ROBUST"", ""NULL-COMPATIBLE""]"
app-1701-B-no_recurrence,B,B,paired,plastic_state_retention,0.08561596072054754,0.1554063585989471,dimensionless frozen model readout,[-1],False,WP,"[-1, 0]","[""ROBUST ONLY UNDER RESTRICTED CONDITIONAL FAMILY"", ""TRANSFER-SENSITIVE / NON-ROBUST"", ""NULL-COMPATIBLE""]"
app-1701-B-no_recurrence,B,B,paired,plastic_state_retention,0.08561596072054754,0.1554063585989471,dimensionless frozen model readout,[-1],False,WR,"[0, 1]","[""ROBUST ONLY UNDER RESTRICTED CONDITIONAL FAMILY"", ""TRANSFER-SENSITIVE / NON-ROBUST"", ""NULL-COMPATIBLE""]"
app-1701-B-no_recurrence,B,B,paired,plastic_state_retention,0.08561596072054754,0.1554063585989471,dimensionless frozen model readout,[-1],False,H,"[-1, 0, 1]","[""ROBUST ONLY UNDER RESTRICTED CONDITIONAL FAMILY"", ""TRANSFER-SENSITIVE / NON-ROBUST"", ""NULL-COMPATIBLE""]"
app-1701-B-no_recurrence,B,B,paired,plastic_state_retention,0.08561596072054754,0.1554063585989471,dimensionless frozen model readout,[-1],False,U,"[-1, 0, 1]","[""ROBUST ONLY UNDER RESTRICTED CONDITIONAL FAMILY"", ""TRANSFER-SENSITIVE / NON-ROBUST"", ""NULL-COMPATIBLE""]"
app-1701-B-no_recurrence,B,B,paired,plastic_state_retention,0.08561596072054754,0.1554063585989471,dimensionless frozen model readout,[-1],False,N,"[-1, 0, 1]","[""ROBUST ONLY UNDER RESTRICTED CONDITIONAL FAMILY"", ""TRANSFER-SENSITIVE / NON-ROBUST"", ""NULL-COMPATIBLE""]"
app-1701-B-no_recurrence,B,B,paired,learned_state_comparison,0.08561596072054754,0.1554063585989471,dimensionless frozen model readout,[-1],False,E,"[-1, 0, 1]","[""ROBUST ONLY UNDER RESTRICTED CONDITIONAL FAMILY"", ""TRANSFER-SENSITIVE / NON-ROBUST"", ""NULL-COMPATIBLE""]"
app-1701-B-no_recurrence,B,B,paired,learned_state_comparison,0.08561596072054754,0.1554063585989471,dimensionless frozen model readout,[-1],False,Z,[0],"[""ROBUST ONLY UNDER RESTRICTED CONDITIONAL FAMILY"", ""TRANSFER-SENSITIVE / NON-ROBUST"", ""NULL-COMPATIBLE""]"
app-1701-B-no_recurrence,B,B,paired,learned_state_comparison,0.08561596072054754,0.1554063585989471,dimensionless frozen model readout,[-1],False,P,[-1],"[""ROBUST ONLY UNDER RESTRICTED CONDITIONAL FAMILY"", ""TRANSFER-SENSITIVE / NON-ROBUST"", ""NULL-COMPATIBLE""]"
app-1701-B-no_recurrence,B,B,paired,learned_state_comparison,0.08561596072054754,0.1554063585989471,dimensionless frozen model readout,[-1],False,R,[1],"[""ROBUST ONLY UNDER RESTRICTED CONDITIONAL FAMILY"", ""TRANSFER-SENSITIVE / NON-ROBUST"", ""NULL-COMPATIBLE""]"
app-1701-B-no_recurrence,B,B,paired,learned_state_comparison,0.08561596072054754,0.1554063585989471,dimensionless frozen model readout,[-1],False,WP,"[-1, 0]","[""ROBUST ONLY UNDER RESTRICTED CONDITIONAL FAMILY"", ""TRANSFER-SENSITIVE / NON-ROBUST"", ""NULL-COMPATIBLE""]"
app-1701-B-no_recurrence,B,B,paired,learned_state_comparison,0.08561596072054754,0.1554063585989471,dimensionless frozen model readout,[-1],False,WR,"[0, 1]","[""ROBUST ONLY UNDER RESTRICTED CONDITIONAL FAMILY"", ""TRANSFER-SENSITIVE / NON-ROBUST"", ""NULL-COMPATIBLE""]"
app-1701-B-no_recurrence,B,B,paired,learned_state_comparison,0.08561596072054754,0.1554063585989471,dimensionless frozen model readout,[-1],False,H,"[-1, 0, 1]","[""ROBUST ONLY UNDER RESTRICTED CONDITIONAL FAMILY"", ""TRANSFER-SENSITIVE / NON-ROBUST"", ""NULL-COMPATIBLE""]"
app-1701-B-no_recurrence,B,B,paired,learned_state_comparison,0.08561596072054754,0.1554063585989471,dimensionless frozen model readout,[-1],False,U,"[-1, 0, 1]","[""ROBUST ONLY UNDER RESTRICTED CONDITIONAL FAMILY"", ""TRANSFER-SENSITIVE / NON-ROBUST"", ""NULL-COMPATIBLE""]"
app-1701-B-no_recurrence,B,B,paired,learned_state_comparison,0.08561596072054754,0.1554063585989471,dimensionless frozen model readout,[-1],False,N,"[-1, 0, 1]","[""ROBUST ONLY UNDER RESTRICTED CONDITIONAL FAMILY"", ""TRANSFER-SENSITIVE / NON-ROBUST"", ""NULL-COMPATIBLE""]"
app-1701-A-shuffle_pn_weights,A,A,paired,response_change,0.032430705451026075,0.06882708684435726,dimensionless frozen model readout,[-1],False,E,"[-1, 0, 1]","[""ROBUST ONLY UNDER RESTRICTED CONDITIONAL FAMILY"", ""TRANSFER-SENSITIVE / NON-ROBUST"", ""NULL-COMPATIBLE""]"
app-1701-A-shuffle_pn_weights,A,A,paired,response_change,0.032430705451026075,0.06882708684435726,dimensionless frozen model readout,[-1],False,Z,[0],"[""ROBUST ONLY UNDER RESTRICTED CONDITIONAL FAMILY"", ""TRANSFER-SENSITIVE / NON-ROBUST"", ""NULL-COMPATIBLE""]"
app-1701-A-shuffle_pn_weights,A,A,paired,response_change,0.032430705451026075,0.06882708684435726,dimensionless frozen model readout,[-1],False,P,[-1],"[""ROBUST ONLY UNDER RESTRICTED CONDITIONAL FAMILY"", ""TRANSFER-SENSITIVE / NON-ROBUST"", ""NULL-COMPATIBLE""]"
app-1701-A-shuffle_pn_weights,A,A,paired,response_change,0.032430705451026075,0.06882708684435726,dimensionless frozen model readout,[-1],False,R,[1],"[""ROBUST ONLY UNDER RESTRICTED CONDITIONAL FAMILY"", ""TRANSFER-SENSITIVE / NON-ROBUST"", ""NULL-COMPATIBLE""]"
app-1701-A-shuffle_pn_weights,A,A,paired,response_change,0.032430705451026075,0.06882708684435726,dimensionless frozen model readout,[-1],False,WP,"[-1, 0]","[""ROBUST ONLY UNDER RESTRICTED CONDITIONAL FAMILY"", ""TRANSFER-SENSITIVE / NON-ROBUST"", ""NULL-COMPATIBLE""]"
app-1701-A-shuffle_pn_weights,A,A,paired,response_change,0.032430705451026075,0.06882708684435726,dimensionless frozen model readout,[-1],False,WR,"[0, 1]","[""ROBUST ONLY UNDER RESTRICTED CONDITIONAL FAMILY"", ""TRANSFER-SENSITIVE / NON-ROBUST"", ""NULL-COMPATIBLE""]"
app-1701-A-shuffle_pn_weights,A,A,paired,response_change,0.032430705451026075,0.06882708684435726,dimensionless frozen model readout,[-1],False,H,"[-1, 0, 1]","[""ROBUST ONLY UNDER RESTRICTED CONDITIONAL FAMILY"", ""TRANSFER-SENSITIVE / NON-ROBUST"", ""NULL-COMPATIBLE""]"
app-1701-A-shuffle_pn_weights,A,A,paired,response_change,0.032430705451026075,0.06882708684435726,dimensionless frozen model readout,[-1],False,U,"[-1, 0, 1]","[""ROBUST ONLY UNDER RESTRICTED CONDITIONAL FAMILY"", ""TRANSFER-SENSITIVE / NON-ROBUST"", ""NULL-COMPATIBLE""]"
app-1701-A-shuffle_pn_weights,A,A,paired,response_change,0.032430705451026075,0.06882708684435726,dimensionless frozen model readout,[-1],False,N,"[-1, 0, 1]","[""ROBUST ONLY UNDER RESTRICTED CONDITIONAL FAMILY"", ""TRANSFER-SENSITIVE / NON-ROBUST"", ""NULL-COMPATIBLE""]"
app-1701-A-shuffle_pn_weights,A,A,paired,restoration_check,0.06882708684435726,0.06882708684435726,dimensionless frozen model readout,[0],False,E,"[-1, 0, 1]","[""ROBUST ONLY UNDER RESTRICTED CONDITIONAL FAMILY"", ""TRANSFER-SENSITIVE / NON-ROBUST"", ""NULL-COMPATIBLE""]"
app-1701-A-shuffle_pn_weights,A,A,paired,restoration_check,0.06882708684435726,0.06882708684435726,dimensionless frozen model readout,[0],False,Z,[0],"[""ROBUST ONLY UNDER RESTRICTED CONDITIONAL FAMILY"", ""TRANSFER-SENSITIVE / NON-ROBUST"", ""NULL-COMPATIBLE""]"
app-1701-A-shuffle_pn_weights,A,A,paired,restoration_check,0.06882708684435726,0.06882708684435726,dimensionless frozen model readout,[0],False,P,[0],"[""ROBUST ONLY UNDER RESTRICTED CONDITIONAL FAMILY"", ""TRANSFER-SENSITIVE / NON-ROBUST"", ""NULL-COMPATIBLE""]"
app-1701-A-shuffle_pn_weights,A,A,paired,restoration_check,0.06882708684435726,0.06882708684435726,dimensionless frozen model readout,[0],False,R,[0],"[""ROBUST ONLY UNDER RESTRICTED CONDITIONAL FAMILY"", ""TRANSFER-SENSITIVE / NON-ROBUST"", ""NULL-COMPATIBLE""]"
app-1701-A-shuffle_pn_weights,A,A,paired,restoration_check,0.06882708684435726,0.06882708684435726,dimensionless frozen model readout,[0],False,WP,[0],"[""ROBUST ONLY UNDER RESTRICTED CONDITIONAL FAMILY"", ""TRANSFER-SENSITIVE / NON-ROBUST"", ""NULL-COMPATIBLE""]"
app-1701-A-shuffle_pn_weights,A,A,paired,restoration_check,0.06882708684435726,0.06882708684435726,dimensionless frozen model readout,[0],False,WR,[0],"[""ROBUST ONLY UNDER RESTRICTED CONDITIONAL FAMILY"", ""TRANSFER-SENSITIVE / NON-ROBUST"", ""NULL-COMPATIBLE""]"
app-1701-A-shuffle_pn_weights,A,A,paired,restoration_check,0.06882708684435726,0.06882708684435726,dimensionless frozen model readout,[0],False,H,[0],"[""ROBUST ONLY UNDER RESTRICTED CONDITIONAL FAMILY"", ""TRANSFER-SENSITIVE / NON-ROBUST"", ""NULL-COMPATIBLE""]"
app-1701-A-shuffle_pn_weights,A,A,paired,restoration_check,0.06882708684435726,0.06882708684435726,dimensionless frozen model readout,[0],False,U,[0],"[""ROBUST ONLY UNDER RESTRICTED CONDITIONAL FAMILY"", ""TRANSFER-SENSITIVE / NON-ROBUST"", ""NULL-COMPATIBLE""]"
app-1701-A-shuffle_pn_weights,A,A,paired,restoration_check,0.06882708684435726,0.06882708684435726,dimensionless frozen model readout,[0],False,N,"[-1, 0, 1]","[""ROBUST ONLY UNDER RESTRICTED CONDITIONAL FAMILY"", ""TRANSFER-SENSITIVE / NON-ROBUST"", ""NULL-COMPATIBLE""]"
app-1701-A-shuffle_pn_weights,A,A,paired,plastic_state_retention,0.032430705451026075,0.06882708684435726,dimensionless frozen model readout,[-1],False,E,"[-1, 0, 1]","[""ROBUST ONLY UNDER RESTRICTED CONDITIONAL FAMILY"", ""TRANSFER-SENSITIVE / NON-ROBUST"", ""NULL-COMPATIBLE""]"
app-1701-A-shuffle_pn_weights,A,A,paired,plastic_state_retention,0.032430705451026075,0.06882708684435726,dimensionless frozen model readout,[-1],False,Z,[0],"[""ROBUST ONLY UNDER RESTRICTED CONDITIONAL FAMILY"", ""TRANSFER-SENSITIVE / NON-ROBUST"", ""NULL-COMPATIBLE""]"
app-1701-A-shuffle_pn_weights,A,A,paired,plastic_state_retention,0.032430705451026075,0.06882708684435726,dimensionless frozen model readout,[-1],False,P,[-1],"[""ROBUST ONLY UNDER RESTRICTED CONDITIONAL FAMILY"", ""TRANSFER-SENSITIVE / NON-ROBUST"", ""NULL-COMPATIBLE""]"
app-1701-A-shuffle_pn_weights,A,A,paired,plastic_state_retention,0.032430705451026075,0.06882708684435726,dimensionless frozen model readout,[-1],False,R,[1],"[""ROBUST ONLY UNDER RESTRICTED CONDITIONAL FAMILY"", ""TRANSFER-SENSITIVE / NON-ROBUST"", ""NULL-COMPATIBLE""]"
app-1701-A-shuffle_pn_weights,A,A,paired,plastic_state_retention,0.032430705451026075,0.06882708684435726,dimensionless frozen model readout,[-1],False,WP,"[-1, 0]","[""ROBUST ONLY UNDER RESTRICTED CONDITIONAL FAMILY"", ""TRANSFER-SENSITIVE / NON-ROBUST"", ""NULL-COMPATIBLE""]"
app-1701-A-shuffle_pn_weights,A,A,paired,plastic_state_retention,0.032430705451026075,0.06882708684435726,dimensionless frozen model readout,[-1],False,WR,"[0, 1]","[""ROBUST ONLY UNDER RESTRICTED CONDITIONAL FAMILY"", ""TRANSFER-SENSITIVE / NON-ROBUST"", ""NULL-COMPATIBLE""]"
app-1701-A-shuffle_pn_weights,A,A,paired,plastic_state_retention,0.032430705451026075,0.06882708684435726,dimensionless frozen model readout,[-1],False,H,"[-1, 0, 1]","[""ROBUST ONLY UNDER RESTRICTED CONDITIONAL FAMILY"", ""TRANSFER-SENSITIVE / NON-ROBUST"", ""NULL-COMPATIBLE""]"
app-1701-A-shuffle_pn_weights,A,A,paired,plastic_state_retention,0.032430705451026075,0.06882708684435726,dimensionless frozen model readout,[-1],False,U,"[-1, 0, 1]","[""ROBUST ONLY UNDER RESTRICTED CONDITIONAL FAMILY"", ""TRANSFER-SENSITIVE / NON-ROBUST"", ""NULL-COMPATIBLE""]"
app-1701-A-shuffle_pn_weights,A,A,paired,plastic_state_retention,0.032430705451026075,0.06882708684435726,dimensionless frozen model readout,[-1],False,N,"[-1, 0, 1]","[""ROBUST ONLY UNDER RESTRICTED CONDITIONAL FAMILY"", ""TRANSFER-SENSITIVE / NON-ROBUST"", ""NULL-COMPATIBLE""]"
app-1701-A-shuffle_pn_weights,A,A,paired,learned_state_comparison,0.032430705451026075,0.06882708684435726,dimensionless frozen model readout,[-1],False,E,"[-1, 0, 1]","[""ROBUST ONLY UNDER RESTRICTED CONDITIONAL FAMILY"", ""TRANSFER-SENSITIVE / NON-ROBUST"", ""NULL-COMPATIBLE""]"
app-1701-A-shuffle_pn_weights,A,A,paired,learned_state_comparison,0.032430705451026075,0.06882708684435726,dimensionless frozen model readout,[-1],False,Z,[0],"[""ROBUST ONLY UNDER RESTRICTED CONDITIONAL FAMILY"", ""TRANSFER-SENSITIVE / NON-ROBUST"", ""NULL-COMPATIBLE""]"
app-1701-A-shuffle_pn_weights,A,A,paired,learned_state_comparison,0.032430705451026075,0.06882708684435726,dimensionless frozen model readout,[-1],False,P,[-1],"[""ROBUST ONLY UNDER RESTRICTED CONDITIONAL FAMILY"", ""TRANSFER-SENSITIVE / NON-ROBUST"", ""NULL-COMPATIBLE""]"
app-1701-A-shuffle_pn_weights,A,A,paired,learned_state_comparison,0.032430705451026075,0.06882708684435726,dimensionless frozen model readout,[-1],False,R,[1],"[""ROBUST ONLY UNDER RESTRICTED CONDITIONAL FAMILY"", ""TRANSFER-SENSITIVE / NON-ROBUST"", ""NULL-COMPATIBLE""]"
app-1701-A-shuffle_pn_weights,A,A,paired,learned_state_comparison,0.032430705451026075,0.06882708684435726,dimensionless frozen model readout,[-1],False,WP,"[-1, 0]","[""ROBUST ONLY UNDER RESTRICTED CONDITIONAL FAMILY"", ""TRANSFER-SENSITIVE / NON-ROBUST"", ""NULL-COMPATIBLE""]"
app-1701-A-shuffle_pn_weights,A,A,paired,learned_state_comparison,0.032430705451026075,0.06882708684435726,dimensionless frozen model readout,[-1],False,WR,"[0, 1]","[""ROBUST ONLY UNDER RESTRICTED CONDITIONAL FAMILY"", ""TRANSFER-SENSITIVE / NON-ROBUST"", ""NULL-COMPATIBLE""]"
app-1701-A-shuffle_pn_weights,A,A,paired,learned_state_comparison,0.032430705451026075,0.06882708684435726,dimensionless frozen model readout,[-1],False,H,"[-1, 0, 1]","[""ROBUST ONLY UNDER RESTRICTED CONDITIONAL FAMILY"", ""TRANSFER-SENSITIVE / NON-ROBUST"", ""NULL-COMPATIBLE""]"
app-1701-A-shuffle_pn_weights,A,A,paired,learned_state_comparison,0.032430705451026075,0.06882708684435726,dimensionless frozen model readout,[-1],False,U,"[-1, 0, 1]","[""ROBUST ONLY UNDER RESTRICTED CONDITIONAL FAMILY"", ""TRANSFER-SENSITIVE / NON-ROBUST"", ""NULL-COMPATIBLE""]"
app-1701-A-shuffle_pn_weights,A,A,paired,learned_state_comparison,0.032430705451026075,0.06882708684435726,dimensionless frozen model readout,[-1],False,N,"[-1, 0, 1]","[""ROBUST ONLY UNDER RESTRICTED CONDITIONAL FAMILY"", ""TRANSFER-SENSITIVE / NON-ROBUST"", ""NULL-COMPATIBLE""]"
app-1701-A-shuffle_pn_weights,B,A,unpaired,response_change,0.12358738428771845,0.13009495118252212,dimensionless frozen model readout,[-1],False,E,"[-1, 0, 1]","[""ROBUST ONLY UNDER RESTRICTED CONDITIONAL FAMILY"", ""TRANSFER-SENSITIVE / NON-ROBUST"", ""NULL-COMPATIBLE""]"
app-1701-A-shuffle_pn_weights,B,A,unpaired,response_change,0.12358738428771845,0.13009495118252212,dimensionless frozen model readout,[-1],False,Z,[0],"[""ROBUST ONLY UNDER RESTRICTED CONDITIONAL FAMILY"", ""TRANSFER-SENSITIVE / NON-ROBUST"", ""NULL-COMPATIBLE""]"
app-1701-A-shuffle_pn_weights,B,A,unpaired,response_change,0.12358738428771845,0.13009495118252212,dimensionless frozen model readout,[-1],False,P,[-1],"[""ROBUST ONLY UNDER RESTRICTED CONDITIONAL FAMILY"", ""TRANSFER-SENSITIVE / NON-ROBUST"", ""NULL-COMPATIBLE""]"
app-1701-A-shuffle_pn_weights,B,A,unpaired,response_change,0.12358738428771845,0.13009495118252212,dimensionless frozen model readout,[-1],False,R,[1],"[""ROBUST ONLY UNDER RESTRICTED CONDITIONAL FAMILY"", ""TRANSFER-SENSITIVE / NON-ROBUST"", ""NULL-COMPATIBLE""]"
app-1701-A-shuffle_pn_weights,B,A,unpaired,response_change,0.12358738428771845,0.13009495118252212,dimensionless frozen model readout,[-1],False,WP,"[-1, 0]","[""ROBUST ONLY UNDER RESTRICTED CONDITIONAL FAMILY"", ""TRANSFER-SENSITIVE / NON-ROBUST"", ""NULL-COMPATIBLE""]"
app-1701-A-shuffle_pn_weights,B,A,unpaired,response_change,0.12358738428771845,0.13009495118252212,dimensionless frozen model readout,[-1],False,WR,"[0, 1]","[""ROBUST ONLY UNDER RESTRICTED CONDITIONAL FAMILY"", ""TRANSFER-SENSITIVE / NON-ROBUST"", ""NULL-COMPATIBLE""]"
app-1701-A-shuffle_pn_weights,B,A,unpaired,response_change,0.12358738428771845,0.13009495118252212,dimensionless frozen model readout,[-1],False,H,"[-1, 0, 1]","[""ROBUST ONLY UNDER RESTRICTED CONDITIONAL FAMILY"", ""TRANSFER-SENSITIVE / NON-ROBUST"", ""NULL-COMPATIBLE""]"
app-1701-A-shuffle_pn_weights,B,A,unpaired,response_change,0.12358738428771845,0.13009495118252212,dimensionless frozen model readout,[-1],False,U,"[-1, 0, 1]","[""ROBUST ONLY UNDER RESTRICTED CONDITIONAL FAMILY"", ""TRANSFER-SENSITIVE / NON-ROBUST"", ""NULL-COMPATIBLE""]"
app-1701-A-shuffle_pn_weights,B,A,unpaired,response_change,0.12358738428771845,0.13009495118252212,dimensionless frozen model readout,[-1],False,N,"[-1, 0, 1]","[""ROBUST ONLY UNDER RESTRICTED CONDITIONAL FAMILY"", ""TRANSFER-SENSITIVE / NON-ROBUST"", ""NULL-COMPATIBLE""]"
app-1701-A-shuffle_pn_weights,B,A,unpaired,restoration_check,0.13009495118252212,0.13009495118252212,dimensionless frozen model readout,[0],False,E,"[-1, 0, 1]","[""ROBUST ONLY UNDER RESTRICTED CONDITIONAL FAMILY"", ""TRANSFER-SENSITIVE / NON-ROBUST"", ""NULL-COMPATIBLE""]"
app-1701-A-shuffle_pn_weights,B,A,unpaired,restoration_check,0.13009495118252212,0.13009495118252212,dimensionless frozen model readout,[0],False,Z,[0],"[""ROBUST ONLY UNDER RESTRICTED CONDITIONAL FAMILY"", ""TRANSFER-SENSITIVE / NON-ROBUST"", ""NULL-COMPATIBLE""]"
app-1701-A-shuffle_pn_weights,B,A,unpaired,restoration_check,0.13009495118252212,0.13009495118252212,dimensionless frozen model readout,[0],False,P,[0],"[""ROBUST ONLY UNDER RESTRICTED CONDITIONAL FAMILY"", ""TRANSFER-SENSITIVE / NON-ROBUST"", ""NULL-COMPATIBLE""]"
app-1701-A-shuffle_pn_weights,B,A,unpaired,restoration_check,0.13009495118252212,0.13009495118252212,dimensionless frozen model readout,[0],False,R,[0],"[""ROBUST ONLY UNDER RESTRICTED CONDITIONAL FAMILY"", ""TRANSFER-SENSITIVE / NON-ROBUST"", ""NULL-COMPATIBLE""]"
app-1701-A-shuffle_pn_weights,B,A,unpaired,restoration_check,0.13009495118252212,0.13009495118252212,dimensionless frozen model readout,[0],False,WP,[0],"[""ROBUST ONLY UNDER RESTRICTED CONDITIONAL FAMILY"", ""TRANSFER-SENSITIVE / NON-ROBUST"", ""NULL-COMPATIBLE""]"
app-1701-A-shuffle_pn_weights,B,A,unpaired,restoration_check,0.13009495118252212,0.13009495118252212,dimensionless frozen model readout,[0],False,WR,[0],"[""ROBUST ONLY UNDER RESTRICTED CONDITIONAL FAMILY"", ""TRANSFER-SENSITIVE / NON-ROBUST"", ""NULL-COMPATIBLE""]"
app-1701-A-shuffle_pn_weights,B,A,unpaired,restoration_check,0.13009495118252212,0.13009495118252212,dimensionless frozen model readout,[0],False,H,[0],"[""ROBUST ONLY UNDER RESTRICTED CONDITIONAL FAMILY"", ""TRANSFER-SENSITIVE / NON-ROBUST"", ""NULL-COMPATIBLE""]"
app-1701-A-shuffle_pn_weights,B,A,unpaired,restoration_check,0.13009495118252212,0.13009495118252212,dimensionless frozen model readout,[0],False,U,[0],"[""ROBUST ONLY UNDER RESTRICTED CONDITIONAL FAMILY"", ""TRANSFER-SENSITIVE / NON-ROBUST"", ""NULL-COMPATIBLE""]"
app-1701-A-shuffle_pn_weights,B,A,unpaired,restoration_check,0.13009495118252212,0.13009495118252212,dimensionless frozen model readout,[0],False,N,"[-1, 0, 1]","[""ROBUST ONLY UNDER RESTRICTED CONDITIONAL FAMILY"", ""TRANSFER-SENSITIVE / NON-ROBUST"", ""NULL-COMPATIBLE""]"
app-1701-A-shuffle_pn_weights,B,A,unpaired,plastic_state_retention,0.12358738428771845,0.13009495118252212,dimensionless frozen model readout,[-1],False,E,"[-1, 0, 1]","[""ROBUST ONLY UNDER RESTRICTED CONDITIONAL FAMILY"", ""TRANSFER-SENSITIVE / NON-ROBUST"", ""NULL-COMPATIBLE""]"
app-1701-A-shuffle_pn_weights,B,A,unpaired,plastic_state_retention,0.12358738428771845,0.13009495118252212,dimensionless frozen model readout,[-1],False,Z,[0],"[""ROBUST ONLY UNDER RESTRICTED CONDITIONAL FAMILY"", ""TRANSFER-SENSITIVE / NON-ROBUST"", ""NULL-COMPATIBLE""]"
app-1701-A-shuffle_pn_weights,B,A,unpaired,plastic_state_retention,0.12358738428771845,0.13009495118252212,dimensionless frozen model readout,[-1],False,P,[-1],"[""ROBUST ONLY UNDER RESTRICTED CONDITIONAL FAMILY"", ""TRANSFER-SENSITIVE / NON-ROBUST"", ""NULL-COMPATIBLE""]"
app-1701-A-shuffle_pn_weights,B,A,unpaired,plastic_state_retention,0.12358738428771845,0.13009495118252212,dimensionless frozen model readout,[-1],False,R,[1],"[""ROBUST ONLY UNDER RESTRICTED CONDITIONAL FAMILY"", ""TRANSFER-SENSITIVE / NON-ROBUST"", ""NULL-COMPATIBLE""]"
app-1701-A-shuffle_pn_weights,B,A,unpaired,plastic_state_retention,0.12358738428771845,0.13009495118252212,dimensionless frozen model readout,[-1],False,WP,"[-1, 0]","[""ROBUST ONLY UNDER RESTRICTED CONDITIONAL FAMILY"", ""TRANSFER-SENSITIVE / NON-ROBUST"", ""NULL-COMPATIBLE""]"
app-1701-A-shuffle_pn_weights,B,A,unpaired,plastic_state_retention,0.12358738428771845,0.13009495118252212,dimensionless frozen model readout,[-1],False,WR,"[0, 1]","[""ROBUST ONLY UNDER RESTRICTED CONDITIONAL FAMILY"", ""TRANSFER-SENSITIVE / NON-ROBUST"", ""NULL-COMPATIBLE""]"
app-1701-A-shuffle_pn_weights,B,A,unpaired,plastic_state_retention,0.12358738428771845,0.13009495118252212,dimensionless frozen model readout,[-1],False,H,"[-1, 0, 1]","[""ROBUST ONLY UNDER RESTRICTED CONDITIONAL FAMILY"", ""TRANSFER-SENSITIVE / NON-ROBUST"", ""NULL-COMPATIBLE""]"
app-1701-A-shuffle_pn_weights,B,A,unpaired,plastic_state_retention,0.12358738428771845,0.13009495118252212,dimensionless frozen model readout,[-1],False,U,"[-1, 0, 1]","[""ROBUST ONLY UNDER RESTRICTED CONDITIONAL FAMILY"", ""TRANSFER-SENSITIVE / NON-ROBUST"", ""NULL-COMPATIBLE""]"
app-1701-A-shuffle_pn_weights,B,A,unpaired,plastic_state_retention,0.12358738428771845,0.13009495118252212,dimensionless frozen model readout,[-1],False,N,"[-1, 0, 1]","[""ROBUST ONLY UNDER RESTRICTED CONDITIONAL FAMILY"", ""TRANSFER-SENSITIVE / NON-ROBUST"", ""NULL-COMPATIBLE""]"
app-1701-A-shuffle_pn_weights,B,A,unpaired,learned_state_comparison,0.12358738428771845,0.13009495118252212,dimensionless frozen model readout,[-1],False,E,"[-1, 0, 1]","[""ROBUST ONLY UNDER RESTRICTED CONDITIONAL FAMILY"", ""TRANSFER-SENSITIVE / NON-ROBUST"", ""NULL-COMPATIBLE""]"
app-1701-A-shuffle_pn_weights,B,A,unpaired,learned_state_comparison,0.12358738428771845,0.13009495118252212,dimensionless frozen model readout,[-1],False,Z,[0],"[""ROBUST ONLY UNDER RESTRICTED CONDITIONAL FAMILY"", ""TRANSFER-SENSITIVE / NON-ROBUST"", ""NULL-COMPATIBLE""]"
app-1701-A-shuffle_pn_weights,B,A,unpaired,learned_state_comparison,0.12358738428771845,0.13009495118252212,dimensionless frozen model readout,[-1],False,P,[-1],"[""ROBUST ONLY UNDER RESTRICTED CONDITIONAL FAMILY"", ""TRANSFER-SENSITIVE / NON-ROBUST"", ""NULL-COMPATIBLE""]"
app-1701-A-shuffle_pn_weights,B,A,unpaired,learned_state_comparison,0.12358738428771845,0.13009495118252212,dimensionless frozen model readout,[-1],False,R,[1],"[""ROBUST ONLY UNDER RESTRICTED CONDITIONAL FAMILY"", ""TRANSFER-SENSITIVE / NON-ROBUST"", ""NULL-COMPATIBLE""]"
app-1701-A-shuffle_pn_weights,B,A,unpaired,learned_state_comparison,0.12358738428771845,0.13009495118252212,dimensionless frozen model readout,[-1],False,WP,"[-1, 0]","[""ROBUST ONLY UNDER RESTRICTED CONDITIONAL FAMILY"", ""TRANSFER-SENSITIVE / NON-ROBUST"", ""NULL-COMPATIBLE""]"
app-1701-A-shuffle_pn_weights,B,A,unpaired,learned_state_comparison,0.12358738428771845,0.13009495118252212,dimensionless frozen model readout,[-1],False,WR,"[0, 1]","[""ROBUST ONLY UNDER RESTRICTED CONDITIONAL FAMILY"", ""TRANSFER-SENSITIVE / NON-ROBUST"", ""NULL-COMPATIBLE""]"
app-1701-A-shuffle_pn_weights,B,A,unpaired,learned_state_comparison,0.12358738428771845,0.13009495118252212,dimensionless frozen model readout,[-1],False,H,"[-1, 0, 1]","[""ROBUST ONLY UNDER RESTRICTED CONDITIONAL FAMILY"", ""TRANSFER-SENSITIVE / NON-ROBUST"", ""NULL-COMPATIBLE""]"
app-1701-A-shuffle_pn_weights,B,A,unpaired,learned_state_comparison,0.12358738428771845,0.13009495118252212,dimensionless frozen model readout,[-1],False,U,"[-1, 0, 1]","[""ROBUST ONLY UNDER RESTRICTED CONDITIONAL FAMILY"", ""TRANSFER-SENSITIVE / NON-ROBUST"", ""NULL-COMPATIBLE""]"
app-1701-A-shuffle_pn_weights,B,A,unpaired,learned_state_comparison,0.12358738428771845,0.13009495118252212,dimensionless frozen model readout,[-1],False,N,"[-1, 0, 1]","[""ROBUST ONLY UNDER RESTRICTED CONDITIONAL FAMILY"", ""TRANSFER-SENSITIVE / NON-ROBUST"", ""NULL-COMPATIBLE""]"
app-1701-B-shuffle_pn_weights,A,B,unpaired,response_change,0.06259804466156711,0.06882708684435726,dimensionless frozen model readout,[-1],False,E,"[-1, 0, 1]","[""ROBUST ONLY UNDER RESTRICTED CONDITIONAL FAMILY"", ""TRANSFER-SENSITIVE / NON-ROBUST"", ""NULL-COMPATIBLE""]"
app-1701-B-shuffle_pn_weights,A,B,unpaired,response_change,0.06259804466156711,0.06882708684435726,dimensionless frozen model readout,[-1],False,Z,[0],"[""ROBUST ONLY UNDER RESTRICTED CONDITIONAL FAMILY"", ""TRANSFER-SENSITIVE / NON-ROBUST"", ""NULL-COMPATIBLE""]"
app-1701-B-shuffle_pn_weights,A,B,unpaired,response_change,0.06259804466156711,0.06882708684435726,dimensionless frozen model readout,[-1],False,P,[-1],"[""ROBUST ONLY UNDER RESTRICTED CONDITIONAL FAMILY"", ""TRANSFER-SENSITIVE / NON-ROBUST"", ""NULL-COMPATIBLE""]"
app-1701-B-shuffle_pn_weights,A,B,unpaired,response_change,0.06259804466156711,0.06882708684435726,dimensionless frozen model readout,[-1],False,R,[1],"[""ROBUST ONLY UNDER RESTRICTED CONDITIONAL FAMILY"", ""TRANSFER-SENSITIVE / NON-ROBUST"", ""NULL-COMPATIBLE""]"
app-1701-B-shuffle_pn_weights,A,B,unpaired,response_change,0.06259804466156711,0.06882708684435726,dimensionless frozen model readout,[-1],False,WP,"[-1, 0]","[""ROBUST ONLY UNDER RESTRICTED CONDITIONAL FAMILY"", ""TRANSFER-SENSITIVE / NON-ROBUST"", ""NULL-COMPATIBLE""]"
app-1701-B-shuffle_pn_weights,A,B,unpaired,response_change,0.06259804466156711,0.06882708684435726,dimensionless frozen model readout,[-1],False,WR,"[0, 1]","[""ROBUST ONLY UNDER RESTRICTED CONDITIONAL FAMILY"", ""TRANSFER-SENSITIVE / NON-ROBUST"", ""NULL-COMPATIBLE""]"
app-1701-B-shuffle_pn_weights,A,B,unpaired,response_change,0.06259804466156711,0.06882708684435726,dimensionless frozen model readout,[-1],False,H,"[-1, 0, 1]","[""ROBUST ONLY UNDER RESTRICTED CONDITIONAL FAMILY"", ""TRANSFER-SENSITIVE / NON-ROBUST"", ""NULL-COMPATIBLE""]"
app-1701-B-shuffle_pn_weights,A,B,unpaired,response_change,0.06259804466156711,0.06882708684435726,dimensionless frozen model readout,[-1],False,U,"[-1, 0, 1]","[""ROBUST ONLY UNDER RESTRICTED CONDITIONAL FAMILY"", ""TRANSFER-SENSITIVE / NON-ROBUST"", ""NULL-COMPATIBLE""]"
app-1701-B-shuffle_pn_weights,A,B,unpaired,response_change,0.06259804466156711,0.06882708684435726,dimensionless frozen model readout,[-1],False,N,"[-1, 0, 1]","[""ROBUST ONLY UNDER RESTRICTED CONDITIONAL FAMILY"", ""TRANSFER-SENSITIVE / NON-ROBUST"", ""NULL-COMPATIBLE""]"
app-1701-B-shuffle_pn_weights,A,B,unpaired,restoration_check,0.06882708684435726,0.06882708684435726,dimensionless frozen model readout,[0],False,E,"[-1, 0, 1]","[""ROBUST ONLY UNDER RESTRICTED CONDITIONAL FAMILY"", ""TRANSFER-SENSITIVE / NON-ROBUST"", ""NULL-COMPATIBLE""]"
app-1701-B-shuffle_pn_weights,A,B,unpaired,restoration_check,0.06882708684435726,0.06882708684435726,dimensionless frozen model readout,[0],False,Z,[0],"[""ROBUST ONLY UNDER RESTRICTED CONDITIONAL FAMILY"", ""TRANSFER-SENSITIVE / NON-ROBUST"", ""NULL-COMPATIBLE""]"
app-1701-B-shuffle_pn_weights,A,B,unpaired,restoration_check,0.06882708684435726,0.06882708684435726,dimensionless frozen model readout,[0],False,P,[0],"[""ROBUST ONLY UNDER RESTRICTED CONDITIONAL FAMILY"", ""TRANSFER-SENSITIVE / NON-ROBUST"", ""NULL-COMPATIBLE""]"
app-1701-B-shuffle_pn_weights,A,B,unpaired,restoration_check,0.06882708684435726,0.06882708684435726,dimensionless frozen model readout,[0],False,R,[0],"[""ROBUST ONLY UNDER RESTRICTED CONDITIONAL FAMILY"", ""TRANSFER-SENSITIVE / NON-ROBUST"", ""NULL-COMPATIBLE""]"
app-1701-B-shuffle_pn_weights,A,B,unpaired,restoration_check,0.06882708684435726,0.06882708684435726,dimensionless frozen model readout,[0],False,WP,[0],"[""ROBUST ONLY UNDER RESTRICTED CONDITIONAL FAMILY"", ""TRANSFER-SENSITIVE / NON-ROBUST"", ""NULL-COMPATIBLE""]"
app-1701-B-shuffle_pn_weights,A,B,unpaired,restoration_check,0.06882708684435726,0.06882708684435726,dimensionless frozen model readout,[0],False,WR,[0],"[""ROBUST ONLY UNDER RESTRICTED CONDITIONAL FAMILY"", ""TRANSFER-SENSITIVE / NON-ROBUST"", ""NULL-COMPATIBLE""]"
app-1701-B-shuffle_pn_weights,A,B,unpaired,restoration_check,0.06882708684435726,0.06882708684435726,dimensionless frozen model readout,[0],False,H,[0],"[""ROBUST ONLY UNDER RESTRICTED CONDITIONAL FAMILY"", ""TRANSFER-SENSITIVE / NON-ROBUST"", ""NULL-COMPATIBLE""]"
app-1701-B-shuffle_pn_weights,A,B,unpaired,restoration_check,0.06882708684435726,0.06882708684435726,dimensionless frozen model readout,[0],False,U,[0],"[""ROBUST ONLY UNDER RESTRICTED CONDITIONAL FAMILY"", ""TRANSFER-SENSITIVE / NON-ROBUST"", ""NULL-COMPATIBLE""]"
app-1701-B-shuffle_pn_weights,A,B,unpaired,restoration_check,0.06882708684435726,0.06882708684435726,dimensionless frozen model readout,[0],False,N,"[-1, 0, 1]","[""ROBUST ONLY UNDER RESTRICTED CONDITIONAL FAMILY"", ""TRANSFER-SENSITIVE / NON-ROBUST"", ""NULL-COMPATIBLE""]"
app-1701-B-shuffle_pn_weights,A,B,unpaired,plastic_state_retention,0.06259804466156711,0.06882708684435726,dimensionless frozen model readout,[-1],False,E,"[-1, 0, 1]","[""ROBUST ONLY UNDER RESTRICTED CONDITIONAL FAMILY"", ""TRANSFER-SENSITIVE / NON-ROBUST"", ""NULL-COMPATIBLE""]"
app-1701-B-shuffle_pn_weights,A,B,unpaired,plastic_state_retention,0.06259804466156711,0.06882708684435726,dimensionless frozen model readout,[-1],False,Z,[0],"[""ROBUST ONLY UNDER RESTRICTED CONDITIONAL FAMILY"", ""TRANSFER-SENSITIVE / NON-ROBUST"", ""NULL-COMPATIBLE""]"
app-1701-B-shuffle_pn_weights,A,B,unpaired,plastic_state_retention,0.06259804466156711,0.06882708684435726,dimensionless frozen model readout,[-1],False,P,[-1],"[""ROBUST ONLY UNDER RESTRICTED CONDITIONAL FAMILY"", ""TRANSFER-SENSITIVE / NON-ROBUST"", ""NULL-COMPATIBLE""]"
app-1701-B-shuffle_pn_weights,A,B,unpaired,plastic_state_retention,0.06259804466156711,0.06882708684435726,dimensionless frozen model readout,[-1],False,R,[1],"[""ROBUST ONLY UNDER RESTRICTED CONDITIONAL FAMILY"", ""TRANSFER-SENSITIVE / NON-ROBUST"", ""NULL-COMPATIBLE""]"
app-1701-B-shuffle_pn_weights,A,B,unpaired,plastic_state_retention,0.06259804466156711,0.06882708684435726,dimensionless frozen model readout,[-1],False,WP,"[-1, 0]","[""ROBUST ONLY UNDER RESTRICTED CONDITIONAL FAMILY"", ""TRANSFER-SENSITIVE / NON-ROBUST"", ""NULL-COMPATIBLE""]"
app-1701-B-shuffle_pn_weights,A,B,unpaired,plastic_state_retention,0.06259804466156711,0.06882708684435726,dimensionless frozen model readout,[-1],False,WR,"[0, 1]","[""ROBUST ONLY UNDER RESTRICTED CONDITIONAL FAMILY"", ""TRANSFER-SENSITIVE / NON-ROBUST"", ""NULL-COMPATIBLE""]"
app-1701-B-shuffle_pn_weights,A,B,unpaired,plastic_state_retention,0.06259804466156711,0.06882708684435726,dimensionless frozen model readout,[-1],False,H,"[-1, 0, 1]","[""ROBUST ONLY UNDER RESTRICTED CONDITIONAL FAMILY"", ""TRANSFER-SENSITIVE / NON-ROBUST"", ""NULL-COMPATIBLE""]"
app-1701-B-shuffle_pn_weights,A,B,unpaired,plastic_state_retention,0.06259804466156711,0.06882708684435726,dimensionless frozen model readout,[-1],False,U,"[-1, 0, 1]","[""ROBUST ONLY UNDER RESTRICTED CONDITIONAL FAMILY"", ""TRANSFER-SENSITIVE / NON-ROBUST"", ""NULL-COMPATIBLE""]"
app-1701-B-shuffle_pn_weights,A,B,unpaired,plastic_state_retention,0.06259804466156711,0.06882708684435726,dimensionless frozen model readout,[-1],False,N,"[-1, 0, 1]","[""ROBUST ONLY UNDER RESTRICTED CONDITIONAL FAMILY"", ""TRANSFER-SENSITIVE / NON-ROBUST"", ""NULL-COMPATIBLE""]"
app-1701-B-shuffle_pn_weights,A,B,unpaired,learned_state_comparison,0.06259804466156711,0.06882708684435726,dimensionless frozen model readout,[-1],False,E,"[-1, 0, 1]","[""ROBUST ONLY UNDER RESTRICTED CONDITIONAL FAMILY"", ""TRANSFER-SENSITIVE / NON-ROBUST"", ""NULL-COMPATIBLE""]"
app-1701-B-shuffle_pn_weights,A,B,unpaired,learned_state_comparison,0.06259804466156711,0.06882708684435726,dimensionless frozen model readout,[-1],False,Z,[0],"[""ROBUST ONLY UNDER RESTRICTED CONDITIONAL FAMILY"", ""TRANSFER-SENSITIVE / NON-ROBUST"", ""NULL-COMPATIBLE""]"
app-1701-B-shuffle_pn_weights,A,B,unpaired,learned_state_comparison,0.06259804466156711,0.06882708684435726,dimensionless frozen model readout,[-1],False,P,[-1],"[""ROBUST ONLY UNDER RESTRICTED CONDITIONAL FAMILY"", ""TRANSFER-SENSITIVE / NON-ROBUST"", ""NULL-COMPATIBLE""]"
app-1701-B-shuffle_pn_weights,A,B,unpaired,learned_state_comparison,0.06259804466156711,0.06882708684435726,dimensionless frozen model readout,[-1],False,R,[1],"[""ROBUST ONLY UNDER RESTRICTED CONDITIONAL FAMILY"", ""TRANSFER-SENSITIVE / NON-ROBUST"", ""NULL-COMPATIBLE""]"
app-1701-B-shuffle_pn_weights,A,B,unpaired,learned_state_comparison,0.06259804466156711,0.06882708684435726,dimensionless frozen model readout,[-1],False,WP,"[-1, 0]","[""ROBUST ONLY UNDER RESTRICTED CONDITIONAL FAMILY"", ""TRANSFER-SENSITIVE / NON-ROBUST"", ""NULL-COMPATIBLE""]"
app-1701-B-shuffle_pn_weights,A,B,unpaired,learned_state_comparison,0.06259804466156711,0.06882708684435726,dimensionless frozen model readout,[-1],False,WR,"[0, 1]","[""ROBUST ONLY UNDER RESTRICTED CONDITIONAL FAMILY"", ""TRANSFER-SENSITIVE / NON-ROBUST"", ""NULL-COMPATIBLE""]"
app-1701-B-shuffle_pn_weights,A,B,unpaired,learned_state_comparison,0.06259804466156711,0.06882708684435726,dimensionless frozen model readout,[-1],False,H,"[-1, 0, 1]","[""ROBUST ONLY UNDER RESTRICTED CONDITIONAL FAMILY"", ""TRANSFER-SENSITIVE / NON-ROBUST"", ""NULL-COMPATIBLE""]"
app-1701-B-shuffle_pn_weights,A,B,unpaired,learned_state_comparison,0.06259804466156711,0.06882708684435726,dimensionless frozen model readout,[-1],False,U,"[-1, 0, 1]","[""ROBUST ONLY UNDER RESTRICTED CONDITIONAL FAMILY"", ""TRANSFER-SENSITIVE / NON-ROBUST"", ""NULL-COMPATIBLE""]"
app-1701-B-shuffle_pn_weights,A,B,unpaired,learned_state_comparison,0.06259804466156711,0.06882708684435726,dimensionless frozen model readout,[-1],False,N,"[-1, 0, 1]","[""ROBUST ONLY UNDER RESTRICTED CONDITIONAL FAMILY"", ""TRANSFER-SENSITIVE / NON-ROBUST"", ""NULL-COMPATIBLE""]"
app-1701-B-shuffle_pn_weights,B,B,paired,response_change,0.06351333797857736,0.13009495118252212,dimensionless frozen model readout,[-1],False,E,"[-1, 0, 1]","[""ROBUST ONLY UNDER RESTRICTED CONDITIONAL FAMILY"", ""TRANSFER-SENSITIVE / NON-ROBUST"", ""NULL-COMPATIBLE""]"
app-1701-B-shuffle_pn_weights,B,B,paired,response_change,0.06351333797857736,0.13009495118252212,dimensionless frozen model readout,[-1],False,Z,[0],"[""ROBUST ONLY UNDER RESTRICTED CONDITIONAL FAMILY"", ""TRANSFER-SENSITIVE / NON-ROBUST"", ""NULL-COMPATIBLE""]"
app-1701-B-shuffle_pn_weights,B,B,paired,response_change,0.06351333797857736,0.13009495118252212,dimensionless frozen model readout,[-1],False,P,[-1],"[""ROBUST ONLY UNDER RESTRICTED CONDITIONAL FAMILY"", ""TRANSFER-SENSITIVE / NON-ROBUST"", ""NULL-COMPATIBLE""]"
app-1701-B-shuffle_pn_weights,B,B,paired,response_change,0.06351333797857736,0.13009495118252212,dimensionless frozen model readout,[-1],False,R,[1],"[""ROBUST ONLY UNDER RESTRICTED CONDITIONAL FAMILY"", ""TRANSFER-SENSITIVE / NON-ROBUST"", ""NULL-COMPATIBLE""]"
app-1701-B-shuffle_pn_weights,B,B,paired,response_change,0.06351333797857736,0.13009495118252212,dimensionless frozen model readout,[-1],False,WP,"[-1, 0]","[""ROBUST ONLY UNDER RESTRICTED CONDITIONAL FAMILY"", ""TRANSFER-SENSITIVE / NON-ROBUST"", ""NULL-COMPATIBLE""]"
app-1701-B-shuffle_pn_weights,B,B,paired,response_change,0.06351333797857736,0.13009495118252212,dimensionless frozen model readout,[-1],False,WR,"[0, 1]","[""ROBUST ONLY UNDER RESTRICTED CONDITIONAL FAMILY"", ""TRANSFER-SENSITIVE / NON-ROBUST"", ""NULL-COMPATIBLE""]"
app-1701-B-shuffle_pn_weights,B,B,paired,response_change,0.06351333797857736,0.13009495118252212,dimensionless frozen model readout,[-1],False,H,"[-1, 0, 1]","[""ROBUST ONLY UNDER RESTRICTED CONDITIONAL FAMILY"", ""TRANSFER-SENSITIVE / NON-ROBUST"", ""NULL-COMPATIBLE""]"
app-1701-B-shuffle_pn_weights,B,B,paired,response_change,0.06351333797857736,0.13009495118252212,dimensionless frozen model readout,[-1],False,U,"[-1, 0, 1]","[""ROBUST ONLY UNDER RESTRICTED CONDITIONAL FAMILY"", ""TRANSFER-SENSITIVE / NON-ROBUST"", ""NULL-COMPATIBLE""]"
app-1701-B-shuffle_pn_weights,B,B,paired,response_change,0.06351333797857736,0.13009495118252212,dimensionless frozen model readout,[-1],False,N,"[-1, 0, 1]","[""ROBUST ONLY UNDER RESTRICTED CONDITIONAL FAMILY"", ""TRANSFER-SENSITIVE / NON-ROBUST"", ""NULL-COMPATIBLE""]"
app-1701-B-shuffle_pn_weights,B,B,paired,restoration_check,0.13009495118252212,0.13009495118252212,dimensionless frozen model readout,[0],False,E,"[-1, 0, 1]","[""ROBUST ONLY UNDER RESTRICTED CONDITIONAL FAMILY"", ""TRANSFER-SENSITIVE / NON-ROBUST"", ""NULL-COMPATIBLE""]"
app-1701-B-shuffle_pn_weights,B,B,paired,restoration_check,0.13009495118252212,0.13009495118252212,dimensionless frozen model readout,[0],False,Z,[0],"[""ROBUST ONLY UNDER RESTRICTED CONDITIONAL FAMILY"", ""TRANSFER-SENSITIVE / NON-ROBUST"", ""NULL-COMPATIBLE""]"
app-1701-B-shuffle_pn_weights,B,B,paired,restoration_check,0.13009495118252212,0.13009495118252212,dimensionless frozen model readout,[0],False,P,[0],"[""ROBUST ONLY UNDER RESTRICTED CONDITIONAL FAMILY"", ""TRANSFER-SENSITIVE / NON-ROBUST"", ""NULL-COMPATIBLE""]"
app-1701-B-shuffle_pn_weights,B,B,paired,restoration_check,0.13009495118252212,0.13009495118252212,dimensionless frozen model readout,[0],False,R,[0],"[""ROBUST ONLY UNDER RESTRICTED CONDITIONAL FAMILY"", ""TRANSFER-SENSITIVE / NON-ROBUST"", ""NULL-COMPATIBLE""]"
app-1701-B-shuffle_pn_weights,B,B,paired,restoration_check,0.13009495118252212,0.13009495118252212,dimensionless frozen model readout,[0],False,WP,[0],"[""ROBUST ONLY UNDER RESTRICTED CONDITIONAL FAMILY"", ""TRANSFER-SENSITIVE / NON-ROBUST"", ""NULL-COMPATIBLE""]"
app-1701-B-shuffle_pn_weights,B,B,paired,restoration_check,0.13009495118252212,0.13009495118252212,dimensionless frozen model readout,[0],False,WR,[0],"[""ROBUST ONLY UNDER RESTRICTED CONDITIONAL FAMILY"", ""TRANSFER-SENSITIVE / NON-ROBUST"", ""NULL-COMPATIBLE""]"
app-1701-B-shuffle_pn_weights,B,B,paired,restoration_check,0.13009495118252212,0.13009495118252212,dimensionless frozen model readout,[0],False,H,[0],"[""ROBUST ONLY UNDER RESTRICTED CONDITIONAL FAMILY"", ""TRANSFER-SENSITIVE / NON-ROBUST"", ""NULL-COMPATIBLE""]"
app-1701-B-shuffle_pn_weights,B,B,paired,restoration_check,0.13009495118252212,0.13009495118252212,dimensionless frozen model readout,[0],False,U,[0],"[""ROBUST ONLY UNDER RESTRICTED CONDITIONAL FAMILY"", ""TRANSFER-SENSITIVE / NON-ROBUST"", ""NULL-COMPATIBLE""]"
app-1701-B-shuffle_pn_weights,B,B,paired,restoration_check,0.13009495118252212,0.13009495118252212,dimensionless frozen model readout,[0],False,N,"[-1, 0, 1]","[""ROBUST ONLY UNDER RESTRICTED CONDITIONAL FAMILY"", ""TRANSFER-SENSITIVE / NON-ROBUST"", ""NULL-COMPATIBLE""]"
app-1701-B-shuffle_pn_weights,B,B,paired,plastic_state_retention,0.06351333797857736,0.13009495118252212,dimensionless frozen model readout,[-1],False,E,"[-1, 0, 1]","[""ROBUST ONLY UNDER RESTRICTED CONDITIONAL FAMILY"", ""TRANSFER-SENSITIVE / NON-ROBUST"", ""NULL-COMPATIBLE""]"
app-1701-B-shuffle_pn_weights,B,B,paired,plastic_state_retention,0.06351333797857736,0.13009495118252212,dimensionless frozen model readout,[-1],False,Z,[0],"[""ROBUST ONLY UNDER RESTRICTED CONDITIONAL FAMILY"", ""TRANSFER-SENSITIVE / NON-ROBUST"", ""NULL-COMPATIBLE""]"
app-1701-B-shuffle_pn_weights,B,B,paired,plastic_state_retention,0.06351333797857736,0.13009495118252212,dimensionless frozen model readout,[-1],False,P,[-1],"[""ROBUST ONLY UNDER RESTRICTED CONDITIONAL FAMILY"", ""TRANSFER-SENSITIVE / NON-ROBUST"", ""NULL-COMPATIBLE""]"
app-1701-B-shuffle_pn_weights,B,B,paired,plastic_state_retention,0.06351333797857736,0.13009495118252212,dimensionless frozen model readout,[-1],False,R,[1],"[""ROBUST ONLY UNDER RESTRICTED CONDITIONAL FAMILY"", ""TRANSFER-SENSITIVE / NON-ROBUST"", ""NULL-COMPATIBLE""]"
app-1701-B-shuffle_pn_weights,B,B,paired,plastic_state_retention,0.06351333797857736,0.13009495118252212,dimensionless frozen model readout,[-1],False,WP,"[-1, 0]","[""ROBUST ONLY UNDER RESTRICTED CONDITIONAL FAMILY"", ""TRANSFER-SENSITIVE / NON-ROBUST"", ""NULL-COMPATIBLE""]"
app-1701-B-shuffle_pn_weights,B,B,paired,plastic_state_retention,0.06351333797857736,0.13009495118252212,dimensionless frozen model readout,[-1],False,WR,"[0, 1]","[""ROBUST ONLY UNDER RESTRICTED CONDITIONAL FAMILY"", ""TRANSFER-SENSITIVE / NON-ROBUST"", ""NULL-COMPATIBLE""]"
app-1701-B-shuffle_pn_weights,B,B,paired,plastic_state_retention,0.06351333797857736,0.13009495118252212,dimensionless frozen model readout,[-1],False,H,"[-1, 0, 1]","[""ROBUST ONLY UNDER RESTRICTED CONDITIONAL FAMILY"", ""TRANSFER-SENSITIVE / NON-ROBUST"", ""NULL-COMPATIBLE""]"
app-1701-B-shuffle_pn_weights,B,B,paired,plastic_state_retention,0.06351333797857736,0.13009495118252212,dimensionless frozen model readout,[-1],False,U,"[-1, 0, 1]","[""ROBUST ONLY UNDER RESTRICTED CONDITIONAL FAMILY"", ""TRANSFER-SENSITIVE / NON-ROBUST"", ""NULL-COMPATIBLE""]"
app-1701-B-shuffle_pn_weights,B,B,paired,plastic_state_retention,0.06351333797857736,0.13009495118252212,dimensionless frozen model readout,[-1],False,N,"[-1, 0, 1]","[""ROBUST ONLY UNDER RESTRICTED CONDITIONAL FAMILY"", ""TRANSFER-SENSITIVE / NON-ROBUST"", ""NULL-COMPATIBLE""]"
app-1701-B-shuffle_pn_weights,B,B,paired,learned_state_comparison,0.06351333797857736,0.13009495118252212,dimensionless frozen model readout,[-1],False,E,"[-1, 0, 1]","[""ROBUST ONLY UNDER RESTRICTED CONDITIONAL FAMILY"", ""TRANSFER-SENSITIVE / NON-ROBUST"", ""NULL-COMPATIBLE""]"
app-1701-B-shuffle_pn_weights,B,B,paired,learned_state_comparison,0.06351333797857736,0.13009495118252212,dimensionless frozen model readout,[-1],False,Z,[0],"[""ROBUST ONLY UNDER RESTRICTED CONDITIONAL FAMILY"", ""TRANSFER-SENSITIVE / NON-ROBUST"", ""NULL-COMPATIBLE""]"
app-1701-B-shuffle_pn_weights,B,B,paired,learned_state_comparison,0.06351333797857736,0.13009495118252212,dimensionless frozen model readout,[-1],False,P,[-1],"[""ROBUST ONLY UNDER RESTRICTED CONDITIONAL FAMILY"", ""TRANSFER-SENSITIVE / NON-ROBUST"", ""NULL-COMPATIBLE""]"
app-1701-B-shuffle_pn_weights,B,B,paired,learned_state_comparison,0.06351333797857736,0.13009495118252212,dimensionless frozen model readout,[-1],False,R,[1],"[""ROBUST ONLY UNDER RESTRICTED CONDITIONAL FAMILY"", ""TRANSFER-SENSITIVE / NON-ROBUST"", ""NULL-COMPATIBLE""]"
app-1701-B-shuffle_pn_weights,B,B,paired,learned_state_comparison,0.06351333797857736,0.13009495118252212,dimensionless frozen model readout,[-1],False,WP,"[-1, 0]","[""ROBUST ONLY UNDER RESTRICTED CONDITIONAL FAMILY"", ""TRANSFER-SENSITIVE / NON-ROBUST"", ""NULL-COMPATIBLE""]"
app-1701-B-shuffle_pn_weights,B,B,paired,learned_state_comparison,0.06351333797857736,0.13009495118252212,dimensionless frozen model readout,[-1],False,WR,"[0, 1]","[""ROBUST ONLY UNDER RESTRICTED CONDITIONAL FAMILY"", ""TRANSFER-SENSITIVE / NON-ROBUST"", ""NULL-COMPATIBLE""]"
app-1701-B-shuffle_pn_weights,B,B,paired,learned_state_comparison,0.06351333797857736,0.13009495118252212,dimensionless frozen model readout,[-1],False,H,"[-1, 0, 1]","[""ROBUST ONLY UNDER RESTRICTED CONDITIONAL FAMILY"", ""TRANSFER-SENSITIVE / NON-ROBUST"", ""NULL-COMPATIBLE""]"
app-1701-B-shuffle_pn_weights,B,B,paired,learned_state_comparison,0.06351333797857736,0.13009495118252212,dimensionless frozen model readout,[-1],False,U,"[-1, 0, 1]","[""ROBUST ONLY UNDER RESTRICTED CONDITIONAL FAMILY"", ""TRANSFER-SENSITIVE / NON-ROBUST"", ""NULL-COMPATIBLE""]"
app-1701-B-shuffle_pn_weights,B,B,paired,learned_state_comparison,0.06351333797857736,0.13009495118252212,dimensionless frozen model readout,[-1],False,N,"[-1, 0, 1]","[""ROBUST ONLY UNDER RESTRICTED CONDITIONAL FAMILY"", ""TRANSFER-SENSITIVE / NON-ROBUST"", ""NULL-COMPATIBLE""]"
app-1701-A-unpaired,A,A,paired,response_change,0.07078002072329878,0.07078002072329878,dimensionless frozen model readout,[0],False,E,"[-1, 0, 1]","[""ROBUST ONLY UNDER RESTRICTED CONDITIONAL FAMILY"", ""TRANSFER-SENSITIVE / NON-ROBUST"", ""NULL-COMPATIBLE""]"
app-1701-A-unpaired,A,A,paired,response_change,0.07078002072329878,0.07078002072329878,dimensionless frozen model readout,[0],False,Z,[0],"[""ROBUST ONLY UNDER RESTRICTED CONDITIONAL FAMILY"", ""TRANSFER-SENSITIVE / NON-ROBUST"", ""NULL-COMPATIBLE""]"
app-1701-A-unpaired,A,A,paired,response_change,0.07078002072329878,0.07078002072329878,dimensionless frozen model readout,[0],False,P,[0],"[""ROBUST ONLY UNDER RESTRICTED CONDITIONAL FAMILY"", ""TRANSFER-SENSITIVE / NON-ROBUST"", ""NULL-COMPATIBLE""]"
app-1701-A-unpaired,A,A,paired,response_change,0.07078002072329878,0.07078002072329878,dimensionless frozen model readout,[0],False,R,[0],"[""ROBUST ONLY UNDER RESTRICTED CONDITIONAL FAMILY"", ""TRANSFER-SENSITIVE / NON-ROBUST"", ""NULL-COMPATIBLE""]"
app-1701-A-unpaired,A,A,paired,response_change,0.07078002072329878,0.07078002072329878,dimensionless frozen model readout,[0],False,WP,[0],"[""ROBUST ONLY UNDER RESTRICTED CONDITIONAL FAMILY"", ""TRANSFER-SENSITIVE / NON-ROBUST"", ""NULL-COMPATIBLE""]"
app-1701-A-unpaired,A,A,paired,response_change,0.07078002072329878,0.07078002072329878,dimensionless frozen model readout,[0],False,WR,[0],"[""ROBUST ONLY UNDER RESTRICTED CONDITIONAL FAMILY"", ""TRANSFER-SENSITIVE / NON-ROBUST"", ""NULL-COMPATIBLE""]"
app-1701-A-unpaired,A,A,paired,response_change,0.07078002072329878,0.07078002072329878,dimensionless frozen model readout,[0],False,H,[0],"[""ROBUST ONLY UNDER RESTRICTED CONDITIONAL FAMILY"", ""TRANSFER-SENSITIVE / NON-ROBUST"", ""NULL-COMPATIBLE""]"
app-1701-A-unpaired,A,A,paired,response_change,0.07078002072329878,0.07078002072329878,dimensionless frozen model readout,[0],False,U,[0],"[""ROBUST ONLY UNDER RESTRICTED CONDITIONAL FAMILY"", ""TRANSFER-SENSITIVE / NON-ROBUST"", ""NULL-COMPATIBLE""]"
app-1701-A-unpaired,A,A,paired,response_change,0.07078002072329878,0.07078002072329878,dimensionless frozen model readout,[0],False,N,"[-1, 0, 1]","[""ROBUST ONLY UNDER RESTRICTED CONDITIONAL FAMILY"", ""TRANSFER-SENSITIVE / NON-ROBUST"", ""NULL-COMPATIBLE""]"
app-1701-A-unpaired,A,A,paired,restoration_check,0.07078002072329878,0.07078002072329878,dimensionless frozen model readout,[0],False,E,"[-1, 0, 1]","[""ROBUST ONLY UNDER RESTRICTED CONDITIONAL FAMILY"", ""TRANSFER-SENSITIVE / NON-ROBUST"", ""NULL-COMPATIBLE""]"
app-1701-A-unpaired,A,A,paired,restoration_check,0.07078002072329878,0.07078002072329878,dimensionless frozen model readout,[0],False,Z,[0],"[""ROBUST ONLY UNDER RESTRICTED CONDITIONAL FAMILY"", ""TRANSFER-SENSITIVE / NON-ROBUST"", ""NULL-COMPATIBLE""]"
app-1701-A-unpaired,A,A,paired,restoration_check,0.07078002072329878,0.07078002072329878,dimensionless frozen model readout,[0],False,P,[0],"[""ROBUST ONLY UNDER RESTRICTED CONDITIONAL FAMILY"", ""TRANSFER-SENSITIVE / NON-ROBUST"", ""NULL-COMPATIBLE""]"
app-1701-A-unpaired,A,A,paired,restoration_check,0.07078002072329878,0.07078002072329878,dimensionless frozen model readout,[0],False,R,[0],"[""ROBUST ONLY UNDER RESTRICTED CONDITIONAL FAMILY"", ""TRANSFER-SENSITIVE / NON-ROBUST"", ""NULL-COMPATIBLE""]"
app-1701-A-unpaired,A,A,paired,restoration_check,0.07078002072329878,0.07078002072329878,dimensionless frozen model readout,[0],False,WP,[0],"[""ROBUST ONLY UNDER RESTRICTED CONDITIONAL FAMILY"", ""TRANSFER-SENSITIVE / NON-ROBUST"", ""NULL-COMPATIBLE""]"
app-1701-A-unpaired,A,A,paired,restoration_check,0.07078002072329878,0.07078002072329878,dimensionless frozen model readout,[0],False,WR,[0],"[""ROBUST ONLY UNDER RESTRICTED CONDITIONAL FAMILY"", ""TRANSFER-SENSITIVE / NON-ROBUST"", ""NULL-COMPATIBLE""]"
app-1701-A-unpaired,A,A,paired,restoration_check,0.07078002072329878,0.07078002072329878,dimensionless frozen model readout,[0],False,H,[0],"[""ROBUST ONLY UNDER RESTRICTED CONDITIONAL FAMILY"", ""TRANSFER-SENSITIVE / NON-ROBUST"", ""NULL-COMPATIBLE""]"
app-1701-A-unpaired,A,A,paired,restoration_check,0.07078002072329878,0.07078002072329878,dimensionless frozen model readout,[0],False,U,[0],"[""ROBUST ONLY UNDER RESTRICTED CONDITIONAL FAMILY"", ""TRANSFER-SENSITIVE / NON-ROBUST"", ""NULL-COMPATIBLE""]"
app-1701-A-unpaired,A,A,paired,restoration_check,0.07078002072329878,0.07078002072329878,dimensionless frozen model readout,[0],False,N,"[-1, 0, 1]","[""ROBUST ONLY UNDER RESTRICTED CONDITIONAL FAMILY"", ""TRANSFER-SENSITIVE / NON-ROBUST"", ""NULL-COMPATIBLE""]"
app-1701-A-unpaired,A,A,paired,plastic_state_retention,0.07078002072329878,0.07078002072329878,dimensionless frozen model readout,[0],False,E,"[-1, 0, 1]","[""ROBUST ONLY UNDER RESTRICTED CONDITIONAL FAMILY"", ""TRANSFER-SENSITIVE / NON-ROBUST"", ""NULL-COMPATIBLE""]"
app-1701-A-unpaired,A,A,paired,plastic_state_retention,0.07078002072329878,0.07078002072329878,dimensionless frozen model readout,[0],False,Z,[0],"[""ROBUST ONLY UNDER RESTRICTED CONDITIONAL FAMILY"", ""TRANSFER-SENSITIVE / NON-ROBUST"", ""NULL-COMPATIBLE""]"
app-1701-A-unpaired,A,A,paired,plastic_state_retention,0.07078002072329878,0.07078002072329878,dimensionless frozen model readout,[0],False,P,[0],"[""ROBUST ONLY UNDER RESTRICTED CONDITIONAL FAMILY"", ""TRANSFER-SENSITIVE / NON-ROBUST"", ""NULL-COMPATIBLE""]"
app-1701-A-unpaired,A,A,paired,plastic_state_retention,0.07078002072329878,0.07078002072329878,dimensionless frozen model readout,[0],False,R,[0],"[""ROBUST ONLY UNDER RESTRICTED CONDITIONAL FAMILY"", ""TRANSFER-SENSITIVE / NON-ROBUST"", ""NULL-COMPATIBLE""]"
app-1701-A-unpaired,A,A,paired,plastic_state_retention,0.07078002072329878,0.07078002072329878,dimensionless frozen model readout,[0],False,WP,[0],"[""ROBUST ONLY UNDER RESTRICTED CONDITIONAL FAMILY"", ""TRANSFER-SENSITIVE / NON-ROBUST"", ""NULL-COMPATIBLE""]"
app-1701-A-unpaired,A,A,paired,plastic_state_retention,0.07078002072329878,0.07078002072329878,dimensionless frozen model readout,[0],False,WR,[0],"[""ROBUST ONLY UNDER RESTRICTED CONDITIONAL FAMILY"", ""TRANSFER-SENSITIVE / NON-ROBUST"", ""NULL-COMPATIBLE""]"
app-1701-A-unpaired,A,A,paired,plastic_state_retention,0.07078002072329878,0.07078002072329878,dimensionless frozen model readout,[0],False,H,[0],"[""ROBUST ONLY UNDER RESTRICTED CONDITIONAL FAMILY"", ""TRANSFER-SENSITIVE / NON-ROBUST"", ""NULL-COMPATIBLE""]"
app-1701-A-unpaired,A,A,paired,plastic_state_retention,0.07078002072329878,0.07078002072329878,dimensionless frozen model readout,[0],False,U,[0],"[""ROBUST ONLY UNDER RESTRICTED CONDITIONAL FAMILY"", ""TRANSFER-SENSITIVE / NON-ROBUST"", ""NULL-COMPATIBLE""]"
app-1701-A-unpaired,A,A,paired,plastic_state_retention,0.07078002072329878,0.07078002072329878,dimensionless frozen model readout,[0],False,N,"[-1, 0, 1]","[""ROBUST ONLY UNDER RESTRICTED CONDITIONAL FAMILY"", ""TRANSFER-SENSITIVE / NON-ROBUST"", ""NULL-COMPATIBLE""]"
app-1701-A-unpaired,A,A,paired,learned_state_comparison,0.07078002072329878,0.07078002072329878,dimensionless frozen model readout,[0],False,E,"[-1, 0, 1]","[""ROBUST ONLY UNDER RESTRICTED CONDITIONAL FAMILY"", ""TRANSFER-SENSITIVE / NON-ROBUST"", ""NULL-COMPATIBLE""]"
app-1701-A-unpaired,A,A,paired,learned_state_comparison,0.07078002072329878,0.07078002072329878,dimensionless frozen model readout,[0],False,Z,[0],"[""ROBUST ONLY UNDER RESTRICTED CONDITIONAL FAMILY"", ""TRANSFER-SENSITIVE / NON-ROBUST"", ""NULL-COMPATIBLE""]"
app-1701-A-unpaired,A,A,paired,learned_state_comparison,0.07078002072329878,0.07078002072329878,dimensionless frozen model readout,[0],False,P,[0],"[""ROBUST ONLY UNDER RESTRICTED CONDITIONAL FAMILY"", ""TRANSFER-SENSITIVE / NON-ROBUST"", ""NULL-COMPATIBLE""]"
app-1701-A-unpaired,A,A,paired,learned_state_comparison,0.07078002072329878,0.07078002072329878,dimensionless frozen model readout,[0],False,R,[0],"[""ROBUST ONLY UNDER RESTRICTED CONDITIONAL FAMILY"", ""TRANSFER-SENSITIVE / NON-ROBUST"", ""NULL-COMPATIBLE""]"
app-1701-A-unpaired,A,A,paired,learned_state_comparison,0.07078002072329878,0.07078002072329878,dimensionless frozen model readout,[0],False,WP,[0],"[""ROBUST ONLY UNDER RESTRICTED CONDITIONAL FAMILY"", ""TRANSFER-SENSITIVE / NON-ROBUST"", ""NULL-COMPATIBLE""]"
app-1701-A-unpaired,A,A,paired,learned_state_comparison,0.07078002072329878,0.07078002072329878,dimensionless frozen model readout,[0],False,WR,[0],"[""ROBUST ONLY UNDER RESTRICTED CONDITIONAL FAMILY"", ""TRANSFER-SENSITIVE / NON-ROBUST"", ""NULL-COMPATIBLE""]"
app-1701-A-unpaired,A,A,paired,learned_state_comparison,0.07078002072329878,0.07078002072329878,dimensionless frozen model readout,[0],False,H,[0],"[""ROBUST ONLY UNDER RESTRICTED CONDITIONAL FAMILY"", ""TRANSFER-SENSITIVE / NON-ROBUST"", ""NULL-COMPATIBLE""]"
app-1701-A-unpaired,A,A,paired,learned_state_comparison,0.07078002072329878,0.07078002072329878,dimensionless frozen model readout,[0],False,U,[0],"[""ROBUST ONLY UNDER RESTRICTED CONDITIONAL FAMILY"", ""TRANSFER-SENSITIVE / NON-ROBUST"", ""NULL-COMPATIBLE""]"
app-1701-A-unpaired,A,A,paired,learned_state_comparison,0.07078002072329878,0.07078002072329878,dimensionless frozen model readout,[0],False,N,"[-1, 0, 1]","[""ROBUST ONLY UNDER RESTRICTED CONDITIONAL FAMILY"", ""TRANSFER-SENSITIVE / NON-ROBUST"", ""NULL-COMPATIBLE""]"
app-1701-A-unpaired,B,A,unpaired,response_change,0.112911179723297,0.112911179723297,dimensionless frozen model readout,[0],False,E,"[-1, 0, 1]","[""ROBUST ONLY UNDER RESTRICTED CONDITIONAL FAMILY"", ""TRANSFER-SENSITIVE / NON-ROBUST"", ""NULL-COMPATIBLE""]"
app-1701-A-unpaired,B,A,unpaired,response_change,0.112911179723297,0.112911179723297,dimensionless frozen model readout,[0],False,Z,[0],"[""ROBUST ONLY UNDER RESTRICTED CONDITIONAL FAMILY"", ""TRANSFER-SENSITIVE / NON-ROBUST"", ""NULL-COMPATIBLE""]"
app-1701-A-unpaired,B,A,unpaired,response_change,0.112911179723297,0.112911179723297,dimensionless frozen model readout,[0],False,P,[0],"[""ROBUST ONLY UNDER RESTRICTED CONDITIONAL FAMILY"", ""TRANSFER-SENSITIVE / NON-ROBUST"", ""NULL-COMPATIBLE""]"
app-1701-A-unpaired,B,A,unpaired,response_change,0.112911179723297,0.112911179723297,dimensionless frozen model readout,[0],False,R,[0],"[""ROBUST ONLY UNDER RESTRICTED CONDITIONAL FAMILY"", ""TRANSFER-SENSITIVE / NON-ROBUST"", ""NULL-COMPATIBLE""]"
app-1701-A-unpaired,B,A,unpaired,response_change,0.112911179723297,0.112911179723297,dimensionless frozen model readout,[0],False,WP,[0],"[""ROBUST ONLY UNDER RESTRICTED CONDITIONAL FAMILY"", ""TRANSFER-SENSITIVE / NON-ROBUST"", ""NULL-COMPATIBLE""]"
app-1701-A-unpaired,B,A,unpaired,response_change,0.112911179723297,0.112911179723297,dimensionless frozen model readout,[0],False,WR,[0],"[""ROBUST ONLY UNDER RESTRICTED CONDITIONAL FAMILY"", ""TRANSFER-SENSITIVE / NON-ROBUST"", ""NULL-COMPATIBLE""]"
app-1701-A-unpaired,B,A,unpaired,response_change,0.112911179723297,0.112911179723297,dimensionless frozen model readout,[0],False,H,[0],"[""ROBUST ONLY UNDER RESTRICTED CONDITIONAL FAMILY"", ""TRANSFER-SENSITIVE / NON-ROBUST"", ""NULL-COMPATIBLE""]"
app-1701-A-unpaired,B,A,unpaired,response_change,0.112911179723297,0.112911179723297,dimensionless frozen model readout,[0],False,U,[0],"[""ROBUST ONLY UNDER RESTRICTED CONDITIONAL FAMILY"", ""TRANSFER-SENSITIVE / NON-ROBUST"", ""NULL-COMPATIBLE""]"
app-1701-A-unpaired,B,A,unpaired,response_change,0.112911179723297,0.112911179723297,dimensionless frozen model readout,[0],False,N,"[-1, 0, 1]","[""ROBUST ONLY UNDER RESTRICTED CONDITIONAL FAMILY"", ""TRANSFER-SENSITIVE / NON-ROBUST"", ""NULL-COMPATIBLE""]"
app-1701-A-unpaired,B,A,unpaired,restoration_check,0.112911179723297,0.112911179723297,dimensionless frozen model readout,[0],False,E,"[-1, 0, 1]","[""ROBUST ONLY UNDER RESTRICTED CONDITIONAL FAMILY"", ""TRANSFER-SENSITIVE / NON-ROBUST"", ""NULL-COMPATIBLE""]"
app-1701-A-unpaired,B,A,unpaired,restoration_check,0.112911179723297,0.112911179723297,dimensionless frozen model readout,[0],False,Z,[0],"[""ROBUST ONLY UNDER RESTRICTED CONDITIONAL FAMILY"", ""TRANSFER-SENSITIVE / NON-ROBUST"", ""NULL-COMPATIBLE""]"
app-1701-A-unpaired,B,A,unpaired,restoration_check,0.112911179723297,0.112911179723297,dimensionless frozen model readout,[0],False,P,[0],"[""ROBUST ONLY UNDER RESTRICTED CONDITIONAL FAMILY"", ""TRANSFER-SENSITIVE / NON-ROBUST"", ""NULL-COMPATIBLE""]"
app-1701-A-unpaired,B,A,unpaired,restoration_check,0.112911179723297,0.112911179723297,dimensionless frozen model readout,[0],False,R,[0],"[""ROBUST ONLY UNDER RESTRICTED CONDITIONAL FAMILY"", ""TRANSFER-SENSITIVE / NON-ROBUST"", ""NULL-COMPATIBLE""]"
app-1701-A-unpaired,B,A,unpaired,restoration_check,0.112911179723297,0.112911179723297,dimensionless frozen model readout,[0],False,WP,[0],"[""ROBUST ONLY UNDER RESTRICTED CONDITIONAL FAMILY"", ""TRANSFER-SENSITIVE / NON-ROBUST"", ""NULL-COMPATIBLE""]"
app-1701-A-unpaired,B,A,unpaired,restoration_check,0.112911179723297,0.112911179723297,dimensionless frozen model readout,[0],False,WR,[0],"[""ROBUST ONLY UNDER RESTRICTED CONDITIONAL FAMILY"", ""TRANSFER-SENSITIVE / NON-ROBUST"", ""NULL-COMPATIBLE""]"
app-1701-A-unpaired,B,A,unpaired,restoration_check,0.112911179723297,0.112911179723297,dimensionless frozen model readout,[0],False,H,[0],"[""ROBUST ONLY UNDER RESTRICTED CONDITIONAL FAMILY"", ""TRANSFER-SENSITIVE / NON-ROBUST"", ""NULL-COMPATIBLE""]"
app-1701-A-unpaired,B,A,unpaired,restoration_check,0.112911179723297,0.112911179723297,dimensionless frozen model readout,[0],False,U,[0],"[""ROBUST ONLY UNDER RESTRICTED CONDITIONAL FAMILY"", ""TRANSFER-SENSITIVE / NON-ROBUST"", ""NULL-COMPATIBLE""]"
app-1701-A-unpaired,B,A,unpaired,restoration_check,0.112911179723297,0.112911179723297,dimensionless frozen model readout,[0],False,N,"[-1, 0, 1]","[""ROBUST ONLY UNDER RESTRICTED CONDITIONAL FAMILY"", ""TRANSFER-SENSITIVE / NON-ROBUST"", ""NULL-COMPATIBLE""]"
app-1701-A-unpaired,B,A,unpaired,plastic_state_retention,0.112911179723297,0.112911179723297,dimensionless frozen model readout,[0],False,E,"[-1, 0, 1]","[""ROBUST ONLY UNDER RESTRICTED CONDITIONAL FAMILY"", ""TRANSFER-SENSITIVE / NON-ROBUST"", ""NULL-COMPATIBLE""]"
app-1701-A-unpaired,B,A,unpaired,plastic_state_retention,0.112911179723297,0.112911179723297,dimensionless frozen model readout,[0],False,Z,[0],"[""ROBUST ONLY UNDER RESTRICTED CONDITIONAL FAMILY"", ""TRANSFER-SENSITIVE / NON-ROBUST"", ""NULL-COMPATIBLE""]"
app-1701-A-unpaired,B,A,unpaired,plastic_state_retention,0.112911179723297,0.112911179723297,dimensionless frozen model readout,[0],False,P,[0],"[""ROBUST ONLY UNDER RESTRICTED CONDITIONAL FAMILY"", ""TRANSFER-SENSITIVE / NON-ROBUST"", ""NULL-COMPATIBLE""]"
app-1701-A-unpaired,B,A,unpaired,plastic_state_retention,0.112911179723297,0.112911179723297,dimensionless frozen model readout,[0],False,R,[0],"[""ROBUST ONLY UNDER RESTRICTED CONDITIONAL FAMILY"", ""TRANSFER-SENSITIVE / NON-ROBUST"", ""NULL-COMPATIBLE""]"
app-1701-A-unpaired,B,A,unpaired,plastic_state_retention,0.112911179723297,0.112911179723297,dimensionless frozen model readout,[0],False,WP,[0],"[""ROBUST ONLY UNDER RESTRICTED CONDITIONAL FAMILY"", ""TRANSFER-SENSITIVE / NON-ROBUST"", ""NULL-COMPATIBLE""]"
app-1701-A-unpaired,B,A,unpaired,plastic_state_retention,0.112911179723297,0.112911179723297,dimensionless frozen model readout,[0],False,WR,[0],"[""ROBUST ONLY UNDER RESTRICTED CONDITIONAL FAMILY"", ""TRANSFER-SENSITIVE / NON-ROBUST"", ""NULL-COMPATIBLE""]"
app-1701-A-unpaired,B,A,unpaired,plastic_state_retention,0.112911179723297,0.112911179723297,dimensionless frozen model readout,[0],False,H,[0],"[""ROBUST ONLY UNDER RESTRICTED CONDITIONAL FAMILY"", ""TRANSFER-SENSITIVE / NON-ROBUST"", ""NULL-COMPATIBLE""]"
app-1701-A-unpaired,B,A,unpaired,plastic_state_retention,0.112911179723297,0.112911179723297,dimensionless frozen model readout,[0],False,U,[0],"[""ROBUST ONLY UNDER RESTRICTED CONDITIONAL FAMILY"", ""TRANSFER-SENSITIVE / NON-ROBUST"", ""NULL-COMPATIBLE""]"
app-1701-A-unpaired,B,A,unpaired,plastic_state_retention,0.112911179723297,0.112911179723297,dimensionless frozen model readout,[0],False,N,"[-1, 0, 1]","[""ROBUST ONLY UNDER RESTRICTED CONDITIONAL FAMILY"", ""TRANSFER-SENSITIVE / NON-ROBUST"", ""NULL-COMPATIBLE""]"
app-1701-A-unpaired,B,A,unpaired,learned_state_comparison,0.112911179723297,0.112911179723297,dimensionless frozen model readout,[0],False,E,"[-1, 0, 1]","[""ROBUST ONLY UNDER RESTRICTED CONDITIONAL FAMILY"", ""TRANSFER-SENSITIVE / NON-ROBUST"", ""NULL-COMPATIBLE""]"
app-1701-A-unpaired,B,A,unpaired,learned_state_comparison,0.112911179723297,0.112911179723297,dimensionless frozen model readout,[0],False,Z,[0],"[""ROBUST ONLY UNDER RESTRICTED CONDITIONAL FAMILY"", ""TRANSFER-SENSITIVE / NON-ROBUST"", ""NULL-COMPATIBLE""]"
app-1701-A-unpaired,B,A,unpaired,learned_state_comparison,0.112911179723297,0.112911179723297,dimensionless frozen model readout,[0],False,P,[0],"[""ROBUST ONLY UNDER RESTRICTED CONDITIONAL FAMILY"", ""TRANSFER-SENSITIVE / NON-ROBUST"", ""NULL-COMPATIBLE""]"
app-1701-A-unpaired,B,A,unpaired,learned_state_comparison,0.112911179723297,0.112911179723297,dimensionless frozen model readout,[0],False,R,[0],"[""ROBUST ONLY UNDER RESTRICTED CONDITIONAL FAMILY"", ""TRANSFER-SENSITIVE / NON-ROBUST"", ""NULL-COMPATIBLE""]"
app-1701-A-unpaired,B,A,unpaired,learned_state_comparison,0.112911179723297,0.112911179723297,dimensionless frozen model readout,[0],False,WP,[0],"[""ROBUST ONLY UNDER RESTRICTED CONDITIONAL FAMILY"", ""TRANSFER-SENSITIVE / NON-ROBUST"", ""NULL-COMPATIBLE""]"
app-1701-A-unpaired,B,A,unpaired,learned_state_comparison,0.112911179723297,0.112911179723297,dimensionless frozen model readout,[0],False,WR,[0],"[""ROBUST ONLY UNDER RESTRICTED CONDITIONAL FAMILY"", ""TRANSFER-SENSITIVE / NON-ROBUST"", ""NULL-COMPATIBLE""]"
app-1701-A-unpaired,B,A,unpaired,learned_state_comparison,0.112911179723297,0.112911179723297,dimensionless frozen model readout,[0],False,H,[0],"[""ROBUST ONLY UNDER RESTRICTED CONDITIONAL FAMILY"", ""TRANSFER-SENSITIVE / NON-ROBUST"", ""NULL-COMPATIBLE""]"
app-1701-A-unpaired,B,A,unpaired,learned_state_comparison,0.112911179723297,0.112911179723297,dimensionless frozen model readout,[0],False,U,[0],"[""ROBUST ONLY UNDER RESTRICTED CONDITIONAL FAMILY"", ""TRANSFER-SENSITIVE / NON-ROBUST"", ""NULL-COMPATIBLE""]"
app-1701-A-unpaired,B,A,unpaired,learned_state_comparison,0.112911179723297,0.112911179723297,dimensionless frozen model readout,[0],False,N,"[-1, 0, 1]","[""ROBUST ONLY UNDER RESTRICTED CONDITIONAL FAMILY"", ""TRANSFER-SENSITIVE / NON-ROBUST"", ""NULL-COMPATIBLE""]"
app-1701-B-unpaired,A,B,unpaired,response_change,0.07078002072329878,0.07078002072329878,dimensionless frozen model readout,[0],False,E,"[-1, 0, 1]","[""ROBUST ONLY UNDER RESTRICTED CONDITIONAL FAMILY"", ""TRANSFER-SENSITIVE / NON-ROBUST"", ""NULL-COMPATIBLE""]"
app-1701-B-unpaired,A,B,unpaired,response_change,0.07078002072329878,0.07078002072329878,dimensionless frozen model readout,[0],False,Z,[0],"[""ROBUST ONLY UNDER RESTRICTED CONDITIONAL FAMILY"", ""TRANSFER-SENSITIVE / NON-ROBUST"", ""NULL-COMPATIBLE""]"
app-1701-B-unpaired,A,B,unpaired,response_change,0.07078002072329878,0.07078002072329878,dimensionless frozen model readout,[0],False,P,[0],"[""ROBUST ONLY UNDER RESTRICTED CONDITIONAL FAMILY"", ""TRANSFER-SENSITIVE / NON-ROBUST"", ""NULL-COMPATIBLE""]"
app-1701-B-unpaired,A,B,unpaired,response_change,0.07078002072329878,0.07078002072329878,dimensionless frozen model readout,[0],False,R,[0],"[""ROBUST ONLY UNDER RESTRICTED CONDITIONAL FAMILY"", ""TRANSFER-SENSITIVE / NON-ROBUST"", ""NULL-COMPATIBLE""]"
app-1701-B-unpaired,A,B,unpaired,response_change,0.07078002072329878,0.07078002072329878,dimensionless frozen model readout,[0],False,WP,[0],"[""ROBUST ONLY UNDER RESTRICTED CONDITIONAL FAMILY"", ""TRANSFER-SENSITIVE / NON-ROBUST"", ""NULL-COMPATIBLE""]"
app-1701-B-unpaired,A,B,unpaired,response_change,0.07078002072329878,0.07078002072329878,dimensionless frozen model readout,[0],False,WR,[0],"[""ROBUST ONLY UNDER RESTRICTED CONDITIONAL FAMILY"", ""TRANSFER-SENSITIVE / NON-ROBUST"", ""NULL-COMPATIBLE""]"
app-1701-B-unpaired,A,B,unpaired,response_change,0.07078002072329878,0.07078002072329878,dimensionless frozen model readout,[0],False,H,[0],"[""ROBUST ONLY UNDER RESTRICTED CONDITIONAL FAMILY"", ""TRANSFER-SENSITIVE / NON-ROBUST"", ""NULL-COMPATIBLE""]"
app-1701-B-unpaired,A,B,unpaired,response_change,0.07078002072329878,0.07078002072329878,dimensionless frozen model readout,[0],False,U,[0],"[""ROBUST ONLY UNDER RESTRICTED CONDITIONAL FAMILY"", ""TRANSFER-SENSITIVE / NON-ROBUST"", ""NULL-COMPATIBLE""]"
app-1701-B-unpaired,A,B,unpaired,response_change,0.07078002072329878,0.07078002072329878,dimensionless frozen model readout,[0],False,N,"[-1, 0, 1]","[""ROBUST ONLY UNDER RESTRICTED CONDITIONAL FAMILY"", ""TRANSFER-SENSITIVE / NON-ROBUST"", ""NULL-COMPATIBLE""]"
app-1701-B-unpaired,A,B,unpaired,restoration_check,0.07078002072329878,0.07078002072329878,dimensionless frozen model readout,[0],False,E,"[-1, 0, 1]","[""ROBUST ONLY UNDER RESTRICTED CONDITIONAL FAMILY"", ""TRANSFER-SENSITIVE / NON-ROBUST"", ""NULL-COMPATIBLE""]"
app-1701-B-unpaired,A,B,unpaired,restoration_check,0.07078002072329878,0.07078002072329878,dimensionless frozen model readout,[0],False,Z,[0],"[""ROBUST ONLY UNDER RESTRICTED CONDITIONAL FAMILY"", ""TRANSFER-SENSITIVE / NON-ROBUST"", ""NULL-COMPATIBLE""]"
app-1701-B-unpaired,A,B,unpaired,restoration_check,0.07078002072329878,0.07078002072329878,dimensionless frozen model readout,[0],False,P,[0],"[""ROBUST ONLY UNDER RESTRICTED CONDITIONAL FAMILY"", ""TRANSFER-SENSITIVE / NON-ROBUST"", ""NULL-COMPATIBLE""]"
app-1701-B-unpaired,A,B,unpaired,restoration_check,0.07078002072329878,0.07078002072329878,dimensionless frozen model readout,[0],False,R,[0],"[""ROBUST ONLY UNDER RESTRICTED CONDITIONAL FAMILY"", ""TRANSFER-SENSITIVE / NON-ROBUST"", ""NULL-COMPATIBLE""]"
app-1701-B-unpaired,A,B,unpaired,restoration_check,0.07078002072329878,0.07078002072329878,dimensionless frozen model readout,[0],False,WP,[0],"[""ROBUST ONLY UNDER RESTRICTED CONDITIONAL FAMILY"", ""TRANSFER-SENSITIVE / NON-ROBUST"", ""NULL-COMPATIBLE""]"
app-1701-B-unpaired,A,B,unpaired,restoration_check,0.07078002072329878,0.07078002072329878,dimensionless frozen model readout,[0],False,WR,[0],"[""ROBUST ONLY UNDER RESTRICTED CONDITIONAL FAMILY"", ""TRANSFER-SENSITIVE / NON-ROBUST"", ""NULL-COMPATIBLE""]"
app-1701-B-unpaired,A,B,unpaired,restoration_check,0.07078002072329878,0.07078002072329878,dimensionless frozen model readout,[0],False,H,[0],"[""ROBUST ONLY UNDER RESTRICTED CONDITIONAL FAMILY"", ""TRANSFER-SENSITIVE / NON-ROBUST"", ""NULL-COMPATIBLE""]"
app-1701-B-unpaired,A,B,unpaired,restoration_check,0.07078002072329878,0.07078002072329878,dimensionless frozen model readout,[0],False,U,[0],"[""ROBUST ONLY UNDER RESTRICTED CONDITIONAL FAMILY"", ""TRANSFER-SENSITIVE / NON-ROBUST"", ""NULL-COMPATIBLE""]"
app-1701-B-unpaired,A,B,unpaired,restoration_check,0.07078002072329878,0.07078002072329878,dimensionless frozen model readout,[0],False,N,"[-1, 0, 1]","[""ROBUST ONLY UNDER RESTRICTED CONDITIONAL FAMILY"", ""TRANSFER-SENSITIVE / NON-ROBUST"", ""NULL-COMPATIBLE""]"
app-1701-B-unpaired,A,B,unpaired,plastic_state_retention,0.07078002072329878,0.07078002072329878,dimensionless frozen model readout,[0],False,E,"[-1, 0, 1]","[""ROBUST ONLY UNDER RESTRICTED CONDITIONAL FAMILY"", ""TRANSFER-SENSITIVE / NON-ROBUST"", ""NULL-COMPATIBLE""]"
app-1701-B-unpaired,A,B,unpaired,plastic_state_retention,0.07078002072329878,0.07078002072329878,dimensionless frozen model readout,[0],False,Z,[0],"[""ROBUST ONLY UNDER RESTRICTED CONDITIONAL FAMILY"", ""TRANSFER-SENSITIVE / NON-ROBUST"", ""NULL-COMPATIBLE""]"
app-1701-B-unpaired,A,B,unpaired,plastic_state_retention,0.07078002072329878,0.07078002072329878,dimensionless frozen model readout,[0],False,P,[0],"[""ROBUST ONLY UNDER RESTRICTED CONDITIONAL FAMILY"", ""TRANSFER-SENSITIVE / NON-ROBUST"", ""NULL-COMPATIBLE""]"
app-1701-B-unpaired,A,B,unpaired,plastic_state_retention,0.07078002072329878,0.07078002072329878,dimensionless frozen model readout,[0],False,R,[0],"[""ROBUST ONLY UNDER RESTRICTED CONDITIONAL FAMILY"", ""TRANSFER-SENSITIVE / NON-ROBUST"", ""NULL-COMPATIBLE""]"
app-1701-B-unpaired,A,B,unpaired,plastic_state_retention,0.07078002072329878,0.07078002072329878,dimensionless frozen model readout,[0],False,WP,[0],"[""ROBUST ONLY UNDER RESTRICTED CONDITIONAL FAMILY"", ""TRANSFER-SENSITIVE / NON-ROBUST"", ""NULL-COMPATIBLE""]"
app-1701-B-unpaired,A,B,unpaired,plastic_state_retention,0.07078002072329878,0.07078002072329878,dimensionless frozen model readout,[0],False,WR,[0],"[""ROBUST ONLY UNDER RESTRICTED CONDITIONAL FAMILY"", ""TRANSFER-SENSITIVE / NON-ROBUST"", ""NULL-COMPATIBLE""]"
app-1701-B-unpaired,A,B,unpaired,plastic_state_retention,0.07078002072329878,0.07078002072329878,dimensionless frozen model readout,[0],False,H,[0],"[""ROBUST ONLY UNDER RESTRICTED CONDITIONAL FAMILY"", ""TRANSFER-SENSITIVE / NON-ROBUST"", ""NULL-COMPATIBLE""]"
app-1701-B-unpaired,A,B,unpaired,plastic_state_retention,0.07078002072329878,0.07078002072329878,dimensionless frozen model readout,[0],False,U,[0],"[""ROBUST ONLY UNDER RESTRICTED CONDITIONAL FAMILY"", ""TRANSFER-SENSITIVE / NON-ROBUST"", ""NULL-COMPATIBLE""]"
app-1701-B-unpaired,A,B,unpaired,plastic_state_retention,0.07078002072329878,0.07078002072329878,dimensionless frozen model readout,[0],False,N,"[-1, 0, 1]","[""ROBUST ONLY UNDER RESTRICTED CONDITIONAL FAMILY"", ""TRANSFER-SENSITIVE / NON-ROBUST"", ""NULL-COMPATIBLE""]"
app-1701-B-unpaired,A,B,unpaired,learned_state_comparison,0.07078002072329878,0.07078002072329878,dimensionless frozen model readout,[0],False,E,"[-1, 0, 1]","[""ROBUST ONLY UNDER RESTRICTED CONDITIONAL FAMILY"", ""TRANSFER-SENSITIVE / NON-ROBUST"", ""NULL-COMPATIBLE""]"
app-1701-B-unpaired,A,B,unpaired,learned_state_comparison,0.07078002072329878,0.07078002072329878,dimensionless frozen model readout,[0],False,Z,[0],"[""ROBUST ONLY UNDER RESTRICTED CONDITIONAL FAMILY"", ""TRANSFER-SENSITIVE / NON-ROBUST"", ""NULL-COMPATIBLE""]"
app-1701-B-unpaired,A,B,unpaired,learned_state_comparison,0.07078002072329878,0.07078002072329878,dimensionless frozen model readout,[0],False,P,[0],"[""ROBUST ONLY UNDER RESTRICTED CONDITIONAL FAMILY"", ""TRANSFER-SENSITIVE / NON-ROBUST"", ""NULL-COMPATIBLE""]"
app-1701-B-unpaired,A,B,unpaired,learned_state_comparison,0.07078002072329878,0.07078002072329878,dimensionless frozen model readout,[0],False,R,[0],"[""ROBUST ONLY UNDER RESTRICTED CONDITIONAL FAMILY"", ""TRANSFER-SENSITIVE / NON-ROBUST"", ""NULL-COMPATIBLE""]"
app-1701-B-unpaired,A,B,unpaired,learned_state_comparison,0.07078002072329878,0.07078002072329878,dimensionless frozen model readout,[0],False,WP,[0],"[""ROBUST ONLY UNDER RESTRICTED CONDITIONAL FAMILY"", ""TRANSFER-SENSITIVE / NON-ROBUST"", ""NULL-COMPATIBLE""]"
app-1701-B-unpaired,A,B,unpaired,learned_state_comparison,0.07078002072329878,0.07078002072329878,dimensionless frozen model readout,[0],False,WR,[0],"[""ROBUST ONLY UNDER RESTRICTED CONDITIONAL FAMILY"", ""TRANSFER-SENSITIVE / NON-ROBUST"", ""NULL-COMPATIBLE""]"
app-1701-B-unpaired,A,B,unpaired,learned_state_comparison,0.07078002072329878,0.07078002072329878,dimensionless frozen model readout,[0],False,H,[0],"[""ROBUST ONLY UNDER RESTRICTED CONDITIONAL FAMILY"", ""TRANSFER-SENSITIVE / NON-ROBUST"", ""NULL-COMPATIBLE""]"
app-1701-B-unpaired,A,B,unpaired,learned_state_comparison,0.07078002072329878,0.07078002072329878,dimensionless frozen model readout,[0],False,U,[0],"[""ROBUST ONLY UNDER RESTRICTED CONDITIONAL FAMILY"", ""TRANSFER-SENSITIVE / NON-ROBUST"", ""NULL-COMPATIBLE""]"
app-1701-B-unpaired,A,B,unpaired,learned_state_comparison,0.07078002072329878,0.07078002072329878,dimensionless frozen model readout,[0],False,N,"[-1, 0, 1]","[""ROBUST ONLY UNDER RESTRICTED CONDITIONAL FAMILY"", ""TRANSFER-SENSITIVE / NON-ROBUST"", ""NULL-COMPATIBLE""]"
app-1701-B-unpaired,B,B,paired,response_change,0.112911179723297,0.112911179723297,dimensionless frozen model readout,[0],False,E,"[-1, 0, 1]","[""ROBUST ONLY UNDER RESTRICTED CONDITIONAL FAMILY"", ""TRANSFER-SENSITIVE / NON-ROBUST"", ""NULL-COMPATIBLE""]"
app-1701-B-unpaired,B,B,paired,response_change,0.112911179723297,0.112911179723297,dimensionless frozen model readout,[0],False,Z,[0],"[""ROBUST ONLY UNDER RESTRICTED CONDITIONAL FAMILY"", ""TRANSFER-SENSITIVE / NON-ROBUST"", ""NULL-COMPATIBLE""]"
app-1701-B-unpaired,B,B,paired,response_change,0.112911179723297,0.112911179723297,dimensionless frozen model readout,[0],False,P,[0],"[""ROBUST ONLY UNDER RESTRICTED CONDITIONAL FAMILY"", ""TRANSFER-SENSITIVE / NON-ROBUST"", ""NULL-COMPATIBLE""]"
app-1701-B-unpaired,B,B,paired,response_change,0.112911179723297,0.112911179723297,dimensionless frozen model readout,[0],False,R,[0],"[""ROBUST ONLY UNDER RESTRICTED CONDITIONAL FAMILY"", ""TRANSFER-SENSITIVE / NON-ROBUST"", ""NULL-COMPATIBLE""]"
app-1701-B-unpaired,B,B,paired,response_change,0.112911179723297,0.112911179723297,dimensionless frozen model readout,[0],False,WP,[0],"[""ROBUST ONLY UNDER RESTRICTED CONDITIONAL FAMILY"", ""TRANSFER-SENSITIVE / NON-ROBUST"", ""NULL-COMPATIBLE""]"
app-1701-B-unpaired,B,B,paired,response_change,0.112911179723297,0.112911179723297,dimensionless frozen model readout,[0],False,WR,[0],"[""ROBUST ONLY UNDER RESTRICTED CONDITIONAL FAMILY"", ""TRANSFER-SENSITIVE / NON-ROBUST"", ""NULL-COMPATIBLE""]"
app-1701-B-unpaired,B,B,paired,response_change,0.112911179723297,0.112911179723297,dimensionless frozen model readout,[0],False,H,[0],"[""ROBUST ONLY UNDER RESTRICTED CONDITIONAL FAMILY"", ""TRANSFER-SENSITIVE / NON-ROBUST"", ""NULL-COMPATIBLE""]"
app-1701-B-unpaired,B,B,paired,response_change,0.112911179723297,0.112911179723297,dimensionless frozen model readout,[0],False,U,[0],"[""ROBUST ONLY UNDER RESTRICTED CONDITIONAL FAMILY"", ""TRANSFER-SENSITIVE / NON-ROBUST"", ""NULL-COMPATIBLE""]"
app-1701-B-unpaired,B,B,paired,response_change,0.112911179723297,0.112911179723297,dimensionless frozen model readout,[0],False,N,"[-1, 0, 1]","[""ROBUST ONLY UNDER RESTRICTED CONDITIONAL FAMILY"", ""TRANSFER-SENSITIVE / NON-ROBUST"", ""NULL-COMPATIBLE""]"
app-1701-B-unpaired,B,B,paired,restoration_check,0.112911179723297,0.112911179723297,dimensionless frozen model readout,[0],False,E,"[-1, 0, 1]","[""ROBUST ONLY UNDER RESTRICTED CONDITIONAL FAMILY"", ""TRANSFER-SENSITIVE / NON-ROBUST"", ""NULL-COMPATIBLE""]"
app-1701-B-unpaired,B,B,paired,restoration_check,0.112911179723297,0.112911179723297,dimensionless frozen model readout,[0],False,Z,[0],"[""ROBUST ONLY UNDER RESTRICTED CONDITIONAL FAMILY"", ""TRANSFER-SENSITIVE / NON-ROBUST"", ""NULL-COMPATIBLE""]"
app-1701-B-unpaired,B,B,paired,restoration_check,0.112911179723297,0.112911179723297,dimensionless frozen model readout,[0],False,P,[0],"[""ROBUST ONLY UNDER RESTRICTED CONDITIONAL FAMILY"", ""TRANSFER-SENSITIVE / NON-ROBUST"", ""NULL-COMPATIBLE""]"
app-1701-B-unpaired,B,B,paired,restoration_check,0.112911179723297,0.112911179723297,dimensionless frozen model readout,[0],False,R,[0],"[""ROBUST ONLY UNDER RESTRICTED CONDITIONAL FAMILY"", ""TRANSFER-SENSITIVE / NON-ROBUST"", ""NULL-COMPATIBLE""]"
app-1701-B-unpaired,B,B,paired,restoration_check,0.112911179723297,0.112911179723297,dimensionless frozen model readout,[0],False,WP,[0],"[""ROBUST ONLY UNDER RESTRICTED CONDITIONAL FAMILY"", ""TRANSFER-SENSITIVE / NON-ROBUST"", ""NULL-COMPATIBLE""]"
app-1701-B-unpaired,B,B,paired,restoration_check,0.112911179723297,0.112911179723297,dimensionless frozen model readout,[0],False,WR,[0],"[""ROBUST ONLY UNDER RESTRICTED CONDITIONAL FAMILY"", ""TRANSFER-SENSITIVE / NON-ROBUST"", ""NULL-COMPATIBLE""]"
app-1701-B-unpaired,B,B,paired,restoration_check,0.112911179723297,0.112911179723297,dimensionless frozen model readout,[0],False,H,[0],"[""ROBUST ONLY UNDER RESTRICTED CONDITIONAL FAMILY"", ""TRANSFER-SENSITIVE / NON-ROBUST"", ""NULL-COMPATIBLE""]"
app-1701-B-unpaired,B,B,paired,restoration_check,0.112911179723297,0.112911179723297,dimensionless frozen model readout,[0],False,U,[0],"[""ROBUST ONLY UNDER RESTRICTED CONDITIONAL FAMILY"", ""TRANSFER-SENSITIVE / NON-ROBUST"", ""NULL-COMPATIBLE""]"
app-1701-B-unpaired,B,B,paired,restoration_check,0.112911179723297,0.112911179723297,dimensionless frozen model readout,[0],False,N,"[-1, 0, 1]","[""ROBUST ONLY UNDER RESTRICTED CONDITIONAL FAMILY"", ""TRANSFER-SENSITIVE / NON-ROBUST"", ""NULL-COMPATIBLE""]"
app-1701-B-unpaired,B,B,paired,plastic_state_retention,0.112911179723297,0.112911179723297,dimensionless frozen model readout,[0],False,E,"[-1, 0, 1]","[""ROBUST ONLY UNDER RESTRICTED CONDITIONAL FAMILY"", ""TRANSFER-SENSITIVE / NON-ROBUST"", ""NULL-COMPATIBLE""]"
app-1701-B-unpaired,B,B,paired,plastic_state_retention,0.112911179723297,0.112911179723297,dimensionless frozen model readout,[0],False,Z,[0],"[""ROBUST ONLY UNDER RESTRICTED CONDITIONAL FAMILY"", ""TRANSFER-SENSITIVE / NON-ROBUST"", ""NULL-COMPATIBLE""]"
app-1701-B-unpaired,B,B,paired,plastic_state_retention,0.112911179723297,0.112911179723297,dimensionless frozen model readout,[0],False,P,[0],"[""ROBUST ONLY UNDER RESTRICTED CONDITIONAL FAMILY"", ""TRANSFER-SENSITIVE / NON-ROBUST"", ""NULL-COMPATIBLE""]"
app-1701-B-unpaired,B,B,paired,plastic_state_retention,0.112911179723297,0.112911179723297,dimensionless frozen model readout,[0],False,R,[0],"[""ROBUST ONLY UNDER RESTRICTED CONDITIONAL FAMILY"", ""TRANSFER-SENSITIVE / NON-ROBUST"", ""NULL-COMPATIBLE""]"
app-1701-B-unpaired,B,B,paired,plastic_state_retention,0.112911179723297,0.112911179723297,dimensionless frozen model readout,[0],False,WP,[0],"[""ROBUST ONLY UNDER RESTRICTED CONDITIONAL FAMILY"", ""TRANSFER-SENSITIVE / NON-ROBUST"", ""NULL-COMPATIBLE""]"
app-1701-B-unpaired,B,B,paired,plastic_state_retention,0.112911179723297,0.112911179723297,dimensionless frozen model readout,[0],False,WR,[0],"[""ROBUST ONLY UNDER RESTRICTED CONDITIONAL FAMILY"", ""TRANSFER-SENSITIVE / NON-ROBUST"", ""NULL-COMPATIBLE""]"
app-1701-B-unpaired,B,B,paired,plastic_state_retention,0.112911179723297,0.112911179723297,dimensionless frozen model readout,[0],False,H,[0],"[""ROBUST ONLY UNDER RESTRICTED CONDITIONAL FAMILY"", ""TRANSFER-SENSITIVE / NON-ROBUST"", ""NULL-COMPATIBLE""]"
app-1701-B-unpaired,B,B,paired,plastic_state_retention,0.112911179723297,0.112911179723297,dimensionless frozen model readout,[0],False,U,[0],"[""ROBUST ONLY UNDER RESTRICTED CONDITIONAL FAMILY"", ""TRANSFER-SENSITIVE / NON-ROBUST"", ""NULL-COMPATIBLE""]"
app-1701-B-unpaired,B,B,paired,plastic_state_retention,0.112911179723297,0.112911179723297,dimensionless frozen model readout,[0],False,N,"[-1, 0, 1]","[""ROBUST ONLY UNDER RESTRICTED CONDITIONAL FAMILY"", ""TRANSFER-SENSITIVE / NON-ROBUST"", ""NULL-COMPATIBLE""]"
app-1701-B-unpaired,B,B,paired,learned_state_comparison,0.112911179723297,0.112911179723297,dimensionless frozen model readout,[0],False,E,"[-1, 0, 1]","[""ROBUST ONLY UNDER RESTRICTED CONDITIONAL FAMILY"", ""TRANSFER-SENSITIVE / NON-ROBUST"", ""NULL-COMPATIBLE""]"
app-1701-B-unpaired,B,B,paired,learned_state_comparison,0.112911179723297,0.112911179723297,dimensionless frozen model readout,[0],False,Z,[0],"[""ROBUST ONLY UNDER RESTRICTED CONDITIONAL FAMILY"", ""TRANSFER-SENSITIVE / NON-ROBUST"", ""NULL-COMPATIBLE""]"
app-1701-B-unpaired,B,B,paired,learned_state_comparison,0.112911179723297,0.112911179723297,dimensionless frozen model readout,[0],False,P,[0],"[""ROBUST ONLY UNDER RESTRICTED CONDITIONAL FAMILY"", ""TRANSFER-SENSITIVE / NON-ROBUST"", ""NULL-COMPATIBLE""]"
app-1701-B-unpaired,B,B,paired,learned_state_comparison,0.112911179723297,0.112911179723297,dimensionless frozen model readout,[0],False,R,[0],"[""ROBUST ONLY UNDER RESTRICTED CONDITIONAL FAMILY"", ""TRANSFER-SENSITIVE / NON-ROBUST"", ""NULL-COMPATIBLE""]"
app-1701-B-unpaired,B,B,paired,learned_state_comparison,0.112911179723297,0.112911179723297,dimensionless frozen model readout,[0],False,WP,[0],"[""ROBUST ONLY UNDER RESTRICTED CONDITIONAL FAMILY"", ""TRANSFER-SENSITIVE / NON-ROBUST"", ""NULL-COMPATIBLE""]"
app-1701-B-unpaired,B,B,paired,learned_state_comparison,0.112911179723297,0.112911179723297,dimensionless frozen model readout,[0],False,WR,[0],"[""ROBUST ONLY UNDER RESTRICTED CONDITIONAL FAMILY"", ""TRANSFER-SENSITIVE / NON-ROBUST"", ""NULL-COMPATIBLE""]"
app-1701-B-unpaired,B,B,paired,learned_state_comparison,0.112911179723297,0.112911179723297,dimensionless frozen model readout,[0],False,H,[0],"[""ROBUST ONLY UNDER RESTRICTED CONDITIONAL FAMILY"", ""TRANSFER-SENSITIVE / NON-ROBUST"", ""NULL-COMPATIBLE""]"
app-1701-B-unpaired,B,B,paired,learned_state_comparison,0.112911179723297,0.112911179723297,dimensionless frozen model readout,[0],False,U,[0],"[""ROBUST ONLY UNDER RESTRICTED CONDITIONAL FAMILY"", ""TRANSFER-SENSITIVE / NON-ROBUST"", ""NULL-COMPATIBLE""]"
app-1701-B-unpaired,B,B,paired,learned_state_comparison,0.112911179723297,0.112911179723297,dimensionless frozen model readout,[0],False,N,"[-1, 0, 1]","[""ROBUST ONLY UNDER RESTRICTED CONDITIONAL FAMILY"", ""TRANSFER-SENSITIVE / NON-ROBUST"", ""NULL-COMPATIBLE""]"
